CASENUM,STRATUM,REGION,PJ,PSU,PSUSTRAT,WEIGHT,VE_TOTAL,MONTH,WKDY_IM,YEAR,HOUR_IM,MINUTE_IM,EVENT1_IM,MANCOL_IM,RELJCT1_IM,RELJCT2_IM,LGTCON_IM,WEATHR_IM,MAXSEV_IM,NO_INJ_IM,ALCHL_IM,LAND_USE,PVH_INVL,TYP_INT,REL_ROAD,CF1,CF2,CF3
201310440179,4,1,9,2,3,345.1424,1,11,7,2013,18,15,11,0,0,1,3,1,0,0,2,1,0,1,1,0,0,0
201310440180,5,1,9,2,3,115.04746,1,12,2,2013,7,45,30,0,0,1,1,10,1,1,2,1,0,1,4,0,0,0
201310440188,4,1,9,2,3,345.1424,2,11,5,2013,17,15,12,7,0,1,3,1,0,0,2,1,0,1,1,0,0,0
201310440194,4,1,9,2,3,345.1424,1,11,6,2013,18,20,11,0,0,1,2,10,0,0,2,1,0,1,1,0,0,0
201310440204,1,1,1,2,3,27.146,1,12,5,2013,14,22,42,0,0,1,1,10,4,1,2,1,0,1,4,0,0,0
201310440207,6,1,1,2,3,217.168,1,12,7,2013,15,0,18,0,0,1,1,10,0,0,2,1,0,1,1,0,0,0
201310440215,4,1,1,2,3,352.898,1,12,2,2013,23,0,11,0,0,1,2,10,0,0,2,1,0,1,1,0,0,0
201310440246,4,1,3,2,3,352.898,2,12,1,2013,15,50,12,1,0,2,1,10,0,0,2,1,0,,1,0,0,0
201310440247,6,1,3,2,3,217.168,2,12,2,2013,18,25,12,1,0,5,2,1,0,0,2,1,0,1,1,0,0,0
201310440278,6,1,6,2,3,197.12122,1,12,6,2013,15,11,24,0,0,1,1,10,0,0,2,3,0,1,4,0,0,0
201310440282,5,1,6,2,3,98.56061,2,12,6,2013,14,15,12,2,0,2,1,10,2,1,2,3,0,,1,0,0,0
201310440285,4,1,6,2,3,344.96213,1,12,2,2013,18,50,44,0,0,1,3,10,0,0,2,3,0,1,1,0,0,0
201310440286,6,1,6,2,3,197.12122,1,12,2,2013,7,1,11,0,0,1,1,1,0,0,2,3,0,1,1,0,0,0
201310440310,6,1,9,2,3,230.09492,1,12,2,2013,18,2,11,0,0,1,2,1,0,0,2,1,0,1,1,0,0,0
201310440313,5,1,9,2,3,115.04746,1,12,1,2013,10,15,30,0,0,1,1,10,1,1,2,1,0,1,4,0,0,0
201310440314,4,1,9,2,3,345.1424,2,12,6,2013,14,20,12,8,0,1,1,10,0,0,2,1,0,1,1,0,0,0
201310440380,6,1,10,2,3,179.70651,1,12,7,2013,12,15,18,0,0,1,1,4,0,0,2,1,0,1,4,0,0,0
201310440418,4,1,10,2,3,359.41302,1,12,7,2013,7,3,34,0,0,5,4,1,0,0,2,1,0,1,4,0,0,0
201310440484,6,1,16,2,3,213.28992,1,12,1,2013,17,2,11,0,0,1,2,10,0,0,2,1,0,1,1,0,0,0
201310440488,4,1,16,2,3,319.93488,1,12,3,2013,19,18,34,0,0,1,2,4,0,0,2,1,0,1,4,0,0,0
201310440489,6,1,16,2,3,213.28992,1,12,3,2013,19,18,34,0,0,1,2,4,0,0,2,1,0,1,4,0,0,0
201310440491,5,1,16,2,3,106.64496,2,12,7,2013,15,55,12,2,0,1,1,4,1,2,2,1,0,1,1,0,0,0
201310440493,4,1,16,2,3,319.93488,2,12,5,2013,16,15,54,11,0,1,5,10,0,0,2,1,0,1,1,14,0,0
201310440494,5,1,16,2,3,106.64496,3,12,5,2013,17,30,12,8,0,1,2,10,1,3,2,1,0,1,1,0,0,0
201310440979,2,1,10,2,3,89.85326,1,7,5,2013,15,35,1,0,0,5,1,1,3,1,2,1,0,1,1,0,0,0
201310440981,6,1,10,2,3,179.70651,2,9,5,2013,17,58,12,1,0,1,1,10,0,0,2,1,0,1,1,0,0,0
201310440982,4,1,10,2,3,359.41302,2,9,3,2013,7,42,12,1,0,1,1,1,0,0,2,1,0,1,1,0,0,0
201310440984,6,1,10,2,3,179.70651,2,11,2,2013,9,47,12,6,0,2,1,1,0,0,2,1,0,2,1,0,0,0
201310724336,1,1,4,3,1,4.974476,1,1,4,2013,20,2,33,0,0,1,3,1,3,1,1,3,0,1,3,0,0,0
201310724424,4,1,21,3,1,349.76093,2,1,6,2013,19,20,12,1,0,2,3,1,1,1,2,3,0,,1,0,0,0
201310724425,2,1,21,3,1,58.293488,2,1,6,2013,21,42,12,1,0,2,3,1,1,2,2,3,0,,1,0,0,0
201310724454,3,1,16,3,1,23.430384,1,1,4,2013,18,40,9,0,0,2,3,1,2,1,2,3,0,2,1,0,0,0
201310724456,4,1,16,3,1,351.45575,2,1,5,2013,14,27,12,7,0,2,1,1,0,0,2,3,0,,1,0,0,0
201310724511,1,1,13,3,1,7.378995,1,1,1,2013,22,25,31,0,0,2,3,1,3,1,2,3,0,4,4,0,0,0
201310724573,4,1,4,3,1,348.21332,2,1,7,2013,17,56,12,7,0,1,3,1,0,0,2,3,0,1,1,0,0,0
201310724586,4,1,3,3,1,350.4314,2,1,5,2013,4,42,12,7,0,1,2,1,0,0,2,3,0,1,1,0,0,0
201310724619,4,1,7,3,1,348.82965,2,1,7,2013,20,48,12,6,0,2,3,1,0,0,2,3,0,2,1,0,0,0
201310724672,4,1,13,3,1,346.81277,1,1,2,2013,16,45,18,0,0,1,5,1,1,3,2,3,0,1,1,0,0,0
201310724689,1,1,8,3,1,4.965933,2,1,5,2013,20,11,12,6,0,2,3,1,3,5,2,3,0,,1,0,0,0
201310724699,1,1,8,3,1,4.965933,2,1,1,2013,3,0,14,0,0,2,3,1,3,1,2,3,1,,7,0,0,0
201310724716,4,1,8,3,1,347.6153,2,1,4,2013,17,19,12,9,0,4,3,10,1,1,2,3,0,1,1,0,0,0
201310724788,4,1,21,3,1,349.76093,2,1,5,2013,11,0,12,1,0,1,1,1,0,0,2,3,0,1,1,0,0,0
201310724789,6,1,21,3,1,204.0272,2,1,6,2013,9,30,12,6,0,1,1,1,0,0,2,3,0,1,1,0,0,0
201310725148,4,1,3,3,1,350.4314,2,1,6,2013,13,4,12,1,0,1,1,1,0,0,2,3,0,1,1,0,0,0
201310725211,3,1,4,3,1,19.897903,1,1,5,2013,6,53,8,0,0,2,1,2,2,1,2,3,0,,1,0,0,0
201310725251,4,1,10,3,1,349.17966,2,1,4,2013,16,0,14,0,0,1,1,1,0,0,2,3,1,1,7,0,0,0
201310725266,3,1,21,3,1,14.573372,1,1,6,2013,7,13,8,0,0,2,1,1,4,1,2,3,0,2,1,0,0,0
201310725304,5,1,8,3,1,89.386795,2,2,4,2013,0,10,12,6,0,2,3,2,1,2,1,3,0,2,1,0,0,0
201310725332,4,1,7,3,1,348.82965,2,2,7,2013,15,0,14,0,0,1,1,10,0,0,2,3,1,1,7,0,0,0
201310725343,3,1,7,3,1,20.222008,1,2,4,2013,17,30,8,0,0,2,1,1,2,1,2,3,0,,1,0,0,0
201310725353,1,1,7,3,1,5.055502,1,2,7,2013,22,30,59,0,0,2,1,1,3,1,2,3,0,2,4,0,0,0
201310725382,4,1,16,3,1,351.45575,2,1,5,2013,15,0,14,0,0,1,1,1,0,0,2,3,1,1,7,0,0,0
201310725391,1,1,16,3,1,7.810128,2,2,1,2013,5,21,12,1,0,2,3,4,3,3,1,3,0,,1,0,0,0
201310725400,3,1,16,3,1,23.430384,1,1,5,2013,21,30,9,0,0,2,3,1,2,1,2,3,0,,1,0,0,0
201310725416,4,1,4,3,1,348.21332,2,2,3,2013,11,30,12,7,0,1,1,10,0,0,2,3,0,1,1,0,0,0
201310725422,5,1,4,3,1,89.540565,2,2,4,2013,16,10,12,7,0,1,1,1,1,1,2,3,0,1,1,0,0,0
201310725458,6,1,3,3,1,208.22736,1,2,2,2013,13,35,8,0,0,2,1,1,3,1,2,3,0,,4,0,0,0
201310725476,4,1,3,3,1,350.4314,2,2,6,2013,16,20,12,1,0,2,1,2,1,1,2,3,0,,1,0,0,0
201310725493,3,1,10,3,1,19.133133,1,2,3,2013,17,20,9,0,0,2,6,10,2,1,2,3,0,,1,0,0,0
201310725505,4,1,21,3,1,349.76093,2,1,5,2013,15,17,12,7,0,2,1,1,0,0,2,3,0,,1,0,0,0
201310725513,5,1,21,3,1,87.44023,3,2,7,2013,13,15,12,7,0,1,1,1,1,2,2,3,0,1,1,0,0,0
201310725532,4,1,21,3,1,349.76093,2,2,6,2013,13,45,14,0,0,2,1,4,0,0,2,3,1,,7,0,0,0
201310725557,3,1,8,3,1,19.863731,1,2,7,2013,13,57,8,0,0,2,1,1,2,1,2,3,0,,1,0,0,0
201310725576,4,1,13,3,1,346.81277,2,2,3,2013,17,11,12,1,0,2,1,3,0,0,2,3,0,,1,0,0,0
201310725601,2,1,7,3,1,60.666023,2,2,4,2013,6,30,12,7,0,1,4,1,0,0,2,3,0,1,1,0,0,0
201310725691,4,1,1,3,1,351.2028,2,2,3,2013,13,20,12,7,0,1,1,1,0,0,2,3,0,1,1,0,0,0
201310725702,6,1,10,3,1,210.46445,1,2,1,2013,21,0,8,0,0,1,3,1,1,1,2,3,0,1,1,0,0,0
201310725719,3,1,1,3,1,19.9264,1,2,7,2013,13,0,9,0,0,2,1,3,2,1,2,3,0,,1,0,0,0
201310725761,5,1,3,3,1,91.416885,2,2,6,2013,10,33,12,6,0,2,1,1,1,1,2,3,0,,1,0,0,0
201310725876,3,1,7,3,1,20.222008,1,2,4,2013,15,45,9,0,0,2,1,1,3,1,2,3,0,,1,0,0,0
201310725899,3,1,13,3,1,22.136986,1,2,6,2013,11,45,8,0,0,1,1,10,3,1,2,3,0,1,7,0,0,0
201310725903,4,1,8,3,1,347.6153,2,2,5,2013,16,40,14,0,0,2,1,1,0,0,2,3,1,3,7,0,0,0
201310725936,3,1,21,3,1,14.573372,1,2,4,2013,14,0,8,0,0,2,1,1,3,1,2,3,0,,1,0,0,0
201310725955,1,1,21,3,1,14.573372,2,2,7,2013,14,40,12,6,0,2,1,2,3,3,2,3,0,2,1,0,0,0
201310725957,4,1,21,3,1,349.76093,2,2,1,2013,13,15,12,6,0,2,1,1,0,0,2,3,0,,1,0,0,0
201310725988,4,1,3,3,1,350.4314,2,2,1,2013,13,0,12,6,0,2,1,1,1,1,2,3,0,,1,0,0,0
201310725993,3,1,3,3,1,20.314863,2,2,7,2013,2,25,12,1,0,2,3,10,3,2,1,3,0,3,1,0,0,0
201310726070,3,1,21,3,1,14.573372,1,2,6,2013,21,30,9,0,0,2,3,1,2,1,2,3,0,,1,0,0,0
201310726130,4,1,4,3,1,348.21332,2,2,3,2013,9,45,14,0,0,2,1,1,0,0,2,3,1,,7,0,0,0
201310726151,4,1,16,3,1,351.45575,2,2,4,2013,17,0,12,7,0,1,1,1,0,0,2,3,0,1,1,0,0,0
201310726259,4,1,8,3,1,347.6153,2,3,5,2013,20,11,12,6,0,1,3,2,0,0,2,3,0,1,1,0,0,0
201310726267,4,1,7,3,1,348.82965,2,3,1,2013,11,30,12,6,0,2,1,1,0,0,2,3,0,2,1,0,0,0
201310726327,3,1,4,3,1,19.897903,1,3,5,2013,8,14,8,0,0,1,1,10,3,1,2,3,0,1,7,0,0,0
201310726400,4,1,3,3,1,350.4314,2,3,7,2013,8,35,12,7,0,1,1,1,0,0,2,3,0,1,1,0,0,0
201310726418,3,1,13,3,1,22.136986,1,3,3,2013,14,55,8,0,0,1,1,2,2,1,2,3,0,1,1,0,0,0
201310726422,4,1,13,3,1,346.81277,1,3,3,2013,8,40,8,0,0,2,1,2,1,1,2,3,0,2,1,0,0,0
201310726493,4,1,10,3,1,349.17966,2,3,6,2013,21,0,14,0,0,1,3,1,0,0,2,3,1,1,7,0,0,0
201310726521,6,1,4,3,1,208.928,3,3,7,2013,2,45,12,1,0,1,3,1,1,2,2,3,1,1,1,0,0,0
201310726544,4,1,16,3,1,351.45575,2,3,4,2013,9,50,12,1,0,2,1,1,1,1,2,3,0,,1,0,0,0
201310726565,3,1,21,3,1,14.573372,1,3,6,2013,20,45,8,0,0,1,3,10,3,2,2,3,0,1,1,0,0,0
201310726570,6,1,21,3,1,204.0272,2,3,7,2013,19,44,12,6,0,2,3,1,0,0,2,3,0,,1,0,0,0
201310726577,4,1,21,3,1,349.76093,1,3,3,2013,20,8,8,0,0,2,2,10,1,1,2,3,0,2,1,0,0,0
201310726608,3,1,13,3,1,22.136986,1,3,4,2013,16,45,8,0,0,2,1,1,3,1,2,3,0,2,1,0,0,0
201310726610,5,1,13,3,1,88.54794,1,2,1,2013,23,15,25,0,0,1,3,1,1,1,2,3,0,1,3,0,0,0
201310726755,3,1,3,3,1,20.314863,3,3,1,2013,23,0,12,6,0,2,3,1,2,1,2,3,1,2,1,0,0,0
201310726808,5,1,21,3,1,87.44023,2,3,2,2013,21,30,12,6,0,2,3,3,1,3,2,3,0,2,1,0,0,0
201310726823,4,1,21,3,1,349.76093,3,3,7,2013,16,48,12,1,0,2,1,1,0,0,2,3,0,,1,0,0,0
201310726871,4,1,4,3,1,348.21332,2,3,2,2013,8,0,12,6,0,2,1,10,0,0,2,3,0,,1,0,0,0
201310726902,4,1,1,3,1,351.2028,2,3,2,2013,0,0,12,1,0,2,3,1,0,0,2,3,0,,1,0,0,0
201310726946,4,1,3,3,1,350.4314,2,3,3,2013,19,0,12,7,0,1,1,1,0,0,2,3,0,1,1,0,0,0
201310727003,3,1,8,3,1,19.863731,1,3,5,2013,13,15,8,0,0,2,1,1,2,1,2,3,0,,1,0,0,0
201310727033,4,1,8,3,1,347.6153,2,4,4,2013,10,9,12,1,0,2,1,1,0,0,2,3,0,2,1,0,0,0
201310727059,6,1,13,3,1,206.61186,2,4,5,2013,16,20,12,1,0,2,1,1,0,0,2,3,0,,1,0,0,0
201310727079,4,1,7,3,1,348.82965,2,3,5,2013,16,20,12,1,0,1,1,10,0,0,2,3,0,1,1,0,0,0
201310727132,3,1,4,3,1,19.897903,1,4,2,2013,21,15,8,0,0,2,1,1,2,1,2,3,0,2,1,0,0,0
201310727190,4,1,16,3,1,351.45575,2,3,6,2013,11,13,12,7,0,2,1,1,0,0,2,3,0,,1,0,0,0
201310727246,6,1,8,3,1,208.56918,2,4,3,2013,11,55,12,1,0,2,1,1,0,0,2,3,0,,1,0,0,0
201310727259,4,1,13,3,1,346.81277,2,4,2,2013,16,20,12,6,0,2,1,1,0,0,2,3,0,,1,0,0,0
201310727286,5,1,4,3,1,89.540565,2,4,5,2013,7,0,12,1,0,1,1,10,2,3,2,3,0,1,1,0,0,0
201310727325,5,1,3,3,1,91.416885,2,4,6,2013,22,15,12,8,0,1,3,1,1,1,2,3,0,1,1,0,0,0
201310727348,4,1,10,3,1,349.17966,2,4,6,2013,23,55,12,1,0,2,3,2,0,0,2,3,0,,1,0,0,0
201310727367,4,1,3,3,1,350.4314,2,4,2,2013,16,45,12,1,0,2,1,1,1,1,2,3,0,2,1,0,0,0
201310727388,4,1,21,3,1,349.76093,2,4,7,2013,11,10,12,6,0,4,1,1,0,0,2,3,0,1,1,0,0,0
201310727501,3,1,7,3,1,20.222008,1,4,6,2013,23,5,9,0,0,2,3,1,3,1,2,3,0,2,1,0,0,0
201310727574,4,1,7,3,1,348.82965,2,4,1,2013,17,30,14,0,0,1,1,1,0,0,2,3,1,1,7,0,0,0
201310727598,5,1,1,3,1,89.6688,4,4,7,2013,13,45,12,6,0,2,1,1,2,3,2,3,2,,1,0,0,0
201310727604,4,1,4,3,1,348.21332,3,4,5,2013,13,32,12,6,0,1,1,10,0,0,2,3,1,1,1,0,0,0
201310727728,4,1,8,3,1,347.6153,2,4,3,2013,11,30,12,6,0,2,1,1,0,0,2,3,0,2,1,0,0,0
201310727797,4,1,16,3,1,351.45575,1,4,3,2013,18,5,8,0,0,2,1,1,1,1,2,3,0,2,1,0,0,0
201310727808,3,1,16,3,1,23.430384,1,4,6,2013,12,50,43,0,0,1,1,10,2,1,2,3,0,1,4,0,0,0
201310727816,5,1,16,3,1,93.721535,2,4,4,2013,6,15,12,6,0,2,4,1,2,3,2,3,0,2,1,15,0,0
201310727860,1,1,10,3,1,4.783283,1,4,5,2013,5,50,25,0,0,1,3,1,3,2,2,3,0,1,3,0,0,0
201310727886,4,1,3,3,1,350.4314,2,4,3,2013,9,30,12,1,0,2,1,10,0,0,2,3,0,,1,0,0,0
201310727900,4,1,21,3,1,349.76093,2,4,4,2013,11,50,12,7,0,1,1,1,0,0,2,3,0,1,1,0,0,0
201310727987,3,1,8,3,1,19.863731,1,5,1,2013,19,0,8,0,0,1,1,1,2,1,2,3,0,1,1,0,0,0
201310728029,6,1,7,3,1,212.33109,2,4,2,2013,4,40,14,0,0,1,3,2,0,0,2,3,1,1,7,0,0,0
201310728039,3,1,7,3,1,20.222008,1,4,3,2013,10,38,8,0,0,2,1,1,3,1,2,3,0,2,1,0,0,0
201310728132,3,1,3,3,1,20.314863,1,5,5,2013,18,50,8,0,0,2,1,1,2,1,2,3,0,2,1,0,0,0
201310728138,3,1,10,3,1,19.133133,1,4,2,2013,18,55,8,0,0,1,1,10,2,1,2,3,0,1,1,0,0,0
201310728158,4,1,21,3,1,349.76093,2,4,6,2013,19,0,12,1,0,5,1,1,1,1,2,3,0,1,1,0,0,0
201310728187,5,1,7,3,1,90.99904,2,5,5,2013,6,30,14,0,0,1,4,2,2,1,2,3,1,1,4,0,0,0
201310728208,4,1,4,3,1,348.21332,2,5,4,2013,12,30,12,7,0,1,1,2,0,0,2,3,0,1,1,0,0,0
201310728213,3,1,4,3,1,19.897903,1,5,5,2013,10,1,8,0,0,2,1,2,2,1,2,3,0,,1,0,0,0
201310728225,4,1,1,3,1,351.2028,2,5,1,2013,13,20,12,6,0,2,1,1,0,0,2,3,0,,1,0,0,0
201310728274,4,1,8,3,1,347.6153,2,5,5,2013,15,22,12,1,0,2,1,1,0,0,2,3,0,2,1,0,0,0
201310728278,4,1,13,3,1,346.81277,2,5,4,2013,13,15,12,1,0,1,1,1,0,0,2,3,0,1,1,0,0,0
201310728287,3,1,13,3,1,22.136986,1,5,5,2013,13,29,8,0,0,2,1,1,3,1,2,3,0,2,1,0,0,0
201310728366,4,1,16,3,1,351.45575,2,5,6,2013,22,10,12,6,0,2,3,1,0,0,2,3,0,,1,0,0,0
201310728439,5,1,10,3,1,90.88238,5,5,5,2013,21,40,12,6,0,2,3,1,1,1,2,3,3,2,1,0,0,0
201310728441,1,1,10,3,1,4.783283,1,5,7,2013,4,0,38,0,0,1,3,2,3,2,2,3,0,1,4,0,0,0
201310728459,5,1,21,3,1,87.44023,2,5,4,2013,16,30,12,6,0,2,1,10,1,3,2,3,0,2,1,0,0,0
201310728529,6,1,3,3,1,208.22736,2,5,5,2013,15,30,12,6,0,2,1,1,0,0,2,3,0,,1,0,0,0
201310728662,3,1,21,3,1,14.573372,1,5,6,2013,6,55,9,0,0,2,1,1,3,1,2,3,0,2,1,0,0,0
201310728667,4,1,21,3,1,349.76093,2,5,1,2013,15,45,12,1,0,1,1,1,0,0,2,3,0,1,1,0,0,0
201310728671,4,1,10,3,1,349.17966,4,5,1,2013,22,30,12,6,0,2,3,2,0,0,2,3,2,,1,14,0,0
201310728724,4,1,3,3,1,350.4314,2,5,5,2013,13,15,14,0,0,1,1,1,0,0,2,3,1,1,7,0,0,0
201310728801,6,1,21,3,1,204.0272,2,5,7,2013,11,56,12,1,0,1,1,10,0,0,2,3,0,1,1,0,0,0
201310728866,4,1,13,3,1,346.81277,2,5,5,2013,14,40,14,0,0,1,1,2,0,0,2,3,1,1,7,0,0,0
201310728881,4,1,16,3,1,351.45575,2,5,1,2013,11,40,12,7,0,1,1,2,0,0,2,3,0,1,1,0,0,0
201310728938,4,1,7,3,1,348.82965,2,5,7,2013,16,7,12,6,0,1,1,2,1,1,2,3,0,1,1,0,0,0
201310728996,3,1,13,3,1,22.136986,1,5,4,2013,16,0,8,0,0,1,1,1,2,1,2,3,0,1,1,0,0,0
201310729005,1,1,16,3,1,7.810128,2,5,2,2013,4,6,12,6,0,2,3,1,3,3,1,3,0,2,1,0,0,0
201310729028,3,1,7,3,1,20.222008,1,5,3,2013,11,30,8,0,0,2,1,2,2,1,2,3,0,2,1,0,0,0
201310729057,3,1,1,3,1,19.9264,1,5,5,2013,9,0,9,0,0,2,1,1,2,1,2,3,0,,1,0,0,0
201310729092,2,1,21,3,1,58.293488,2,5,2,2013,10,15,12,6,0,2,1,1,1,1,2,3,0,2,1,0,0,0
201310729108,4,1,3,3,1,350.4314,1,5,1,2013,11,15,8,0,0,1,1,1,5,1,2,3,0,1,1,0,0,0
201310729115,5,1,3,3,1,91.416885,2,5,1,2013,8,30,12,1,0,2,1,1,1,2,2,3,0,,1,0,0,0
201310729136,4,1,21,3,1,349.76093,2,5,7,2013,16,0,14,0,0,1,1,10,0,0,2,3,1,1,1,0,0,0
201310729143,5,1,21,3,1,87.44023,2,5,1,2013,11,55,12,6,0,2,1,1,1,4,2,3,0,3,1,0,0,0
201310729148,3,1,21,3,1,14.573372,2,5,2,2013,17,50,12,1,0,1,1,1,3,1,2,3,0,1,1,0,0,0
201310729168,4,1,8,3,1,347.6153,2,5,4,2013,15,23,14,0,0,1,1,1,0,0,2,3,1,1,7,0,0,0
201310729221,3,1,3,3,1,20.314863,1,5,2,2013,18,30,9,0,0,2,1,1,2,1,2,3,0,2,1,0,0,0
201310729382,4,1,4,3,1,348.21332,3,6,2,2013,11,28,12,1,0,2,1,10,0,0,2,3,0,,1,0,0,0
201310729478,4,1,16,3,1,351.45575,2,6,2,2013,15,30,14,0,0,1,1,1,0,0,2,3,1,1,7,0,0,0
201310729509,3,1,13,3,1,22.136986,1,6,1,2013,17,55,9,0,0,2,1,1,2,1,2,3,0,,1,0,0,0
201310729525,5,1,13,3,1,88.54794,1,6,6,2013,5,50,24,0,0,1,1,10,1,1,2,3,0,1,4,0,0,0
201310729564,4,1,1,3,1,351.2028,2,6,6,2013,11,0,14,0,0,1,1,1,0,0,2,3,1,1,7,0,0,0
201310729596,3,1,4,3,1,19.897903,1,6,7,2013,19,0,9,0,0,1,1,1,3,1,2,3,0,1,1,0,0,0
201310729617,3,1,10,3,1,19.133133,1,6,3,2013,16,50,9,0,0,2,1,1,2,1,2,3,0,,1,0,0,0
201310729677,3,1,21,3,1,14.573372,2,5,6,2013,18,30,12,2,0,2,1,1,2,1,2,3,0,,1,0,0,0
201310729684,3,1,3,3,1,20.314863,1,6,6,2013,18,5,8,0,0,2,3,2,3,1,2,3,0,,1,0,0,0
201310729706,4,1,3,3,1,350.4314,1,6,3,2013,10,0,8,0,0,2,1,1,1,1,2,3,0,,1,0,0,0
201310729735,3,1,3,3,1,20.314863,2,6,5,2013,12,7,12,6,0,2,1,10,2,2,2,3,0,,1,0,0,0
201310729741,5,1,21,3,1,87.44023,2,6,4,2013,13,30,12,6,0,4,1,1,1,1,2,3,0,1,1,0,0,0
201310729745,4,1,21,3,1,349.76093,2,6,5,2013,21,56,12,7,0,1,2,2,0,0,2,3,0,1,1,0,0,0
201310729754,3,1,21,3,1,14.573372,1,6,1,2013,11,40,9,0,0,1,1,1,2,2,2,3,0,1,1,0,0,0
201310729786,1,1,3,3,1,5.078716,2,6,1,2013,0,5,12,6,0,2,3,1,3,1,2,3,0,,1,0,0,0
201310729853,4,1,10,3,1,349.17966,2,6,7,2013,11,28,12,7,0,1,1,1,0,0,2,3,0,1,1,0,0,0
201310729868,3,1,10,3,1,19.133133,1,6,6,2013,5,23,9,0,0,2,4,1,3,1,2,3,0,,1,0,0,0
201310729890,4,1,8,3,1,347.6153,2,6,5,2013,17,44,14,0,0,1,1,1,0,0,2,3,1,1,7,0,0,0
201310729895,3,1,8,3,1,19.863731,1,6,1,2013,7,0,8,0,0,2,1,1,3,1,2,3,0,,1,0,0,0
201310729897,5,1,8,3,1,89.386795,3,6,7,2013,16,5,12,6,0,2,1,1,1,1,2,3,1,,1,0,0,0
201310729919,4,1,13,3,1,346.81277,2,6,7,2013,20,0,12,1,0,1,5,1,0,0,2,3,0,1,1,0,0,0
201310729951,4,1,16,3,1,351.45575,2,6,5,2013,13,20,12,7,0,1,1,1,0,0,2,3,0,1,1,0,0,0
201310729979,4,1,4,3,1,348.21332,2,6,5,2013,18,35,14,0,0,1,1,1,0,0,2,3,1,1,7,0,0,0
201310730134,3,1,7,3,1,20.222008,2,6,7,2013,12,5,12,6,0,2,1,1,2,1,2,3,0,,1,0,0,0
201310730218,4,1,21,3,1,349.76093,1,6,3,2013,16,7,8,0,0,2,1,10,1,1,2,3,0,2,1,0,0,0
201310730248,4,1,3,3,1,350.4314,2,6,7,2013,12,0,14,0,0,1,1,1,0,0,2,3,1,1,7,0,0,0
201310730286,3,1,4,3,1,19.897903,1,6,7,2013,22,49,8,0,0,2,3,1,2,1,1,3,0,,1,0,0,0
201310730297,3,1,3,3,1,20.314863,1,6,7,2013,19,6,8,0,0,2,1,1,2,1,2,3,0,,1,0,0,0
201310730430,3,1,8,3,1,19.863731,1,7,2,2013,8,55,8,0,0,2,1,1,3,1,2,3,0,,1,0,0,0
201310730470,4,1,7,3,1,348.82965,2,7,2,2013,9,0,12,6,0,2,1,10,0,0,2,3,0,3,1,0,0,0
201310730499,4,1,8,3,1,347.6153,2,7,1,2013,10,25,14,0,0,1,1,1,0,0,2,3,1,1,7,0,0,0
201310730549,4,1,13,3,1,346.81277,3,7,6,2013,21,55,12,1,0,2,3,1,0,0,2,3,0,,1,0,0,0
201310730565,4,1,4,3,1,348.21332,2,7,5,2013,16,30,14,0,0,1,1,1,0,0,2,3,1,1,7,0,0,0
201310730582,4,1,16,3,1,351.45575,1,7,7,2013,16,40,9,0,0,2,1,1,1,1,2,3,0,,1,0,0,0
201310730606,3,1,10,3,1,19.133133,1,7,7,2013,14,2,8,0,0,1,1,1,3,1,2,3,0,1,1,0,0,0
201310730654,5,1,3,3,1,91.416885,2,7,3,2013,19,15,12,6,0,2,5,10,1,3,2,3,0,,1,0,0,0
201310730706,3,1,21,3,1,14.573372,1,6,4,2013,16,45,8,0,0,2,1,1,2,1,2,3,0,2,1,0,0,0
201310730710,4,1,3,3,1,350.4314,2,7,2,2013,11,55,12,7,0,2,1,1,0,0,2,3,0,,1,0,0,0
201310730727,3,1,3,3,1,20.314863,1,7,3,2013,19,10,8,0,0,1,1,10,2,1,2,3,0,1,1,0,0,0
201310730803,5,1,7,3,1,90.99904,4,7,2,2013,12,50,12,1,0,1,1,1,1,1,2,3,0,1,1,0,0,0
201310730811,3,1,16,3,1,23.430384,1,7,3,2013,9,15,8,0,0,2,1,1,2,1,2,3,0,,1,0,0,0
201310730908,4,1,10,3,1,349.17966,3,7,7,2013,14,20,14,0,0,1,1,1,0,0,2,3,2,1,7,0,0,0
201310730962,4,1,21,3,1,349.76093,2,6,7,2013,10,35,12,1,0,2,1,1,0,0,2,3,0,,1,0,0,0
201310730999,4,1,21,3,1,349.76093,2,7,4,2013,13,36,14,0,0,1,1,2,0,0,2,3,1,1,7,0,0,0
201310731013,3,1,13,3,1,22.136986,2,7,3,2013,23,0,12,1,0,1,2,1,2,1,2,3,0,1,1,0,0,0
201310731018,4,1,13,3,1,346.81277,2,7,5,2013,12,0,12,6,0,2,1,10,0,0,2,3,0,2,1,0,0,0
201310731051,6,1,4,3,1,208.928,1,7,3,2013,3,20,24,0,0,1,3,2,0,0,2,3,0,1,4,0,0,0
201310731055,1,1,4,3,1,4.974476,2,7,3,2013,13,45,12,1,0,1,1,1,3,4,2,3,0,1,1,0,0,0
201310731070,4,1,1,3,1,351.2028,2,7,2,2013,11,50,12,7,0,2,1,1,0,0,2,3,0,,1,0,0,0
201310731130,4,1,16,3,1,351.45575,2,7,6,2013,16,35,14,0,0,1,1,1,0,0,2,3,1,1,7,0,0,0