CASENUM,STRATUM,REGION,PJ,PSU,PSUSTRAT,WEIGHT,VE_TOTAL,MONTH,WKDY_IM,YEAR,HOUR_IM,MINUTE_IM,EVENT1_IM,MANCOL_IM,RELJCT1_IM,RELJCT2_IM,LGTCON_IM,WEATHR_IM,MAXSEV_IM,NO_INJ_IM,ALCHL_IM,LAND_USE,PVH_INVL,TYP_INT,REL_ROAD,CF1,CF2,CF3
201310731150,6,1,16,3,1,210.87346,1,7,4,2013,8,30,30,0,0,2,1,1,0,0,2,3,0,,4,0,0,0
201310731167,4,1,3,3,1,350.4314,2,7,1,2013,20,20,12,7,0,2,1,1,0,0,2,3,0,,1,0,0,0
201310731195,3,1,21,3,1,14.573372,2,7,5,2013,22,40,12,1,0,2,3,1,2,1,2,3,0,2,1,0,0,0
201310731211,6,1,21,3,1,204.0272,2,7,2,2013,16,15,12,1,0,2,1,1,1,1,2,3,0,5,1,0,0,0
201310731218,3,1,21,3,1,14.573372,1,7,3,2013,21,10,8,0,0,2,3,1,2,1,2,3,0,2,1,0,0,0
201310731219,3,1,8,3,1,19.863731,1,7,2,2013,12,0,8,0,0,1,1,1,3,1,2,3,0,1,1,0,0,0
201310731224,5,1,21,3,1,87.44023,5,7,4,2013,18,35,12,1,0,1,1,1,1,2,2,3,0,1,1,0,0,0
201310731240,4,1,21,3,1,349.76093,2,7,2,2013,15,10,14,0,0,1,1,1,0,0,2,3,1,1,7,0,0,0
201310731267,3,1,1,3,1,19.9264,1,8,5,2013,19,57,8,0,0,2,5,2,2,1,2,3,0,2,1,0,0,0
201310731414,3,1,7,3,1,20.222008,1,7,4,2013,9,8,8,0,0,2,1,1,2,1,2,3,0,2,1,0,0,0
201310731422,4,1,7,3,1,348.82965,2,7,4,2013,20,10,14,0,0,1,1,1,0,0,2,3,1,1,7,0,0,0
201310731462,4,1,4,3,1,348.21332,2,8,6,2013,13,45,12,9,0,4,1,1,0,0,2,3,0,1,1,0,0,0
201310731495,4,1,21,3,1,349.76093,2,8,7,2013,10,40,12,2,0,2,1,10,1,3,2,3,0,,1,0,0,0
201310731505,4,1,3,3,1,350.4314,2,8,7,2013,6,15,14,0,0,1,1,1,0,0,2,3,1,1,4,0,0,0
201310731510,3,1,3,3,1,20.314863,1,8,1,2013,0,30,8,0,0,2,3,1,2,1,2,3,0,,1,0,0,0
201310731514,6,1,3,3,1,208.22736,3,8,1,2013,13,30,12,6,0,2,1,1,0,0,2,3,0,2,1,0,0,0
201310731522,5,1,21,3,1,87.44023,2,8,3,2013,16,55,12,6,0,2,1,1,1,1,2,3,0,2,1,0,0,0
201310731576,1,1,1,3,1,2.4908,3,8,4,2013,4,10,14,0,0,1,3,1,3,1,2,3,2,1,7,0,0,0
201310731647,1,1,4,3,1,4.974476,3,8,7,2013,23,20,12,1,0,1,3,1,3,3,2,3,0,1,1,0,0,0
201310731649,3,1,4,3,1,19.897903,1,8,1,2013,2,38,25,0,0,1,3,1,4,1,2,3,0,1,3,0,0,0
201310731652,2,1,4,3,1,59.69371,3,8,1,2013,22,15,12,1,0,1,3,1,1,2,2,3,0,1,1,0,0,0
201310731673,3,1,8,3,1,19.863731,1,8,6,2013,15,0,8,0,0,2,1,1,2,1,2,3,0,,1,0,0,0
201310731675,4,1,8,3,1,347.6153,2,8,6,2013,20,0,12,1,0,2,3,1,1,1,2,3,0,,1,0,0,0
201310731703,3,1,16,3,1,23.430384,2,8,3,2013,18,15,14,0,0,2,1,1,2,1,2,3,1,2,7,14,0,0
201310731728,5,1,1,3,1,89.6688,3,8,5,2013,23,0,12,1,0,2,3,1,1,1,2,3,0,,1,0,0,0
201310731746,3,1,21,3,1,14.573372,1,8,6,2013,7,14,8,0,0,2,1,10,3,1,2,3,0,2,1,0,0,0
201310731763,4,1,16,3,1,351.45575,2,8,3,2013,0,15,14,0,0,1,3,10,0,0,2,3,1,1,1,0,0,0
201310731790,3,1,10,3,1,19.133133,1,8,3,2013,18,0,9,0,0,4,1,1,2,1,2,3,0,1,1,0,0,0
201310731799,1,1,4,3,1,4.974476,3,8,2,2013,6,40,26,0,0,1,1,10,3,3,2,3,0,1,4,0,0,0
201310731810,3,1,7,3,1,20.222008,2,8,4,2013,22,40,12,1,0,1,3,1,3,1,2,3,0,1,1,0,0,0
201310731830,4,1,13,3,1,346.81277,2,8,5,2013,8,13,14,0,0,1,1,1,0,0,2,3,1,1,7,0,0,0
201310731911,4,1,3,3,1,350.4314,2,8,7,2013,10,50,12,1,0,1,1,1,0,0,1,3,0,1,1,0,0,0
201310731954,3,1,8,3,1,19.863731,1,8,2,2013,13,41,8,0,0,2,1,1,2,1,2,3,0,,1,0,0,0
201310732003,3,1,16,3,1,23.430384,1,8,3,2013,15,25,9,0,0,2,1,1,2,1,2,3,0,,1,0,0,0
201310732032,5,1,4,3,1,89.540565,2,8,3,2013,17,25,12,6,0,2,1,1,1,2,2,3,0,2,1,0,0,0
201310732044,4,1,4,3,1,348.21332,2,8,6,2013,10,54,12,6,0,2,1,1,0,0,2,3,0,,1,0,0,0
201310732075,3,1,3,3,1,20.314863,1,8,3,2013,12,10,8,0,0,2,1,1,2,1,2,3,0,,1,0,0,0
201310732116,4,1,10,3,1,349.17966,2,8,6,2013,11,30,12,1,0,1,1,1,1,1,2,3,0,1,1,0,0,0
201310732132,6,1,1,3,1,209.2272,3,8,6,2013,12,0,12,1,0,2,1,1,0,0,2,3,1,,1,0,0,0
201310732165,4,1,1,3,1,351.2028,3,8,7,2013,18,10,12,1,0,1,1,1,1,3,2,3,0,1,1,0,0,0
201310732197,1,1,3,3,1,5.078716,3,8,7,2013,16,45,12,6,0,2,6,1,3,2,2,3,0,,1,0,0,0
201310732223,3,1,4,3,1,19.897903,1,8,6,2013,0,45,9,0,0,2,3,1,3,1,2,3,0,,1,0,0,0
201310732251,4,1,7,3,1,348.82965,1,8,5,2013,19,45,9,0,0,2,3,1,5,1,2,3,0,,1,0,0,0
201310732272,3,1,3,3,1,20.314863,1,8,5,2013,20,15,8,0,0,2,3,1,2,1,2,3,0,2,1,0,0,0
201310732283,5,1,3,3,1,91.416885,2,8,5,2013,17,20,12,1,0,1,1,1,1,1,2,3,0,1,1,0,0,0
201310732293,4,1,8,3,1,347.6153,2,8,2,2013,10,45,12,6,0,1,1,1,0,0,2,3,0,1,1,0,0,0
201310732326,4,1,21,3,1,349.76093,2,8,1,2013,10,15,12,6,0,4,1,10,1,1,2,3,0,1,1,0,0,0
201310732329,6,1,13,3,1,206.61186,2,8,3,2013,16,0,12,6,0,2,1,1,2,3,2,3,0,,1,0,0,0
201310732336,1,1,13,3,1,7.378995,2,8,6,2013,20,55,12,6,0,2,3,1,3,2,2,3,0,,1,0,0,0
201310732342,3,1,13,3,1,22.136986,1,9,1,2013,20,15,8,0,0,2,3,1,3,1,2,3,0,,1,0,0,0
201310732399,4,1,16,3,1,351.45575,2,9,3,2013,12,39,12,9,0,4,1,1,0,0,2,3,0,1,1,0,0,0
201310732426,6,1,7,3,1,212.33109,1,9,5,2013,1,10,25,0,0,1,3,1,0,0,2,3,0,1,3,0,0,0
201310732523,4,1,3,3,1,350.4314,2,9,2,2013,18,55,12,1,0,2,1,1,0,0,2,3,0,,1,0,0,0
201310732551,3,1,8,3,1,19.863731,1,9,1,2013,18,10,8,0,0,2,1,1,2,1,2,3,0,2,1,0,0,0
201310732581,4,1,13,3,1,346.81277,3,9,1,2013,17,55,12,6,0,1,1,1,1,2,2,3,1,1,1,0,0,0
201310732616,3,1,7,3,1,20.222008,1,9,4,2013,18,0,8,0,0,2,1,1,2,1,2,3,0,,1,0,0,0
201310732707,1,1,10,3,1,4.783283,2,9,1,2013,12,39,30,0,0,1,1,1,4,4,2,3,0,1,10,0,0,0
201310732713,4,1,21,3,1,349.76093,2,9,4,2013,19,5,12,7,0,2,1,1,0,0,2,3,0,,1,0,0,0
201310732743,5,1,21,3,1,87.44023,2,9,7,2013,15,25,12,1,0,1,1,1,1,2,2,3,0,1,1,0,0,0
201310732772,3,1,21,3,1,14.573372,1,9,5,2013,16,30,8,0,0,2,1,1,2,2,2,3,0,2,1,0,0,0
201310732781,3,1,21,3,1,14.573372,1,9,6,2013,11,30,8,0,0,2,1,10,2,1,2,3,0,2,1,0,0,0
201310732791,3,1,1,3,1,19.9264,1,9,5,2013,9,35,9,0,0,2,1,1,2,1,2,3,0,,1,0,0,0
201310732843,4,1,7,3,1,348.82965,2,9,3,2013,10,37,12,6,0,4,1,1,1,1,2,3,0,1,1,0,0,0
201310732887,4,1,4,3,1,348.21332,2,9,7,2013,17,19,12,1,0,2,1,1,0,0,2,3,0,,1,0,0,0
201310732952,3,1,3,3,1,20.314863,1,9,6,2013,17,40,9,0,0,1,1,1,2,1,2,3,0,1,1,0,0,0
201310733038,4,1,3,3,1,350.4314,2,9,5,2013,7,47,12,6,0,2,1,1,0,0,2,3,0,3,1,0,0,0
201310733079,1,1,21,3,1,14.573372,2,9,3,2013,21,33,12,6,0,2,3,1,3,10,2,3,0,2,1,0,0,0
201310733081,4,1,21,3,1,349.76093,2,9,4,2013,16,45,12,6,0,2,1,1,0,0,2,3,0,,1,0,0,0
201310733087,1,1,21,3,1,14.573372,2,9,1,2013,16,0,12,6,0,2,1,1,3,3,2,3,0,2,1,0,0,0
201310733106,5,1,7,3,1,90.99904,1,9,1,2013,15,50,44,0,0,2,1,1,1,2,2,3,0,,1,0,0,0
201310733137,4,1,16,3,1,351.45575,2,9,2,2013,20,30,12,1,0,2,3,1,1,1,2,3,0,2,1,0,0,0
201310733148,3,1,16,3,1,23.430384,1,9,5,2013,16,30,9,0,0,1,1,10,3,1,2,3,0,1,1,0,0,0
201310733181,3,1,21,3,1,14.573372,1,9,4,2013,7,45,8,0,0,2,1,1,2,1,2,3,0,,1,0,0,0
201310733236,1,1,10,3,1,4.783283,2,9,7,2013,16,20,12,6,0,2,1,1,3,3,2,3,0,,1,0,0,0
201310733273,1,1,3,3,1,5.078716,2,9,3,2013,15,23,12,6,0,2,1,1,3,3,2,3,0,,1,0,0,0
201310733293,4,1,1,3,1,351.2028,1,6,1,2013,22,30,44,0,0,1,2,2,0,0,2,3,0,1,1,0,0,0
201310733354,4,1,13,3,1,346.81277,1,10,4,2013,7,5,5,0,0,2,4,1,1,1,2,3,0,,1,0,0,0
201310733404,4,1,10,3,1,349.17966,1,10,3,2013,11,40,9,0,0,2,1,1,1,1,2,3,0,,1,0,0,0
201310733419,5,1,16,3,1,93.721535,2,10,6,2013,22,15,12,6,0,2,2,1,1,1,2,3,0,2,1,0,0,0
201310733438,5,1,21,3,1,87.44023,2,10,5,2013,8,15,12,7,0,2,1,1,1,2,2,3,0,2,1,0,0,0
201310733440,6,1,21,3,1,204.0272,2,10,4,2013,16,30,12,1,0,2,1,1,0,0,2,3,0,2,1,0,0,0
201310733447,4,1,21,3,1,349.76093,2,10,7,2013,8,30,12,7,0,2,1,10,0,0,2,3,0,2,1,0,0,0
201310733466,4,1,3,3,1,350.4314,2,9,2,2013,10,30,12,7,0,1,1,1,0,0,2,3,0,1,1,0,0,0
201310733495,4,1,8,3,1,347.6153,2,9,3,2013,18,0,12,6,0,4,1,1,0,0,2,3,0,1,1,0,0,0
201310733505,6,1,8,3,1,208.56918,3,9,7,2013,8,49,12,1,0,1,1,10,1,5,2,3,0,1,1,0,0,0
201310733515,3,1,8,3,1,19.863731,1,9,7,2013,21,19,8,0,0,2,3,1,3,2,2,3,0,,1,0,0,0
201310733613,4,1,7,3,1,348.82965,2,10,4,2013,9,15,12,7,0,2,1,1,0,0,2,3,0,2,1,0,0,0
201310733642,4,1,16,3,1,351.45575,2,10,4,2013,19,10,14,0,0,1,3,1,0,0,2,3,1,1,7,0,0,0
201310733676,3,1,10,3,1,19.133133,1,10,6,2013,15,10,8,0,0,2,1,10,2,1,2,3,0,,1,0,0,0
201310733685,4,1,4,3,1,348.21332,2,10,3,2013,10,0,12,6,0,2,1,1,0,0,2,3,0,,1,0,0,0
201310733705,3,1,4,3,1,19.897903,2,10,7,2013,23,55,12,6,0,2,3,1,2,1,2,3,0,,1,0,0,0
201310733769,4,1,8,3,1,347.6153,2,10,5,2013,13,4,12,6,0,4,1,10,0,0,2,3,0,1,1,0,0,0
201310733866,5,1,13,3,1,88.54794,2,10,4,2013,12,0,12,6,0,2,1,1,1,1,2,3,0,,1,0,0,0
201310733955,5,1,10,3,1,90.88238,2,10,5,2013,20,20,12,7,0,2,3,10,1,5,2,3,0,,1,0,0,0
201310733974,3,1,21,3,1,14.573372,1,10,7,2013,20,0,8,0,0,1,3,1,3,1,2,3,0,1,1,0,0,0
201310733996,4,1,21,3,1,349.76093,2,10,4,2013,12,20,12,7,0,2,1,1,0,0,2,3,0,2,1,0,0,0
201310734003,3,1,21,3,1,14.573372,2,10,5,2013,4,54,12,6,0,2,3,10,4,1,2,3,0,2,1,0,0,0
201310734022,3,1,3,3,1,20.314863,1,10,3,2013,15,30,9,0,0,2,1,1,2,2,2,3,0,,1,0,0,0
201310734023,4,1,3,3,1,350.4314,2,10,3,2013,16,15,12,1,0,2,1,1,0,0,2,3,0,,1,0,0,0
201310734071,2,1,8,3,1,59.591194,2,10,7,2013,0,50,12,7,0,1,3,1,1,1,2,3,0,1,1,0,0,0
201310734084,5,1,8,3,1,89.386795,2,10,1,2013,12,55,12,2,0,4,1,1,1,5,2,3,0,1,1,0,0,0
201310734175,3,1,16,3,1,23.430384,1,10,7,2013,15,15,8,0,0,1,1,1,2,1,2,3,0,1,7,0,0,0
201310734287,4,1,8,3,1,347.6153,2,10,3,2013,10,0,12,6,0,2,1,1,1,1,2,3,0,,1,0,0,0
201310734294,3,1,8,3,1,19.863731,1,10,4,2013,16,22,8,0,0,2,1,1,3,1,2,3,0,2,1,0,0,0
201310734300,4,1,13,3,1,346.81277,2,10,2,2013,14,30,12,7,0,2,1,1,0,0,2,3,0,,1,0,0,0
201310734362,6,1,3,3,1,208.22736,2,10,1,2013,15,15,12,1,0,2,1,1,0,0,2,3,0,,1,0,0,0
201310734373,1,1,3,3,1,5.078716,1,10,2,2013,0,15,35,0,0,1,3,1,3,1,1,3,0,1,4,0,0,0
201310734425,4,1,3,3,1,350.4314,1,10,4,2013,20,25,8,0,0,2,3,1,1,1,2,3,0,,1,0,0,0
201310734426,4,1,21,3,1,349.76093,1,10,2,2013,16,50,8,0,0,2,1,1,1,1,2,3,0,,1,0,0,0
201310734433,4,1,16,3,1,351.45575,2,10,1,2013,17,40,9,0,0,2,1,1,0,0,2,3,0,,1,0,0,0
201310734450,4,1,4,3,1,348.21332,2,10,4,2013,17,21,12,7,0,1,5,1,0,0,2,3,0,1,1,0,0,0
201310734470,4,1,10,3,1,349.17966,2,11,2,2013,11,30,12,6,0,2,1,1,0,0,2,3,0,,1,0,0,0
201310734499,4,1,1,3,1,351.2028,2,11,5,2013,10,50,12,1,0,2,1,2,0,0,2,3,0,,1,0,0,0
201310734532,3,1,21,3,1,14.573372,1,11,4,2013,18,24,8,0,0,2,3,1,2,1,2,3,0,2,1,0,0,0
201310734569,5,1,4,3,1,89.540565,2,11,3,2013,13,40,12,6,0,2,1,1,1,1,2,3,0,,1,0,0,0
201310734690,3,1,4,3,1,19.897903,2,11,4,2013,17,20,12,1,0,2,3,1,2,1,2,3,0,,1,0,0,0
201310734758,5,1,3,3,1,91.416885,2,11,6,2013,18,25,12,6,0,2,3,1,1,3,2,3,0,,1,0,0,0
201310734832,2,1,3,3,1,60.94459,2,11,3,2013,16,10,12,2,0,1,5,10,2,1,2,3,0,1,1,0,0,0
201310734848,3,1,21,3,1,14.573372,1,11,5,2013,18,0,9,0,0,2,1,1,2,1,2,3,0,2,1,0,0,0
201310734855,3,1,3,3,1,20.314863,1,11,5,2013,17,5,8,0,0,2,1,1,3,1,2,3,0,,1,0,0,0
201310734859,4,1,21,3,1,349.76093,2,11,1,2013,8,15,12,7,0,1,1,1,0,0,2,3,0,1,1,0,0,0
201310734865,3,1,21,3,1,14.573372,1,11,3,2013,10,30,8,0,0,2,1,10,3,1,2,3,0,,1,0,0,0
201310734918,4,1,7,3,1,348.82965,2,11,2,2013,1,15,12,6,0,1,3,1,0,0,2,3,0,1,1,0,0,0
201310734970,3,1,8,3,1,19.863731,2,11,7,2013,8,22,14,0,0,1,1,10,2,1,2,3,1,1,1,0,0,0
201310734973,4,1,8,3,1,347.6153,1,11,2,2013,18,30,9,0,0,2,3,1,1,1,2,3,0,,1,0,0,0
201310734994,3,1,7,3,1,20.222008,1,11,5,2013,12,0,8,0,0,2,1,1,2,1,2,3,0,2,1,0,0,0
201310735023,5,1,1,3,1,89.6688,3,11,2,2013,13,25,12,6,0,2,1,1,1,4,2,3,0,,1,0,0,0
201310735026,3,1,1,3,1,19.9264,1,11,2,2013,8,0,8,0,0,2,1,10,2,1,2,3,0,3,1,0,0,0
201310735065,4,1,4,3,1,348.21332,2,11,4,2013,17,47,12,7,0,2,3,1,0,0,2,3,0,,1,0,0,0
201310735079,3,1,4,3,1,19.897903,2,11,7,2013,10,55,12,6,0,2,1,1,2,1,2,3,0,,1,0,0,0
201310735093,4,1,3,3,1,350.4314,2,11,6,2013,18,30,12,7,0,1,3,1,0,0,2,3,0,1,1,0,0,0
201310735117,3,1,13,3,1,22.136986,1,11,6,2013,11,32,9,0,0,2,1,1,2,1,2,3,0,,1,0,0,0
201310735147,4,1,13,3,1,346.81277,2,11,3,2013,13,45,12,6,0,2,1,1,0,0,2,3,0,,1,0,0,0
201310735160,3,1,13,3,1,22.136986,1,11,7,2013,13,35,8,0,0,1,1,1,2,1,2,3,0,1,1,0,0,0
201310735169,4,1,16,3,1,351.45575,2,11,2,2013,16,25,14,0,0,2,1,1,0,0,2,3,1,,1,0,0,0
201310735179,5,1,21,3,1,87.44023,3,11,1,2013,18,0,12,6,0,2,3,5,1,1,2,3,0,2,1,0,0,0
201310735298,4,1,3,3,1,350.4314,1,11,4,2013,18,35,8,0,0,2,3,2,1,1,2,3,0,,1,0,0,0
201310735323,4,1,10,3,1,349.17966,2,11,7,2013,6,0,14,0,0,1,3,1,0,0,2,3,1,1,7,0,0,0
201310735335,4,1,21,3,1,349.76093,1,11,7,2013,20,24,9,0,0,2,3,1,1,1,2,3,0,2,1,0,0,0
201310735371,5,1,7,3,1,90.99904,2,11,5,2013,10,25,12,6,0,2,1,1,1,1,2,3,0,2,1,0,0,0
201310735380,3,1,7,3,1,20.222008,1,11,7,2013,10,30,8,0,0,2,1,1,2,1,2,3,0,2,1,0,0,0
201310735381,4,1,7,3,1,348.82965,2,11,7,2013,9,20,12,1,0,2,1,1,0,0,2,3,0,,1,0,0,0
201310735598,3,1,8,3,1,19.863731,2,11,6,2013,12,9,12,6,0,2,1,1,2,1,2,3,0,2,1,0,0,0
201310735692,3,1,13,3,1,22.136986,1,12,6,2013,18,50,15,0,0,2,3,1,3,1,2,3,0,,1,0,0,0
201310735699,4,1,16,3,1,351.45575,2,12,6,2013,22,58,12,1,0,2,1,2,0,0,2,3,0,,1,0,0,0
201310735748,4,1,8,3,1,347.6153,1,12,1,2013,17,5,8,0,0,1,3,4,1,1,2,3,0,1,7,0,0,0
201310735773,4,1,4,3,1,348.21332,2,12,4,2013,8,29,12,7,0,1,1,1,0,0,2,3,0,1,1,0,0,0
201310735934,4,1,13,3,1,346.81277,2,12,4,2013,20,15,12,1,0,2,3,1,0,0,2,3,0,,1,0,0,0
201310735987,4,1,3,3,1,350.4314,2,12,6,2013,8,0,12,1,0,1,1,1,0,0,2,3,0,1,1,0,0,0
201310735995,4,1,1,3,1,351.2028,2,12,3,2013,19,30,12,8,0,1,3,3,0,0,2,3,0,1,1,0,0,0
201310736069,3,1,21,3,1,14.573372,1,12,6,2013,15,50,8,0,0,2,1,2,2,1,2,3,0,2,1,0,0,0
201310736088,4,1,21,3,1,349.76093,1,12,1,2013,16,58,8,0,0,2,3,4,1,1,2,3,0,2,1,0,0,0
201310736092,5,1,3,3,1,91.416885,2,12,5,2013,13,0,12,6,0,2,1,1,5,4,2,3,0,,1,0,0,0
201310736106,1,1,21,3,1,14.573372,2,12,6,2013,7,0,12,6,0,1,4,1,3,1,2,3,0,1,1,0,0,0
201310736115,6,1,21,3,1,204.0272,1,12,1,2013,6,15,19,0,0,1,2,10,2,1,2,3,0,1,4,0,0,0
201310736122,3,1,21,3,1,14.573372,1,12,4,2013,18,11,8,0,0,2,3,10,3,1,2,3,0,,1,0,0,0
201310736130,5,1,21,3,1,87.44023,2,12,6,2013,20,15,12,6,0,2,3,1,1,1,2,3,0,2,1,0,0,0
201310736132,4,1,21,3,1,349.76093,2,12,7,2013,12,10,12,6,0,1,1,1,0,0,2,3,0,1,1,0,0,0
201310736220,4,1,7,3,1,348.82965,2,12,7,2013,10,3,14,0,0,2,1,2,0,0,2,3,1,2,7,0,0,0
201310736278,4,1,3,3,1,350.4314,2,12,3,2013,8,30,14,0,0,1,1,1,0,0,2,3,1,1,1,0,0,0
201310736315,3,1,16,3,1,23.430384,1,12,3,2013,7,0,8,0,0,2,1,4,3,1,2,3,0,2,1,0,0,0
201310736336,3,1,21,3,1,14.573372,1,12,3,2013,16,17,9,0,0,2,1,1,2,1,2,3,0,2,1,0,0,0
201310736345,4,1,16,3,1,351.45575,2,12,4,2013,18,0,12,6,0,2,3,1,0,0,2,3,0,,1,0,0,0
201310736356,6,1,4,3,1,208.928,2,12,3,2013,8,41,12,6,0,2,1,1,0,0,2,3,0,,1,0,0,0
201310736373,3,1,4,3,1,19.897903,1,12,1,2013,20,13,8,0,0,2,3,2,3,1,2,3,0,,1,0,0,0
201310736474,4,1,8,3,1,347.6153,2,12,2,2013,15,50,12,7,0,1,1,1,0,0,2,3,0,1,1,0,0,0
201310736569,3,1,21,3,1,14.573372,1,12,2,2013,7,46,8,0,0,2,1,10,3,1,2,3,0,2,1,0,0,0
201311101429,4,1,1,4,3,352.2555,2,1,4,2013,17,30,12,6,0,2,5,1,0,0,2,3,0,3,1,0,0,0
201311101431,1,1,1,4,3,13.0465,2,1,5,2013,17,35,12,6,0,2,3,1,3,1,2,3,0,2,1,0,0,0
201311101488,4,1,4,4,3,352.2555,3,1,4,2013,16,28,12,1,0,2,5,1,1,1,2,2,0,2,1,0,0,0
201311101489,6,1,4,4,3,208.744,1,1,1,2013,4,57,53,0,0,1,3,1,0,0,2,2,0,1,4,0,0,0
201311101512,6,1,3,4,3,208.744,2,1,1,2013,15,37,12,1,0,2,1,1,0,0,2,3,0,3,1,0,0,0
201311101515,5,1,3,4,3,91.3255,4,1,5,2013,16,25,12,6,0,2,1,1,1,2,2,3,0,2,1,14,0,0
201311101522,4,1,3,4,3,352.2555,3,1,4,2013,8,51,12,7,0,1,1,1,0,0,2,3,0,1,1,0,0,0
201311101541,6,1,2,4,3,208.744,2,1,6,2013,14,54,12,6,0,2,1,1,0,0,2,2,0,2,1,0,0,0
201311101542,4,1,2,4,3,352.2555,2,1,2,2013,8,21,12,2,0,2,1,1,0,0,2,2,0,2,1,0,0,0
201311101546,5,1,2,4,3,91.3255,2,1,2,2013,20,56,12,6,0,2,3,1,1,2,2,2,0,3,1,0,0,0
201311101610,3,1,1,4,3,26.093,1,1,3,2013,18,10,8,0,0,2,2,1,2,1,2,3,0,2,1,0,0,0
201311101622,6,1,1,4,3,208.744,3,1,6,2013,14,20,12,1,0,2,1,1,0,0,2,3,0,3,1,0,0,0
201311101628,4,1,1,4,3,352.2555,2,1,6,2013,7,18,12,7,0,2,1,1,0,0,2,3,0,2,1,0,0,0
201311101631,5,1,1,4,3,91.3255,2,1,6,2013,20,11,12,6,0,2,3,1,2,2,2,3,0,2,1,0,0,0
201311101663,6,1,7,4,3,203.5254,2,1,2,2013,17,0,12,2,0,2,5,1,0,0,2,1,0,2,1,0,0,0
201311101668,3,1,6,4,3,27.13672,6,1,3,2013,1,48,33,0,0,1,2,1,3,1,1,8,5,1,4,14,0,0
201311101671,5,1,6,4,3,81.41016,2,1,6,2013,15,31,12,1,0,2,1,1,2,3,2,8,0,3,1,0,0,0
201311101676,4,1,6,4,3,352.77737,2,1,1,2013,17,37,14,0,0,1,3,1,0,0,2,8,1,1,7,0,0,0
201311101682,5,1,6,4,3,81.41016,2,1,2,2013,21,36,12,6,0,5,2,1,1,3,2,8,0,1,1,0,0,0
201311101730,4,1,3,4,3,352.2555,2,1,6,2013,13,46,12,8,0,1,1,1,0,0,2,3,0,1,1,0,0,0
201311101778,4,1,1,4,3,352.2555,2,1,2,2013,19,11,12,1,0,2,2,1,0,0,2,3,0,3,1,0,0,0
201311101804,6,1,2,4,3,208.744,2,1,2,2013,21,29,12,7,0,2,3,1,0,0,2,2,0,3,1,0,0,0
201311101806,4,1,2,4,3,352.2555,2,1,2,2013,5,45,12,6,0,2,3,5,0,0,2,2,0,2,1,0,0,0
201311101840,2,1,4,4,3,65.2325,2,1,4,2013,22,33,12,7,0,1,3,1,1,1,2,2,0,1,1,0,0,0
201311101863,5,1,2,4,3,91.3255,2,1,2,2013,12,37,12,6,0,2,1,1,2,4,2,2,0,2,1,0,0,0
201311101866,4,1,2,4,3,352.2555,2,1,7,2013,12,3,12,7,0,1,1,1,0,0,2,2,0,1,1,0,0,0
201311101881,6,1,1,4,3,208.744,2,1,5,2013,21,31,12,1,0,2,3,2,0,0,2,3,0,2,1,0,0,0
201311101889,4,1,7,4,3,339.209,2,1,6,2013,16,12,12,1,0,2,1,2,0,0,2,1,0,2,1,28,0,0
201311101906,4,1,6,4,3,352.77737,2,1,3,2013,18,24,12,6,0,2,3,2,0,0,2,8,0,2,1,0,0,0
201311101909,6,1,6,4,3,217.09377,2,1,5,2013,19,25,12,1,0,1,3,2,0,0,2,8,0,1,1,0,0,0
201311101915,4,1,17,4,3,364.78015,2,1,1,2013,19,15,12,1,0,2,1,10,0,0,2,1,0,2,1,0,0,0
201311101916,5,1,17,4,3,121.59338,2,1,2,2013,18,57,12,6,0,2,3,1,2,2,2,1,0,2,1,0,0,0
201311101923,6,1,17,4,3,243.18677,2,1,5,2013,17,14,12,6,0,5,3,1,0,0,2,1,0,1,1,0,0,0
201311101927,4,1,11,4,3,356.16946,2,1,2,2013,15,5,12,1,0,2,1,1,0,0,2,8,0,3,1,0,0,0
201311101955,3,1,4,4,3,26.093,1,1,1,2013,15,25,1,0,0,1,1,1,3,1,2,2,0,1,1,0,0,0
201311101985,4,1,3,4,3,352.2555,2,1,3,2013,15,11,12,1,0,2,1,1,0,0,2,3,0,2,1,0,0,0
201311102014,6,1,2,4,3,208.744,3,1,5,2013,17,45,12,1,0,2,3,1,0,0,2,2,0,2,1,0,0,0
201311102034,5,1,1,4,3,91.3255,1,1,5,2013,19,45,33,0,0,1,3,1,1,1,2,3,0,1,4,0,0,0
201311102042,4,1,1,4,3,352.2555,2,1,4,2013,12,34,12,6,0,1,1,1,0,0,2,3,0,1,1,0,0,0
201311102085,6,1,1,4,3,208.744,2,1,7,2013,22,19,12,1,0,2,3,1,0,0,2,3,0,3,1,0,0,0
201311102088,4,1,1,4,3,352.2555,2,1,2,2013,13,29,12,1,0,1,1,1,0,0,2,3,0,1,1,0,0,0
201311102127,5,1,3,4,3,91.3255,2,1,5,2013,15,3,12,2,0,2,1,1,2,1,2,3,0,2,1,0,0,0
201311102152,4,1,3,4,3,352.2555,2,1,6,2013,18,33,12,1,0,2,3,4,0,0,2,3,0,2,1,0,0,0
201311102170,6,1,3,4,3,208.744,2,1,4,2013,11,15,12,1,0,4,1,1,1,1,2,3,0,1,1,0,0,0
201311102183,4,1,3,4,3,352.2555,2,1,2,2013,20,53,12,1,0,2,3,4,0,0,2,3,0,3,1,0,0,0