CASENUM,STRATUM,REGION,PJ,PSU,PSUSTRAT,WEIGHT,VE_TOTAL,MONTH,WKDY_IM,YEAR,HOUR_IM,MINUTE_IM,EVENT1_IM,MANCOL_IM,RELJCT1_IM,RELJCT2_IM,LGTCON_IM,WEATHR_IM,MAXSEV_IM,NO_INJ_IM,ALCHL_IM,LAND_USE,PVH_INVL,TYP_INT,REL_ROAD,CF1,CF2,CF3
201311108138,5,1,1,4,3,91.3255,2,8,3,2013,19,4,12,1,0,2,1,1,1,2,2,3,0,2,1,0,0,0
201311108146,4,1,1,4,3,352.2555,2,8,2,2013,15,10,12,7,0,2,1,1,2,1,2,3,0,2,1,0,0,0
201311108152,6,1,1,4,3,208.744,2,8,2,2013,22,21,12,6,0,2,3,1,0,0,2,3,0,3,1,0,0,0
201311108169,3,1,1,4,3,26.093,1,8,6,2013,18,13,8,0,0,2,1,1,2,1,2,3,0,3,1,0,0,0
201311108203,4,1,3,4,3,352.2555,3,8,3,2013,18,28,12,1,0,1,1,1,1,1,2,3,0,1,1,0,0,0
201311108213,3,1,11,4,3,59.361576,1,8,5,2013,18,26,18,0,0,1,1,1,2,1,2,8,0,1,4,0,0,0
201311108237,4,1,2,4,3,352.2555,2,8,3,2013,20,0,12,7,0,2,3,1,0,0,2,2,0,3,1,0,0,0
201311108267,4,1,6,4,3,352.77737,2,8,2,2013,14,31,12,1,0,1,1,10,0,0,2,8,0,1,1,0,0,0
201311108282,5,1,2,4,3,91.3255,2,8,7,2013,0,47,12,6,0,2,3,1,2,2,2,2,0,2,1,0,0,0
201311108284,3,1,2,4,3,26.093,1,8,6,2013,9,52,8,0,0,1,1,1,2,1,2,2,0,1,1,0,0,0
201311108286,6,1,2,4,3,208.744,1,8,2,2013,5,16,33,0,0,4,4,1,0,0,2,2,0,1,4,0,0,0
201311108294,4,1,7,4,3,339.209,2,8,3,2013,11,25,12,6,0,2,1,1,0,0,2,1,0,2,1,0,0,0
201311108303,6,1,7,4,3,203.5254,2,8,6,2013,11,29,12,1,0,2,1,1,1,1,2,1,0,3,1,0,0,0
201311108309,3,1,7,4,3,33.9209,2,8,1,2013,14,13,12,7,0,2,1,1,2,1,2,1,0,2,1,0,0,0
201311108312,5,1,7,4,3,101.7627,2,8,2,2013,15,5,12,6,0,2,1,2,2,1,2,1,0,3,1,0,0,0
201311108317,4,1,2,4,3,352.2555,2,8,3,2013,10,14,14,0,0,1,1,1,0,0,2,2,1,1,7,0,0,0
201311108327,4,1,1,4,3,352.2555,2,8,6,2013,7,54,12,2,0,2,1,1,0,0,2,3,0,3,1,0,0,0
201311108366,3,1,2,4,3,26.093,1,8,1,2013,14,6,1,0,0,1,1,10,2,2,2,2,0,1,1,0,0,0
201311108398,4,1,2,4,3,352.2555,2,8,4,2013,8,50,12,7,0,4,1,1,0,0,2,2,0,1,1,0,0,0
201311108402,6,1,2,4,3,208.744,2,8,4,2013,17,22,12,6,0,4,1,1,0,0,2,2,0,1,1,0,0,0
201311108412,6,1,3,4,3,208.744,2,8,3,2013,5,30,12,8,0,2,1,1,0,0,2,3,0,2,1,0,0,0
201311108434,4,1,3,4,3,352.2555,2,8,6,2013,10,27,12,1,0,2,1,10,0,0,2,3,0,2,1,0,0,0
201311108441,3,1,3,4,3,26.093,2,8,7,2013,13,38,12,1,0,4,1,10,2,1,2,3,0,1,1,0,0,0
201311108492,6,1,4,4,3,208.744,2,8,6,2013,6,39,12,6,0,2,1,1,0,0,2,2,0,2,1,0,0,0
201311108494,5,1,4,4,3,91.3255,3,8,5,2013,11,16,12,1,0,2,1,1,1,2,2,2,0,2,1,0,0,0
201311108516,5,1,2,4,3,91.3255,2,8,1,2013,12,54,12,6,0,2,1,1,1,3,2,2,0,2,1,0,0,0
201311108525,5,1,11,4,3,118.72315,2,8,7,2013,15,3,12,1,0,2,1,1,1,2,1,8,0,3,1,0,0,0
201311108536,4,1,11,4,3,356.16946,2,8,2,2013,9,37,14,0,0,4,1,1,0,0,2,8,1,1,7,0,0,0
201311108552,4,1,1,4,3,352.2555,1,8,6,2013,21,48,11,0,0,1,3,1,0,0,2,3,0,1,1,0,0,0
201311108557,5,1,6,4,3,81.41016,2,8,5,2013,10,13,12,6,0,2,1,1,1,2,2,8,0,3,1,0,0,0
201311108565,6,1,6,4,3,217.09377,1,8,6,2013,23,38,11,0,0,1,3,1,0,0,2,8,0,1,1,0,0,0
201311108567,6,1,1,4,3,208.744,4,8,1,2013,18,46,12,1,0,1,5,1,0,0,2,3,0,1,1,0,0,0
201311108613,4,1,1,4,3,352.2555,1,8,3,2013,12,0,9,0,0,2,1,1,1,1,2,3,0,2,1,0,0,0
201311108615,6,1,1,4,3,208.744,1,8,4,2013,2,23,42,0,0,1,3,1,2,3,2,3,0,1,3,0,0,0
201311108617,5,1,1,4,3,91.3255,2,8,5,2013,22,23,12,6,0,2,3,1,2,2,2,3,0,2,1,0,0,0
201311108618,3,1,7,4,3,33.9209,1,8,1,2013,18,38,1,0,0,1,5,1,3,1,1,1,0,1,1,0,0,0
201311108630,4,1,7,4,3,339.209,2,8,6,2013,16,21,12,6,0,2,1,1,0,0,2,1,0,3,1,0,0,0
201311108648,6,1,3,4,3,208.744,2,8,2,2013,11,34,12,1,0,2,1,1,0,0,2,3,0,7,1,0,0,0
201311108650,4,1,3,4,3,352.2555,1,8,2,2013,16,7,9,0,0,2,1,1,1,2,2,3,0,3,1,0,0,0
201311108668,5,1,3,4,3,91.3255,2,8,3,2013,12,54,12,1,0,4,1,1,2,2,2,3,0,1,1,0,0,0
201311108724,4,1,2,4,3,352.2555,1,8,2,2013,22,17,38,0,0,1,3,1,0,0,2,2,0,1,4,0,0,0
201311108736,3,1,2,4,3,26.093,1,8,3,2013,16,46,9,0,0,4,1,1,2,1,2,2,0,1,1,0,0,0
201311108762,6,1,2,4,3,208.744,2,8,6,2013,12,17,12,1,0,1,1,1,0,0,2,2,0,1,1,0,0,0
201311108771,4,1,2,4,3,352.2555,2,9,2,2013,9,40,12,7,0,1,1,1,0,0,2,2,0,1,1,0,0,0
201311108773,3,1,1,4,3,26.093,1,8,6,2013,16,21,8,0,0,1,1,10,2,2,1,3,0,1,2,0,0,0
201311108796,3,1,1,4,3,26.093,2,9,1,2013,1,14,12,6,0,4,3,1,2,2,2,3,0,1,1,0,0,0
201311108818,4,1,1,4,3,352.2555,2,8,4,2013,16,43,12,1,0,2,1,2,0,0,2,3,0,2,1,0,0,0
201311108822,6,1,1,4,3,208.744,2,8,3,2013,12,35,12,7,0,2,1,1,0,0,2,3,0,2,1,0,0,0
201311108835,4,1,17,4,3,364.78015,2,8,6,2013,14,10,14,0,0,1,1,1,0,0,2,1,1,1,7,0,0,0
201311108843,4,1,11,4,3,356.16946,1,8,3,2013,8,48,30,0,0,2,1,1,0,0,2,8,0,,4,0,0,0
201311108847,4,1,6,4,3,352.77737,2,8,6,2013,20,55,14,0,0,1,3,1,0,0,2,8,1,1,4,0,0,0
201311108849,5,1,6,4,3,81.41016,2,8,7,2013,15,36,12,6,0,2,1,1,1,1,2,8,0,2,1,0,0,0
201311108863,4,1,3,4,3,352.2555,2,8,4,2013,15,38,12,1,0,2,1,1,0,0,2,3,0,2,1,0,0,0
201311108865,3,1,3,4,3,26.093,1,8,3,2013,16,26,9,0,0,2,1,1,2,1,2,3,0,3,2,16,0,0
201311108903,5,1,1,4,3,91.3255,1,9,4,2013,16,29,33,0,0,2,1,1,2,1,2,3,0,3,4,0,0,0
201311108919,2,1,1,4,3,65.2325,2,9,3,2013,19,20,12,6,0,2,1,1,1,1,2,3,0,2,1,0,0,0
201311108922,4,1,4,4,3,352.2555,1,8,3,2013,18,48,53,0,0,4,1,1,0,0,2,2,0,1,4,0,0,0
201311108935,3,1,2,4,3,26.093,1,8,5,2013,11,12,9,0,0,4,1,1,2,1,2,2,0,1,1,0,0,0
201311108946,2,1,6,4,3,54.27344,1,8,5,2013,22,46,42,0,0,1,3,1,0,0,2,8,0,1,4,0,0,0
201311108955,5,1,2,4,3,91.3255,2,9,4,2013,12,57,12,6,0,2,1,1,1,2,2,2,0,2,1,0,0,0
201311108971,5,1,6,4,3,81.41016,2,9,1,2013,17,41,12,1,0,2,1,10,1,2,2,8,0,3,1,0,0,0
201311108986,4,1,2,4,3,352.2555,2,9,1,2013,12,26,14,0,0,1,1,1,1,1,2,2,1,1,4,0,0,0
201311108994,4,1,1,4,3,352.2555,1,9,6,2013,1,5,30,0,0,1,3,1,1,1,2,3,0,1,4,,,
201311109010,3,1,7,4,3,33.9209,1,8,1,2013,9,0,8,0,0,2,1,1,2,1,2,1,0,3,1,0,0,0
201311109025,4,1,7,4,3,339.209,2,8,4,2013,18,16,14,0,0,4,1,1,0,0,2,1,1,1,4,0,0,0
201311109027,3,1,1,4,3,26.093,1,9,7,2013,9,5,9,0,0,1,1,1,2,1,2,3,0,1,1,0,0,0
201311109037,6,1,7,4,3,203.5254,2,9,2,2013,12,5,12,6,0,2,1,2,0,0,2,1,0,2,1,0,0,0
201311109048,4,1,1,4,3,352.2555,2,9,4,2013,14,17,12,1,0,2,1,1,1,1,2,3,0,,1,0,0,0
201311109090,4,1,3,4,3,352.2555,1,8,4,2013,17,14,11,0,0,1,1,1,0,0,2,3,0,1,1,0,0,0
201311109098,6,1,3,4,3,208.744,2,8,7,2013,21,23,12,6,0,2,3,1,2,1,2,3,0,3,1,0,0,0
201311109107,6,1,2,4,3,208.744,2,9,2,2013,16,13,12,7,0,2,1,1,0,0,2,2,0,3,1,0,0,0
201311109164,6,1,1,4,3,208.744,2,9,2,2013,11,51,12,1,0,2,1,1,0,0,2,3,0,3,1,0,0,0
201311109168,4,1,1,4,3,352.2555,1,9,2,2013,18,5,9,0,0,1,1,1,1,1,2,3,0,1,1,0,0,0
201311109174,1,1,3,4,3,13.0465,2,8,6,2013,13,17,12,6,0,2,1,10,3,2,2,3,0,2,1,0,0,0
201311109178,3,1,2,4,3,26.093,1,9,5,2013,20,10,9,0,0,2,3,10,2,1,2,2,0,3,1,0,0,0
201311109192,4,1,2,4,3,352.2555,2,9,6,2013,10,35,14,0,0,1,5,2,0,0,2,2,1,1,4,0,0,0
201311109207,4,1,11,4,3,356.16946,1,9,6,2013,15,58,38,0,0,1,1,1,0,0,2,8,0,1,4,0,0,0
201311109211,5,1,11,4,3,118.72315,2,9,7,2013,19,8,12,6,0,2,5,1,1,2,2,8,0,2,1,0,0,0
201311109223,4,1,6,4,3,352.77737,2,9,2,2013,15,53,14,0,0,4,1,1,0,0,2,8,1,1,7,0,0,0
201311109233,3,1,1,4,3,26.093,1,9,5,2013,8,53,9,0,0,4,1,1,2,1,2,3,0,1,1,0,0,0
201311109270,3,1,3,4,3,26.093,1,9,7,2013,14,41,1,0,0,1,1,1,2,1,2,3,0,1,1,0,0,0
201311109287,4,1,3,4,3,352.2555,2,9,6,2013,20,37,12,1,0,2,3,1,0,0,2,3,0,3,1,0,0,0
201311109297,3,1,3,4,3,26.093,1,9,3,2013,16,56,9,0,0,4,1,1,2,1,2,3,0,1,1,0,0,0
201311109333,5,1,2,4,3,91.3255,2,9,3,2013,10,34,12,2,0,2,1,1,1,2,2,2,0,2,1,0,0,0
201311109341,6,1,2,4,3,208.744,2,9,4,2013,13,22,12,6,0,2,1,1,2,1,2,2,0,2,1,0,0,0
201311109380,4,1,4,4,3,352.2555,1,9,5,2013,12,55,11,0,0,1,1,1,0,0,2,2,0,1,1,0,0,0
201311109384,6,1,4,4,3,208.744,2,9,3,2013,18,35,12,9,0,4,1,1,1,1,2,2,0,1,1,0,0,0
201311109390,5,1,4,4,3,91.3255,2,9,7,2013,8,14,12,2,0,2,1,1,1,1,2,2,0,2,1,0,0,0
201311109397,6,1,17,4,3,243.18677,1,9,6,2013,13,24,33,0,0,1,1,1,0,0,2,1,0,1,4,0,0,0
201311109402,5,1,17,4,3,121.59338,2,9,7,2013,20,3,12,2,0,2,2,1,1,1,2,1,0,2,1,0,0,0
201311109408,4,1,1,4,3,352.2555,2,9,4,2013,16,24,12,1,0,2,1,1,0,0,2,3,0,3,1,0,0,0
201311109416,5,1,1,4,3,91.3255,2,9,5,2013,14,58,12,6,0,4,1,1,1,1,2,3,0,1,1,0,0,0
201311109439,5,1,6,4,3,81.41016,2,9,6,2013,18,17,12,6,0,2,1,1,1,1,2,8,0,2,1,0,0,0
201311109456,1,1,6,4,3,27.13672,2,9,4,2013,7,55,12,1,0,1,1,1,3,2,2,8,0,1,1,0,0,0
201311109461,4,1,1,4,3,352.2555,2,9,5,2013,9,13,12,1,0,2,1,1,0,0,2,3,0,3,1,0,0,0
201311109473,6,1,6,4,3,217.09377,2,9,4,2013,13,48,12,1,0,1,1,1,1,1,2,8,0,1,1,0,0,0
201311109478,1,1,6,4,3,27.13672,2,9,4,2013,14,26,12,6,0,2,1,1,3,3,1,8,0,2,1,0,0,0
201311109498,6,1,1,4,3,208.744,2,9,2,2013,10,34,12,7,0,1,1,2,0,0,2,3,0,1,1,0,0,0
201311109499,5,1,6,4,3,81.41016,1,9,2,2013,11,19,31,0,0,1,1,2,1,1,2,8,0,1,4,0,0,0
201311109515,4,1,7,4,3,339.209,2,9,1,2013,11,52,12,1,0,1,1,1,1,2,2,1,0,1,1,0,0,0
201311109517,5,1,7,4,3,101.7627,2,9,5,2013,13,28,12,6,0,2,1,1,1,2,2,1,0,2,1,0,0,0
201311109524,4,1,1,4,3,352.2555,2,9,4,2013,7,35,14,0,0,1,3,1,0,0,2,3,1,1,7,0,0,0
201311109534,5,1,1,4,3,91.3255,2,9,3,2013,12,21,12,2,0,2,1,1,2,2,2,3,0,2,1,0,0,0
201311109563,4,1,1,4,3,352.2555,2,9,2,2013,17,32,12,1,0,1,1,1,0,0,2,3,0,1,1,0,0,0
201311109575,3,1,4,4,3,26.093,1,9,6,2013,15,16,1,0,0,1,1,1,2,1,2,2,0,1,1,0,0,0
201311109583,6,1,4,4,3,208.744,2,9,5,2013,12,27,12,1,0,4,1,1,0,0,2,2,0,1,1,0,0,0
201311109584,4,1,17,4,3,364.78015,2,9,6,2013,18,10,12,7,0,1,1,1,0,0,2,1,0,1,1,0,0,0
201311109609,4,1,6,4,3,352.77737,2,9,6,2013,13,38,14,0,0,4,1,1,0,0,2,8,1,1,7,0,0,0
201311109618,5,1,6,4,3,81.41016,3,9,2,2013,8,35,12,8,0,4,1,1,1,2,2,8,0,1,1,0,0,0
201311109621,3,1,6,4,3,27.13672,3,9,3,2013,17,0,12,1,0,2,1,1,2,4,2,8,0,,1,0,0,0
201311109623,4,1,2,4,3,352.2555,2,9,7,2013,15,52,12,7,0,1,1,1,0,0,2,2,0,1,1,0,0,0
201311109640,3,1,7,4,3,33.9209,2,9,2,2013,13,21,12,6,0,2,1,1,2,1,2,1,0,2,1,0,0,0
201311109649,5,1,7,4,3,101.7627,3,9,3,2013,20,26,12,2,0,1,3,1,2,7,2,1,0,1,1,0,0,0
201311109651,6,1,7,4,3,203.5254,2,9,6,2013,9,54,12,6,0,2,1,1,0,0,2,1,0,2,1,0,0,0
201311109655,6,1,2,4,3,208.744,2,9,4,2013,8,43,12,6,0,2,1,1,0,0,2,2,0,2,1,0,0,0
201311109689,6,1,17,4,3,243.18677,2,9,2,2013,16,52,12,1,0,1,1,1,0,0,2,1,0,1,1,0,0,0
201311109707,1,1,4,4,3,13.0465,2,9,5,2013,5,51,12,6,0,2,1,1,3,4,2,2,0,2,1,0,0,0
201311109732,4,1,1,4,3,352.2555,2,10,3,2013,10,53,12,7,0,2,1,1,0,0,2,3,0,2,1,0,0,0
201311109741,5,1,1,4,3,91.3255,2,9,5,2013,15,52,12,6,0,2,1,1,2,2,2,3,0,2,1,0,0,0
201311109765,6,1,1,4,3,208.744,2,10,4,2013,11,23,12,6,0,2,1,1,2,1,2,3,0,2,1,0,0,0
201311109778,4,1,11,4,3,356.16946,1,9,4,2013,16,52,11,0,0,1,1,1,0,0,2,8,0,1,1,0,0,0
201311109796,3,1,1,4,3,26.093,1,10,7,2013,17,30,1,0,0,1,1,10,2,1,2,3,0,1,1,0,0,0
201311109798,6,1,11,4,3,237.4463,2,9,7,2013,9,56,12,1,0,2,1,1,0,0,2,8,0,2,1,0,0,0
201311109801,4,1,1,4,3,352.2555,2,10,1,2013,14,30,12,1,0,2,1,1,1,2,2,3,0,,1,0,0,0
201311109828,4,1,3,4,3,352.2555,2,10,4,2013,17,22,12,1,0,1,1,1,0,0,2,3,0,1,1,0,0,0
201311109842,1,1,3,4,3,13.0465,2,3,7,2013,15,3,12,2,0,1,1,1,4,1,1,3,0,1,1,0,0,0
201311109843,4,1,7,4,3,339.209,2,9,7,2013,14,28,14,0,0,1,1,1,0,0,2,1,1,1,7,0,0,0
201311109870,6,1,7,4,3,203.5254,1,9,6,2013,18,10,11,0,0,1,1,1,0,0,2,1,0,1,1,0,0,0
201311109878,3,1,7,4,3,33.9209,1,9,6,2013,16,8,9,0,0,2,1,1,2,1,2,1,0,2,1,0,0,0
201311109880,6,1,3,4,3,208.744,2,9,2,2013,16,38,12,6,0,2,1,1,1,1,2,3,0,2,1,0,0,0
201311109881,5,1,3,4,3,91.3255,2,9,2,2013,19,6,12,6,0,2,5,1,1,4,2,3,0,3,1,0,0,0
201311109889,4,1,3,4,3,352.2555,2,9,4,2013,16,2,12,1,0,1,1,1,0,0,2,3,0,1,1,0,0,0
201311109931,5,1,2,4,3,91.3255,5,9,6,2013,14,46,12,1,0,1,1,1,1,1,2,2,0,1,1,0,0,0
201311109946,4,1,2,4,3,352.2555,2,9,2,2013,9,29,12,7,0,4,1,1,0,0,2,2,0,1,1,0,0,0
201311109981,5,1,4,4,3,91.3255,1,9,6,2013,13,3,59,0,0,1,1,10,2,1,2,2,0,1,4,0,0,0
201311109990,4,1,4,4,3,352.2555,2,9,1,2013,13,6,12,7,0,1,1,1,0,0,2,2,0,1,1,0,0,0
201311109991,6,1,2,4,3,208.744,2,10,1,2013,12,51,12,1,0,1,1,1,0,0,2,2,0,1,1,0,0,0
201311109998,4,1,2,4,3,352.2555,2,10,5,2013,18,13,12,1,0,1,1,1,0,0,2,2,0,1,1,0,0,0
201311110012,1,1,2,4,3,13.0465,1,10,1,2013,2,26,30,0,0,1,3,1,3,1,1,2,0,1,4,0,0,0
201311110017,1,1,1,4,3,13.0465,2,10,6,2013,15,59,12,1,0,1,1,1,3,4,2,3,0,1,1,0,0,0
201311110026,4,1,3,4,3,352.2555,2,10,4,2013,17,11,12,1,0,1,1,1,0,0,2,3,0,1,1,0,0,0
201311110028,3,1,3,4,3,26.093,1,10,6,2013,9,9,1,0,0,1,1,1,3,1,2,3,0,1,1,0,0,0
201311110076,5,1,2,4,3,91.3255,2,10,2,2013,10,46,12,6,0,2,1,10,1,1,2,2,0,2,1,0,0,0
201311110085,3,1,2,4,3,26.093,1,10,2,2013,14,9,8,0,0,1,1,1,2,1,2,2,0,1,1,0,0,0
201311110089,4,1,2,4,3,352.2555,2,10,4,2013,10,53,14,0,0,1,1,1,0,0,2,2,1,1,7,0,0,0
201311110150,4,1,1,4,3,352.2555,2,10,4,2013,19,14,12,7,0,1,3,1,0,0,2,3,0,1,1,0,0,0
201311110154,6,1,1,4,3,208.744,2,10,3,2013,10,3,12,1,0,2,1,1,1,1,2,3,0,,1,0,0,0
201311110178,2,1,4,4,3,65.2325,3,9,6,2013,10,25,12,1,0,1,1,1,1,1,2,2,0,1,1,0,0,0
201311110191,6,1,2,4,3,208.744,2,10,6,2013,13,25,12,1,0,1,1,2,0,0,2,2,0,1,1,0,0,0
201311110201,4,1,2,4,3,352.2555,1,10,1,2013,23,52,11,0,0,1,2,1,0,0,2,2,0,1,1,0,0,0
201311110224,5,1,1,4,3,91.3255,2,10,6,2013,10,19,12,1,0,2,1,2,1,1,2,3,0,,1,0,0,0
201311110246,6,1,6,4,3,217.09377,2,10,6,2013,7,2,12,6,0,2,4,1,0,0,2,8,0,2,1,0,0,0
201311110249,4,1,1,4,3,352.2555,2,10,1,2013,11,12,14,0,0,4,1,1,0,0,2,3,1,1,7,0,0,0
201311110258,2,1,6,4,3,54.27344,2,10,3,2013,14,42,12,7,0,4,1,1,0,0,2,8,0,1,1,0,0,0
201311110266,1,1,1,4,3,13.0465,2,10,6,2013,6,41,12,6,0,2,2,2,3,2,2,3,0,2,1,0,0,0
201311110271,4,1,7,4,3,339.209,3,10,1,2013,20,44,12,6,0,2,3,1,0,0,2,1,0,2,1,0,0,0
201311110276,6,1,7,4,3,203.5254,2,10,2,2013,19,1,12,1,0,2,3,2,0,0,2,1,0,,1,0,0,0
201311110278,1,1,7,4,3,33.9209,2,10,3,2013,22,4,12,6,0,2,3,1,3,1,1,1,0,2,1,0,0,0
201311110290,6,1,4,4,3,208.744,2,10,6,2013,14,47,12,6,0,2,1,1,0,0,2,2,0,2,1,0,0,0
201311110308,6,1,3,4,3,208.744,1,10,1,2013,6,24,53,0,0,1,5,2,0,0,2,3,0,1,4,0,0,0
201311110309,4,1,3,4,3,352.2555,2,10,2,2013,11,38,14,0,0,4,1,10,0,0,2,3,1,1,7,0,0,0
201311110329,5,1,3,4,3,91.3255,2,10,4,2013,17,18,12,1,0,2,1,1,1,1,2,3,0,3,1,0,0,0
201311110364,3,1,2,4,3,26.093,1,10,5,2013,14,32,9,0,0,2,1,1,2,1,2,2,0,,1,0,0,0
201311110370,4,1,11,4,3,356.16946,2,10,6,2013,18,55,12,1,0,2,3,1,1,1,2,8,0,4,1,0,0,0
201311110384,4,1,6,4,3,352.77737,2,9,5,2013,14,27,14,0,0,4,1,1,0,0,2,8,1,1,7,0,0,0
201311110408,4,1,1,4,3,352.2555,2,10,3,2013,12,11,12,1,0,1,1,1,1,1,2,3,0,1,1,0,0,0
201311110414,6,1,1,4,3,208.744,2,10,4,2013,0,20,12,6,0,2,3,1,0,0,2,3,0,2,1,0,0,0
201311110448,4,1,3,4,3,352.2555,2,10,1,2013,10,10,12,8,0,2,1,1,0,0,2,3,0,2,1,0,0,0
201311110480,4,1,4,4,3,352.2555,2,10,1,2013,22,37,12,1,0,1,3,1,0,0,2,2,0,1,1,0,0,0
201311110500,4,1,2,4,3,352.2555,2,10,7,2013,13,52,12,6,0,2,1,10,1,1,2,2,0,2,1,0,0,0
201311110514,5,1,2,4,3,91.3255,2,10,7,2013,18,19,12,11,0,1,3,2,1,1,2,2,0,1,1,0,0,0
201311110527,6,1,2,4,3,208.744,2,10,2,2013,15,27,12,1,0,1,1,1,0,0,1,2,0,1,1,0,0,0
201311110536,4,1,2,4,3,352.2555,2,10,3,2013,11,48,12,7,0,4,1,1,0,0,2,2,0,1,1,0,0,0
201311110568,6,1,7,4,3,203.5254,1,10,7,2013,12,20,33,0,0,1,1,10,0,0,2,1,0,1,4,0,0,0
201311110614,1,1,7,4,3,33.9209,1,10,2,2013,17,11,33,0,0,1,1,1,3,1,2,1,0,1,4,0,0,0
201311110618,4,1,1,4,3,352.2555,2,10,4,2013,7,37,12,7,0,2,4,10,0,0,2,3,0,3,1,0,0,0
201311110621,5,1,1,4,3,91.3255,2,10,4,2013,12,30,12,1,0,2,1,2,1,1,2,3,0,2,1,0,0,0
201311110646,3,1,1,4,3,26.093,1,10,2,2013,16,24,8,0,0,2,1,1,2,1,2,3,0,3,1,0,0,0
201311110652,1,1,1,4,3,13.0465,2,10,5,2013,18,23,12,2,0,1,5,1,3,2,1,3,0,1,1,0,0,0
201311110653,1,1,1,4,3,13.0465,2,10,7,2013,19,34,12,2,0,1,3,2,3,3,2,3,0,1,1,0,0,0
201311110674,5,1,3,4,3,91.3255,2,10,4,2013,0,30,12,6,0,2,3,1,2,2,2,3,0,2,1,0,0,0
201311110676,6,1,3,4,3,208.744,2,10,5,2013,10,5,12,6,0,2,1,1,2,1,2,3,0,3,1,0,0,0
201311110677,4,1,3,4,3,352.2555,2,10,1,2013,16,8,14,0,0,4,1,1,0,0,2,3,1,1,7,0,0,0
201311110690,5,1,2,4,3,91.3255,2,10,2,2013,14,49,12,6,0,4,1,1,1,2,2,2,0,1,1,0,0,0
201311110698,4,1,2,4,3,352.2555,2,10,6,2013,9,53,12,1,0,2,1,1,1,1,2,2,0,2,1,0,0,0
201311110737,4,1,1,4,3,352.2555,2,12,5,2013,16,15,14,0,0,1,3,10,0,0,2,3,1,1,1,0,0,0
201311110745,6,1,1,4,3,208.744,1,10,4,2013,17,54,42,0,0,1,1,10,0,0,2,3,0,1,4,0,0,0
201311110803,4,1,17,4,3,364.78015,2,10,3,2013,22,48,12,1,0,1,3,1,0,0,2,1,0,1,1,0,0,0
201311110804,6,1,17,4,3,243.18677,2,10,4,2013,14,54,12,1,0,2,1,2,1,1,2,1,0,2,1,0,0,0
201311110806,5,1,17,4,3,121.59338,2,10,6,2013,15,39,12,7,0,2,1,1,1,1,2,1,0,2,1,0,0,0
201311110809,6,1,11,4,3,237.4463,2,10,4,2013,20,23,12,6,0,2,3,2,1,1,2,8,0,2,1,0,0,0
201311110813,4,1,6,4,3,352.77737,2,10,5,2013,16,44,12,1,0,2,1,1,0,0,2,8,0,3,1,0,0,0
201311110815,5,1,6,4,3,81.41016,1,10,7,2013,8,0,40,0,0,1,1,1,1,1,2,8,0,1,4,0,0,0
201311110830,4,1,1,4,3,352.2555,2,11,6,2013,8,58,12,1,0,2,1,2,1,1,2,3,0,2,1,0,0,0
201311110849,1,1,6,4,3,27.13672,2,10,1,2013,18,19,12,6,0,4,5,1,3,2,1,8,0,1,1,0,0,0
201311110855,5,1,7,4,3,101.7627,5,10,2,2013,6,54,12,1,0,1,4,1,2,3,2,1,0,1,1,0,0,0
201311110859,6,1,1,4,3,208.744,2,10,5,2013,17,51,12,2,0,2,5,1,0,0,2,3,0,2,1,0,0,0
201311110860,2,1,1,4,3,65.2325,2,10,3,2013,13,36,12,2,0,1,1,1,3,1,1,3,0,1,1,0,0,0
201311110861,3,1,7,4,3,33.9209,1,10,4,2013,15,54,42,0,0,1,1,10,3,1,2,1,0,1,4,0,0,0
201311110862,3,1,1,4,3,26.093,2,10,4,2013,7,54,12,6,0,2,1,1,3,3,1,3,0,2,1,0,0,0
201311110865,4,1,7,4,3,339.209,2,10,7,2013,13,59,12,1,0,1,1,1,0,0,2,1,0,1,1,0,0,0
201311110866,1,1,2,4,3,13.0465,3,10,1,2013,6,27,12,6,0,2,4,1,3,3,2,2,0,2,1,0,0,0
201311110898,3,1,3,4,3,26.093,1,10,4,2013,7,14,8,0,0,1,1,10,3,1,2,3,0,1,1,0,0,0
201311110915,4,1,3,4,3,352.2555,2,10,7,2013,16,55,12,7,0,2,1,1,0,0,2,3,0,2,1,0,0,0
201311110944,4,1,1,4,3,352.2555,2,11,2,2013,13,45,12,1,0,2,1,1,0,0,2,3,0,2,1,0,0,0
201311110970,4,1,2,4,3,352.2555,2,10,5,2013,22,31,12,1,0,2,3,2,1,1,2,2,0,3,1,0,0,0
201311110975,5,1,2,4,3,91.3255,2,11,7,2013,19,40,12,6,0,4,3,1,1,1,2,2,0,1,1,0,0,0
201311110980,6,1,2,4,3,208.744,1,11,1,2013,21,18,11,0,0,1,2,1,0,0,2,2,0,1,1,0,0,0
201311111012,6,1,4,4,3,208.744,2,11,1,2013,16,8,12,7,0,2,1,1,0,0,2,2,0,3,1,0,0,0
201311111017,4,1,4,4,3,352.2555,2,10,5,2013,20,4,12,1,0,2,3,1,0,0,2,2,0,2,1,0,0,0
201311111035,3,1,2,4,3,26.093,1,11,5,2013,21,2,8,0,0,1,3,10,3,1,2,2,0,1,1,0,0,0
201311111040,4,1,2,4,3,352.2555,2,10,6,2013,17,5,12,1,0,1,1,1,1,1,2,2,0,1,1,0,0,0
201311111043,3,1,17,4,3,121.59338,1,11,1,2013,16,24,8,0,0,1,1,1,2,1,2,1,0,1,1,0,0,0
201311111053,5,1,2,4,3,91.3255,2,11,5,2013,21,8,12,7,0,7,3,1,2,1,1,2,0,1,1,0,0,0
201311111072,6,1,6,4,3,217.09377,2,10,5,2013,20,32,12,6,0,2,3,1,1,1,2,8,0,2,1,0,0,0