CASENUM,STRATUM,REGION,PJ,PSU,PSUSTRAT,WEIGHT,VE_TOTAL,MONTH,WKDY_IM,YEAR,HOUR_IM,MINUTE_IM,EVENT1_IM,MANCOL_IM,RELJCT1_IM,RELJCT2_IM,LGTCON_IM,WEATHR_IM,MAXSEV_IM,NO_INJ_IM,ALCHL_IM,LAND_USE,PVH_INVL,TYP_INT,REL_ROAD,CF1,CF2,CF3
201311111081,4,1,6,4,3,352.77737,2,10,3,2013,17,40,14,0,0,4,3,1,0,0,2,8,1,1,7,0,0,0
201311111088,5,1,1,4,3,91.3255,2,11,6,2013,16,48,12,7,0,1,1,1,1,1,2,3,0,1,1,0,0,0
201311111093,5,1,6,4,3,81.41016,2,11,6,2013,18,34,14,0,0,1,3,1,1,1,2,8,1,1,7,0,0,0
201311111099,3,1,6,4,3,27.13672,1,11,3,2013,9,53,38,0,0,1,3,1,2,1,2,8,0,1,4,0,0,0
201311111115,4,1,1,4,3,352.2555,2,11,2,2013,15,40,12,1,0,2,1,10,0,0,2,3,0,3,1,0,0,0
201311111122,6,1,1,4,3,208.744,2,11,5,2013,10,25,12,6,0,5,1,2,0,0,2,3,0,1,1,0,0,0
201311111124,6,1,7,4,3,203.5254,2,10,4,2013,15,7,12,1,0,2,1,2,1,1,2,1,0,2,1,0,0,0
201311111168,6,1,3,4,3,208.744,2,11,6,2013,14,56,12,6,0,4,1,10,2,1,2,3,0,1,1,0,0,0
201311111171,4,1,3,4,3,352.2555,2,11,7,2013,21,33,14,0,0,1,2,1,5,1,2,3,1,1,4,0,0,0
201311111176,5,1,3,4,3,91.3255,2,11,6,2013,19,16,12,6,0,2,3,1,2,3,2,3,0,2,1,0,0,0
201311111226,6,1,2,4,3,208.744,2,11,3,2013,8,58,12,6,0,2,1,4,0,0,2,2,0,2,1,0,0,0
201311111231,4,1,2,4,3,352.2555,2,11,4,2013,10,2,12,7,0,2,1,1,1,1,2,2,0,,1,0,0,0
201311111247,5,1,2,4,3,91.3255,2,11,5,2013,6,15,12,6,0,2,5,1,2,2,2,2,0,2,1,0,0,0
201311111249,3,1,2,4,3,26.093,1,11,5,2013,14,37,8,0,0,4,1,1,2,1,2,2,0,1,3,0,0,0
201311111277,4,1,1,4,3,352.2555,3,11,3,2013,10,43,12,1,0,1,1,2,2,3,2,3,0,1,1,0,0,0
201311111287,4,1,17,4,3,364.78015,2,9,1,2013,12,26,12,1,0,2,1,1,1,1,2,1,0,,1,0,0,0
201311111290,5,1,11,4,3,118.72315,2,11,6,2013,17,44,12,2,0,2,3,1,1,1,1,8,0,2,1,0,0,0
201311111324,5,1,4,4,3,91.3255,2,11,7,2013,14,14,12,1,0,4,1,10,1,2,2,2,0,1,1,0,0,0
201311111332,4,1,7,4,3,339.209,2,11,5,2013,14,48,12,1,0,1,1,10,0,0,2,1,0,1,1,0,0,0
201311111338,6,1,7,4,3,203.5254,2,11,6,2013,12,46,12,1,0,1,1,1,0,0,2,1,0,1,1,0,0,0
201311111375,1,1,2,4,3,13.0465,1,11,6,2013,3,41,33,0,0,1,3,1,3,1,2,2,0,1,4,0,0,0
201311111377,1,1,4,4,3,13.0465,1,11,7,2013,6,45,38,0,0,1,4,1,3,1,2,2,0,1,5,0,0,0
201311111388,4,1,3,4,3,352.2555,2,11,4,2013,11,35,12,1,0,2,1,1,0,0,2,3,0,2,1,0,0,0
201311111406,6,1,3,4,3,208.744,2,11,5,2013,19,3,12,2,0,2,3,1,1,1,2,3,0,2,1,0,0,0
201311111421,4,1,3,4,3,352.2555,2,11,6,2013,7,43,12,1,0,2,1,1,0,0,2,3,0,2,1,0,0,0
201311111459,4,1,2,4,3,352.2555,1,11,2,2013,9,0,8,0,0,2,1,1,1,1,2,2,0,,1,16,0,0
201311111484,6,1,2,4,3,208.744,1,11,5,2013,1,52,33,0,0,1,3,1,0,0,2,2,0,1,4,0,0,0
201311111504,6,1,1,4,3,208.744,2,11,5,2013,9,37,12,7,0,4,1,1,0,0,2,3,0,1,1,0,0,0
201311111509,4,1,1,4,3,352.2555,2,11,5,2013,19,39,12,7,0,1,3,1,0,0,2,3,0,1,1,0,0,0
201311111534,5,1,1,4,3,91.3255,2,11,3,2013,10,17,12,2,0,2,1,1,1,1,2,3,0,2,1,0,0,0
201311111547,4,1,1,4,3,352.2555,2,11,2,2013,16,37,12,7,0,1,5,1,0,0,2,3,0,1,1,0,0,0
201311111558,4,1,17,4,3,364.78015,2,11,5,2013,18,0,14,0,0,1,3,1,0,0,2,1,1,1,7,0,0,0
201311111559,6,1,4,4,3,208.744,2,11,5,2013,16,0,12,6,0,4,1,1,0,0,2,2,0,1,1,0,0,0
201311111565,4,1,11,4,3,356.16946,2,11,2,2013,14,55,12,9,0,4,1,1,0,0,2,8,0,1,1,0,0,0
201311111589,3,1,6,4,3,27.13672,1,11,7,2013,0,37,24,0,0,1,1,1,3,1,1,8,0,1,4,0,0,0
201311111595,4,1,2,4,3,352.2555,2,11,6,2013,11,24,12,1,0,1,1,10,2,1,2,2,0,1,1,0,0,0
201311111599,4,1,6,4,3,352.77737,2,11,2,2013,16,41,12,9,0,4,1,1,2,1,2,8,0,1,1,0,0,0
201311111600,1,1,2,4,3,13.0465,2,11,2,2013,6,33,12,6,0,2,4,2,3,3,2,2,0,3,1,0,0,0
201311111614,4,1,7,4,3,339.209,2,11,2,2013,10,57,12,1,0,2,1,1,0,0,2,1,0,2,1,0,0,0
201311111624,6,1,1,4,3,208.744,3,11,7,2013,8,14,12,1,0,4,1,1,1,2,2,3,0,1,1,0,0,0
201311111650,4,1,4,4,3,352.2555,2,11,6,2013,10,37,12,7,0,1,1,1,0,0,2,2,0,1,1,0,0,0
201311111664,5,1,3,4,3,91.3255,2,11,4,2013,15,2,12,6,0,4,1,1,1,1,2,3,0,1,1,0,0,0
201311111688,4,1,11,4,3,356.16946,2,11,5,2013,14,29,14,0,0,1,1,1,2,1,1,8,1,1,7,0,0,0
201311111697,3,1,2,4,3,26.093,1,11,3,2013,19,34,8,0,0,2,3,2,2,1,2,2,0,2,1,0,0,0
201311111702,6,1,6,4,3,217.09377,1,11,1,2013,2,40,33,0,0,1,3,1,0,0,2,8,0,1,4,0,0,0
201311111707,5,1,2,4,3,91.3255,2,11,2,2013,9,45,12,6,0,2,1,1,1,2,2,2,0,3,1,0,0,0
201311111730,4,1,1,4,3,352.2555,1,11,6,2013,4,54,11,0,0,1,3,1,0,0,2,3,0,1,1,0,0,0
201311111788,4,1,3,4,3,352.2555,2,11,2,2013,8,7,12,1,0,1,1,1,1,1,2,3,0,1,1,0,0,0
201311111808,3,1,11,4,3,59.361576,1,12,1,2013,17,10,1,0,0,2,3,1,3,1,2,8,0,3,1,0,0,0
201311111818,4,1,7,4,3,339.209,2,12,1,2013,15,0,12,1,0,1,1,1,0,0,2,1,0,1,1,0,0,0
201311111829,3,1,6,4,3,27.13672,1,11,3,2013,19,13,8,0,0,2,3,2,3,1,1,8,0,3,1,0,0,0
201311111835,5,1,6,4,3,81.41016,1,11,7,2013,2,2,42,0,0,1,2,1,1,1,2,8,0,1,4,0,0,0
201311111836,4,1,6,4,3,352.77737,2,11,7,2013,9,59,12,1,0,1,1,1,1,2,2,8,0,1,1,0,0,0
201311111859,6,1,4,4,3,208.744,1,11,4,2013,21,51,11,0,0,1,3,1,1,1,2,2,0,1,1,0,0,0
201311111880,4,1,2,4,3,352.2555,2,11,5,2013,14,20,12,6,0,2,1,1,0,0,2,2,0,2,1,0,0,0
201311111903,6,1,2,4,3,208.744,2,11,6,2013,9,4,12,6,0,2,1,1,0,0,2,2,0,2,1,0,0,0
201311111911,5,1,2,4,3,91.3255,2,11,4,2013,18,55,12,6,0,2,3,10,1,2,2,2,0,2,1,0,0,0
201311111930,4,1,2,4,3,352.2555,2,11,2,2013,14,47,12,2,0,2,1,1,0,0,2,2,0,3,1,0,0,0
201311111932,2,1,2,4,3,65.2325,2,12,4,2013,9,32,12,6,0,2,1,1,0,0,2,2,0,2,1,0,0,0
201311111933,3,1,2,4,3,26.093,1,12,2,2013,18,24,8,0,0,2,3,1,3,1,2,2,0,2,1,0,0,0
201311111966,6,1,2,4,3,208.744,2,12,5,2013,19,8,12,6,0,2,3,2,1,1,2,2,0,3,1,0,0,0
201311111980,4,1,2,4,3,352.2555,2,12,1,2013,16,2,12,1,0,2,1,4,2,1,2,2,0,3,1,0,0,0
201311111991,4,1,1,4,3,352.2555,2,12,6,2013,8,47,12,1,0,1,1,2,0,0,2,3,0,1,1,0,0,0
201311112000,6,1,1,4,3,208.744,2,12,7,2013,10,51,12,1,0,1,1,1,1,1,2,3,0,1,1,0,0,0
201311112004,5,1,1,4,3,91.3255,2,12,7,2013,15,29,12,6,0,2,1,1,1,2,2,3,0,3,1,0,0,0
201311112027,4,1,1,4,3,352.2555,2,12,1,2013,14,21,12,8,0,2,1,4,0,0,2,3,0,2,1,0,0,0
201311112061,4,1,1,4,3,352.2555,2,12,3,2013,17,24,12,1,0,1,3,1,0,0,2,3,0,1,1,0,0,0
201311112074,1,1,1,4,3,13.0465,1,12,6,2013,21,36,33,0,0,1,3,2,3,3,2,3,0,1,3,0,0,0
201311112077,1,1,6,4,3,27.13672,1,11,1,2013,4,43,30,0,0,1,3,10,3,1,2,8,0,1,4,0,0,0
201311112079,1,1,4,4,3,13.0465,1,10,3,2013,13,44,30,0,0,1,1,1,3,1,2,2,0,1,4,0,0,0
201311112103,4,1,3,4,3,352.2555,2,12,3,2013,9,25,12,1,0,2,1,10,0,0,2,3,0,3,1,0,0,0
201311112105,6,1,3,4,3,208.744,1,12,3,2013,9,50,33,0,0,1,1,1,0,0,2,3,0,1,4,0,0,0
201311112106,2,1,3,4,3,65.2325,2,12,6,2013,19,7,12,7,0,4,3,2,1,1,2,3,0,1,1,0,0,0
201311112110,3,1,3,4,3,26.093,3,11,2,2013,18,25,12,6,0,2,3,1,3,1,2,3,0,,1,0,0,0
201311112138,5,1,2,4,3,91.3255,3,12,1,2013,19,52,12,2,0,1,3,4,2,5,2,2,0,1,1,14,0,0
201311112184,6,1,1,4,3,208.744,2,12,3,2013,22,28,12,8,0,2,3,1,0,0,2,3,0,2,1,0,0,0
201311112220,4,1,2,4,3,352.2555,2,12,4,2013,16,23,12,6,0,4,5,1,0,0,2,2,0,1,1,0,0,0
201311112233,6,1,2,4,3,208.744,2,12,1,2013,0,8,12,6,0,2,3,2,0,0,2,2,0,2,1,0,0,0
201311112234,1,1,2,4,3,13.0465,2,12,6,2013,20,16,12,6,0,2,3,1,3,2,2,2,0,3,1,0,0,0
201311112247,4,1,17,4,3,364.78015,2,11,5,2013,8,55,12,6,0,5,1,1,0,0,1,1,0,1,1,0,0,0
201311112248,5,1,1,4,3,91.3255,2,12,1,2013,11,36,12,6,0,2,1,10,2,2,2,3,0,2,1,0,0,0
201311112249,6,1,17,4,3,243.18677,2,12,5,2013,10,31,12,1,0,1,1,1,1,1,2,1,0,1,1,0,0,0
201311112250,4,1,1,4,3,352.2555,1,12,3,2013,11,4,33,0,0,2,1,4,0,0,2,3,0,3,4,0,0,0
201311112265,5,1,11,4,3,118.72315,3,12,5,2013,13,53,12,1,0,1,1,1,1,1,2,8,0,1,1,0,0,0
201311112271,3,1,11,4,3,59.361576,1,11,6,2013,12,35,8,0,0,1,1,1,3,1,2,8,0,1,1,0,0,0
201311112274,3,1,1,4,3,26.093,1,12,7,2013,19,25,9,0,0,2,3,2,2,1,2,3,0,3,1,0,0,0
201311112280,6,1,1,4,3,208.744,2,12,1,2013,21,15,12,1,0,2,3,1,0,0,2,3,0,3,1,0,0,0
201311112300,6,1,6,4,3,217.09377,2,11,7,2013,14,40,12,6,0,2,1,1,1,1,2,8,0,3,1,0,0,0
201311112301,3,1,6,4,3,27.13672,1,12,2,2013,17,14,9,0,0,2,3,1,3,1,2,8,0,2,1,0,0,0
201311112302,1,1,4,4,3,13.0465,2,11,1,2013,16,5,12,8,0,2,3,1,3,2,2,2,0,3,1,0,0,0
201311112311,4,1,6,4,3,352.77737,2,12,4,2013,6,58,14,0,0,1,1,1,0,0,2,8,1,1,7,0,0,0
201311112312,5,1,6,4,3,81.41016,3,12,5,2013,15,43,12,1,0,1,1,10,1,1,2,8,0,1,1,0,0,0
201311112313,1,1,17,4,3,121.59338,2,11,6,2013,21,28,12,8,0,2,3,1,3,3,2,1,0,3,1,0,0,0
201311112317,6,1,7,4,3,203.5254,2,12,2,2013,13,20,12,6,0,2,1,1,0,0,2,1,0,3,1,0,0,0
201311112353,4,1,1,4,3,352.2555,2,12,4,2013,12,31,14,0,0,1,1,1,0,0,2,3,1,1,7,0,0,0
201311112371,6,1,1,4,3,208.744,2,12,3,2013,7,9,12,9,0,2,1,4,0,0,2,3,0,2,1,0,0,0
201311112397,4,1,1,4,3,352.2555,2,12,2,2013,10,58,12,1,0,1,1,1,0,0,2,3,0,1,1,0,0,0
201311112422,4,1,2,4,3,352.2555,2,12,3,2013,13,18,12,6,0,2,1,2,0,0,2,2,0,2,1,0,0,0
201311112461,6,1,2,4,3,208.744,2,12,4,2013,11,22,12,1,0,2,1,1,0,0,2,2,0,2,1,0,0,0
201311112462,4,1,2,4,3,352.2555,3,12,5,2013,16,57,12,1,0,1,2,1,1,2,2,2,0,1,1,0,0,0
201311112483,6,1,17,4,3,243.18677,1,12,1,2013,13,20,33,0,0,2,1,4,0,0,2,1,0,3,4,0,0,0
201311112495,4,1,17,4,3,364.78015,2,12,1,2013,15,15,12,1,0,2,1,4,0,0,2,1,0,2,1,0,0,0
201311112508,4,1,4,4,3,352.2555,2,12,1,2013,14,3,12,6,0,4,1,4,0,0,2,2,0,1,1,0,0,0
201311112509,4,1,11,4,3,356.16946,2,12,6,2013,9,0,12,1,0,1,1,2,0,0,2,8,0,1,1,0,0,0
201311112521,6,1,11,4,3,237.4463,2,12,1,2013,14,48,12,6,0,2,1,4,0,0,2,8,0,2,1,0,0,0
201311112527,3,1,4,4,3,26.093,1,12,6,2013,19,45,8,0,0,2,3,2,3,2,2,2,0,2,1,15,0,0
201311112539,5,1,4,4,3,91.3255,1,12,5,2013,7,39,33,0,0,1,1,5,2,1,2,2,0,1,4,0,0,0
201311112572,5,1,1,4,3,91.3255,2,12,6,2013,10,13,12,7,0,4,1,1,1,1,2,3,0,1,1,0,0,0
201311112586,6,1,6,4,3,217.09377,2,12,5,2013,17,29,12,6,0,1,2,1,0,0,2,8,0,1,1,0,0,0
201311112604,4,1,7,4,3,339.209,2,12,6,2013,18,14,12,8,0,4,3,2,0,0,2,1,0,1,1,0,0,0
201311112607,6,1,7,4,3,203.5254,2,12,1,2013,12,45,33,0,0,2,1,4,1,1,2,1,1,2,4,0,0,0
201311112608,4,1,1,4,3,352.2555,1,12,1,2013,12,21,11,0,0,1,1,1,0,0,2,3,0,1,1,0,0,0
201311112625,2,1,7,4,3,67.8418,1,12,7,2013,5,27,42,0,0,1,4,1,0,0,2,1,0,1,4,0,0,0
201311112626,3,1,7,4,3,33.9209,2,12,2,2013,12,38,12,1,0,2,1,2,2,1,2,1,0,2,1,0,0,0
201311112635,1,1,1,4,3,13.0465,2,12,1,2013,17,17,12,6,0,2,5,1,4,3,1,3,0,,1,0,0,0
201311112636,1,1,1,4,3,13.0465,3,12,3,2013,9,23,12,6,0,2,1,1,3,1,2,3,0,3,1,0,0,0
201311112663,3,1,2,4,3,26.093,2,12,1,2013,10,9,12,1,0,2,1,1,3,4,2,2,0,2,1,0,0,0
201311112689,4,1,2,4,3,352.2555,2,12,3,2013,16,7,12,1,0,1,1,1,0,0,2,2,0,1,1,0,0,0
201311112709,6,1,1,4,3,208.744,2,12,5,2013,19,51,12,6,0,2,3,1,0,0,2,3,0,2,1,0,0,0
201311112718,5,1,1,4,3,91.3255,2,12,3,2013,17,59,12,1,0,2,1,1,1,1,2,3,0,2,1,0,0,0
201311112724,4,1,1,4,3,352.2555,2,12,3,2013,23,30,14,0,0,1,3,1,0,0,1,3,1,1,4,0,0,0
201311112743,6,1,17,4,3,243.18677,2,12,6,2013,17,43,12,1,0,1,3,1,0,0,2,1,0,1,1,0,0,0
201311112751,6,1,7,4,3,203.5254,2,12,2,2013,15,0,12,6,0,2,1,1,1,1,2,1,0,3,1,0,0,0
201311112754,3,1,7,4,3,33.9209,1,10,7,2013,22,48,8,0,0,2,3,1,3,1,1,1,0,2,1,0,0,0
201311112757,4,1,7,4,3,339.209,2,12,4,2013,18,14,12,6,0,2,2,1,0,0,2,1,0,2,1,0,0,0
201311112763,4,1,6,4,3,352.77737,1,12,5,2013,19,56,11,0,0,1,2,1,0,0,2,8,0,1,1,0,0,0
201311112775,6,1,4,4,3,208.744,1,12,5,2013,20,4,11,0,0,1,3,1,0,0,2,2,0,1,1,0,0,0
201311112788,4,1,4,4,3,352.2555,1,12,3,2013,8,2,30,0,0,1,1,10,0,0,2,2,0,1,4,0,0,0
201311112804,1,1,4,4,3,13.0465,2,1,4,2013,14,48,12,1,0,1,1,1,4,1,1,2,0,1,1,0,0,0
201311112806,1,1,4,4,3,13.0465,1,6,6,2013,23,38,53,0,0,1,2,2,4,1,1,2,0,1,4,0,0,0
201311112815,4,1,3,4,3,352.2555,2,12,3,2013,8,44,12,1,0,2,1,4,0,0,2,3,0,2,1,0,0,0
201311112831,5,1,3,4,3,91.3255,2,12,7,2013,14,21,12,6,0,4,1,1,1,1,2,3,0,1,1,0,0,0
201311112861,4,1,1,4,3,352.2555,2,12,1,2013,13,36,12,1,0,2,1,2,0,0,2,3,0,2,1,0,0,0
201311112864,1,1,1,4,3,13.0465,3,12,3,2013,6,3,12,2,0,4,1,1,3,1,2,3,0,1,1,0,0,0
201311112886,5,1,4,4,3,91.3255,3,12,6,2013,17,17,12,1,0,1,2,1,1,1,2,2,0,1,1,0,0,0
201311112891,3,1,17,4,3,121.59338,1,12,2,2013,17,54,8,0,0,2,3,1,4,1,2,1,0,,1,0,0,0
201311112893,5,1,17,4,3,121.59338,2,12,3,2013,17,0,12,1,0,1,2,1,2,2,2,1,0,1,1,0,0,0
201311112898,4,1,17,4,3,364.78015,2,12,5,2013,14,35,12,6,0,4,1,1,0,0,2,1,0,1,1,0,0,0
201311112899,6,1,17,4,3,243.18677,1,12,3,2013,2,22,30,0,0,1,3,1,0,0,2,1,0,1,4,0,0,0
201311112915,6,1,6,4,3,217.09377,2,12,3,2013,23,39,14,0,0,1,3,10,1,1,2,8,1,1,4,0,0,0
201311112916,5,1,2,4,3,91.3255,1,12,6,2013,16,46,30,0,0,1,3,1,1,1,2,2,0,1,4,0,0,0
201311112929,1,1,2,4,3,13.0465,2,12,2,2013,22,3,12,2,0,1,3,1,3,1,2,2,0,1,1,0,0,0
201311112933,6,1,7,4,3,203.5254,2,12,6,2013,18,42,14,0,0,1,3,1,0,0,1,1,1,1,2,0,0,0
201311112939,3,1,7,4,3,33.9209,1,12,7,2013,17,43,8,0,0,1,3,1,2,1,2,1,0,1,1,0,0,0
201311112942,4,1,2,4,3,352.2555,2,12,4,2013,17,10,12,1,0,2,3,1,0,0,2,2,0,2,1,0,0,0
201311112951,6,1,2,4,3,208.744,2,12,3,2013,9,16,12,7,0,2,1,1,0,0,2,2,0,2,1,0,0,0
201311112955,1,1,7,4,3,33.9209,1,12,6,2013,15,33,33,0,0,1,1,1,3,1,1,1,0,1,4,0,0,0
201311113138,4,1,3,4,3,352.2555,2,12,3,2013,15,42,12,7,0,1,1,10,0,0,2,3,0,1,1,0,0,0
201311113192,4,1,17,4,3,364.78015,2,12,5,2013,15,47,12,8,0,1,1,1,0,0,2,1,0,1,1,0,0,0
201311113199,4,1,11,4,3,356.16946,1,12,1,2013,20,17,30,0,0,1,3,1,0,0,2,8,0,1,4,0,0,0
201311113208,5,1,11,4,3,118.72315,2,12,2,2013,20,37,12,6,0,2,3,2,1,1,1,8,0,3,1,0,0,0
201311113213,6,1,11,4,3,237.4463,2,12,3,2013,17,58,12,1,0,2,3,1,0,0,2,8,0,3,1,0,0,0
201311113445,3,1,2,4,3,26.093,1,10,7,2013,19,8,8,0,0,1,2,10,3,1,1,2,0,1,1,0,0,0
201311113907,3,1,3,4,3,26.093,1,12,2,2013,17,43,8,0,0,1,2,1,3,1,2,3,0,1,1,0,0,0
201311115515,1,1,3,4,3,13.0465,1,6,1,2013,23,55,9,0,0,1,2,1,4,3,1,3,0,1,4,0,0,0
201311115516,1,1,3,4,3,13.0465,3,1,2,2013,8,36,12,8,0,1,1,8,4,2,1,3,0,1,1,0,0,0
201311115955,2,1,4,4,3,65.2325,1,11,3,2013,19,46,33,0,0,2,2,1,4,2,1,2,0,3,4,19,0,0
201311526856,6,1,2,5,2,209.874,1,3,3,2013,12,23,53,0,0,1,1,1,0,0,2,8,0,1,4,0,0,0
201311526857,5,1,2,5,2,88.368,2,3,1,2013,12,39,12,6,0,2,1,1,1,1,2,8,0,2,1,0,0,0
201311526871,3,1,8,5,2,16.45854,1,3,7,2013,16,32,8,0,0,2,1,1,2,1,2,1,0,3,1,0,0,0
201311526891,6,1,27,5,2,198.16524,1,4,6,2013,21,34,23,0,0,1,2,2,0,0,2,1,0,1,4,0,0,0
201311526894,5,1,39,5,2,97.37049,1,4,7,2013,21,37,42,0,0,1,2,1,5,2,2,8,0,1,4,0,0,0
201311526895,4,1,51,5,2,389.48196,1,4,5,2013,7,6,24,0,0,1,1,1,0,0,2,8,0,1,4,0,0,0
201311526897,6,1,51,5,2,194.74098,4,4,7,2013,15,21,12,1,0,1,1,1,1,3,2,8,0,1,1,0,0,0
201311526898,5,1,51,5,2,97.37049,3,3,4,2013,14,6,12,1,0,1,1,1,5,1,2,8,0,1,1,28,0,0
201311526900,1,1,51,5,2,97.37049,1,3,5,2013,4,0,43,0,0,1,2,1,3,1,2,8,0,1,3,0,0,0
201311526901,6,1,51,5,2,194.74098,3,4,2,2013,7,25,12,1,0,1,1,1,1,3,2,8,0,1,1,0,0,0
201311526905,2,1,51,5,2,97.37049,2,4,6,2013,12,23,12,7,0,5,1,1,0,0,2,8,0,1,1,0,0,0
201311526906,2,1,51,5,2,97.37049,3,4,5,2013,7,1,12,1,0,1,1,1,0,0,2,8,0,1,1,0,0,0
201311526907,2,1,51,5,2,97.37049,4,4,4,2013,17,21,12,1,0,1,1,1,3,3,2,8,0,1,1,28,0,0
201311526908,5,1,51,5,2,97.37049,1,3,4,2013,9,27,59,0,0,1,1,1,1,1,2,8,0,1,3,0,0,0
201311528141,6,1,27,5,2,198.16524,2,1,6,2013,12,1,12,2,0,2,1,1,0,0,2,1,0,2,1,0,0,0
201311528175,6,1,3,5,2,209.874,2,1,3,2013,9,27,12,6,0,2,1,1,0,0,2,2,0,2,1,0,0,0
201311528182,6,1,8,5,2,213.96101,2,1,4,2013,17,40,12,6,0,2,3,1,0,0,2,1,0,2,1,0,0,0
201311528194,6,1,11,5,2,210.9786,2,1,3,2013,6,59,12,6,0,4,2,1,1,1,2,1,0,1,1,0,0,0
201311528196,1,1,16,5,2,22.42338,2,1,4,2013,4,44,12,2,0,1,2,1,3,2,2,1,0,1,1,0,0,0
201311528207,5,1,51,5,2,97.37049,3,1,6,2013,7,17,12,7,0,1,1,1,5,1,2,8,0,1,1,0,0,0
201311528209,6,1,51,5,2,194.74098,1,1,7,2013,20,46,35,0,0,1,3,1,0,0,2,8,0,1,3,0,0,0
201311528211,5,1,51,5,2,97.37049,1,1,1,2013,10,7,25,0,1,5,1,1,1,1,2,8,0,1,4,0,0,0
201311528216,6,1,51,5,2,194.74098,1,1,3,2013,14,17,24,0,0,1,1,1,0,0,2,8,0,1,4,0,0,0
201311528217,5,1,51,5,2,97.37049,2,1,3,2013,19,26,12,1,0,1,3,1,1,1,2,8,0,1,1,0,0,0
201311528281,5,1,27,5,2,99.08262,3,1,3,2013,8,54,12,6,0,2,1,2,2,1,2,1,0,2,1,0,0,0
201311528284,4,1,51,5,2,389.48196,3,1,6,2013,8,4,12,1,0,1,1,1,0,0,2,8,0,1,1,28,0,0
201311528287,5,1,51,5,2,97.37049,1,1,7,2013,8,44,25,0,1,5,1,8,5,1,2,8,0,1,4,0,0,0
201311528289,5,1,51,5,2,97.37049,1,1,6,2013,12,52,25,0,0,1,1,1,1,1,2,8,0,1,3,0,0,0
201311528290,4,1,51,5,2,389.48196,2,1,4,2013,16,2,12,1,0,5,1,1,0,0,2,8,0,1,1,28,0,0
201311528312,6,1,51,5,2,194.74098,2,1,7,2013,11,56,12,1,0,1,1,1,0,0,2,8,0,1,1,28,0,0
201311528313,4,1,51,5,2,389.48196,2,1,5,2013,17,43,12,1,0,1,3,1,0,0,2,8,0,1,1,28,0,0
201311528316,5,1,51,5,2,97.37049,5,1,7,2013,15,26,12,1,0,1,1,1,2,9,2,8,0,1,1,28,0,0
201311528317,6,1,51,5,2,194.74098,3,1,3,2013,9,47,12,1,0,1,1,1,0,0,2,8,0,1,1,28,0,0
201311528319,6,1,51,5,2,194.74098,2,1,2,2013,21,0,14,0,0,1,3,4,2,1,2,8,1,1,2,15,0,0
201311528320,5,1,51,5,2,97.37049,2,1,2,2013,20,44,25,0,0,1,3,4,1,1,2,8,0,1,4,0,0,0
201311528323,4,1,51,5,2,389.48196,4,1,7,2013,14,34,12,1,0,1,1,1,0,0,2,8,0,1,1,28,0,0
201311528327,6,1,51,5,2,194.74098,1,1,4,2013,3,22,25,0,0,1,2,2,0,0,2,8,0,1,4,0,0,0
201311528330,3,1,1,5,2,22.092,1,1,6,2013,17,39,8,0,0,2,3,2,2,1,2,3,0,2,1,0,0,0
201311528349,5,1,8,5,2,82.2927,3,1,7,2013,13,22,12,6,0,2,1,1,5,1,2,1,0,2,1,0,0,0
201311528363,5,1,16,5,2,89.69352,4,1,4,2013,9,33,12,1,0,4,1,1,1,1,2,1,0,1,1,28,0,0
201311528368,2,1,27,5,2,49.54131,2,1,2,2013,9,19,12,1,0,1,1,1,5,2,2,1,0,1,1,0,0,0
201311528371,1,1,3,5,2,5.523,2,2,1,2013,12,55,12,6,0,4,1,1,3,3,2,2,0,1,1,0,0,0
201311528372,1,1,51,5,2,97.37049,1,1,2,2013,19,50,25,0,0,1,3,4,3,5,2,8,0,1,4,0,0,0
201311528398,5,1,1,5,2,88.368,2,1,5,2013,13,53,12,6,0,2,1,1,2,2,2,3,0,2,1,0,0,0
201311528417,1,1,2,5,2,5.523,4,1,2,2013,7,20,12,1,0,1,1,1,3,2,2,8,0,1,1,28,0,0
201311528419,6,1,51,5,2,194.74098,1,2,1,2013,5,44,25,0,0,1,2,1,0,0,2,8,0,1,3,0,0,0
201311528423,6,1,2,5,2,209.874,1,1,2,2013,5,13,34,0,0,2,2,5,5,1,2,8,0,4,4,0,0,0
201311528432,6,1,11,5,2,210.9786,2,1,4,2013,15,19,12,1,0,1,1,1,5,1,2,1,0,1,1,0,0,0
201311528440,5,1,27,5,2,99.08262,2,2,2,2013,7,11,12,2,0,1,1,8,5,1,2,1,0,1,1,0,0,0
201311528443,6,1,27,5,2,198.16524,1,1,2,2013,17,24,35,0,0,1,2,8,5,1,2,1,0,1,4,0,0,0
201311528444,5,1,27,5,2,99.08262,1,1,2,2013,17,23,24,0,0,1,2,2,1,1,2,1,0,1,4,0,0,0
201311528451,6,1,51,5,2,194.74098,1,2,1,2013,10,38,52,0,0,1,1,1,0,0,2,8,0,1,4,0,0,0
201311528453,6,1,51,5,2,194.74098,1,2,7,2013,4,13,25,0,0,1,3,4,0,0,2,8,0,1,4,0,0,0
201311528454,4,1,51,5,2,389.48196,1,2,3,2013,12,23,25,0,0,5,1,1,0,0,2,8,0,1,4,0,0,0
201311528459,5,1,51,5,2,97.37049,1,2,1,2013,18,42,25,0,0,1,2,1,1,1,2,8,0,1,4,0,0,0