CASENUM,STRATUM,REGION,PJ,PSU,PSUSTRAT,WEIGHT,VE_TOTAL,MONTH,WKDY_IM,YEAR,HOUR_IM,MINUTE_IM,EVENT1_IM,MANCOL_IM,RELJCT1_IM,RELJCT2_IM,LGTCON_IM,WEATHR_IM,MAXSEV_IM,NO_INJ_IM,ALCHL_IM,LAND_USE,PVH_INVL,TYP_INT,REL_ROAD,CF1,CF2,CF3
201312422853,1,1,4,8,2,12.434995,1,12,5,2013,20,10,30,0,0,1,3,1,3,1,2,2,0,1,4,0,0,0
201312422855,6,1,4,8,2,211.39491,2,12,6,2013,16,13,12,1,0,5,1,2,2,1,2,2,0,1,1,0,0,0
201312422858,5,1,15,8,2,85.14659,2,12,1,2013,12,32,14,0,0,1,1,1,1,1,2,2,1,1,7,0,0,0
201312422867,6,1,5,8,2,207.63416,1,12,7,2013,14,45,25,0,0,1,1,2,0,0,2,1,0,1,3,5,0,0
201312422869,5,1,11,8,2,90.84276,1,12,7,2013,9,36,25,0,0,1,1,1,1,1,1,8,0,1,3,0,0,0
201312422893,6,1,69,8,2,198.9592,2,12,5,2013,15,52,12,6,0,2,1,1,5,1,2,1,0,2,1,0,0,0
201312422904,1,1,15,8,2,28.382196,1,12,3,2013,23,56,33,0,0,1,3,1,4,1,1,2,0,1,4,0,0,0
201312422935,5,1,8,8,2,89.2145,2,12,6,2013,17,25,12,6,0,2,3,1,5,1,2,1,0,2,1,0,0,0
201312422944,6,1,51,8,2,184.64201,2,12,1,2013,6,57,30,0,0,1,3,2,1,1,1,1,1,1,4,0,0,0
201312422948,6,1,11,8,2,204.39621,1,12,3,2013,7,5,25,0,0,1,4,4,0,0,2,8,0,1,4,0,0,0
201312422986,5,1,47,8,2,117.17157,1,12,3,2013,3,8,30,0,0,1,3,1,5,1,2,1,0,1,4,0,0,0
201312422988,5,1,5,8,2,86.51423,2,12,2,2013,10,50,12,1,0,2,1,1,5,1,2,1,0,3,1,0,0,0
201312423028,5,1,11,8,2,90.84276,2,12,1,2013,22,45,25,0,0,1,3,2,1,1,2,8,0,1,3,0,0,0
201312423098,6,1,22,8,2,208.2135,1,12,3,2013,16,50,19,0,0,2,1,1,0,0,2,1,0,3,4,0,0,0
201313063871,5,3,13,9,8,97.18008,2,1,3,2013,8,42,12,6,0,2,1,1,1,2,2,1,0,2,1,0,0,0
201313063939,5,3,5,9,8,91.1525,2,1,7,2013,22,30,12,6,0,2,3,1,5,1,2,2,0,,1,0,0,0
201313063944,6,3,5,9,8,211.09,2,1,5,2013,20,8,14,0,0,1,3,1,0,0,1,2,1,1,7,19,0,0
201313063963,5,3,7,9,8,91.1525,2,1,7,2013,17,35,12,6,0,2,3,1,2,2,2,2,0,,1,0,0,0
201313063971,1,3,13,9,8,24.29502,2,1,4,2013,9,5,12,6,0,2,1,1,3,2,2,1,0,2,1,0,0,0
201313064003,3,3,3,9,8,19.19,1,1,2,2013,14,6,31,0,0,1,1,1,5,1,2,3,0,1,4,0,0,0
201313064006,2,3,1,9,8,62.3675,2,1,4,2013,6,24,12,7,0,1,3,1,0,0,2,1,0,1,1,0,0,0
201313064028,6,3,3,9,8,211.09,2,1,7,2013,13,45,12,6,0,2,1,1,0,0,2,3,0,2,1,0,0,0
201313064183,1,3,5,9,8,4.7975,3,1,6,2013,20,44,12,6,0,2,2,1,3,2,2,2,0,3,1,0,0,0
201313064201,3,3,3,9,8,19.19,2,1,7,2013,7,54,12,6,0,4,1,1,2,1,2,3,0,1,1,0,0,0
201313064207,4,3,3,9,8,350.2175,2,1,4,2013,9,45,12,7,0,1,1,1,0,0,2,3,0,1,1,0,0,0
201313064218,1,3,3,9,8,4.7975,1,1,3,2013,1,21,30,0,0,2,3,2,3,2,1,3,0,,4,0,0,0
201313064222,2,3,3,9,8,62.3675,2,1,1,2013,20,35,12,6,0,2,5,1,1,2,2,3,0,3,1,0,0,0
201313064265,2,3,2,9,8,62.3675,2,1,3,2013,6,16,12,7,0,1,4,1,0,0,2,1,0,1,1,0,0,0
201313064273,1,3,2,9,8,4.7975,3,1,3,2013,17,54,12,8,0,1,2,1,4,2,2,1,0,1,1,0,0,0
201313064307,6,3,1,9,8,211.09,3,1,5,2013,7,22,12,1,0,1,1,1,0,0,2,1,0,1,1,19,0,0
201313064325,5,3,1,9,8,91.1525,3,1,4,2013,19,55,12,6,0,1,3,2,1,1,1,1,0,1,1,0,0,0
201313064352,4,3,13,9,8,340.13028,1,1,1,2013,17,35,30,0,0,2,5,1,0,0,2,1,0,4,4,0,0,0
201313064355,5,3,13,9,8,97.18008,2,1,1,2013,14,47,12,6,0,4,1,1,2,2,2,1,0,1,1,0,0,0
201313064356,6,3,13,9,8,218.65518,2,1,7,2013,13,5,12,6,0,2,1,1,0,0,2,1,0,3,1,0,0,0
201313064431,6,3,2,9,8,211.09,1,1,6,2013,14,31,33,0,0,5,1,1,0,0,2,1,0,1,4,0,0,0
201313064452,4,3,5,9,8,350.2175,1,1,5,2013,15,46,18,0,0,1,1,1,0,0,1,2,0,1,7,0,0,0
201313064466,3,3,5,9,8,19.19,3,1,5,2013,19,27,12,1,0,2,3,1,2,1,2,2,0,,1,0,0,0
201313064499,6,3,7,9,8,211.09,3,1,1,2013,14,15,12,6,0,2,1,1,2,1,2,2,0,2,1,0,0,0
201313064511,4,3,7,9,8,350.2175,2,1,6,2013,19,20,12,1,0,2,3,2,0,0,2,2,0,2,1,0,0,0
201313064573,1,3,1,9,8,4.7975,1,1,5,2013,9,50,42,0,0,1,1,1,3,1,2,1,0,1,4,0,0,0
201313064649,5,3,2,9,8,91.1525,3,1,6,2013,15,39,12,1,0,1,1,1,2,1,2,1,0,1,1,0,0,0
201313064650,3,3,2,9,8,19.19,2,1,1,2013,16,32,12,1,0,1,1,1,2,1,2,1,0,1,1,0,0,0
201313064656,1,3,2,9,8,4.7975,2,1,2,2013,18,5,12,6,0,2,3,1,3,2,2,1,0,2,1,0,0,0
201313064731,3,3,4,9,8,19.19,1,2,6,2013,8,25,8,0,0,1,1,1,2,1,2,1,0,1,1,0,0,0
201313064733,5,3,4,9,8,91.1525,2,1,5,2013,17,13,12,8,0,1,3,1,2,1,2,1,0,1,1,0,0,0
201313064746,4,3,4,9,8,350.2175,2,1,7,2013,22,30,12,8,0,1,3,1,0,0,2,1,0,1,1,0,0,0
201313064747,1,3,4,9,8,4.7975,2,1,7,2013,19,17,12,6,0,2,3,1,3,3,2,1,0,2,1,0,0,0
201313064758,2,3,4,9,8,62.3675,2,1,7,2013,7,50,12,1,0,1,4,1,2,2,2,1,0,1,1,0,0,0
201313064847,4,3,3,9,8,350.2175,2,1,5,2013,19,20,12,7,0,1,3,1,0,0,2,3,0,1,1,0,0,0
201313064888,5,3,8,9,8,86.64505,2,2,2,2013,18,48,12,6,0,2,5,1,1,1,2,1,0,2,1,0,0,0
201313064900,6,3,4,9,8,211.09,2,2,7,2013,20,41,12,6,0,2,3,1,0,0,2,1,0,,1,0,0,0
201313064932,6,3,1,9,8,211.09,3,2,6,2013,19,8,12,1,0,2,2,1,0,0,2,1,0,,1,0,0,0
201313064948,1,3,4,9,8,4.7975,5,1,3,2013,17,41,12,1,0,1,1,1,3,2,2,1,0,1,1,0,0,0
201313064971,3,3,13,9,8,24.29502,1,2,4,2013,18,32,8,0,0,2,3,2,2,1,2,1,0,2,1,0,0,0
201313064978,5,3,13,9,8,97.18008,2,2,2,2013,14,10,12,6,0,2,1,1,2,1,2,1,0,3,1,0,0,0
201313065017,5,3,3,9,8,91.1525,2,2,1,2013,21,20,12,6,0,2,3,1,2,1,2,3,0,2,1,0,0,0
201313065020,3,3,3,9,8,19.19,1,2,1,2013,1,20,8,0,0,1,3,1,3,1,1,3,0,1,1,0,0,0
201313065021,3,3,5,9,8,19.19,1,2,5,2013,18,24,8,0,0,1,3,1,3,1,2,2,0,1,1,0,0,0
201313065029,1,3,5,9,8,4.7975,1,2,7,2013,23,54,33,0,0,1,3,1,3,1,1,2,0,1,3,0,0,0
201313065076,5,3,5,9,8,91.1525,1,1,4,2013,3,51,43,0,0,1,3,1,1,1,2,2,0,1,4,0,0,0
201313065098,2,3,1,9,8,62.3675,2,2,7,2013,9,1,12,1,0,1,1,1,0,0,2,1,0,1,1,0,0,0
201313065114,1,3,2,9,8,4.7975,6,2,6,2013,15,19,12,7,0,1,1,1,3,1,2,1,0,1,1,0,0,0
201313065138,6,3,2,9,8,211.09,3,2,2,2013,16,44,12,1,0,1,1,1,0,0,2,1,0,1,1,0,0,0
201313065159,1,3,5,9,8,4.7975,1,2,7,2013,4,55,42,0,0,1,2,3,4,1,1,2,0,1,4,0,0,0
201313065204,1,3,7,9,8,4.7975,3,2,6,2013,13,0,12,1,0,1,1,1,3,2,2,2,0,1,1,0,0,0
201313065208,6,3,5,9,8,211.09,2,2,5,2013,12,35,12,1,0,1,1,1,0,0,2,2,0,1,1,0,0,0
201313065227,6,3,13,9,8,218.65518,2,2,5,2013,15,59,12,6,0,2,1,1,0,0,2,1,0,2,1,0,0,0
201313065233,4,3,13,9,8,340.13028,2,2,3,2013,16,40,12,1,0,2,1,2,1,1,2,1,0,2,1,0,0,0
201313065238,1,3,3,9,8,4.7975,2,2,2,2013,15,10,12,1,0,1,1,1,3,1,2,3,0,1,1,0,0,0
201313065240,2,3,13,9,8,48.59004,2,2,7,2013,14,26,12,7,0,2,1,1,0,0,2,1,0,2,1,0,0,0
201313065252,6,3,3,9,8,211.09,1,2,7,2013,0,54,30,0,0,1,3,1,1,1,1,3,0,1,4,0,0,0
201313065304,2,3,2,9,8,62.3675,2,2,1,2013,9,48,12,6,0,2,1,1,0,0,2,1,0,2,1,0,0,0
201313065380,1,3,6,9,8,4.7975,2,2,2,2013,20,41,12,6,0,2,3,1,3,3,2,8,0,,1,0,0,0
201313065388,4,3,6,9,8,350.2175,1,2,4,2013,18,2,33,0,0,1,5,1,0,0,2,8,0,1,3,0,0,0
201313065389,1,3,6,9,8,4.7975,1,2,4,2013,20,30,35,0,0,1,2,1,3,2,2,8,0,1,4,0,0,0
201313065413,4,3,5,9,8,350.2175,3,2,5,2013,7,35,12,2,0,4,1,1,0,0,2,2,1,1,1,0,0,0
201313065437,5,3,1,9,8,91.1525,2,2,4,2013,18,9,12,6,0,2,5,1,2,3,2,1,0,2,1,0,0,0
201313065485,3,3,3,9,8,19.19,1,2,4,2013,7,17,8,0,0,2,1,1,2,1,2,3,0,,1,0,0,0
201313065531,1,3,2,9,8,4.7975,3,2,4,2013,8,51,12,1,0,2,1,1,3,2,2,1,0,,1,0,0,0
201313065534,1,3,2,9,8,4.7975,1,2,5,2013,6,7,24,0,1,5,4,1,3,1,2,1,0,1,4,0,0,0
201313065543,5,3,7,9,8,91.1525,1,3,1,2013,9,2,42,0,0,1,1,1,2,1,2,2,0,1,4,0,0,0
201313065582,1,3,3,9,8,4.7975,1,3,6,2013,11,37,30,0,0,1,1,1,3,1,2,3,0,1,4,0,0,0
201313065604,1,3,4,9,8,4.7975,3,3,2,2013,11,44,12,7,0,1,1,1,4,5,2,1,1,1,1,15,0,0
201313065616,2,3,13,9,8,48.59004,1,3,3,2013,14,14,42,0,0,2,1,1,0,0,2,1,0,2,4,0,0,0
201313065622,3,3,13,9,8,24.29502,1,3,3,2013,8,1,8,0,0,2,1,1,3,1,2,1,0,,1,0,0,0
201313065627,4,3,13,9,8,340.13028,2,2,5,2013,13,48,12,6,0,4,1,1,0,0,2,1,0,1,1,0,0,0
201313065640,1,3,7,9,8,4.7975,1,3,4,2013,20,33,42,0,0,1,3,1,3,1,2,2,0,1,4,0,0,0
201313065645,5,3,4,9,8,91.1525,2,3,2,2013,9,0,12,1,0,1,1,1,2,1,2,1,0,1,1,23,0,0
201313065679,6,3,1,9,8,211.09,1,3,7,2013,6,43,42,0,1,5,1,1,0,0,2,1,0,1,8,0,0,0
201313065708,6,3,2,9,8,211.09,1,2,2,2013,1,54,24,0,0,1,1,1,0,0,2,1,0,1,3,0,0,0
201313065738,4,3,2,9,8,350.2175,2,2,6,2013,16,51,12,1,0,1,1,1,0,0,2,1,0,1,1,0,0,0
201313065759,5,3,2,9,8,91.1525,2,3,7,2013,14,49,12,1,0,1,1,1,1,1,2,1,0,1,1,0,0,0
201313065769,3,3,4,9,8,19.19,1,3,3,2013,7,19,8,0,0,2,4,2,3,1,2,1,0,3,1,0,0,0
201313065788,3,3,7,9,8,19.19,1,3,3,2013,20,0,42,0,0,1,3,1,2,1,2,2,0,1,4,0,0,0
201313065806,6,3,8,9,8,212.67422,2,3,4,2013,23,5,12,6,0,2,3,1,0,0,2,1,0,2,1,0,0,0
201313065836,4,3,3,9,8,350.2175,2,3,6,2013,15,50,12,1,0,1,1,1,0,0,2,3,0,1,1,0,0,0
201313065846,5,3,13,9,8,97.18008,2,3,6,2013,10,6,12,6,0,4,1,1,1,1,2,1,0,1,1,0,0,0
201313065857,1,3,1,9,8,4.7975,4,2,4,2013,18,9,12,1,0,1,2,4,3,1,2,1,0,1,1,0,0,0
201313065868,1,3,3,9,8,4.7975,3,3,7,2013,23,8,12,1,0,2,3,1,3,1,1,3,0,2,1,0,0,0
201313065976,4,3,4,9,8,350.2175,2,3,4,2013,10,0,12,1,0,2,1,1,0,0,2,1,0,3,1,0,0,0
201313065997,4,3,16,9,8,351.5257,2,2,6,2013,15,50,12,1,0,1,1,1,0,0,2,1,0,1,1,0,0,0
201313066032,5,3,3,9,8,91.1525,2,3,6,2013,16,15,12,7,0,2,1,1,1,1,2,3,0,2,1,0,0,0
201313066069,1,3,8,9,8,7.876823,2,3,4,2013,15,36,12,6,0,2,1,1,3,1,2,1,0,2,1,0,0,0
201313066074,5,3,8,9,8,86.64505,2,3,2,2013,6,1,12,6,0,2,2,1,1,3,2,1,0,3,1,0,0,0
201313066081,6,3,13,9,8,218.65518,2,3,7,2013,15,21,12,6,0,2,1,1,0,0,2,1,0,2,1,0,0,0
201313066105,3,3,3,9,8,19.19,2,3,3,2013,19,25,12,6,0,4,5,1,2,1,2,3,0,1,1,0,0,0
201313066123,1,3,4,9,8,4.7975,1,3,2,2013,12,41,24,0,0,1,1,2,4,1,2,1,0,1,4,0,0,0
201313066144,6,3,4,9,8,211.09,2,3,7,2013,14,30,12,2,0,4,1,1,0,0,2,1,0,1,1,0,0,0
201313066186,2,3,1,9,8,62.3675,2,3,7,2013,1,40,12,7,0,1,1,1,2,1,2,1,0,1,1,0,0,0
201313066189,5,3,1,9,8,91.1525,2,3,1,2013,15,36,12,7,0,1,1,1,2,1,2,1,0,1,1,0,0,0
201313066193,4,3,1,9,8,350.2175,2,3,2,2013,12,55,12,6,0,4,1,1,1,1,2,1,0,1,1,0,0,0
201313066194,6,3,2,9,8,211.09,2,3,4,2013,18,46,12,7,0,4,1,1,0,0,2,1,0,1,1,0,0,0
201313066206,1,3,2,9,8,4.7975,1,3,2,2013,5,1,42,0,0,1,4,4,3,1,2,1,0,1,3,0,0,0
201313066216,1,3,7,9,8,4.7975,2,3,2,2013,7,47,12,6,0,1,1,4,4,4,1,2,0,1,1,0,0,0
201313066235,1,3,13,9,8,24.29502,2,3,5,2013,20,24,12,6,0,1,3,1,3,1,2,1,0,1,1,0,0,0
201313066263,3,3,5,9,8,19.19,1,2,1,2013,19,27,8,0,0,1,3,1,2,1,1,2,0,1,1,0,0,0
201313066278,5,3,5,9,8,91.1525,2,4,6,2013,20,17,12,1,0,1,2,1,2,1,2,2,0,1,1,0,0,0
201313066317,3,3,4,9,8,19.19,2,4,6,2013,20,23,8,0,0,4,3,1,2,1,2,1,1,1,1,0,0,0
201313066383,6,3,7,9,8,211.09,2,4,4,2013,17,34,12,6,0,2,1,1,0,0,2,2,0,2,1,0,0,0
201313066397,6,3,1,9,8,211.09,3,3,6,2013,19,5,12,1,0,1,5,1,0,0,2,1,0,1,1,0,0,0
201313066425,1,3,4,9,8,4.7975,2,4,3,2013,22,6,12,2,0,2,3,1,3,2,2,1,0,3,1,0,0,0
201313066446,4,3,3,9,8,350.2175,2,4,6,2013,15,15,12,7,0,1,1,1,0,0,2,3,0,1,1,0,0,0
201313066480,4,3,5,9,8,350.2175,1,4,3,2013,7,3,11,0,0,1,1,1,0,0,2,2,0,1,1,0,0,0
201313066498,4,3,7,9,8,350.2175,2,4,3,2013,8,2,14,0,0,1,1,1,0,0,2,2,1,1,4,0,0,0
201313066533,5,3,2,9,8,91.1525,2,3,6,2013,22,44,12,1,0,1,2,1,2,1,2,1,0,1,1,0,0,0
201313066536,5,3,13,9,8,97.18008,2,4,5,2013,19,14,12,6,0,2,5,1,1,2,2,1,0,2,1,0,0,0
201313066542,4,3,13,9,8,340.13028,2,4,6,2013,9,51,12,1,1,2,1,1,1,1,2,1,0,2,1,0,0,0
201313066544,3,3,13,9,8,24.29502,1,4,7,2013,12,10,8,0,0,4,1,1,3,1,2,1,0,1,1,0,0,0
201313066546,6,3,13,9,8,218.65518,2,4,7,2013,20,25,12,1,0,1,3,1,0,0,2,1,0,1,1,0,0,0
201313066555,3,3,2,9,8,19.19,2,4,1,2013,18,29,12,1,0,1,1,1,2,1,2,1,0,1,1,0,0,0
201313066567,1,3,2,9,8,4.7975,1,4,1,2013,11,47,24,0,0,1,1,1,3,1,2,1,0,1,3,0,0,0
201313066599,6,3,3,9,8,211.09,3,4,3,2013,8,53,12,1,0,1,1,1,1,3,2,3,0,1,1,0,0,0
201313066628,5,3,4,9,8,91.1525,3,4,4,2013,21,37,12,1,0,2,3,1,2,1,1,1,0,,1,0,0,0
201313066649,1,3,5,9,8,4.7975,1,4,7,2013,10,30,24,0,0,1,1,1,3,1,2,2,0,1,3,0,0,0
201313066652,1,3,5,9,8,4.7975,2,4,6,2013,9,0,12,6,0,4,1,2,3,1,2,2,0,1,1,0,0,0
201313066709,6,3,2,9,8,211.09,3,4,2,2013,17,42,12,1,0,2,1,1,0,0,2,1,0,,1,0,0,0
201313066818,6,3,5,9,8,211.09,2,4,6,2013,21,40,12,1,0,1,3,2,0,0,2,2,0,1,1,0,0,0
201313066839,3,3,13,9,8,24.29502,1,4,4,2013,8,5,8,0,0,2,1,1,3,1,2,1,0,3,1,0,0,0
201313066841,1,3,13,9,8,24.29502,2,4,2,2013,11,51,12,6,0,2,1,1,3,2,2,1,0,4,1,0,0,0
201313066930,3,3,3,9,8,19.19,1,4,2,2013,13,13,1,0,0,2,1,2,2,1,2,3,0,,1,0,0,0
201313066942,5,3,3,9,8,91.1525,3,4,5,2013,9,1,12,6,0,1,1,1,2,2,2,3,1,1,1,0,0,0
201313066952,4,3,3,9,8,350.2175,2,5,7,2013,9,10,12,2,0,2,1,1,1,3,2,3,0,2,1,0,0,0
201313066991,5,3,7,9,8,91.1525,1,4,2,2013,15,3,34,0,0,1,1,1,1,1,2,2,0,1,4,0,0,0
201313067002,1,3,4,9,8,4.7975,1,5,7,2013,0,32,43,0,0,1,3,1,3,1,2,1,0,1,4,0,0,0
201313067070,3,3,4,9,8,19.19,1,4,3,2013,11,13,33,0,0,1,1,2,2,1,2,1,0,1,4,0,0,0
201313067071,4,3,4,9,8,350.2175,3,4,3,2013,6,38,12,1,0,1,1,2,0,0,2,1,0,1,1,0,0,0
201313067078,6,3,4,9,8,211.09,2,4,2,2013,17,45,12,6,0,1,1,2,0,0,2,1,0,1,1,0,0,0
201313067080,5,3,1,9,8,91.1525,2,4,4,2013,9,42,12,1,0,1,1,1,1,2,2,1,0,1,1,0,0,0
201313067103,1,3,4,9,8,4.7975,3,4,1,2013,7,30,12,1,0,2,1,1,3,1,2,1,0,2,1,0,0,0
201313067138,6,3,1,9,8,211.09,2,4,1,2013,1,6,12,1,0,1,2,1,1,1,2,1,0,1,1,0,0,0
201313067162,3,3,2,9,8,19.19,1,4,3,2013,15,52,5,0,0,1,1,1,2,1,2,1,0,1,1,0,0,0
201313067189,1,3,5,9,8,4.7975,1,4,1,2013,2,12,33,0,0,1,2,1,3,1,1,2,0,1,4,0,0,0
201313067239,2,3,5,9,8,62.3675,2,5,2,2013,7,9,12,6,0,1,1,1,1,1,2,2,0,1,1,0,0,0
201313067252,3,3,5,9,8,19.19,2,5,4,2013,19,42,12,1,0,2,1,2,2,1,2,2,0,,1,0,0,0
201313067283,3,3,4,9,8,19.19,2,5,6,2013,9,38,12,1,0,2,1,1,2,2,2,1,0,2,1,0,0,0
201313067311,3,3,3,9,8,19.19,2,5,5,2013,9,50,12,6,0,2,1,1,2,1,2,3,0,2,1,0,0,0
201313067338,2,3,1,9,8,62.3675,2,5,7,2013,3,27,12,7,0,1,3,2,1,1,2,1,0,1,1,0,0,0
201313067356,1,3,7,9,8,4.7975,1,5,1,2013,2,0,42,0,0,1,3,2,3,1,2,2,0,1,4,0,0,0
201313067373,4,3,13,9,8,340.13028,2,5,3,2013,17,46,12,1,0,2,1,1,0,0,2,1,0,2,1,0,0,0
201313067376,3,3,13,9,8,24.29502,2,5,1,2013,19,15,12,6,0,2,1,1,2,1,2,1,0,2,1,0,0,0
201313067379,2,3,13,9,8,48.59004,2,5,7,2013,0,55,12,6,0,2,3,1,2,1,1,1,0,2,1,0,0,0
201313067382,3,3,8,9,8,23.630468,4,5,5,2013,7,40,12,1,0,1,1,1,2,1,2,1,0,1,1,0,0,0
201313067384,4,3,8,9,8,346.5802,2,5,2,2013,14,30,12,6,0,1,1,1,0,0,2,1,0,1,1,0,0,0
201313067420,6,3,13,9,8,218.65518,1,5,2,2013,21,45,33,0,0,1,3,1,0,0,2,1,0,1,4,0,0,0
201313067489,5,3,8,9,8,86.64505,2,5,1,2013,2,20,12,8,0,1,2,2,3,1,1,1,0,1,1,0,0,0
201313067525,5,3,4,9,8,91.1525,2,5,7,2013,16,25,43,0,1,5,1,1,1,1,2,1,0,1,8,0,0,0
201313067560,5,3,2,9,8,91.1525,2,4,6,2013,15,31,12,6,0,1,1,1,1,2,2,1,0,1,1,0,0,0
201313067616,4,3,5,9,8,350.2175,2,5,2,2013,16,45,12,1,0,2,1,1,1,1,2,2,0,2,1,0,0,0
201313067625,5,3,13,9,8,97.18008,3,5,1,2013,16,41,12,6,0,2,1,1,2,1,2,1,0,2,1,0,0,0
201313067626,5,3,5,9,8,91.1525,2,5,5,2013,23,22,12,8,0,1,3,2,2,3,2,2,0,1,1,0,0,0
201313067635,3,3,13,9,8,24.29502,1,5,3,2013,18,51,8,0,0,2,1,1,2,1,2,1,0,2,1,0,0,0
201313067655,1,3,5,9,8,4.7975,2,5,6,2013,16,5,12,6,0,4,1,1,3,2,2,2,0,1,1,0,0,0
201313067659,4,3,13,9,8,340.13028,2,5,7,2013,6,0,12,6,0,2,1,1,1,1,2,1,0,2,1,0,0,0
201313067661,6,3,13,9,8,218.65518,2,5,6,2013,20,59,12,6,0,2,3,1,0,0,2,1,0,2,1,0,0,0
201313067664,5,3,13,9,8,97.18008,2,5,6,2013,18,29,12,1,0,2,1,1,2,1,2,1,0,2,1,0,0,0
201313067668,1,3,13,9,8,24.29502,2,5,7,2013,16,42,12,6,0,2,1,1,3,1,2,1,0,2,1,0,0,0
201313067670,3,3,13,9,8,24.29502,3,5,6,2013,13,57,33,0,0,2,1,1,2,1,2,1,0,2,4,0,0,0
201313067693,5,3,1,9,8,91.1525,1,5,4,2013,15,46,1,0,0,1,1,1,1,1,2,1,0,1,3,0,0,0
201313067709,1,3,4,9,8,4.7975,2,5,3,2013,16,39,12,6,0,2,1,1,3,1,2,1,0,2,1,0,0,0
201313067711,6,3,1,9,8,211.09,2,5,2,2013,7,1,12,1,0,1,1,1,0,0,2,1,0,1,1,0,0,0
201313067712,1,3,4,9,8,4.7975,2,5,3,2013,15,58,12,2,0,1,1,1,3,2,2,1,0,1,1,0,0,0
201313067745,1,3,3,9,8,4.7975,1,5,1,2013,6,52,42,0,0,1,4,1,4,2,1,3,0,1,4,0,0,0
201313067767,5,3,3,9,8,91.1525,2,5,7,2013,13,40,12,6,0,2,1,2,2,2,2,3,0,2,1,0,0,0
201313067775,4,3,3,9,8,350.2175,2,5,6,2013,20,10,12,1,0,1,3,1,0,0,2,3,0,1,1,0,0,0
201313067794,3,3,7,9,8,19.19,1,5,5,2013,10,15,8,0,0,2,3,2,2,1,2,2,0,2,1,0,0,0
201313067809,3,3,3,9,8,19.19,2,5,5,2013,16,57,12,6,0,2,1,1,3,1,2,3,0,2,1,0,0,0
201313067822,1,3,2,9,8,4.7975,1,5,1,2013,8,43,24,0,0,1,3,1,3,1,2,1,0,1,4,0,0,0
201313067847,3,3,4,9,8,19.19,1,5,6,2013,21,55,8,0,0,2,3,1,3,1,2,1,0,,1,0,0,0
201313067862,4,3,4,9,8,350.2175,2,5,1,2013,23,6,14,0,0,1,3,1,0,0,2,1,1,1,2,0,0,0
201313067874,6,3,7,9,8,211.09,1,5,6,2013,19,47,30,0,0,1,5,1,0,0,2,2,0,1,4,0,0,0
201313067974,6,3,2,9,8,211.09,1,4,6,2013,12,3,24,0,0,1,3,1,0,0,2,1,0,1,4,0,0,0
201313067982,3,3,2,9,8,19.19,1,4,3,2013,9,40,1,0,0,1,1,2,2,1,2,1,0,1,1,0,0,0
201313067988,1,3,2,9,8,4.7975,2,4,7,2013,3,53,12,1,0,1,6,1,3,5,2,1,0,1,1,0,0,0
201313067991,2,3,2,9,8,62.3675,3,5,5,2013,12,12,12,1,0,1,1,1,0,0,2,1,0,1,1,0,0,0
201313068023,1,3,2,9,8,4.7975,2,5,3,2013,10,31,12,1,0,2,1,2,3,1,2,1,0,2,1,0,0,0
201313068034,1,3,2,9,8,4.7975,1,5,2,2013,20,49,42,0,0,1,3,1,3,1,2,1,0,1,4,0,0,0
201313068036,4,3,2,9,8,350.2175,2,5,6,2013,15,32,12,6,0,1,1,1,0,0,2,1,0,1,1,0,0,0
201313068037,1,3,2,9,8,4.7975,2,5,1,2013,2,7,12,6,0,2,3,1,3,3,2,1,0,2,1,0,0,0
201313068052,1,3,2,9,8,4.7975,2,5,1,2013,19,24,12,6,0,1,1,1,3,6,2,1,0,1,1,0,0,0
201313068063,1,3,2,9,8,4.7975,3,4,2,2013,11,6,12,9,0,1,1,2,3,4,2,1,0,1,1,0,0,0
201313068082,5,3,2,9,8,91.1525,1,6,1,2013,7,39,26,0,0,1,1,1,2,3,2,1,0,1,3,0,0,0
201313068095,1,3,2,9,8,4.7975,2,5,7,2013,2,36,12,6,0,2,3,1,3,3,2,1,0,2,1,0,0,0
201313068112,1,3,4,9,8,4.7975,2,6,4,2013,0,1,12,2,0,1,2,1,3,1,2,1,0,1,1,0,0,0
201313068118,3,3,4,9,8,19.19,3,6,2,2013,6,58,12,1,0,1,4,2,2,1,2,1,0,1,1,0,0,0
201313068125,3,3,13,9,8,24.29502,1,6,1,2013,17,34,33,0,0,1,1,1,2,1,2,1,0,1,4,0,0,0
201313068137,4,3,7,9,8,350.2175,3,6,3,2013,7,0,42,0,0,1,1,1,1,1,2,2,2,1,4,14,0,0
201313068174,6,3,3,9,8,211.09,2,6,7,2013,12,15,12,1,0,1,1,1,0,0,2,3,0,1,1,0,0,0
201313068192,3,3,3,9,8,19.19,2,6,4,2013,19,33,12,1,0,1,1,1,2,1,2,3,0,1,1,0,0,0
201313068205,4,3,16,9,8,351.5257,2,5,1,2013,18,20,14,0,0,1,1,1,0,0,2,1,1,1,7,0,0,0
201313068206,3,3,16,9,8,27.040438,1,5,1,2013,0,17,5,0,0,2,3,1,2,1,1,1,0,2,1,0,0,0
201313068210,5,3,16,9,8,81.12131,3,5,3,2013,18,30,12,1,0,1,1,1,2,2,2,1,0,1,1,0,0,0
201313068244,5,3,1,9,8,91.1525,1,5,6,2013,17,34,25,0,0,1,1,1,1,1,2,1,0,1,3,0,0,0
201313068255,3,3,5,9,8,19.19,1,6,1,2013,12,52,5,0,0,1,1,1,2,1,2,2,0,1,1,0,0,0
201313068269,6,3,5,9,8,211.09,3,6,3,2013,17,30,12,1,0,1,1,1,1,3,2,2,0,1,1,0,0,0
201313068311,6,3,2,9,8,211.09,3,6,7,2013,10,2,12,1,0,1,1,1,0,0,2,1,0,1,1,0,0,0
201313068317,1,3,2,9,8,4.7975,1,6,4,2013,17,21,32,0,1,5,1,1,3,1,2,1,0,1,8,0,0,0
201313068369,6,3,1,9,8,211.09,1,6,6,2013,13,46,24,0,1,5,1,2,0,0,2,1,0,1,3,0,0,0
201313068413,4,3,3,9,8,350.2175,2,6,7,2013,8,30,14,0,0,1,1,1,0,0,2,3,1,1,7,0,0,0