CASENUM,STRATUM,REGION,PJ,PSU,PSUSTRAT,WEIGHT,VE_TOTAL,MONTH,WKDY_IM,YEAR,HOUR_IM,MINUTE_IM,EVENT1_IM,MANCOL_IM,RELJCT1_IM,RELJCT2_IM,LGTCON_IM,WEATHR_IM,MAXSEV_IM,NO_INJ_IM,ALCHL_IM,LAND_USE,PVH_INVL,TYP_INT,REL_ROAD,CF1,CF2,CF3
201313560481,4,2,3,11,6,342.9126,2,2,3,2013,10,5,12,7,0,2,1,1,0,0,2,8,0,,1,0,0,0
201313560496,4,2,5,11,6,342.9126,1,2,6,2013,14,48,33,0,0,1,1,10,0,0,2,1,0,1,4,0,0,0
201313560497,3,2,5,11,6,19.0507,2,2,2,2013,18,30,12,6,0,2,5,1,2,3,2,1,0,3,1,0,0,0
201313560509,4,2,7,11,6,342.91278,1,2,3,2013,17,39,33,0,0,2,5,11,0,0,2,1,0,3,4,0,0,0
201313560520,3,2,1,11,6,19.0507,2,3,4,2013,11,57,14,0,0,1,1,1,2,1,2,8,1,1,7,0,0,0
201313560528,3,2,1,11,6,19.0507,1,3,7,2013,11,45,42,0,0,1,1,10,2,1,2,8,0,1,4,0,0,0
201313560530,6,2,1,11,6,209.5577,1,3,1,2013,0,50,42,0,0,1,3,1,2,1,1,8,0,1,4,0,0,0
201313560535,5,2,1,11,6,95.2535,1,3,2,2013,4,35,34,0,0,1,2,10,2,1,2,8,0,1,4,0,0,0
201313560540,4,2,1,11,6,342.9126,3,3,2,2013,17,0,12,1,0,2,1,10,0,0,2,8,0,,1,0,0,0
201313560548,2,2,16,11,6,57.1521,1,2,4,2013,23,30,1,0,0,1,2,1,2,1,2,3,0,1,1,0,0,0
201313560551,6,2,16,11,6,209.5577,1,2,1,2013,0,0,33,0,0,1,2,10,1,1,2,3,0,1,4,0,0,0
201313560571,4,2,16,11,6,342.9126,2,3,4,2013,14,59,12,2,0,5,1,10,0,0,2,3,0,1,1,0,0,0
201313560584,5,2,16,11,6,95.2535,1,3,7,2013,8,0,25,0,0,1,1,11,2,1,2,3,0,1,3,0,0,0
201313560591,6,2,16,11,6,209.5577,2,3,2,2013,19,30,12,1,0,1,5,2,1,1,2,3,0,1,1,0,0,0
201313560603,4,2,3,11,6,342.9126,2,2,3,2013,15,38,12,1,1,4,1,2,0,0,2,8,0,1,1,19,0,0
201313560617,3,2,3,11,6,19.0507,1,2,5,2013,12,44,8,0,0,2,1,10,2,1,2,8,0,3,1,0,0,0
201313560623,4,2,3,11,6,342.9126,2,3,6,2013,14,31,12,1,0,2,3,1,0,0,2,8,0,,1,0,0,0
201313560630,3,2,3,11,6,19.0507,2,3,7,2013,10,38,12,1,0,2,1,4,2,4,2,8,0,2,1,0,0,0
201313560654,4,2,16,11,6,342.9126,1,3,4,2013,6,0,11,0,0,1,2,10,0,0,2,3,0,1,1,0,0,0
201313560662,5,2,3,11,6,95.2535,1,2,4,2013,14,35,35,0,0,1,1,10,1,2,2,8,0,1,4,0,0,0
201313560665,4,2,3,11,6,342.9126,2,3,2,2013,23,18,12,1,0,2,3,1,0,0,2,8,0,,1,0,0,0
201313560684,2,2,5,11,6,57.1521,2,2,5,2013,0,33,12,1,0,1,3,4,2,1,1,1,0,1,1,0,0,0
201313560686,3,2,6,11,6,19.0507,1,3,4,2013,18,53,8,0,0,1,2,1,2,2,2,1,0,1,1,0,0,0
201313560698,4,2,5,11,6,342.9126,2,3,1,2013,20,29,12,1,0,2,5,1,1,1,2,1,0,2,1,0,0,0
201313560735,1,2,16,11,6,19.0507,1,3,3,2013,10,5,42,0,0,1,2,1,3,1,2,3,0,1,4,0,0,0
201313560752,6,2,3,11,6,209.5577,2,3,6,2013,7,55,12,6,0,4,1,1,1,2,2,8,0,1,1,0,0,0
201313560755,4,2,3,11,6,342.9126,2,3,6,2013,20,57,12,8,0,1,3,1,2,2,2,8,0,1,1,0,0,0
201313560764,3,2,5,11,6,19.0507,1,3,6,2013,4,53,59,0,0,2,2,1,2,1,2,1,0,2,4,0,0,0
201313560777,4,2,7,11,6,342.91278,2,3,7,2013,13,0,14,0,0,1,1,1,0,0,2,1,1,1,7,0,0,0
201313560797,1,2,16,11,6,19.0507,1,3,3,2013,17,0,1,0,0,1,1,10,3,2,1,3,0,1,4,0,0,0
201313560802,4,2,16,11,6,342.9126,2,3,5,2013,7,34,12,1,0,5,1,1,0,0,2,3,0,1,1,0,0,0
201313560813,3,2,3,11,6,19.0507,1,3,3,2013,13,46,8,0,0,2,1,10,2,1,2,8,0,2,1,0,0,0
201313560822,4,2,3,11,6,342.9126,2,3,5,2013,16,31,12,1,0,1,1,1,0,0,2,8,0,1,1,28,0,0
201313560833,3,2,2,11,6,19.0507,2,3,6,2013,3,3,12,1,0,1,2,1,2,2,2,1,0,1,1,0,0,0
201313560841,6,2,2,11,6,209.5577,2,4,6,2013,14,19,12,6,0,2,1,1,0,0,2,1,0,2,1,0,0,0
201313560853,5,2,16,11,6,95.2535,1,3,1,2013,14,20,38,0,0,1,1,10,2,1,2,3,0,1,4,0,0,0
201313560872,3,2,3,11,6,19.0507,1,3,6,2013,21,27,8,0,0,1,2,2,2,2,2,8,0,1,1,0,0,0
201313560876,3,2,3,11,6,19.0507,1,3,7,2013,9,57,8,0,0,2,1,1,2,1,2,8,0,2,1,0,0,0
201313560879,4,2,3,11,6,342.9126,2,3,7,2013,12,52,12,6,0,1,1,1,0,0,2,8,0,1,1,0,0,0
201313560883,3,2,3,11,6,19.0507,2,3,1,2013,12,55,12,1,0,4,1,1,2,2,2,8,0,1,1,0,0,0
201313560891,4,2,6,11,6,342.9126,1,3,4,2013,16,25,11,0,0,1,1,11,0,0,2,1,0,1,1,0,0,0
201313560919,6,2,16,11,6,209.5577,1,4,4,2013,21,55,25,0,0,1,2,1,0,0,2,3,0,1,3,0,0,0
201313560933,4,2,3,11,6,342.9126,2,3,5,2013,21,2,12,1,0,4,3,1,5,1,2,8,0,1,1,0,0,0
201313560941,4,2,5,11,6,342.9126,2,3,6,2013,13,28,12,1,0,2,1,1,0,0,2,1,0,,1,0,0,0
201313560948,4,2,2,11,6,342.9126,2,4,6,2013,16,58,12,1,0,2,1,1,0,0,2,1,0,3,1,0,0,0
201313560977,4,2,16,11,6,342.9126,2,4,3,2013,10,45,12,7,0,5,1,1,0,0,2,3,0,1,1,0,0,0
201313561014,4,2,3,11,6,342.9126,2,3,1,2013,18,10,12,1,0,1,1,1,1,1,2,8,0,1,1,0,0,0
201313561017,3,2,3,11,6,19.0507,2,3,2,2013,14,43,12,1,0,2,1,10,2,1,2,8,0,2,1,0,0,0
201313561024,3,2,5,11,6,19.0507,2,3,4,2013,23,17,12,1,0,1,2,1,2,2,2,1,0,1,1,0,0,0
201313561025,5,2,5,11,6,95.2535,2,3,5,2013,7,25,12,2,0,1,1,1,2,2,2,1,0,1,1,0,0,0
201313561030,3,2,5,11,6,19.0507,2,3,7,2013,12,2,12,1,0,2,1,10,3,3,2,1,0,2,1,0,0,0
201313561032,3,2,5,11,6,19.0507,2,3,2,2013,18,20,12,6,0,4,1,1,2,1,2,1,0,1,1,0,0,0
201313561062,4,2,16,11,6,342.9126,1,4,5,2013,20,15,11,0,0,1,2,1,0,0,2,3,0,1,1,0,0,0
201313561067,3,2,3,11,6,19.0507,1,3,7,2013,1,46,9,0,0,5,2,1,2,1,1,8,0,1,1,0,0,0
201313561080,4,2,3,11,6,342.9126,2,3,4,2013,10,38,12,6,0,2,1,1,0,0,2,8,0,,1,0,0,0
201313561112,1,2,16,11,6,19.0507,1,3,2,2013,4,20,34,0,0,1,2,10,4,1,2,3,0,1,4,0,0,0
201313561113,2,2,16,11,6,57.1521,2,4,5,2013,17,57,12,6,0,1,1,1,1,1,2,3,0,1,1,0,0,0
201313561124,5,2,16,11,6,95.2535,2,4,1,2013,13,15,7,0,0,1,1,10,3,2,2,3,0,1,1,14,0,0
201313561126,6,2,16,11,6,209.5577,2,4,1,2013,17,55,12,6,0,1,1,1,0,0,2,3,0,1,1,0,0,0
201313561138,3,2,3,11,6,19.0507,1,3,2,2013,20,36,8,0,0,4,3,2,2,1,2,8,0,1,1,0,0,0
201313561148,4,2,3,11,6,342.9126,2,3,6,2013,16,36,12,7,0,2,1,1,0,0,2,8,0,,1,0,0,0
201313561151,3,2,3,11,6,19.0507,1,3,6,2013,23,46,8,0,0,1,2,1,3,1,1,8,0,1,1,0,0,0
201313561159,3,2,3,11,6,19.0507,2,4,2,2013,15,58,12,1,0,4,1,1,2,1,2,8,0,1,1,0,0,0
201313561163,6,2,5,11,6,209.5577,2,3,6,2013,8,50,12,6,0,2,1,1,2,1,2,1,0,2,1,0,0,0
201313561165,4,2,5,11,6,342.9126,2,3,6,2013,16,15,12,7,0,1,1,1,0,0,2,1,0,1,1,0,0,0
201313561205,4,2,3,11,6,342.9126,2,4,3,2013,17,47,12,1,0,4,1,10,0,0,2,8,0,1,1,0,0,0
201313561217,1,2,3,11,6,19.0507,1,4,5,2013,22,21,59,0,0,1,3,1,3,1,1,8,0,1,4,0,0,0
201313561229,3,2,2,11,6,19.0507,2,4,2,2013,10,3,12,1,0,2,1,1,2,1,2,1,0,,1,0,0,0
201313561233,4,2,2,11,6,342.9126,2,4,3,2013,10,30,12,1,0,2,1,1,0,0,2,1,0,3,1,0,0,0
201313561247,6,2,7,11,6,195.95016,2,3,6,2013,20,31,12,1,0,2,5,1,0,0,2,1,0,2,1,0,0,0
201313561253,4,2,16,11,6,342.9126,2,4,3,2013,20,35,12,1,0,1,2,1,0,0,2,3,0,1,1,0,0,0
201313561279,4,2,16,11,6,342.9126,3,4,5,2013,7,30,12,7,0,5,1,1,1,3,2,3,0,1,1,0,0,0
201313561283,3,2,3,11,6,19.0507,1,3,1,2013,14,51,1,0,0,1,1,1,2,1,2,8,0,1,1,0,0,0
201313561288,3,2,3,11,6,19.0507,1,4,6,2013,11,45,8,0,0,4,1,1,3,1,2,8,0,1,1,0,0,0
201313561291,4,2,3,11,6,342.9126,2,4,6,2013,20,5,12,6,0,4,3,1,5,1,2,8,0,1,1,0,0,0
201313561312,6,2,16,11,6,209.5577,1,4,4,2013,14,0,1,0,0,5,1,2,0,0,2,3,0,1,4,0,0,0
201313561347,6,2,3,11,6,209.5577,3,4,3,2013,16,29,12,1,0,1,1,2,1,2,2,8,0,1,1,0,0,0
201313561349,4,2,3,11,6,342.9126,2,4,3,2013,17,3,12,1,0,1,1,10,0,0,2,8,0,1,1,28,0,0
201313561368,3,2,5,11,6,19.0507,2,3,3,2013,13,19,12,1,0,2,1,10,2,3,2,1,0,2,1,0,0,0
201313561369,3,2,5,11,6,19.0507,4,4,3,2013,17,39,12,1,0,1,1,1,3,5,2,1,0,1,1,0,0,0
201313561370,5,2,2,11,6,95.2535,2,4,2,2013,19,58,12,1,0,2,1,1,1,1,2,1,0,2,1,0,0,0
201313561380,4,2,2,11,6,342.9126,2,5,7,2013,15,52,12,1,0,1,1,1,0,0,2,1,0,1,1,0,0,0
201313561388,4,2,5,11,6,342.9126,2,4,1,2013,18,50,12,1,0,2,1,1,0,0,2,1,0,,1,0,0,0
201313561420,4,2,16,11,6,342.9126,2,5,5,2013,12,30,12,7,0,5,1,1,2,1,2,3,0,1,1,0,0,0
201313561425,3,2,3,11,6,19.0507,1,4,5,2013,18,22,8,0,0,2,1,10,2,1,2,8,0,,1,0,0,0
201313561430,4,2,3,11,6,342.9126,2,4,6,2013,11,22,12,6,0,2,1,1,0,0,2,8,0,,1,0,0,0
201313561437,3,2,3,11,6,19.0507,1,4,2,2013,0,20,8,0,0,2,3,1,2,1,2,8,0,7,1,0,0,0
201313561443,5,2,3,11,6,95.2535,2,4,3,2013,6,25,12,6,0,2,3,2,1,1,2,8,0,2,1,0,0,0
201313561474,2,2,16,11,6,57.1521,3,4,2,2013,16,0,12,1,0,1,1,1,0,0,2,3,0,1,1,0,0,0
201313561478,6,2,16,11,6,209.5577,1,5,7,2013,13,30,42,0,0,1,1,10,0,0,2,3,0,1,4,0,0,0
201313561488,4,2,3,11,6,342.9126,2,4,3,2013,9,35,12,6,0,4,1,10,0,0,2,8,0,1,1,0,0,0
201313561517,4,2,7,11,6,342.91278,3,4,2,2013,17,25,12,1,0,2,1,10,0,0,2,1,0,3,1,0,0,0
201313561541,4,2,3,11,6,342.9126,1,4,7,2013,21,44,11,0,0,1,2,1,0,0,2,8,0,1,1,0,0,0
201313561545,3,2,16,11,6,19.0507,1,4,1,2013,7,50,25,0,0,1,4,10,2,1,2,3,0,1,4,0,0,0
201313561553,1,2,3,11,6,19.0507,1,4,5,2013,6,9,30,0,0,1,4,10,3,1,1,8,0,1,4,0,0,0
201313561562,3,2,16,11,6,19.0507,1,5,5,2013,16,0,34,0,0,2,1,1,2,1,2,3,0,4,4,0,0,0
201313561570,4,2,16,11,6,342.9126,1,5,2,2013,13,10,18,0,0,1,1,1,0,0,2,3,0,1,1,0,0,0
201313561582,3,2,3,11,6,19.0507,1,4,1,2013,10,50,24,0,0,1,1,1,2,2,2,8,0,1,4,0,0,0
201313561589,4,2,3,11,6,342.9126,2,4,2,2013,7,26,12,1,0,2,1,1,0,0,2,8,0,3,1,0,0,0
201313561639,3,2,5,11,6,19.0507,2,4,4,2013,12,24,12,6,0,4,1,2,2,2,2,1,0,1,1,0,0,0
201313561640,1,2,6,11,6,19.0507,1,4,6,2013,20,50,1,0,0,2,2,1,3,1,2,1,0,3,1,0,0,0
201313561642,4,2,5,11,6,342.9126,2,4,5,2013,11,23,14,0,0,1,1,10,0,0,2,1,1,1,7,0,0,0
201313561652,3,2,5,11,6,19.0507,2,4,5,2013,15,39,12,1,0,1,1,2,2,1,2,1,0,1,1,0,0,0
201313561664,4,2,5,11,6,342.9126,2,4,3,2013,20,56,12,6,0,2,3,2,1,3,2,1,0,2,1,0,0,0
201313561668,3,2,16,11,6,19.0507,1,5,4,2013,4,59,59,0,0,1,2,1,4,1,2,3,0,1,4,0,0,0
201313561674,3,2,16,11,6,19.0507,1,4,3,2013,20,0,1,0,0,1,5,1,3,1,2,3,0,1,4,0,0,0
201313561687,4,2,2,11,6,342.9126,2,5,4,2013,19,29,14,0,0,4,1,1,0,0,2,1,1,1,7,0,0,0
201313561712,3,2,3,11,6,19.0507,2,3,2,2013,8,31,12,1,0,2,1,10,2,1,2,8,0,2,1,0,0,0
201313561715,4,2,3,11,6,342.9126,2,4,3,2013,14,5,12,7,0,1,1,1,0,0,2,8,0,1,1,0,0,0
201313561733,4,2,3,11,6,342.9126,2,4,6,2013,15,47,12,1,0,2,1,1,0,0,2,8,0,,1,0,0,0
201313561734,1,2,3,11,6,19.0507,2,4,6,2013,16,10,12,6,0,4,1,1,3,3,2,8,0,1,1,0,0,0
201313561744,3,2,3,11,6,19.0507,2,4,2,2013,18,27,12,1,0,2,1,1,2,2,2,8,0,3,1,0,0,0
201313561748,4,2,7,11,6,342.91278,2,4,6,2013,20,29,12,1,0,2,5,1,4,3,2,1,0,3,1,0,0,0
201313561770,6,2,16,11,6,209.5577,1,5,5,2013,1,9,34,0,0,2,3,1,0,0,1,3,0,3,4,0,0,0
201313561777,4,2,16,11,6,342.9126,2,5,2,2013,8,20,12,1,0,1,1,1,0,0,2,3,0,1,1,28,0,0
201313561801,1,2,16,11,6,19.0507,2,5,5,2013,14,0,12,7,0,1,1,1,3,4,2,3,0,1,1,0,0,0
201313561807,4,2,16,11,6,342.9126,1,5,7,2013,1,15,11,0,0,1,3,1,0,0,2,3,0,1,1,0,0,0
201313561813,5,2,16,11,6,95.2535,2,5,2,2013,21,46,12,1,0,1,5,1,2,2,2,3,0,1,1,0,0,0
201313561818,3,2,3,11,6,19.0507,1,4,1,2013,3,0,8,0,0,1,3,2,4,2,1,8,0,1,1,0,0,0
201313561825,4,2,3,11,6,342.9126,2,4,3,2013,8,16,12,7,0,1,1,1,0,0,2,8,0,1,1,0,0,0
201313561842,6,2,3,11,6,209.5577,2,5,4,2013,10,53,12,2,0,2,1,1,0,0,2,8,0,,1,0,0,0
201313561845,4,2,3,11,6,342.9126,2,5,4,2013,15,0,12,1,0,1,1,1,1,1,2,8,0,1,1,0,0,0
201313561871,4,2,3,11,6,342.9126,2,5,6,2013,12,6,12,1,0,2,1,1,0,0,2,8,0,,1,0,0,0
201313561875,6,2,2,11,6,209.5577,2,5,5,2013,15,44,12,6,0,2,1,2,0,0,2,1,0,2,1,0,0,0
201313561905,4,2,5,11,6,342.9126,2,5,4,2013,17,10,12,1,0,2,1,1,0,0,2,1,0,,1,0,0,0
201313561932,1,2,7,11,6,48.98754,3,5,4,2013,18,7,12,1,0,1,1,1,3,2,2,1,0,1,1,0,0,0
201313561952,1,2,16,11,6,19.0507,1,5,5,2013,2,33,42,0,0,1,2,1,4,2,1,3,0,1,4,0,0,0
201313561953,1,2,16,11,6,19.0507,1,5,7,2013,9,20,21,0,0,1,1,1,4,1,2,3,0,1,4,0,0,0
201313561975,3,2,3,11,6,19.0507,2,5,4,2013,18,9,12,1,0,2,1,1,2,2,2,8,0,2,1,0,0,0
201313561977,4,2,3,11,6,342.9126,2,5,6,2013,17,51,12,6,0,2,1,1,0,0,2,8,0,,1,0,0,0
201313561986,3,2,3,11,6,19.0507,2,5,2,2013,21,37,12,1,0,2,3,1,3,1,1,8,0,2,1,0,0,0
201313561988,3,2,3,11,6,19.0507,2,5,3,2013,8,54,12,1,0,2,1,1,2,1,2,8,0,3,1,0,0,0
201313561999,1,2,16,11,6,19.0507,1,4,4,2013,10,3,1,0,0,1,1,1,4,1,2,3,0,1,3,0,0,0
201313562007,1,2,16,11,6,19.0507,1,5,5,2013,15,0,39,0,0,1,1,1,3,1,2,3,0,1,4,0,0,0
201313562014,4,2,2,11,6,342.9126,2,5,5,2013,21,24,12,1,0,2,2,1,0,0,2,1,0,2,1,0,0,0
201313562028,6,2,16,11,6,209.5577,3,5,4,2013,8,25,12,1,0,1,1,2,1,2,2,3,0,1,1,0,0,0
201313562035,4,2,16,11,6,342.9126,1,5,5,2013,19,45,24,0,0,1,1,2,0,0,2,3,0,1,3,0,0,0
201313562042,6,2,7,11,6,195.95016,2,5,1,2013,18,39,12,1,0,1,1,1,0,0,2,1,0,1,1,0,0,0
201313562045,5,2,5,11,6,95.2535,2,5,5,2013,7,13,12,6,0,1,1,1,1,1,2,1,0,1,1,0,0,0
201313562055,4,2,5,11,6,342.9126,2,5,3,2013,17,37,12,7,0,4,1,1,0,0,2,1,0,1,1,0,0,0
201313562072,1,2,5,11,6,19.0507,2,5,4,2013,11,3,12,6,0,4,1,1,3,2,2,1,0,1,1,0,0,0
201313562103,3,2,16,11,6,19.0507,3,5,5,2013,20,50,12,1,0,1,1,2,3,6,2,3,0,1,1,0,0,0
201313562113,4,2,16,11,6,342.9126,1,5,2,2013,23,0,42,0,0,1,6,10,0,0,2,3,0,1,4,0,0,0
201313562121,4,2,3,11,6,342.9126,2,5,7,2013,23,45,12,7,0,2,3,1,5,1,2,8,0,,1,0,0,0
201313562140,3,2,3,11,6,19.0507,2,5,1,2013,0,30,12,1,0,2,3,2,2,2,2,8,0,2,1,0,0,0
201313562143,4,2,3,11,6,342.9126,2,5,2,2013,17,7,12,1,0,2,1,1,0,0,2,8,0,,1,0,0,0
201313562147,3,2,5,11,6,19.0507,3,5,4,2013,17,26,12,1,0,1,1,1,2,1,2,1,0,1,1,28,0,0
201313562172,6,2,16,11,6,209.5577,1,5,2,2013,3,0,20,0,0,1,2,1,0,0,1,3,0,1,8,0,0,0
201313562194,4,2,16,11,6,342.9126,2,6,7,2013,0,30,12,1,0,1,2,10,0,0,2,3,0,1,2,0,0,0
201313562213,3,2,2,11,6,19.0507,1,6,2,2013,16,27,9,0,0,2,1,1,2,1,2,1,0,2,1,0,0,0
201313562223,5,2,2,11,6,95.2535,2,6,1,2013,19,36,12,1,0,2,1,1,2,1,2,1,0,,1,0,0,0
201313562224,4,2,5,11,6,342.9126,2,5,3,2013,17,22,12,1,0,2,1,10,0,0,2,1,0,,1,0,0,0
201313562236,3,2,6,11,6,19.0507,1,4,6,2013,20,40,1,0,0,1,5,1,2,1,2,1,0,1,4,0,0,0
201313562249,2,2,16,11,6,57.1521,3,5,4,2013,17,48,12,1,0,1,1,10,2,3,2,3,0,1,1,0,0,0
201313562252,6,2,16,11,6,209.5577,2,5,5,2013,17,55,12,1,0,1,1,10,0,0,2,3,0,1,1,0,0,0
201313562269,4,2,16,11,6,342.9126,2,6,3,2013,15,15,12,1,0,5,1,1,0,0,2,3,0,1,1,0,0,0
201313562290,3,2,3,11,6,19.0507,2,5,4,2013,15,15,12,1,0,2,1,2,2,2,2,8,0,6,1,0,0,0
201313562298,3,2,3,11,6,19.0507,1,5,2,2013,18,50,9,0,0,1,1,1,3,1,2,8,0,1,4,0,0,0
201313562299,4,2,3,11,6,342.9126,2,5,3,2013,8,45,14,0,0,1,1,1,0,0,2,8,1,1,7,0,0,0
201313562318,4,2,3,11,6,342.9126,2,5,5,2013,17,23,12,1,0,1,1,1,1,1,2,8,0,1,1,0,0,0
201313562328,6,2,3,11,6,209.5577,1,5,1,2013,5,11,33,0,0,1,3,1,0,0,2,8,0,1,4,0,0,0
201313562330,5,2,3,11,6,95.2535,5,5,1,2013,15,35,12,1,0,2,1,1,1,1,2,8,0,3,1,0,0,0
201313562343,4,2,2,11,6,342.9126,1,6,6,2013,12,28,18,0,0,6,1,1,0,0,2,1,0,1,1,0,0,0
201313562352,4,2,3,11,6,342.9126,2,5,2,2013,13,32,12,1,0,1,1,1,0,0,2,8,0,1,1,0,0,0
201313562360,3,2,3,11,6,19.0507,1,5,3,2013,16,55,1,0,0,1,1,1,2,1,2,8,0,1,1,0,0,0
201313562374,4,2,5,11,6,342.9126,2,5,3,2013,18,2,12,1,0,1,1,1,0,0,2,1,0,1,1,0,0,0
201313562379,6,2,5,11,6,209.5577,3,5,5,2013,15,16,12,1,0,2,1,2,0,0,2,1,0,,1,0,0,0
201313562381,1,2,16,11,6,19.0507,1,5,6,2013,17,10,53,0,0,1,1,1,3,2,2,3,0,1,4,0,0,0
201313562407,3,2,16,11,6,19.0507,1,6,7,2013,21,15,1,0,0,5,5,1,2,3,2,3,0,1,4,0,0,0
201313562409,4,2,16,11,6,342.9126,1,6,1,2013,1,45,11,0,0,1,2,1,0,0,2,3,0,1,1,0,0,0
201313562415,6,2,16,11,6,209.5577,1,6,2,2013,6,0,25,0,0,1,2,2,0,0,2,3,0,1,3,0,0,0
201313562433,4,2,7,11,6,342.91278,2,5,5,2013,18,13,12,6,0,2,1,2,0,0,2,1,0,2,1,0,0,0
201313562436,3,2,3,11,6,19.0507,1,5,5,2013,18,5,9,0,0,2,1,1,2,1,2,8,0,2,1,0,0,0
201313562439,4,2,3,11,6,342.9126,2,5,2,2013,16,36,12,1,0,1,1,1,0,0,2,8,0,1,1,0,0,0
201313562448,1,2,3,11,6,19.0507,2,5,5,2013,12,33,12,2,0,4,1,10,3,3,2,8,0,1,1,0,0,0
201313562460,3,2,3,11,6,19.0507,1,5,7,2013,11,43,8,0,0,2,1,1,2,1,2,8,0,3,1,0,0,0
201313562465,4,2,3,11,6,342.9126,2,5,7,2013,16,25,14,0,0,4,1,1,0,0,2,8,1,1,7,0,0,0
201313562487,6,2,6,11,6,209.5577,2,5,2,2013,18,12,12,6,0,2,1,2,0,0,2,1,0,2,1,0,0,0
201313562502,3,2,3,11,6,19.0507,1,5,1,2013,22,10,9,0,0,2,2,2,3,2,2,8,0,,,0,0,0
201313562518,4,2,5,11,6,342.9126,2,5,5,2013,19,0,12,1,0,2,1,1,0,0,2,1,0,,1,0,0,0
201313562532,4,2,16,11,6,342.9126,2,5,4,2013,7,30,12,1,0,1,1,10,0,0,2,3,0,1,1,0,0,0
201313562534,3,2,16,11,6,19.0507,1,6,3,2013,7,50,1,0,0,2,1,1,2,1,2,3,0,3,4,0,0,0
201313562562,4,2,3,11,6,342.9126,2,5,3,2013,13,40,12,2,0,2,1,10,0,0,2,8,0,2,1,0,0,0
201313562585,4,2,3,11,6,342.9126,2,5,6,2013,18,59,12,1,0,2,1,10,0,0,2,8,0,,1,0,0,0
201313562592,3,2,16,11,6,19.0507,1,5,1,2013,16,2,24,0,0,1,1,1,3,2,2,3,0,1,3,0,0,0
201313562596,4,2,16,11,6,342.9126,3,6,2,2013,8,20,12,1,0,1,1,2,0,0,2,3,0,1,1,0,0,0
201313562608,4,2,2,11,6,342.9126,2,6,4,2013,15,28,14,0,0,1,1,1,0,0,2,1,1,1,7,0,0,0
201313562609,3,2,2,11,6,19.0507,2,6,5,2013,16,54,12,2,0,4,1,2,2,1,2,1,0,1,1,0,0,0
201313562613,3,2,3,11,6,19.0507,1,6,1,2013,9,29,8,0,0,2,1,1,3,1,2,8,0,2,1,0,0,0
201313562620,4,2,3,11,6,342.9126,2,6,2,2013,17,9,12,6,0,4,1,1,0,0,2,8,0,1,1,0,0,0
201313562630,6,2,3,11,6,209.5577,2,6,3,2013,15,32,12,1,0,2,1,1,0,0,2,8,0,6,1,0,0,0
201313562637,3,2,3,11,6,19.0507,3,6,5,2013,12,8,12,1,0,2,1,10,2,1,2,8,0,2,1,0,0,0
201313562652,3,2,7,11,6,48.98754,1,6,5,2013,11,53,1,0,0,1,1,10,2,1,2,1,0,1,1,0,0,0
201313562676,3,2,16,11,6,19.0507,1,6,6,2013,13,0,49,0,0,1,1,1,3,1,2,3,0,1,1,16,0,0
201313562685,3,2,16,11,6,19.0507,2,6,3,2013,7,59,12,7,0,1,1,1,2,1,2,3,0,1,1,0,0,0
201313562686,3,2,16,11,6,19.0507,2,6,3,2013,14,42,12,2,0,1,1,1,3,1,2,3,0,1,1,0,0,0
201313562688,6,2,16,11,6,209.5577,3,6,4,2013,16,0,12,1,0,1,1,1,0,0,2,3,0,1,1,0,0,0
201313562696,1,2,1,11,6,19.0507,3,6,4,2013,17,3,12,1,0,2,1,1,3,3,2,8,0,3,1,0,0,0
201313562700,4,2,16,11,6,342.9126,2,6,6,2013,17,20,12,1,0,1,1,1,0,0,2,3,0,1,1,0,0,0
201313562701,5,2,16,11,6,95.2535,2,6,7,2013,16,10,12,2,0,2,1,10,2,2,2,3,0,3,1,0,0,0
201313562706,3,2,16,11,6,19.0507,1,6,1,2013,8,30,11,0,0,1,4,1,2,1,2,3,0,1,1,0,0,0
201313562718,4,2,3,11,6,342.9126,2,5,7,2013,23,40,12,1,0,2,3,1,0,0,2,8,0,2,1,0,0,0
201313562741,4,2,3,11,6,342.9126,2,6,1,2013,18,16,12,1,0,2,1,1,5,1,2,8,0,,1,0,0,0
201313562765,3,2,2,11,6,19.0507,2,7,5,2013,10,40,12,7,0,2,1,1,2,1,2,1,0,2,1,0,0,0
201313562777,4,2,5,11,6,342.9126,2,6,1,2013,15,38,12,1,0,2,1,1,0,0,2,1,0,3,1,0,0,0
201313562798,2,2,16,11,6,57.1521,2,6,4,2013,17,45,12,1,0,1,1,1,1,1,2,3,0,1,1,0,0,0
201313562803,6,2,16,11,6,209.5577,1,6,5,2013,19,39,31,0,0,1,1,2,0,0,2,3,0,1,4,0,0,0
201313562805,3,2,16,11,6,19.0507,1,6,6,2013,16,45,25,0,0,1,1,10,2,1,2,3,0,1,3,0,0,0
201313562812,4,2,16,11,6,342.9126,1,6,1,2013,22,34,11,0,0,1,2,1,1,1,2,3,0,1,1,0,0,0
201313562814,3,2,3,11,6,19.0507,1,5,6,2013,13,38,8,0,0,1,1,1,5,1,2,8,0,1,1,0,0,0
201313562833,4,2,3,11,6,342.9126,2,6,3,2013,13,45,12,1,0,1,1,1,0,0,2,8,0,1,1,0,0,0
201313562865,5,2,16,11,6,95.2535,1,6,5,2013,0,42,25,0,0,5,2,2,1,1,2,3,0,1,3,0,0,0