CASENUM,STRATUM,REGION,PJ,PSU,PSUSTRAT,WEIGHT,VE_TOTAL,MONTH,WKDY_IM,YEAR,HOUR_IM,MINUTE_IM,EVENT1_IM,MANCOL_IM,RELJCT1_IM,RELJCT2_IM,LGTCON_IM,WEATHR_IM,MAXSEV_IM,NO_INJ_IM,ALCHL_IM,LAND_USE,PVH_INVL,TYP_INT,REL_ROAD,CF1,CF2,CF3
201313562881,6,2,16,11,6,209.5577,2,7,2,2013,18,15,12,1,0,1,1,2,1,1,2,3,0,1,1,0,0,0
201313562885,4,2,16,11,6,342.9126,2,7,4,2013,2,50,14,0,0,1,2,1,0,0,2,3,1,1,2,0,0,0
201313562907,3,2,3,11,6,19.0507,2,6,5,2013,6,42,12,6,0,2,1,2,2,2,2,8,0,2,1,0,0,0
201313562908,4,2,3,11,6,342.9126,2,6,5,2013,7,10,12,6,0,2,1,10,0,0,2,8,0,2,1,0,0,0
201313562926,4,2,3,11,6,342.9126,2,6,1,2013,21,9,12,7,0,1,3,1,0,0,2,8,0,1,1,0,0,0
201313562938,4,2,5,11,6,342.9126,1,6,7,2013,17,55,11,0,0,1,1,1,0,0,2,1,0,1,1,0,0,0
201313562939,3,2,5,11,6,19.0507,2,6,7,2013,18,44,12,1,0,1,1,1,2,1,2,1,0,1,1,0,0,0
201313562950,3,2,6,11,6,19.0507,1,6,1,2013,5,30,11,0,0,1,4,1,2,1,1,1,0,1,1,0,0,0
201313562952,4,2,6,11,6,342.9126,1,6,4,2013,22,28,59,0,0,2,3,10,0,0,1,1,0,3,4,0,0,0
201313562953,3,2,6,11,6,19.0507,1,6,5,2013,13,17,1,0,0,1,1,1,2,1,2,1,0,1,4,0,0,0
201313562977,1,2,16,11,6,19.0507,2,6,5,2013,17,45,12,6,0,1,1,2,4,3,2,3,0,1,1,0,0,0
201313562982,2,2,16,11,6,57.1521,2,7,3,2013,1,34,12,6,0,1,2,10,1,1,1,3,0,1,1,0,0,0
201313563003,4,2,16,11,6,342.9126,1,7,3,2013,2,19,30,0,0,5,2,10,2,2,2,3,0,1,4,0,0,0
201313563008,6,2,16,11,6,209.5577,1,7,5,2013,1,45,11,0,0,1,2,1,0,0,2,3,0,1,1,0,0,0
201313563015,3,2,6,11,6,19.0507,1,6,1,2013,20,44,19,0,0,1,1,1,3,1,1,1,0,1,5,0,0,0
201313563017,3,2,6,11,6,19.0507,1,6,4,2013,20,49,44,0,0,2,1,1,2,1,2,1,0,3,4,0,0,0
201313563020,4,2,7,11,6,342.91278,2,6,6,2013,7,33,12,7,0,4,1,1,0,0,2,1,0,1,1,0,0,0
201313563022,3,2,7,11,6,48.98754,1,6,7,2013,9,1,1,0,0,1,1,1,3,1,2,1,0,1,1,0,0,0
201313563026,1,2,16,11,6,19.0507,2,6,6,2013,6,15,12,6,0,2,1,5,3,2,2,3,0,2,1,0,0,0
201313563027,6,2,2,11,6,209.5577,2,7,3,2013,16,28,12,6,0,2,1,2,0,0,2,1,0,2,1,0,0,0
201313563029,4,2,2,11,6,342.9126,1,7,5,2013,23,14,33,0,0,2,2,1,0,0,2,1,0,2,4,0,0,0
201313563030,3,2,3,11,6,19.0507,1,6,4,2013,11,54,8,0,0,2,1,1,3,1,1,8,0,2,1,0,0,0
201313563041,1,2,3,11,6,19.0507,2,6,3,2013,13,36,12,2,0,2,1,1,3,3,2,8,0,2,1,0,0,0
201313563044,4,2,3,11,6,342.9126,2,6,3,2013,17,40,12,1,0,2,1,1,0,0,2,8,0,,1,0,0,0
201313563064,4,2,3,11,6,342.9126,2,6,5,2013,16,27,12,1,0,4,1,1,0,0,2,8,0,1,1,0,0,0
201313563070,6,2,3,11,6,209.5577,2,6,6,2013,9,31,12,6,0,2,1,1,0,0,2,8,0,2,1,0,0,0
201313563081,3,2,3,11,6,19.0507,2,6,1,2013,15,32,12,1,0,2,1,1,2,1,2,8,0,,1,0,0,0
201313563085,4,2,3,11,6,342.9126,2,6,3,2013,7,54,12,6,0,2,1,2,0,0,2,8,0,2,1,0,0,0
201313563095,3,2,5,11,6,19.0507,3,6,7,2013,22,25,12,1,0,2,2,1,2,1,1,1,0,2,1,0,0,0
201313563149,4,2,5,11,6,342.9126,2,6,2,2013,18,23,12,7,0,2,1,1,0,0,2,1,0,,1,0,0,0
201313563155,3,2,6,11,6,19.0507,2,6,1,2013,14,57,12,6,0,5,1,1,2,1,2,1,0,1,1,0,0,0
201313563170,1,2,16,11,6,19.0507,1,7,3,2013,13,18,1,0,0,1,1,1,4,1,2,3,0,1,1,0,0,0
201313563180,3,2,16,11,6,19.0507,2,7,6,2013,17,28,12,6,0,5,1,1,3,1,2,3,0,1,1,0,0,0
201313563182,4,2,16,11,6,342.9126,1,7,3,2013,18,0,24,0,0,1,1,2,0,0,2,3,0,1,3,0,0,0
201313563199,6,2,16,11,6,209.5577,2,7,1,2013,15,7,12,1,0,1,1,1,0,0,2,3,0,1,1,0,0,0
201313563220,4,2,16,11,6,342.9126,2,7,4,2013,16,30,12,7,0,1,1,1,1,1,2,3,0,1,1,0,0,0
201313563224,1,2,16,11,6,19.0507,1,7,6,2013,10,5,1,0,0,1,1,1,4,2,2,3,0,1,1,0,0,0
201313563235,3,2,3,11,6,19.0507,1,6,1,2013,22,57,9,0,0,1,3,1,3,1,1,8,0,1,1,0,0,0
201313563240,4,2,3,11,6,342.9126,2,6,4,2013,14,30,14,0,0,4,1,1,0,0,2,8,1,1,7,0,0,0
201313563244,3,2,3,11,6,19.0507,3,6,5,2013,14,52,12,1,0,2,1,2,2,1,2,8,0,2,1,0,0,0
201313563250,2,2,3,11,6,57.1521,2,6,6,2013,16,52,12,1,0,1,1,1,0,0,2,8,0,1,1,0,0,0
201313563259,3,2,3,11,6,19.0507,1,6,1,2013,13,18,9,0,0,2,1,1,2,1,2,8,0,3,1,0,0,0
201313563261,4,2,3,11,6,342.9126,2,7,2,2013,0,47,12,1,0,2,2,1,0,0,2,8,0,,1,0,0,0
201313563265,3,2,3,11,6,19.0507,2,7,2,2013,16,6,12,6,0,1,1,2,2,1,2,8,0,1,1,0,0,0
201313563273,3,2,3,11,6,19.0507,1,7,3,2013,12,6,9,0,0,2,1,10,2,1,2,8,0,2,1,0,0,0
201313563274,3,2,3,11,6,19.0507,1,7,3,2013,14,20,9,0,0,4,1,10,2,1,2,8,0,1,1,0,0,0
201313563281,5,2,7,11,6,97.97508,2,6,4,2013,15,20,12,6,0,4,1,1,1,1,2,1,0,1,1,0,0,0
201313563288,5,2,2,11,6,95.2535,2,7,6,2013,17,53,12,2,0,4,1,1,1,1,2,1,0,1,1,0,0,0
201313563296,3,2,7,11,6,48.98754,3,7,2,2013,12,21,1,0,0,4,1,2,3,4,2,1,0,1,1,0,0,0
201313563300,3,2,7,11,6,48.98754,2,7,4,2013,17,1,12,6,0,2,1,1,2,2,2,1,0,2,1,0,0,0
201313563310,3,2,5,11,6,19.0507,2,6,5,2013,22,15,12,6,0,2,2,10,2,1,2,1,0,2,1,0,0,0
201313563323,4,2,5,11,6,342.9126,2,7,2,2013,18,26,12,1,0,2,1,2,0,0,2,1,0,3,1,0,0,0
201313563343,4,2,16,11,6,342.9126,2,7,4,2013,16,45,12,1,0,1,1,10,1,2,2,3,0,1,1,0,0,0
201313563352,6,2,16,11,6,209.5577,2,7,2,2013,7,35,12,6,0,2,1,1,0,0,2,3,0,3,1,0,0,0
201313563357,3,2,16,11,6,19.0507,1,7,2,2013,21,30,25,0,0,1,2,1,2,1,2,3,0,1,3,0,0,0
201313563384,4,2,16,11,6,342.9126,2,7,6,2013,7,0,12,1,0,5,1,1,0,0,2,3,0,1,1,0,0,0
201313563389,4,2,3,11,6,342.9126,2,6,5,2013,19,0,14,0,0,1,2,1,0,0,2,8,1,1,7,0,0,0
201313563407,5,2,3,11,6,95.2535,2,7,1,2013,15,54,12,1,0,2,1,10,2,2,2,8,0,3,1,0,0,0
201313563410,4,2,3,11,6,342.9126,2,7,1,2013,17,20,12,6,0,2,1,10,1,1,2,8,0,,1,0,0,0
201313563436,4,2,2,11,6,342.9126,2,8,7,2013,11,1,12,7,0,1,1,1,0,0,2,1,0,1,1,0,0,0
201313563452,5,2,6,11,6,95.2535,1,7,2,2013,11,17,42,0,0,1,1,1,1,1,2,1,0,1,4,0,0,0
201313563458,1,2,16,11,6,19.0507,1,7,1,2013,7,25,42,0,0,1,1,1,3,2,2,3,0,1,4,0,0,0
201313563459,1,2,16,11,6,19.0507,1,7,4,2013,14,35,42,0,0,1,1,10,3,2,1,3,0,1,4,0,0,0
201313563473,3,2,16,11,6,19.0507,2,7,5,2013,18,55,12,6,0,4,1,10,3,3,2,3,0,1,1,0,0,0
201313563496,5,2,16,11,6,95.2535,2,7,4,2013,10,0,12,1,0,1,1,1,1,2,2,3,0,1,1,0,0,0
201313563500,3,2,16,11,6,19.0507,2,7,5,2013,8,0,25,0,0,1,1,1,2,1,2,3,0,1,3,0,0,0
201313563503,3,2,16,11,6,19.0507,2,7,6,2013,12,20,12,1,0,2,1,1,3,2,2,3,0,3,1,0,0,0
201313563507,6,2,16,11,6,209.5577,2,7,7,2013,13,20,12,1,0,1,1,1,0,0,2,3,0,1,1,0,0,0
201313563511,1,2,16,11,6,19.0507,1,7,1,2013,12,20,1,0,0,1,1,1,4,1,2,3,0,1,4,0,0,0
201313563518,2,2,16,11,6,57.1521,2,7,3,2013,8,55,12,7,0,1,1,1,1,1,2,3,0,1,1,0,0,0
201313563542,4,2,3,11,6,342.9126,2,7,3,2013,17,20,12,1,0,2,1,2,0,0,2,8,0,,1,0,0,0
201313563560,4,2,3,11,6,342.9126,3,7,7,2013,17,54,12,1,0,2,1,1,2,1,2,8,0,,1,0,0,0
201313563579,4,2,3,11,6,342.9126,2,7,4,2013,22,39,12,1,0,1,3,1,0,0,2,8,0,1,1,0,0,0
201313563597,3,2,7,11,6,48.98754,1,7,7,2013,22,49,8,0,0,2,3,1,3,1,2,1,0,2,1,0,0,0
201313563598,3,2,7,11,6,48.98754,2,7,1,2013,15,44,12,6,0,2,1,10,2,1,2,1,0,2,1,0,0,0
201313563602,3,2,5,11,6,19.0507,1,7,4,2013,13,56,33,0,0,1,1,2,2,1,2,1,0,1,4,0,0,0
201313563606,6,2,5,11,6,209.5577,2,7,5,2013,17,39,12,6,0,1,1,1,0,0,2,1,0,1,1,0,0,0
201313563612,1,2,5,11,6,19.0507,1,7,1,2013,13,24,33,0,0,1,1,1,3,1,2,1,0,1,4,0,0,0
201313563613,4,2,5,11,6,342.9126,1,7,1,2013,22,49,34,0,0,1,2,1,0,0,2,1,0,1,4,0,0,0
201313563636,4,2,16,11,6,342.9126,2,7,6,2013,16,56,12,1,0,1,1,1,0,0,1,3,0,1,1,0,0,0
201313563660,4,2,16,11,6,342.9126,2,8,3,2013,17,47,12,1,0,1,1,1,0,0,2,3,0,1,1,0,0,0
201313563673,4,2,3,11,6,342.9126,2,7,3,2013,15,33,12,7,0,1,1,1,0,0,2,8,0,1,1,0,0,0
201313563683,3,2,3,11,6,19.0507,2,7,3,2013,17,13,12,6,0,4,1,1,2,2,2,8,0,1,1,0,0,0
201313563688,3,2,3,11,6,19.0507,2,7,5,2013,9,15,12,1,0,2,1,1,2,1,2,8,0,2,1,0,0,0
201313563691,6,2,3,11,6,209.5577,1,7,6,2013,11,28,59,0,0,2,1,1,2,1,2,8,0,2,4,0,0,0
201313563696,4,2,3,11,6,342.9126,2,7,6,2013,18,56,12,1,0,2,1,1,1,2,2,8,0,2,1,0,0,0
201313563716,3,2,3,11,6,19.0507,1,7,3,2013,14,50,9,0,0,2,1,1,2,1,2,8,0,2,1,0,0,0
201313563719,4,2,3,11,6,342.9126,2,7,3,2013,16,6,12,1,0,4,1,1,0,0,2,8,0,1,1,0,0,0
201313563727,3,2,3,11,6,19.0507,1,7,5,2013,9,42,9,0,0,2,1,1,2,1,2,8,0,3,1,0,0,0
201313563744,4,2,5,11,6,342.9126,2,7,2,2013,4,41,12,6,0,2,3,1,0,0,2,1,0,,1,0,0,0
201313563772,6,2,16,11,6,209.5577,1,7,5,2013,4,0,25,0,0,2,3,1,0,0,1,3,0,,,0,0,0
201313563799,4,2,16,11,6,342.9126,1,8,6,2013,6,45,11,0,0,1,2,10,0,0,2,3,0,1,1,0,0,0
201313563817,4,2,16,11,6,342.9126,1,8,2,2013,13,0,59,0,0,1,1,2,0,0,2,3,0,1,4,0,0,0
201313563819,6,2,16,11,6,209.5577,1,8,2,2013,14,10,25,0,0,1,1,2,0,0,2,3,0,1,4,0,0,0
201313563820,2,2,16,11,6,57.1521,1,8,2,2013,14,25,25,0,0,1,1,2,0,0,2,3,0,1,3,0,0,0
201313563839,3,2,16,11,6,19.0507,2,8,6,2013,18,24,12,9,0,1,1,1,3,1,2,3,0,1,1,0,0,0
201313563846,4,2,16,11,6,342.9126,1,8,1,2013,18,18,24,0,0,1,1,1,0,0,2,3,0,1,3,0,0,0
201313563855,1,2,5,11,6,19.0507,2,7,2,2013,8,26,12,2,0,1,1,10,4,3,2,1,0,1,1,0,0,0
201313563861,1,2,5,11,6,19.0507,4,8,6,2013,19,45,33,0,0,1,5,1,4,1,2,1,3,1,4,0,0,0
201313563870,3,2,3,11,6,19.0507,1,7,4,2013,10,54,9,0,0,4,1,1,3,1,2,8,0,1,1,0,0,0
201313563874,4,2,3,11,6,342.9126,2,7,6,2013,8,14,14,0,0,1,1,10,0,0,2,8,1,1,7,0,0,0
201313563893,4,2,3,11,6,342.9126,2,7,3,2013,7,51,14,0,0,1,1,1,0,0,2,8,1,1,7,0,0,0
201313563933,2,2,16,11,6,57.1521,8,8,7,2013,12,5,12,1,0,1,1,1,0,0,2,3,0,1,1,0,0,0
201313563941,3,2,16,11,6,19.0507,1,8,7,2013,12,5,34,0,0,1,1,1,3,1,2,3,0,1,4,0,0,0
201313563945,5,2,16,11,6,95.2535,1,8,2,2013,14,39,34,0,0,1,1,1,2,1,2,3,0,1,4,0,0,0
201313563955,4,2,16,11,6,342.9126,2,8,4,2013,18,45,12,1,0,5,1,1,0,0,2,3,0,1,1,0,0,0
201313563972,6,2,16,11,6,209.5577,1,8,3,2013,8,45,1,0,0,1,1,2,0,0,2,3,0,1,4,0,0,0
201313563979,4,2,16,11,6,342.9126,1,8,5,2013,8,15,25,0,0,1,1,1,0,0,2,3,0,1,3,0,0,0
201313563981,5,2,3,11,6,95.2535,2,7,4,2013,22,3,12,2,0,2,3,1,1,1,2,8,0,2,1,0,0,0
201313563988,3,2,3,11,6,19.0507,1,7,2,2013,17,56,9,0,0,4,1,1,2,1,2,8,0,1,1,16,0,0
201313563990,3,2,3,11,6,19.0507,2,7,3,2013,15,44,12,6,0,2,1,1,2,1,2,8,0,,1,0,0,0
201313563994,4,2,3,11,6,342.9126,2,7,4,2013,18,23,12,1,0,1,1,2,0,0,2,8,0,1,1,0,0,0
201313564013,4,2,3,11,6,342.9126,2,8,7,2013,2,0,14,0,0,1,3,1,0,0,2,8,1,1,7,0,0,0
201313564022,6,2,3,11,6,209.5577,2,8,2,2013,0,23,12,6,0,1,3,1,0,0,2,8,0,1,1,0,0,0
201313564034,4,2,3,11,6,342.9126,2,8,3,2013,21,25,12,1,0,2,3,1,0,0,2,8,0,,1,0,0,0
201313564057,4,2,3,11,6,342.9126,2,8,6,2013,9,23,12,1,0,2,1,1,0,0,2,8,0,,1,0,0,0
201313564061,3,2,3,11,6,19.0507,1,8,6,2013,15,21,9,0,0,1,1,1,0,0,2,8,0,1,1,16,0,0
201313564072,4,2,5,11,6,342.9126,2,7,4,2013,18,21,12,1,0,1,1,10,0,0,2,1,0,1,1,0,0,0
201313564081,5,2,5,11,6,95.2535,4,8,4,2013,17,19,12,1,0,4,1,1,2,2,2,1,0,1,1,0,0,0
201313564094,3,2,5,11,6,19.0507,2,8,7,2013,14,23,12,1,0,1,1,1,2,1,2,1,0,1,1,0,0,0
201313564095,4,2,5,11,6,342.9126,2,8,7,2013,16,30,12,1,0,2,1,1,0,0,2,1,0,,1,0,0,0
201313564099,3,2,7,11,6,48.98754,1,8,1,2013,9,34,9,0,0,2,1,1,3,1,2,1,0,2,1,0,0,0
201313564148,3,2,3,11,6,19.0507,1,8,1,2013,19,54,9,0,0,4,1,1,2,1,2,8,0,1,1,16,0,0
201313564151,4,2,3,11,6,342.9126,2,8,2,2013,17,30,12,6,0,2,1,10,0,0,2,8,0,,1,0,0,0
201313564171,4,2,3,11,6,342.9126,2,8,5,2013,19,53,12,1,0,2,1,1,0,0,2,8,0,,1,0,0,0
201313564173,3,2,5,11,6,19.0507,2,7,2,2013,11,34,12,1,0,2,1,1,2,1,2,1,0,,1,0,0,0
201313564182,3,2,5,11,6,19.0507,2,8,3,2013,21,45,12,1,0,2,3,1,2,1,2,1,0,2,1,0,0,0
201313564187,4,2,7,11,6,342.91278,2,8,3,2013,7,46,12,1,0,2,1,1,0,0,2,1,0,2,1,0,0,0
201313564188,6,2,7,11,6,195.95016,2,8,3,2013,14,24,12,6,0,4,1,1,2,4,2,1,0,1,1,0,0,0
201313564192,4,2,6,11,6,342.9126,1,8,7,2013,14,4,72,0,0,1,1,1,0,0,2,1,0,1,1,0,0,0
201313564218,2,2,16,11,6,57.1521,2,8,6,2013,14,42,12,7,0,1,1,1,1,1,2,3,0,1,1,0,0,0
201313564220,3,2,16,11,6,19.0507,2,8,1,2013,11,0,35,0,0,1,1,1,3,1,2,3,0,1,4,14,0,0
201313564225,3,2,16,11,6,19.0507,2,8,6,2013,15,0,12,1,0,1,1,1,3,1,2,3,0,1,1,0,0,0
201313564235,4,2,16,11,6,342.9126,2,9,2,2013,3,57,12,1,0,1,2,1,1,2,2,3,0,1,1,0,0,0
201313564249,6,2,16,11,6,209.5577,1,9,4,2013,7,30,1,0,0,1,1,1,2,1,2,3,0,1,4,0,0,0
201313564253,3,2,2,11,6,19.0507,1,9,2,2013,21,53,8,0,0,1,2,1,3,1,2,1,0,1,1,0,0,0
201313564255,3,2,3,11,6,19.0507,1,8,4,2013,15,20,15,0,0,2,1,1,2,1,2,8,0,2,1,0,0,0
201313564274,4,2,3,11,6,342.9126,2,8,6,2013,16,46,12,6,0,2,1,1,0,0,2,8,0,,1,0,0,0
201313564281,6,2,3,11,6,209.5577,2,8,7,2013,16,2,12,7,0,1,1,1,0,0,2,8,0,1,1,0,0,0
201313564293,4,2,3,11,6,342.9126,2,8,4,2013,7,38,12,7,0,2,1,1,0,0,2,8,0,,1,0,0,0
201313564299,6,2,5,11,6,209.5577,2,8,5,2013,17,11,12,1,0,2,1,1,0,0,2,1,0,,1,0,0,0
201313564303,3,2,5,11,6,19.0507,2,8,6,2013,14,34,12,1,0,1,1,1,3,3,2,1,0,1,1,0,0,0
201313564305,3,2,5,11,6,19.0507,1,8,6,2013,16,45,9,0,0,2,1,1,2,1,2,1,0,2,1,0,0,0
201313564309,4,2,5,11,6,342.9126,2,8,7,2013,13,56,12,1,0,1,1,1,2,6,2,1,0,1,1,0,0,0
201313564318,3,2,6,11,6,19.0507,2,8,1,2013,16,4,12,1,0,1,1,1,2,1,2,1,0,1,1,0,0,0
201313564321,3,2,5,11,6,19.0507,1,8,6,2013,10,14,8,0,0,2,1,1,3,1,2,1,0,3,1,0,0,0
201313564344,3,2,16,11,6,19.0507,2,9,4,2013,11,20,12,8,0,1,1,1,2,1,2,3,0,1,1,0,0,0
201313564345,4,2,16,11,6,342.9126,2,9,4,2013,16,55,12,1,0,1,1,1,0,0,2,3,0,1,1,0,0,0
201313564365,4,2,16,11,6,342.9126,2,9,2,2013,16,0,12,1,0,1,1,1,0,0,2,3,0,1,1,0,0,0
201313564382,3,2,16,11,6,19.0507,2,9,6,2013,13,40,12,1,0,1,1,1,3,1,2,3,0,1,1,0,0,0
201313564398,3,2,3,11,6,19.0507,1,8,4,2013,20,54,8,0,0,2,3,1,2,1,2,8,0,2,1,0,0,0
201313564405,4,2,3,11,6,342.9126,1,8,6,2013,16,0,9,0,0,2,1,1,0,0,2,8,0,,1,0,0,0
201313564409,3,2,3,11,6,19.0507,1,8,7,2013,0,26,8,0,0,1,2,1,2,1,1,8,0,1,1,16,0,0
201313564414,3,2,3,11,6,19.0507,1,8,1,2013,11,52,34,0,0,1,1,1,2,1,2,8,0,1,4,0,0,0
201313564426,4,2,3,11,6,342.9126,2,8,3,2013,15,41,12,1,0,2,1,1,0,0,2,8,0,,1,0,0,0
201313564460,4,2,5,11,6,342.9126,2,8,4,2013,12,40,12,6,0,4,1,1,5,1,2,1,0,1,1,0,0,0
201313564467,1,2,6,11,6,19.0507,1,8,5,2013,7,56,42,0,0,1,1,1,3,1,2,1,0,1,4,0,0,0
201313564476,4,2,7,11,6,342.91278,2,8,3,2013,7,1,12,1,0,4,4,2,0,0,2,1,0,1,1,0,0,0
201313564478,3,2,7,11,6,48.98754,2,8,6,2013,19,33,12,1,0,4,1,1,2,1,2,1,0,1,1,0,0,0
201313564493,6,2,16,11,6,209.5577,1,9,2,2013,19,15,24,0,0,5,1,1,0,0,2,3,0,1,4,0,0,0
201313564495,1,2,16,11,6,19.0507,1,9,6,2013,2,17,18,0,0,1,2,1,4,1,2,3,0,1,3,0,0,0
201313564496,4,2,16,11,6,342.9126,1,9,6,2013,7,15,11,0,0,1,1,10,1,1,2,3,0,1,1,0,0,0
201313564499,4,2,3,11,6,342.9126,2,7,2,2013,19,44,12,6,0,2,1,1,0,0,2,8,0,,1,0,0,0
201313564501,3,2,3,11,6,19.0507,2,8,6,2013,10,8,12,1,0,2,1,1,2,1,2,8,0,2,1,0,0,0
201313564513,3,2,3,11,6,19.0507,2,8,6,2013,14,28,12,2,0,4,1,1,2,1,2,8,0,1,1,0,0,0
201313564521,4,2,3,11,6,342.9126,2,8,7,2013,11,14,12,1,0,2,1,1,0,0,2,8,0,,1,0,0,0
201313564554,5,2,16,11,6,95.2535,1,9,1,2013,16,30,1,0,0,1,1,1,2,1,2,3,0,1,1,0,0,0
201313564575,4,2,16,11,6,342.9126,2,9,3,2013,16,0,12,1,0,5,1,1,1,1,2,3,0,1,1,0,0,0
201313564597,3,2,3,11,6,19.0507,2,8,6,2013,20,47,12,1,0,2,3,1,2,1,2,8,0,3,1,0,0,0
201313564607,4,2,3,11,6,342.9126,2,9,4,2013,9,22,12,1,0,1,1,1,1,1,2,8,0,1,1,0,0,0
201313564697,4,2,16,11,6,342.9126,1,9,2,2013,22,48,11,0,0,1,2,10,0,0,2,3,0,1,1,0,0,0
201313564712,3,2,16,11,6,19.0507,3,9,3,2013,16,38,12,1,0,1,1,1,2,1,2,3,0,1,1,19,0,0
201313564716,6,2,16,11,6,209.5577,1,9,5,2013,7,17,42,0,0,1,1,1,0,0,2,3,0,1,4,0,0,0
201313564721,4,2,16,11,6,342.9126,3,9,6,2013,18,17,12,1,0,1,1,1,0,0,2,3,0,1,1,0,0,0
201313564723,1,2,16,11,6,19.0507,1,9,6,2013,22,40,42,0,0,1,2,1,3,1,2,3,0,1,4,0,0,0
201313564733,3,2,3,11,6,19.0507,1,8,4,2013,14,53,8,0,0,1,1,10,4,1,2,8,0,1,1,0,0,0
201313564739,4,2,3,11,6,342.9126,2,9,3,2013,17,15,12,1,0,2,1,1,0,0,2,8,0,,1,0,0,0
201313564760,3,2,3,11,6,19.0507,1,9,6,2013,21,31,1,0,0,1,3,1,2,1,2,8,0,1,1,0,0,0
201313564761,4,2,3,11,6,342.9126,2,9,6,2013,21,55,12,7,0,2,3,1,0,0,2,8,0,,1,0,0,0
201313564762,3,2,3,11,6,19.0507,1,9,7,2013,12,58,1,0,0,2,1,1,2,1,2,8,0,2,1,0,0,0
201313564768,6,2,3,11,6,209.5577,3,9,1,2013,14,50,12,6,0,2,1,1,0,0,2,8,0,2,1,0,0,0
201313564792,6,2,6,11,6,209.5577,1,9,7,2013,16,49,53,0,0,1,1,1,0,0,2,1,0,1,4,0,0,0
201313564801,2,2,5,11,6,57.1521,3,9,4,2013,7,39,12,6,0,4,1,1,0,0,2,1,0,1,1,0,0,0
201313564808,4,2,5,11,6,342.9126,1,9,6,2013,19,42,59,0,0,1,5,1,0,0,2,1,0,1,4,0,0,0
201313564872,2,2,16,11,6,57.1521,3,9,6,2013,17,31,12,7,0,1,1,1,1,1,2,3,0,1,1,0,0,0
201313564876,1,2,16,11,6,19.0507,1,9,5,2013,14,40,59,0,0,1,1,2,3,2,2,3,0,1,4,0,0,0
201313564890,4,2,16,11,6,342.9126,1,10,3,2013,21,15,11,0,0,1,2,10,2,2,2,3,0,1,1,0,0,0
201313564912,4,2,3,11,6,342.9126,2,8,3,2013,10,45,12,1,0,4,1,1,0,0,2,8,0,1,1,0,0,0
201313564920,5,2,3,11,6,95.2535,2,9,6,2013,11,49,12,6,0,2,1,1,2,2,2,8,0,3,1,0,0,0
201313564927,3,2,3,11,6,19.0507,2,9,4,2013,17,47,12,6,0,4,1,10,2,2,2,8,0,1,1,28,0,0
201313564936,4,2,3,11,6,342.9126,2,9,6,2013,11,36,12,1,0,1,1,10,0,0,2,8,0,1,1,23,0,0
201313564955,4,2,3,11,6,342.9126,2,9,1,2013,18,0,12,7,0,2,1,2,0,0,2,8,0,,1,0,0,0
201313564963,3,2,3,11,6,19.0507,1,9,3,2013,19,22,8,0,0,1,1,1,2,1,2,8,0,1,1,0,0,0
201313564968,3,2,3,11,6,19.0507,2,9,4,2013,18,24,12,6,0,2,1,1,2,1,2,8,0,,1,0,0,0
201313564980,4,2,5,11,6,342.9126,2,9,5,2013,12,37,12,6,0,2,1,1,0,0,2,1,0,,1,0,0,0
201313564991,5,2,5,11,6,95.2535,3,9,3,2013,7,26,12,1,0,1,1,1,1,1,2,1,0,1,1,0,0,0
201313564999,6,2,5,11,6,209.5577,3,9,5,2013,9,0,12,1,0,2,1,10,0,0,2,1,0,,1,0,0,0
201313565025,4,2,16,11,6,342.9126,2,10,7,2013,5,50,25,0,0,1,2,2,1,1,2,3,0,1,4,0,0,0
201313565029,6,2,16,11,6,209.5577,2,10,7,2013,22,40,12,6,0,5,2,2,1,3,2,3,0,1,1,0,0,0
201313565034,5,2,16,11,6,95.2535,2,10,1,2013,14,20,12,6,0,5,1,10,1,1,2,3,0,1,1,0,0,0
201313565066,4,2,16,11,6,342.9126,1,10,5,2013,21,0,11,0,0,1,2,10,0,0,2,3,0,1,1,0,0,0
201313565071,3,2,16,11,6,19.0507,2,10,6,2013,16,50,12,1,0,1,1,1,3,2,2,3,0,1,1,0,0,0
201313565085,6,2,16,11,6,209.5577,1,10,1,2013,4,27,11,0,0,1,2,1,0,0,2,3,0,1,1,0,0,0
201313565094,4,2,16,11,6,342.9126,1,10,2,2013,3,53,11,0,0,1,2,1,0,0,2,3,0,1,1,0,0,0
201313565117,3,2,3,11,6,19.0507,1,9,6,2013,11,48,1,0,0,4,1,10,2,1,2,8,0,1,1,0,0,0
201313565122,4,2,3,11,6,342.9126,2,9,5,2013,11,19,12,1,0,2,1,1,0,0,2,8,0,,1,0,0,0
201313565142,4,2,3,11,6,342.9126,2,9,7,2013,13,1,12,6,0,7,1,1,0,0,2,8,0,1,1,0,0,0
201313565157,6,2,3,11,6,209.5577,2,9,2,2013,17,38,12,1,0,1,1,1,0,0,2,8,0,1,1,0,0,0
201313565161,4,2,3,11,6,342.9126,2,9,3,2013,9,40,12,1,0,2,1,1,0,0,2,8,0,,1,0,0,0
201313565164,2,2,3,11,6,57.1521,3,9,3,2013,12,14,12,1,0,1,1,10,3,1,2,8,0,1,1,0,0,0
201313565168,3,2,3,11,6,19.0507,2,9,3,2013,16,8,12,6,0,4,1,1,2,1,2,8,0,1,1,0,0,0
201313565171,3,2,3,11,6,19.0507,1,9,3,2013,18,38,9,0,0,2,1,1,3,1,2,8,0,2,1,0,0,0