CASENUM,STRATUM,REGION,PJ,PSU,PSUSTRAT,WEIGHT,VE_TOTAL,MONTH,WKDY_IM,YEAR,HOUR_IM,MINUTE_IM,EVENT1_IM,MANCOL_IM,RELJCT1_IM,RELJCT2_IM,LGTCON_IM,WEATHR_IM,MAXSEV_IM,NO_INJ_IM,ALCHL_IM,LAND_USE,PVH_INVL,TYP_INT,REL_ROAD,CF1,CF2,CF3
201313565183,4,2,3,11,6,342.9126,2,9,5,2013,19,18,12,6,0,4,3,1,0,0,2,8,0,1,1,0,0,0
201313565202,4,2,5,11,6,342.9126,2,9,7,2013,4,53,12,6,0,2,3,1,0,0,2,1,0,,1,0,0,0
201313565232,4,2,5,11,6,342.9126,2,9,5,2013,20,54,12,6,0,2,2,1,0,0,2,1,0,6,1,0,0,0
201313565246,5,2,7,11,6,97.97508,1,9,7,2013,13,33,33,0,0,1,1,1,2,1,2,1,0,1,4,0,0,0
201313565247,4,2,7,11,6,342.91278,1,9,2,2013,6,59,11,0,0,1,4,1,0,0,2,1,0,1,1,0,0,0
201313565249,3,2,7,11,6,48.98754,1,9,3,2013,6,36,11,0,0,1,4,10,2,1,2,1,0,1,1,0,0,0
201313565253,2,2,16,11,6,57.1521,2,10,5,2013,23,40,12,1,0,1,3,1,1,1,1,3,0,1,1,0,0,0
201313565258,4,2,16,11,6,342.9126,1,10,5,2013,12,30,34,0,0,1,1,10,0,0,2,3,0,1,4,0,0,0
201313565273,3,2,3,11,6,19.0507,1,9,7,2013,13,32,9,0,0,4,1,10,3,1,2,8,0,1,1,16,0,0
201313565279,4,2,3,11,6,342.9126,2,9,5,2013,15,39,12,6,0,2,1,1,0,0,2,8,0,2,1,0,0,0
201313565290,3,2,3,11,6,19.0507,2,9,1,2013,20,15,9,0,0,2,3,10,2,2,2,8,0,2,1,16,0,0
201313565301,3,2,3,11,6,19.0507,1,10,3,2013,17,10,9,0,0,1,1,10,2,1,2,8,0,1,1,0,0,0
201313565303,4,2,3,11,6,342.9126,1,10,4,2013,22,14,7,0,0,1,3,1,0,0,2,8,0,1,1,0,0,0
201313565308,2,2,16,11,6,57.1521,2,10,3,2013,14,50,12,7,0,1,1,10,1,1,2,3,0,1,1,0,0,0
201313565355,6,2,2,11,6,209.5577,2,10,2,2013,21,19,12,2,0,2,2,1,0,0,2,1,0,2,1,0,0,0
201313565369,4,2,3,11,6,342.9126,2,10,6,2013,9,1,12,7,0,4,1,1,0,0,2,8,0,1,1,0,0,0
201313565370,3,2,3,11,6,19.0507,1,10,6,2013,9,30,9,0,0,2,1,10,2,1,2,8,0,3,1,0,0,0
201313565391,4,2,3,11,6,342.9126,2,10,1,2013,11,24,12,1,0,1,1,2,0,0,2,8,0,1,1,0,0,0
201313565393,3,2,3,11,6,19.0507,2,10,1,2013,14,59,12,6,0,2,1,2,2,1,2,8,0,2,1,0,0,0
201313565394,3,2,3,11,6,19.0507,1,10,1,2013,15,44,9,0,0,2,1,2,2,1,2,8,0,3,1,0,0,0
201313565403,3,2,6,11,6,19.0507,1,10,1,2013,8,30,11,0,0,1,4,10,2,1,2,1,0,1,1,0,0,0
201313565424,2,2,16,11,6,57.1521,2,10,6,2013,16,30,12,7,0,1,1,1,0,0,2,3,0,1,1,0,0,0
201313565426,4,2,16,11,6,342.9126,2,10,6,2013,17,30,12,1,0,1,1,1,0,0,2,3,0,1,1,0,0,0
201313565430,6,2,16,11,6,209.5577,1,10,6,2013,20,45,34,0,0,1,2,10,1,3,2,3,0,1,4,0,0,0
201313565452,4,2,16,11,6,342.9126,1,10,2,2013,6,30,11,0,0,1,4,1,0,0,2,3,0,1,1,0,0,0
201313565476,4,2,16,11,6,342.9126,2,10,4,2013,9,22,12,1,0,1,1,10,0,0,2,3,0,1,1,0,0,0
201313565495,4,2,16,11,6,342.9126,3,10,7,2013,17,5,12,1,0,1,1,10,1,1,2,3,0,1,1,0,0,0
201313565525,3,2,3,11,6,19.0507,1,10,2,2013,15,43,9,0,0,2,1,1,2,1,2,8,0,2,1,0,0,0
201313565526,4,2,3,11,6,342.9126,2,10,2,2013,16,43,14,0,0,1,1,1,0,0,2,8,1,1,7,0,0,0
201313565546,6,2,3,11,6,209.5577,1,10,4,2013,9,25,42,0,0,1,1,1,0,0,2,8,0,1,4,0,0,0
201313565547,3,2,3,11,6,19.0507,1,10,4,2013,12,52,9,0,0,2,1,1,2,1,2,8,0,3,1,0,0,0
201313565554,4,2,3,11,6,342.9126,2,10,4,2013,19,24,12,9,0,4,1,1,0,0,2,8,0,1,1,0,0,0
201313565555,3,2,16,11,6,19.0507,2,10,5,2013,8,0,12,1,0,1,1,1,2,2,2,3,0,1,1,0,0,0
201313565564,6,2,16,11,6,209.5577,1,10,5,2013,14,0,21,0,0,1,1,1,0,0,2,3,0,1,3,0,0,0
201313565580,3,2,3,11,6,19.0507,1,10,6,2013,11,54,9,0,0,2,1,1,2,1,2,8,0,3,1,0,0,0
201313565584,4,2,3,11,6,342.9126,2,10,6,2013,14,48,12,1,0,1,1,1,0,0,2,8,0,1,1,0,0,0
201313565590,3,2,3,11,6,19.0507,1,10,6,2013,18,31,9,0,0,2,1,1,2,1,2,8,0,3,1,0,0,0
201313565592,4,2,16,11,6,342.9126,1,10,3,2013,2,19,11,0,0,1,2,1,1,1,2,3,0,1,1,0,0,0
201313565615,5,2,16,11,6,95.2535,2,10,5,2013,2,30,12,6,0,5,2,2,1,1,1,3,0,1,1,0,0,0
201313565634,4,2,3,11,6,342.9126,2,10,7,2013,15,44,12,1,0,1,1,1,0,0,2,8,0,1,1,0,0,0
201313565642,3,2,3,11,6,19.0507,2,10,4,2013,13,29,12,6,0,4,1,1,2,2,2,8,0,1,1,0,0,0
201313565659,4,2,3,11,6,342.9126,2,10,5,2013,17,41,12,1,0,2,1,2,0,0,2,8,0,3,1,0,0,0
201313565664,1,2,16,11,6,19.0507,1,10,5,2013,23,8,42,0,0,1,2,2,3,1,1,3,0,1,4,0,0,0
201313565667,4,2,5,11,6,342.9126,2,10,2,2013,17,8,12,6,0,2,1,1,0,0,2,1,0,3,1,0,0,0
201313565684,5,2,5,11,6,95.2535,2,10,5,2013,13,54,12,6,0,4,1,1,1,2,2,1,0,1,1,0,0,0
201313565690,4,2,7,11,6,342.91278,2,10,5,2013,17,2,14,0,0,4,1,1,0,0,2,1,1,1,7,0,0,0
201313565698,3,2,5,11,6,19.0507,2,10,7,2013,14,35,12,6,0,2,1,1,2,1,1,1,0,3,1,0,0,0
201313565704,4,2,5,11,6,342.9126,3,10,2,2013,12,6,12,1,0,2,1,1,1,1,2,1,0,2,1,0,0,0
201313565705,3,2,5,11,6,19.0507,2,10,2,2013,15,26,12,1,0,1,1,1,2,2,2,1,0,1,1,0,0,0
201313565736,3,2,3,11,6,19.0507,1,10,1,2013,10,2,1,0,0,1,1,1,2,1,2,8,0,1,1,0,0,0
201313565765,4,2,3,11,6,342.9126,3,10,6,2013,14,45,12,1,0,2,1,1,1,1,2,8,0,3,1,0,0,0
201313565772,5,2,3,11,6,95.2535,2,10,6,2013,20,55,12,6,0,2,3,1,2,1,2,8,0,2,1,0,0,0
201313565784,4,2,3,11,6,342.9126,2,10,7,2013,15,40,12,1,0,2,1,2,0,0,2,8,0,,1,0,0,0
201313565786,3,2,3,11,6,19.0507,1,10,7,2013,19,0,9,0,0,2,2,10,2,1,2,8,0,3,1,0,0,0
201313565788,3,2,3,11,6,19.0507,1,10,1,2013,16,9,8,0,0,2,1,10,2,1,2,8,0,2,1,0,0,0
201313565790,4,2,16,11,6,342.9126,1,10,7,2013,17,45,24,0,0,1,1,1,0,0,2,3,0,1,4,0,0,0
201313565798,2,2,16,11,6,57.1521,3,10,6,2013,18,8,12,1,0,1,1,1,2,1,2,3,0,1,1,0,0,0
201313565804,6,2,16,11,6,209.5577,1,10,5,2013,22,50,1,0,0,1,2,2,0,0,2,3,0,1,3,0,0,0
201313565828,6,2,5,11,6,209.5577,2,10,7,2013,15,11,12,6,0,2,1,2,0,0,2,1,0,3,1,0,0,0
201313565829,4,2,5,11,6,342.9126,2,10,7,2013,15,37,12,1,0,1,1,2,1,1,2,1,0,1,1,0,0,0
201313565836,4,2,7,11,6,342.91278,1,10,2,2013,8,0,11,0,0,1,1,10,0,0,2,1,0,1,1,0,0,0
201313565854,4,2,16,11,6,342.9126,1,11,7,2013,2,0,11,0,0,1,2,10,0,0,2,3,0,1,1,0,0,0
201313565874,6,2,16,11,6,209.5577,1,11,6,2013,16,15,1,0,0,1,1,1,0,0,2,3,0,1,4,0,0,0
201313565881,3,2,3,11,6,19.0507,1,10,2,2013,19,46,9,0,0,2,2,1,2,1,2,8,0,3,1,0,0,0
201313565883,3,2,3,11,6,19.0507,1,10,4,2013,21,41,9,0,0,2,2,10,2,1,2,8,0,3,1,0,0,0
201313565888,6,2,3,11,6,209.5577,2,10,1,2013,8,41,12,6,0,4,1,1,0,0,2,8,0,1,1,0,0,0
201313565902,3,2,3,11,6,19.0507,2,10,4,2013,16,8,12,1,0,2,1,1,2,1,2,8,0,2,1,0,0,0
201313565903,4,2,3,11,6,342.9126,1,10,5,2013,21,37,11,0,0,1,2,1,0,0,2,8,0,1,1,0,0,0
201313565908,1,2,1,11,6,19.0507,1,11,3,2013,20,26,42,0,0,1,2,10,4,1,1,8,0,1,4,0,0,0
201313565924,4,2,3,11,6,342.9126,2,10,7,2013,22,30,12,1,0,4,3,1,0,0,2,8,0,1,1,0,0,0
201313565937,3,2,3,11,6,19.0507,1,10,4,2013,6,44,9,0,0,2,3,1,2,1,2,8,0,2,1,16,0,0
201313565943,3,2,3,11,6,19.0507,1,10,5,2013,7,14,8,0,0,2,3,2,2,1,2,8,0,2,1,0,0,0
201313565950,4,2,3,11,6,342.9126,2,10,5,2013,13,26,12,6,0,4,1,2,0,0,2,8,0,1,1,0,0,0
201313565969,4,2,3,11,6,342.9126,2,11,7,2013,23,47,12,7,0,1,3,1,0,0,2,8,0,1,1,0,0,0
201313565972,3,2,3,11,6,19.0507,2,11,1,2013,10,16,12,6,0,2,1,1,2,2,2,8,0,3,1,0,0,0
201313565973,6,2,3,11,6,209.5577,3,11,1,2013,10,31,12,1,0,2,1,1,0,0,2,8,0,,1,0,0,0
201313565991,3,2,3,11,6,19.0507,1,11,6,2013,17,21,9,0,0,2,1,10,2,1,2,8,0,2,1,0,0,0
201313565994,4,2,3,11,6,342.9126,2,11,3,2013,17,51,12,1,0,2,5,1,0,0,2,8,0,2,1,0,0,0
201313566017,4,2,3,11,6,342.9126,2,11,5,2013,15,40,12,6,0,2,1,1,0,0,2,8,0,,1,0,0,0
201313566027,4,2,16,11,6,342.9126,2,11,4,2013,17,0,12,6,0,1,1,1,5,1,2,3,0,1,1,0,0,0
201313566028,6,2,16,11,6,209.5577,4,11,4,2013,18,10,12,1,0,1,2,10,1,1,2,3,0,1,1,0,0,0
201313566063,4,2,16,11,6,342.9126,2,11,5,2013,17,36,12,7,0,1,5,1,0,0,1,3,0,1,1,0,0,0
201313566088,4,2,5,11,6,342.9126,2,10,5,2013,18,31,12,1,0,1,3,2,2,1,2,1,0,1,1,0,0,0
201313566100,3,2,5,11,6,19.0507,1,11,6,2013,17,31,8,0,0,1,1,10,2,2,2,1,0,1,1,0,0,0
201313566103,4,2,16,11,6,342.9126,2,11,4,2013,7,30,12,7,0,2,4,10,0,0,2,3,0,6,1,0,0,0
201313566108,6,2,16,11,6,209.5577,1,11,4,2013,15,0,1,0,0,1,1,1,1,2,2,3,0,1,4,0,0,0
201313566126,1,2,6,11,6,19.0507,1,10,7,2013,2,14,42,0,0,1,2,1,3,1,1,1,0,1,4,0,0,0
201313566140,4,2,7,11,6,342.91278,1,11,3,2013,7,10,11,0,0,1,4,10,0,0,2,1,0,1,1,0,0,0
201313566174,5,2,16,11,6,95.2535,2,11,2,2013,10,20,12,1,0,1,1,10,2,1,2,3,0,1,1,0,0,0
201313566178,1,2,16,11,6,19.0507,2,11,2,2013,15,43,12,2,0,1,1,2,4,3,2,3,0,1,1,0,0,0
201313566190,2,2,16,11,6,57.1521,3,11,7,2013,10,10,24,0,0,1,1,11,0,0,2,3,0,1,4,0,0,0
201313566192,4,2,16,11,6,342.9126,1,11,7,2013,11,0,24,0,0,1,1,10,0,0,2,3,0,1,3,0,0,0
201313566203,6,2,16,11,6,209.5577,2,11,7,2013,23,55,12,6,0,1,2,4,0,0,2,3,0,1,1,0,0,0
201313566235,4,2,3,11,6,342.9126,1,11,6,2013,20,40,11,0,0,1,2,1,0,0,2,8,0,1,1,0,0,0
201313566258,4,2,5,11,6,342.9126,2,11,2,2013,6,52,12,1,0,1,4,1,0,0,2,1,0,1,1,0,0,0
201313566281,3,2,3,11,6,19.0507,2,11,7,2013,20,38,12,1,0,2,3,1,2,1,2,8,0,2,1,0,0,0
201313566282,4,2,3,11,6,342.9126,2,11,7,2013,23,5,12,1,0,2,3,2,0,0,2,8,0,,1,0,0,0
201313566285,6,2,3,11,6,209.5577,1,11,2,2013,20,47,25,0,0,1,3,10,0,0,2,8,0,1,3,0,0,0
201313566290,3,2,3,11,6,19.0507,2,11,3,2013,15,51,12,6,0,7,1,1,2,1,2,8,0,1,1,0,0,0
201313566305,4,2,16,11,6,342.9126,2,11,5,2013,20,20,12,7,0,5,2,2,0,0,2,3,0,1,1,0,0,0
201313566354,3,2,3,11,6,19.0507,1,11,7,2013,18,51,8,0,0,2,2,1,2,1,1,8,0,2,1,0,0,0
201313566355,4,2,3,11,6,342.9126,2,11,7,2013,19,0,14,0,0,1,2,1,0,0,2,8,1,1,7,0,0,0
201313566376,4,2,3,11,6,342.9126,1,11,1,2013,6,18,33,0,0,1,3,1,0,0,2,8,0,1,3,0,0,0
201313566395,4,2,16,11,6,342.9126,2,11,6,2013,20,55,12,7,0,5,2,10,0,0,2,3,0,1,1,0,0,0
201313566396,6,2,16,11,6,209.5577,1,11,5,2013,8,55,42,0,0,1,1,10,0,0,2,3,0,1,4,0,0,0
201313566416,6,2,5,11,6,209.5577,2,11,6,2013,15,39,12,1,0,1,1,1,2,1,2,1,0,1,1,0,0,0
201313566418,5,2,5,11,6,95.2535,2,11,7,2013,10,47,12,6,0,1,1,10,1,1,1,1,0,1,1,0,0,0
201313566421,4,2,5,11,6,342.9126,2,11,1,2013,2,10,12,6,0,4,2,2,2,1,2,1,0,1,1,0,0,0
201313566457,3,2,3,11,6,19.0507,1,11,1,2013,0,30,8,0,0,2,3,2,2,1,2,8,0,3,1,0,0,0
201313566464,4,2,3,11,6,342.9126,4,11,2,2013,14,22,12,1,0,1,1,10,1,1,2,8,0,1,1,0,0,0
201313566485,4,2,3,11,6,342.9126,3,11,5,2013,12,55,12,1,0,2,1,10,1,1,2,8,0,3,1,0,0,0
201313566492,6,2,3,11,6,209.5577,2,11,5,2013,18,0,12,1,0,1,2,2,0,0,2,8,0,1,1,0,0,0
201313566506,4,2,3,11,6,342.9126,2,11,6,2013,7,35,12,6,0,2,1,10,1,1,2,8,0,6,1,0,0,0
201313566514,3,2,3,11,6,19.0507,2,11,5,2013,18,57,12,6,0,2,3,2,2,1,2,8,0,2,1,0,0,0
201313566516,5,2,3,11,6,95.2535,2,11,6,2013,13,5,12,6,0,2,1,10,2,2,2,8,0,2,1,0,0,0
201313566527,4,2,3,11,6,342.9126,3,11,7,2013,12,46,12,1,0,1,1,10,0,0,2,8,0,1,1,0,0,0
201313566534,3,2,3,11,6,19.0507,2,11,7,2013,22,9,12,2,0,6,3,11,2,1,2,8,0,1,1,0,0,0
201313566548,1,2,16,11,6,19.0507,2,11,2,2013,19,45,12,6,0,1,2,4,3,1,2,3,0,1,2,0,0,0
201313566553,4,2,16,11,6,342.9126,2,11,2,2013,20,52,25,0,0,1,2,11,0,0,2,3,0,1,3,0,0,0
201313566556,6,2,16,11,6,209.5577,1,12,1,2013,2,23,1,0,0,1,2,1,3,1,1,3,0,1,1,0,0,0
201313566586,4,2,16,11,6,342.9126,1,12,2,2013,7,30,11,0,0,1,4,10,0,0,2,3,0,1,1,0,0,0
201313566592,6,2,16,11,6,209.5577,1,12,3,2013,8,30,34,0,0,1,1,1,0,0,2,3,0,1,4,0,0,0
201313566610,3,2,16,11,6,19.0507,2,12,6,2013,7,35,12,1,0,1,4,10,4,1,2,3,0,1,1,0,0,0
201313566617,3,2,16,11,6,19.0507,2,12,7,2013,2,47,14,0,0,1,2,11,2,1,1,3,1,1,5,0,0,0
201313566620,4,2,16,11,6,342.9126,2,12,7,2013,7,0,12,1,0,1,2,11,0,0,2,3,0,1,1,0,0,0
201313566633,6,2,16,11,6,209.5577,2,12,7,2013,10,45,12,2,0,1,1,11,3,2,2,3,0,1,1,0,0,0
201313566636,2,2,16,11,6,57.1521,2,12,7,2013,11,40,24,0,0,1,1,11,2,2,2,3,0,1,3,0,0,0
201313566639,5,2,16,11,6,95.2535,1,12,7,2013,13,29,42,0,0,1,1,4,1,1,2,3,0,1,4,0,0,0
201313566647,4,2,16,11,6,342.9126,1,12,7,2013,15,45,59,0,0,1,1,11,0,0,2,3,0,1,4,0,0,0
201313566672,1,2,16,11,6,19.0507,4,11,2,2013,19,45,24,0,0,1,2,11,4,5,2,3,0,1,3,0,0,0
201313566680,2,2,16,11,6,57.1521,2,12,1,2013,12,7,12,6,0,1,1,4,2,2,2,3,0,1,1,0,0,0
201313566681,3,2,16,11,6,19.0507,1,12,1,2013,13,9,25,0,0,1,1,1,2,2,2,3,0,1,3,0,0,0
201313566693,4,2,16,11,6,342.9126,1,12,2,2013,13,57,34,0,0,1,1,1,0,0,2,3,0,1,4,0,0,0
201313566706,6,2,16,11,6,209.5577,3,12,4,2013,7,24,12,7,0,1,4,10,0,0,2,3,0,1,1,0,0,0
201313566712,4,2,3,11,6,342.9126,1,11,7,2013,21,30,33,0,0,1,3,11,0,0,2,8,0,1,4,0,0,0
201313566732,3,2,3,11,6,19.0507,2,11,3,2013,13,49,12,1,0,2,1,10,2,1,2,8,0,3,1,0,0,0
201313566733,4,2,3,11,6,342.9126,2,11,3,2013,14,0,14,0,0,4,1,10,0,0,2,8,1,1,7,0,0,0
201313566743,3,2,3,11,6,19.0507,1,11,4,2013,11,20,8,0,0,2,1,1,2,1,2,8,0,3,1,0,0,0
201313566753,4,2,3,11,6,342.9126,2,11,6,2013,13,16,14,0,0,1,1,1,0,0,2,8,1,1,7,0,0,0
201313566774,4,2,3,11,6,342.9126,2,12,2,2013,17,58,12,7,0,1,3,1,0,0,2,8,0,1,1,0,0,0
201313566784,6,2,3,11,6,209.5577,2,12,3,2013,18,46,14,0,0,1,3,10,0,0,2,8,1,1,7,0,0,0
201313566798,3,2,3,11,6,19.0507,1,12,5,2013,18,30,9,0,0,1,3,1,2,1,2,8,0,1,1,0,0,0
201313566799,4,2,3,11,6,342.9126,1,12,6,2013,10,21,30,0,0,1,1,10,0,0,2,8,0,1,4,0,0,0
201313566825,4,2,5,11,6,342.9126,2,12,4,2013,17,49,12,2,0,4,5,2,0,0,2,1,0,1,11,0,0,0
201313566835,6,2,5,11,6,209.5577,1,12,7,2013,10,41,33,0,0,2,1,1,0,0,2,1,0,,4,0,0,0
201313566844,4,2,7,11,6,342.91278,1,11,7,2013,17,17,42,0,0,1,1,10,0,0,2,1,0,1,4,0,0,0
201313566851,4,2,7,11,6,342.91278,2,12,1,2013,14,50,12,1,0,2,1,11,0,0,2,1,0,2,1,0,0,0
201313566873,1,2,3,11,6,19.0507,2,11,6,2013,12,34,12,6,0,2,1,10,4,1,2,8,0,2,1,0,0,0
201313566879,3,2,3,11,6,19.0507,1,12,6,2013,14,37,8,0,0,2,2,1,2,1,2,8,0,3,1,0,0,0
201313566899,4,2,16,11,6,342.9126,2,12,1,2013,0,5,12,6,0,1,2,10,1,1,2,3,0,1,1,0,0,0
201313566915,3,2,16,11,6,19.0507,2,12,1,2013,0,2,12,1,0,1,2,2,3,4,2,3,0,1,1,0,0,0
201313566923,6,2,16,11,6,209.5577,1,12,3,2013,15,0,42,0,0,1,1,1,0,0,2,3,0,1,4,0,0,0
201313566927,4,2,16,11,6,342.9126,1,12,4,2013,10,59,25,0,0,1,1,11,0,0,2,3,0,1,3,0,0,0
201313566965,4,2,3,11,6,342.9126,2,12,6,2013,19,50,12,6,0,2,1,1,1,1,2,8,0,,1,0,0,0
201313566986,4,2,3,11,6,342.9126,1,12,3,2013,11,42,30,0,0,2,1,1,2,2,2,8,0,,4,0,0,0
201313567000,6,2,3,11,6,209.5577,2,12,4,2013,14,39,12,1,0,2,1,10,1,1,2,8,0,2,1,0,0,0
201313567007,4,2,3,11,6,342.9126,2,12,4,2013,17,55,12,1,0,1,3,11,0,0,2,8,0,1,1,0,0,0
201313567031,4,2,3,11,6,342.9126,2,12,7,2013,12,0,12,7,0,2,1,11,0,0,2,8,0,,1,0,0,0
201313567053,3,2,5,11,6,19.0507,2,12,5,2013,16,55,12,2,0,2,5,10,2,1,2,1,0,3,1,0,0,0
201313567057,4,2,5,11,6,342.9126,2,12,2,2013,8,37,12,1,0,2,1,10,2,3,2,1,0,,1,0,0,0
201313567060,4,2,6,11,6,342.9126,2,12,2,2013,9,3,12,1,0,2,1,10,0,0,2,1,0,3,1,0,0,0
201313567084,3,2,5,11,6,19.0507,2,12,6,2013,7,42,12,6,0,2,1,10,2,1,2,1,0,3,1,0,0,0
201313567094,4,2,5,11,6,342.9126,2,12,7,2013,11,54,12,8,0,1,1,11,1,2,2,1,0,1,1,0,0,0
201313567097,3,2,5,11,6,19.0507,1,12,7,2013,17,42,30,0,0,1,2,11,2,1,2,1,0,1,4,0,0,0
201313567108,1,2,3,11,6,19.0507,1,12,2,2013,21,3,59,0,0,1,2,1,3,1,1,8,0,1,3,20,0,0
201313567138,4,2,3,11,6,342.9126,2,12,6,2013,17,17,12,1,0,2,1,1,0,0,2,8,0,,1,0,0,0
201313567150,6,2,3,11,6,209.5577,2,12,2,2013,12,39,12,6,0,2,1,1,0,0,2,8,0,2,1,0,0,0
201313567160,3,2,3,11,6,19.0507,1,12,3,2013,10,13,30,0,0,1,1,10,2,1,2,8,0,1,4,0,0,0
201313567162,4,2,3,11,6,342.9126,2,12,3,2013,14,19,14,0,0,1,1,1,0,0,2,8,1,1,7,0,0,0
201313567184,4,2,3,11,6,342.9126,2,12,5,2013,9,43,12,1,0,2,1,1,0,0,2,8,0,,1,0,0,0
201313567201,4,2,16,11,6,342.9126,1,12,4,2013,20,30,11,0,0,1,2,10,0,0,2,3,0,1,1,0,0,0
201313567209,1,2,16,11,6,19.0507,1,12,1,2013,1,34,42,0,0,1,2,2,3,1,2,3,0,1,4,0,0,0
201313567233,4,2,5,11,6,342.9126,2,12,2,2013,14,51,12,1,0,2,1,1,0,0,2,1,0,,1,0,0,0
201313567235,3,2,6,11,6,19.0507,1,12,7,2013,1,37,42,0,0,1,2,5,4,1,2,1,0,1,4,0,0,0
201313567256,4,2,16,11,6,342.9126,1,12,7,2013,17,0,11,0,0,1,5,1,1,3,2,3,0,1,1,0,0,0
201313567267,6,2,16,11,6,209.5577,1,12,3,2013,15,15,59,0,0,1,1,10,0,0,2,3,0,1,3,0,0,0
201313567268,4,2,7,11,6,342.91278,2,12,4,2013,18,40,12,6,0,2,3,1,0,0,2,1,0,2,1,0,0,0
201313567392,5,2,16,11,6,95.2535,2,12,3,2013,22,40,52,0,0,1,2,11,1,1,2,3,0,1,4,0,0,0
201313567446,2,2,3,11,6,57.1521,3,12,5,2013,15,4,14,0,0,1,1,10,3,1,2,8,2,1,7,0,0,0
201313567453,4,2,3,11,6,342.9126,2,12,6,2013,16,11,12,7,0,2,5,2,0,0,2,8,0,,1,0,0,0
201313567470,3,2,3,11,6,19.0507,2,12,2,2013,16,28,12,6,0,4,1,10,2,1,2,8,0,1,1,0,0,0
201313567479,6,2,5,11,6,209.5577,2,12,7,2013,3,4,12,2,0,1,2,2,2,1,1,1,0,1,1,0,0,0
201313567488,4,2,5,11,6,342.9126,2,12,2,2013,15,44,12,6,0,4,1,10,0,0,2,1,0,1,1,0,0,0
201313567498,2,2,16,11,6,57.1521,2,12,1,2013,12,35,12,7,0,1,1,10,2,1,2,3,0,1,1,0,0,0
201313567561,4,2,3,11,6,342.9126,2,12,3,2013,10,54,12,1,0,2,1,1,0,0,2,8,0,,1,0,0,0
201313567568,3,2,3,11,6,19.0507,1,12,5,2013,16,17,42,0,0,2,1,1,2,3,2,8,0,2,4,0,0,0
201313567592,3,2,5,11,6,19.0507,1,12,6,2013,20,45,8,0,0,2,3,10,2,1,1,1,0,2,1,0,0,0
201313567801,4,2,3,11,6,342.9126,2,12,3,2013,23,18,12,6,0,2,3,11,0,0,2,8,0,3,1,0,0,0
201314087300,4,2,9,12,5,353.38834,2,1,4,2013,8,3,12,1,0,2,1,1,0,0,2,2,0,2,1,0,0,0
201314087399,4,2,5,12,5,354.12735,2,1,2,2013,13,50,12,6,0,4,1,1,0,0,2,2,0,1,1,0,0,0
201314087418,4,2,9,12,5,353.38834,2,1,3,2013,9,0,12,2,0,2,1,1,0,0,2,2,0,2,11,0,0,0
201314087439,1,2,1,12,5,6.3026,2,1,6,2013,17,51,12,2,0,1,3,10,3,5,1,3,0,1,1,0,0,0
201314087462,4,2,1,12,5,352.9456,2,1,6,2013,10,55,12,9,0,4,1,1,0,0,2,3,0,1,1,0,0,0
201314087481,6,2,14,12,5,251.05399,3,1,6,2013,16,50,12,7,0,1,1,10,1,2,2,1,0,1,1,0,0,0
201314087503,6,2,5,12,5,207.59189,2,1,6,2013,13,55,12,6,0,4,1,1,0,0,2,2,0,1,1,0,0,0
201314087528,1,2,3,12,5,6.3026,2,1,3,2013,7,34,12,2,0,1,1,1,3,2,2,3,0,1,1,0,0,0
201314087529,4,2,3,12,5,352.9456,2,1,5,2013,7,43,12,1,0,2,4,1,0,0,2,3,0,3,1,0,0,0
201314087558,4,2,14,12,5,334.73865,1,1,5,2013,6,20,34,0,0,1,2,11,0,0,2,1,0,1,4,0,0,0
201314087572,1,2,5,12,5,12.211288,1,1,6,2013,6,13,24,0,0,1,3,10,3,1,2,2,0,1,3,0,0,0
201314087597,4,2,5,12,5,354.12735,1,1,5,2013,9,21,24,0,0,1,1,1,0,0,2,2,0,1,3,0,0,0
201314087610,4,2,9,12,5,353.38834,2,1,2,2013,6,0,12,6,0,1,2,11,0,0,2,2,0,1,1,0,0,0
201314087626,5,2,9,12,5,83.1502,2,2,7,2013,11,25,12,6,0,2,1,4,1,1,2,2,0,2,1,0,0,0
201314087630,6,2,9,12,5,207.8755,2,1,6,2013,18,10,12,1,0,4,2,11,0,0,2,2,0,1,1,0,0,0
201314087720,1,2,1,12,5,6.3026,2,1,2,2013,10,14,12,6,0,2,1,2,4,1,2,3,0,2,1,0,0,0
201314087725,4,2,1,12,5,352.9456,2,1,3,2013,15,12,12,7,0,1,1,2,0,0,2,3,0,1,1,0,0,0
201314087745,4,2,9,12,5,353.38834,1,2,2,2013,15,0,53,0,0,1,1,11,0,0,2,2,0,1,4,0,0,0
201314087768,4,2,9,12,5,353.38834,2,1,5,2013,12,48,12,1,0,5,1,4,0,0,2,2,0,1,1,0,0,0
201314087772,6,2,5,12,5,207.59189,2,2,3,2013,17,53,12,2,0,2,3,10,1,2,2,2,0,2,1,0,0,0
201314087796,4,2,5,12,5,354.12735,1,1,5,2013,18,56,33,0,0,1,3,11,0,0,2,2,0,1,4,0,0,0