CASENUM,STRATUM,REGION,PJ,PSU,PSUSTRAT,WEIGHT,VE_TOTAL,MONTH,WKDY_IM,YEAR,HOUR_IM,MINUTE_IM,EVENT1_IM,MANCOL_IM,RELJCT1_IM,RELJCT2_IM,LGTCON_IM,WEATHR_IM,MAXSEV_IM,NO_INJ_IM,ALCHL_IM,LAND_USE,PVH_INVL,TYP_INT,REL_ROAD,CF1,CF2,CF3
201314087809,1,2,5,12,5,12.211288,1,1,7,2013,18,55,34,0,0,5,2,10,3,1,2,2,0,1,4,0,0,0
201314087833,5,2,1,12,5,88.2364,1,2,7,2013,12,3,25,0,0,1,1,11,1,1,2,3,0,1,3,0,0,0
201314087839,6,2,3,12,5,207.9858,1,1,5,2013,12,45,42,0,0,5,1,11,0,0,2,3,0,1,4,0,0,0
201314087861,4,2,4,12,5,352.9456,2,2,7,2013,22,45,14,0,0,1,2,1,0,0,2,2,1,1,7,0,0,0
201314087865,5,2,4,12,5,88.2364,1,2,2,2013,10,35,34,0,0,2,1,4,2,1,2,2,0,3,4,0,0,0
201314087914,6,2,9,12,5,207.8755,1,2,2,2013,8,20,42,0,0,1,1,10,0,0,2,2,0,1,4,0,0,0
201314087929,6,2,1,12,5,207.9858,2,2,1,2013,1,2,12,1,0,6,2,1,0,0,2,3,0,1,1,0,0,0
201314087967,4,2,1,12,5,352.9456,2,2,7,2013,13,46,12,6,0,2,1,1,0,0,2,3,0,2,1,0,0,0
201314088045,4,2,2,12,5,352.9456,1,1,2,2013,10,30,25,0,0,1,1,11,0,0,2,3,0,1,3,0,0,0
201314088063,4,2,3,12,5,352.9456,1,2,4,2013,20,25,11,0,0,1,2,1,0,0,2,3,0,1,1,0,0,0
201314088076,5,2,5,12,5,85.47902,3,2,6,2013,17,26,12,1,0,4,1,10,1,1,2,2,0,1,1,0,0,0
201314088081,4,2,5,12,5,354.12735,1,2,6,2013,10,20,34,0,0,1,1,11,0,0,2,2,0,1,4,0,0,0
201314088082,3,2,5,12,5,24.422577,2,2,6,2013,11,0,12,6,0,1,1,11,2,2,2,2,0,1,1,0,0,0
201314088088,4,2,9,12,5,353.38834,2,2,6,2013,9,5,12,1,1,2,1,11,0,0,2,2,0,4,1,0,0,0
201314088094,4,2,14,12,5,334.73865,2,2,1,2013,15,28,12,7,0,2,1,10,5,1,2,1,0,2,1,0,0,0
201314088112,5,2,9,12,5,83.1502,2,2,5,2013,16,31,12,2,0,2,1,10,1,2,2,2,0,2,1,0,0,0
201314088113,4,2,9,12,5,353.38834,1,3,7,2013,20,20,30,0,0,1,2,1,0,0,2,2,0,1,4,0,0,0
201314088182,4,2,1,12,5,352.9456,1,2,4,2013,8,37,33,0,0,1,1,10,0,0,2,3,0,1,4,0,0,0
201314088219,5,2,14,12,5,83.68466,1,2,3,2013,19,50,42,0,0,1,3,11,2,1,2,1,0,1,4,0,0,0
201314088220,6,2,14,12,5,251.05399,1,2,2,2013,18,3,1,0,0,1,5,10,0,0,2,1,0,1,4,0,0,0
201314088311,5,2,3,12,5,88.2364,1,3,7,2013,10,9,24,0,0,1,1,4,1,1,2,3,0,1,4,0,0,0
201314088319,6,2,9,12,5,207.8755,1,3,4,2013,7,35,34,0,0,1,4,10,0,0,2,2,0,1,4,0,0,0
201314088370,4,2,9,12,5,353.38834,2,3,2,2013,10,45,12,6,0,2,1,1,0,0,2,2,0,2,1,0,0,0
201314088391,4,2,5,12,5,354.12735,2,3,3,2013,3,25,12,7,0,1,2,11,0,0,2,2,0,1,1,0,0,0
201314088425,3,2,1,12,5,18.9078,2,3,2,2013,11,28,12,6,0,2,1,10,2,1,2,3,0,2,1,0,0,0
201314088429,4,2,1,12,5,352.9456,1,3,3,2013,8,7,33,0,0,2,1,10,0,0,2,3,0,2,4,0,0,0
201314088442,6,2,1,12,5,207.9858,1,3,1,2013,2,5,52,0,0,1,3,1,2,2,2,3,0,1,3,0,0,0
201314088573,6,2,4,12,5,207.9858,2,4,2,2013,11,20,12,1,0,2,1,10,0,0,2,2,0,2,1,0,0,0
201314088601,4,2,5,12,5,354.12735,2,4,4,2013,21,21,12,1,0,1,3,10,1,5,2,2,0,1,1,0,0,0
201314088645,6,2,5,12,5,207.59189,1,2,7,2013,23,14,25,0,0,1,3,11,2,1,2,2,0,1,4,0,0,0
201314088671,5,2,5,12,5,85.47902,3,3,2,2013,16,12,12,6,0,4,1,2,4,3,2,2,0,1,1,0,0,0
201314088672,1,2,5,12,5,12.211288,1,3,3,2013,22,55,34,0,0,1,3,10,3,1,1,2,0,1,4,0,0,0
201314088676,4,2,5,12,5,354.12735,2,3,7,2013,8,56,12,6,0,5,1,4,1,1,2,2,0,1,1,0,0,0
201314088686,1,2,5,12,5,12.211288,2,3,6,2013,13,55,12,2,0,1,1,1,3,2,1,2,0,1,1,0,0,0
201314088695,3,2,9,12,5,20.78755,2,3,6,2013,14,16,12,1,0,2,1,1,2,2,2,2,0,,1,0,0,0
201314088720,4,2,14,12,5,334.73865,1,3,2,2013,19,55,11,0,0,1,3,1,0,0,2,1,0,1,1,0,0,0
201314088724,4,2,14,12,5,334.73865,3,3,4,2013,14,5,12,1,0,4,1,1,0,0,2,1,0,1,1,0,0,0
201314088727,4,2,9,12,5,353.38834,2,4,1,2013,10,55,12,1,0,2,1,10,0,0,2,2,0,,1,0,0,0
201314088804,4,2,1,12,5,352.9456,2,4,2,2013,14,15,12,8,0,2,1,1,1,1,2,3,0,3,1,0,0,0
201314088805,5,2,9,12,5,83.1502,2,4,2,2013,15,1,12,2,0,2,1,10,1,1,2,2,0,3,1,0,0,0
201314088811,4,2,9,12,5,353.38834,2,4,4,2013,17,50,12,1,0,1,1,2,0,0,2,2,0,1,1,0,0,0
201314088829,6,2,3,12,5,207.9858,2,4,5,2013,6,50,12,6,0,2,3,2,0,0,2,3,0,2,1,0,0,0
201314088843,4,2,3,12,5,352.9456,1,4,5,2013,13,23,18,0,0,1,1,2,1,1,2,3,0,1,1,0,0,0
201314088863,5,2,14,12,5,83.68466,2,4,5,2013,12,17,59,0,0,4,1,1,1,1,1,1,0,1,4,0,0,0
201314088872,4,2,5,12,5,354.12735,2,4,5,2013,14,3,12,7,0,1,1,2,0,0,2,2,0,1,1,0,0,0
201314088913,4,2,5,12,5,354.12735,2,5,7,2013,19,35,12,1,0,1,1,1,1,2,1,2,0,1,1,0,0,0
201314088922,6,2,9,12,5,207.8755,4,4,4,2013,12,58,12,1,0,1,1,10,0,0,2,2,0,1,1,0,0,0
201314088948,3,2,9,12,5,20.78755,2,4,3,2013,19,7,12,6,0,4,1,1,2,1,2,2,0,1,1,0,0,0
201314088961,4,2,14,12,5,334.73865,2,5,6,2013,17,35,12,1,0,2,1,1,1,2,2,1,0,,1,0,0,0
201314088964,1,2,2,12,5,6.3026,2,4,1,2013,13,18,12,6,0,2,1,2,3,1,2,3,0,2,1,0,0,0
201314088969,4,2,9,12,5,353.38834,2,4,7,2013,19,30,12,9,0,4,1,1,0,0,2,2,0,1,1,0,0,0
201314088990,6,2,5,12,5,207.59189,1,5,6,2013,8,8,34,0,0,1,1,2,0,0,2,2,0,1,4,0,0,0
201314089031,6,2,9,12,5,207.8755,2,5,5,2013,5,50,12,1,0,1,4,1,0,0,2,2,0,1,1,0,0,0
201314089039,4,2,9,12,5,353.38834,2,5,1,2013,11,0,12,1,0,2,1,1,0,0,2,2,0,4,1,0,0,0
201314089046,5,2,5,12,5,85.47902,2,5,1,2013,12,19,12,1,0,2,1,1,1,1,2,2,0,2,1,0,0,0
201314089105,4,2,5,12,5,354.12735,3,5,7,2013,14,55,12,1,0,2,1,1,0,0,2,2,0,,1,0,0,0
201314089125,5,2,9,12,5,83.1502,2,5,1,2013,2,40,12,2,0,1,3,1,2,1,1,2,0,1,1,0,0,0
201314089159,4,2,2,12,5,352.9456,1,5,2,2013,19,35,34,0,0,1,1,2,1,1,2,3,0,1,4,0,0,0
201314089178,4,2,14,12,5,334.73865,2,5,5,2013,14,37,12,6,0,2,1,1,0,0,2,1,0,3,1,0,0,0
201314089205,4,2,5,12,5,354.12735,1,5,2,2013,0,30,53,0,0,1,2,10,0,0,2,2,0,1,4,0,0,0
201314089213,4,2,9,12,5,353.38834,2,5,2,2013,11,0,12,7,0,1,1,1,0,0,2,2,0,1,1,0,0,0
201314089226,5,2,1,12,5,88.2364,2,5,3,2013,15,14,12,6,0,2,1,1,2,1,2,3,0,2,1,0,0,0
201314089290,1,2,2,12,5,6.3026,2,5,6,2013,14,10,12,6,0,2,1,1,3,3,2,3,0,2,1,0,0,0
201314089310,4,2,1,12,5,352.9456,2,6,2,2013,7,17,12,6,0,2,1,2,0,0,2,3,0,2,1,0,0,0
201314089366,6,2,1,12,5,207.9858,2,6,2,2013,6,50,12,6,0,2,1,1,1,1,2,3,0,2,1,0,0,0
201314089395,4,2,9,12,5,353.38834,2,6,3,2013,13,52,12,1,0,2,1,1,0,0,2,2,0,2,1,0,0,0
201314089422,4,2,4,12,5,352.9456,2,6,1,2013,8,5,12,6,0,5,1,10,0,0,2,2,0,1,1,0,0,0
201314089463,5,2,9,12,5,83.1502,1,6,7,2013,17,54,31,0,0,4,1,10,2,1,1,2,0,1,4,0,0,0
201314089467,3,2,9,12,5,20.78755,1,6,5,2013,12,40,9,0,0,2,1,1,2,1,2,2,0,3,1,0,0,0
201314089479,6,2,5,12,5,207.59189,2,6,6,2013,12,40,12,8,0,1,1,1,1,2,2,2,0,1,1,0,0,0
201314089484,2,2,5,12,5,61.05644,3,6,2,2013,9,17,50,0,0,1,1,1,0,0,2,2,0,1,1,14,0,0
201314089494,4,2,5,12,5,354.12735,2,6,4,2013,12,26,12,2,0,4,1,1,0,0,2,2,0,1,11,0,0,0
201314089521,4,2,14,12,5,334.73865,2,6,1,2013,13,3,12,1,0,1,1,1,1,1,2,1,0,1,1,0,0,0
201314089533,4,2,9,12,5,353.38834,2,6,6,2013,12,10,12,1,0,1,1,1,1,3,2,2,0,1,1,0,0,0
201314089579,6,2,9,12,5,207.8755,1,6,5,2013,12,24,41,0,0,4,1,1,0,0,2,2,0,1,4,0,0,0
201314089585,5,2,9,12,5,83.1502,2,6,7,2013,23,20,12,2,0,2,3,10,1,4,2,2,0,2,1,0,0,0
201314089589,4,2,9,12,5,353.38834,2,7,4,2013,7,33,12,6,0,2,1,10,2,2,1,2,0,2,1,0,0,0
201314089604,4,2,5,12,5,354.12735,2,7,4,2013,18,5,12,1,0,1,1,1,1,1,2,2,0,1,1,0,0,0
201314089613,1,2,5,12,5,12.211288,1,7,3,2013,0,7,33,0,0,1,2,10,3,1,1,2,0,1,4,0,0,0
201314089634,4,2,3,12,5,352.9456,2,7,3,2013,18,59,12,6,0,4,1,1,0,0,2,3,0,1,11,0,0,0
201314089640,4,2,1,12,5,352.9456,2,7,7,2013,10,24,12,9,0,4,1,1,0,0,2,3,0,1,11,0,0,0
201314089695,1,2,4,12,5,6.3026,2,7,6,2013,19,49,12,6,0,2,1,1,3,3,2,2,0,2,1,0,0,0
201314089703,5,2,3,12,5,88.2364,2,7,7,2013,22,8,12,2,0,1,3,1,1,1,1,3,0,1,1,0,0,0
201314089722,5,2,14,12,5,83.68466,1,7,5,2013,19,53,24,0,0,1,1,1,1,1,2,1,0,1,3,0,0,0
201314089732,5,2,5,12,5,85.47902,2,7,3,2013,14,49,12,6,0,2,1,10,2,2,2,2,0,2,1,0,0,0
201314089747,4,2,9,12,5,353.38834,2,7,4,2013,12,50,12,6,0,5,1,1,0,0,2,2,0,1,1,0,0,0
201314089813,4,2,5,12,5,354.12735,2,7,2,2013,18,21,12,7,0,1,1,1,0,0,2,2,0,1,1,0,0,0
201314089828,5,2,14,12,5,83.68466,1,7,5,2013,2,20,42,0,0,5,2,1,1,1,2,1,0,1,4,0,0,0
201314089839,5,2,1,12,5,88.2364,2,7,4,2013,8,1,12,6,0,2,1,1,2,2,2,3,0,2,1,0,0,0
201314089882,6,2,5,12,5,207.59189,2,8,1,2013,2,15,14,0,0,1,3,1,0,0,1,2,1,1,4,0,0,0
201314089894,6,2,9,12,5,207.8755,2,7,3,2013,11,15,12,6,0,2,1,10,0,0,2,2,0,2,1,0,0,0
201314089899,4,2,9,12,5,353.38834,2,7,4,2013,21,5,12,7,0,1,2,2,1,1,2,2,0,1,1,0,0,0
201314089976,4,2,5,12,5,354.12735,2,8,5,2013,18,10,12,1,0,2,1,10,0,0,2,2,0,3,1,0,0,0
201314089995,4,2,1,12,5,352.9456,2,8,5,2013,13,26,12,6,0,2,1,1,0,0,2,3,0,2,1,0,0,0
201314090018,4,2,14,12,5,334.73865,2,7,6,2013,16,18,12,1,0,2,1,10,0,0,2,1,0,2,1,0,0,0
201314090019,6,2,14,12,5,251.05399,2,7,1,2013,12,50,12,1,0,2,1,1,0,0,2,1,0,,1,0,0,0
201314090037,5,2,2,12,5,88.2364,2,8,1,2013,17,37,12,6,0,2,1,1,2,4,2,3,0,2,1,0,0,0
201314090051,4,2,9,12,5,353.38834,2,8,4,2013,8,5,12,6,0,2,1,1,0,0,2,2,0,3,1,0,0,0
201314090060,1,2,4,12,5,6.3026,2,8,6,2013,19,58,12,2,0,2,1,1,3,2,2,2,0,3,1,0,0,0
201314090121,5,2,9,12,5,83.1502,2,8,5,2013,21,37,12,2,0,2,3,1,1,1,2,2,0,2,1,0,0,0
201314090131,2,2,9,12,5,62.36265,2,8,6,2013,11,0,12,7,0,1,1,1,0,0,2,2,0,1,1,0,0,0
201314090139,3,2,5,12,5,24.422577,2,8,1,2013,16,53,12,1,0,1,1,1,2,1,2,2,0,1,1,0,0,0
201314090208,4,2,5,12,5,354.12735,1,8,3,2013,7,55,25,0,0,1,4,2,1,1,2,2,0,1,3,0,0,0
201314090210,6,2,5,12,5,207.59189,2,8,3,2013,15,25,12,6,0,2,1,1,2,3,2,2,0,2,1,0,0,0
201314090217,6,2,9,12,5,207.8755,3,8,5,2013,12,25,12,6,0,2,1,10,1,3,2,2,0,3,1,0,0,0
201314090236,4,2,1,12,5,352.9456,3,8,3,2013,14,57,12,6,0,2,1,10,1,1,2,3,0,2,1,0,0,0
201314090251,6,2,3,12,5,207.9858,2,8,5,2013,22,0,12,8,0,1,2,1,2,1,2,3,0,1,1,0,0,0
201314090293,4,2,9,12,5,353.38834,1,9,3,2013,12,11,31,0,0,5,1,1,0,0,2,2,0,1,4,0,0,0
201314090326,5,2,3,12,5,88.2364,2,9,1,2013,16,0,12,2,0,2,1,1,1,1,2,3,0,2,1,0,0,0
201314090339,1,2,2,12,5,6.3026,2,9,7,2013,12,30,12,6,0,2,1,2,3,2,2,3,0,2,1,0,0,0
201314090343,4,2,14,12,5,334.73865,2,9,2,2013,15,0,12,1,0,2,1,10,1,1,2,1,0,2,1,0,0,0
201314090389,4,2,3,12,5,352.9456,1,9,2,2013,7,0,11,0,0,1,1,10,5,1,2,3,0,1,1,0,0,0
201314090392,3,2,4,12,5,18.9078,2,9,6,2013,23,55,12,2,0,1,2,1,4,1,2,2,0,1,1,0,0,0
201314090410,6,2,9,12,5,207.8755,1,9,7,2013,11,17,34,0,0,1,1,1,0,0,1,2,0,1,4,0,0,0
201314090420,5,2,9,12,5,83.1502,1,9,5,2013,22,55,42,0,0,1,2,10,0,0,2,2,0,1,4,0,0,0
201314090423,4,2,9,12,5,353.38834,2,9,6,2013,17,8,12,1,0,2,1,2,0,0,2,2,0,,1,0,0,0
201314090424,1,2,9,12,5,20.78755,2,9,7,2013,10,49,12,6,0,2,1,10,3,3,2,2,0,2,1,0,0,0
201314090430,6,2,14,12,5,251.05399,1,9,4,2013,15,5,24,0,0,1,1,1,0,0,2,1,0,1,3,0,0,0
201314090479,4,2,14,12,5,334.73865,2,8,6,2013,8,5,12,6,0,5,1,1,0,0,2,1,0,1,1,0,0,0
201314090498,5,2,5,12,5,85.47902,2,9,7,2013,14,0,12,1,0,1,1,1,2,3,2,2,0,1,1,0,0,0
201314090500,4,2,5,12,5,354.12735,1,9,1,2013,7,35,11,0,0,1,4,1,0,0,2,2,0,1,1,0,0,0
201314090515,5,2,1,12,5,88.2364,2,9,5,2013,11,23,12,6,0,2,1,1,2,1,2,3,0,2,1,0,0,0
201314090518,4,2,1,12,5,352.9456,2,9,6,2013,11,15,12,6,0,2,1,1,0,0,2,3,0,2,1,0,0,0
201314090592,3,2,5,12,5,24.422577,1,10,4,2013,22,30,8,0,0,1,3,1,3,1,1,2,0,1,1,0,0,0
201314090605,6,2,9,12,5,207.8755,1,10,3,2013,17,45,23,0,0,1,1,1,0,0,2,2,0,1,4,0,0,0
201314090608,4,2,9,12,5,353.38834,2,10,4,2013,20,2,12,1,0,2,3,1,0,0,1,2,0,2,1,0,0,0
201314090653,3,2,1,12,5,18.9078,1,9,7,2013,21,45,8,0,0,1,2,10,2,1,2,3,0,1,1,0,0,0
201314090657,6,2,1,12,5,207.9858,1,9,1,2013,13,50,33,0,0,1,1,2,0,0,2,3,0,1,4,0,0,0
201314090712,5,2,5,12,5,85.47902,1,10,5,2013,19,12,1,0,0,5,5,10,2,2,2,2,0,1,4,0,0,0
201314090762,4,2,1,12,5,352.9456,2,10,3,2013,14,20,12,7,0,2,1,1,1,2,2,3,0,2,1,0,0,0
201314090779,5,2,14,12,5,83.68466,1,9,6,2013,6,24,1,0,0,1,2,2,1,1,2,1,0,1,3,0,0,0
201314090783,4,2,14,12,5,334.73865,2,9,1,2013,12,44,12,7,0,1,1,2,1,1,2,1,0,1,1,0,0,0
201314090786,4,2,5,12,5,354.12735,2,10,5,2013,13,55,12,7,0,2,1,1,0,0,2,2,0,3,1,0,0,0
201314090802,4,2,2,12,5,352.9456,1,10,6,2013,14,54,59,0,0,5,1,1,0,0,2,3,0,1,8,0,0,0
201314090815,4,2,9,12,5,353.38834,2,10,2,2013,15,33,12,1,0,2,1,1,0,0,2,2,0,2,1,0,0,0
201314090828,1,2,1,12,5,6.3026,1,10,5,2013,4,51,33,0,0,1,3,1,3,2,1,3,0,1,4,0,0,0
201314090877,4,2,4,12,5,352.9456,2,10,5,2013,8,30,12,6,0,2,1,2,0,0,2,2,0,2,1,0,0,0
201314090919,6,2,5,12,5,207.59189,1,10,7,2013,20,0,24,0,0,1,3,1,0,0,2,2,0,1,3,0,0,0
201314090922,6,2,4,12,5,207.9858,3,10,7,2013,22,26,12,6,0,4,3,1,0,0,2,2,0,1,1,0,0,0
201314090955,5,2,5,12,5,85.47902,2,10,2,2013,13,25,12,2,0,2,1,1,3,2,2,2,0,2,1,0,0,0
201314090969,4,2,3,12,5,352.9456,2,10,4,2013,17,14,12,9,0,4,1,1,0,0,2,3,0,1,1,0,0,0
201314091003,4,2,1,12,5,352.9456,2,10,4,2013,14,56,12,6,0,2,1,10,0,0,2,3,0,7,1,0,0,0
201314091024,4,2,5,12,5,354.12735,2,10,4,2013,15,19,12,1,0,2,1,1,0,0,2,2,0,,1,0,0,0
201314091033,6,2,9,12,5,207.8755,2,10,6,2013,18,45,12,1,0,2,5,1,1,1,1,2,0,2,1,0,0,0
201314091036,4,2,9,12,5,353.38834,1,10,1,2013,22,30,11,0,0,1,2,1,0,0,2,2,0,1,1,0,0,0
201314091044,5,2,4,12,5,88.2364,1,10,2,2013,10,25,24,0,0,5,1,10,1,1,2,2,0,1,4,0,0,0
201314091069,6,2,3,12,5,207.9858,2,10,2,2013,7,44,12,1,0,4,1,1,0,0,2,3,0,1,1,0,0,0
201314091101,6,2,2,12,5,207.9858,1,10,6,2013,5,0,11,0,0,1,3,1,0,0,2,3,0,1,1,0,0,0
201314091121,4,2,14,12,5,334.73865,1,10,7,2013,23,30,11,0,0,1,2,1,2,2,2,1,0,1,1,0,0,0
201314091123,6,2,14,12,5,251.05399,1,10,5,2013,0,50,21,0,0,1,3,2,0,0,2,1,0,1,3,0,0,0
201314091184,6,2,1,12,5,207.9858,2,11,4,2013,20,2,12,6,0,2,3,10,0,0,1,3,0,2,1,0,0,0
201314091194,4,2,1,12,5,352.9456,2,11,6,2013,12,56,12,2,0,2,1,1,0,0,2,3,0,,1,0,0,0
201314091245,4,2,9,12,5,353.38834,1,11,2,2013,18,30,24,0,0,1,2,11,0,0,2,2,0,1,3,0,0,0
201314091246,5,2,9,12,5,83.1502,1,11,2,2013,18,34,24,0,0,1,2,3,1,1,2,2,0,1,3,0,0,0
201314091258,6,2,9,12,5,207.8755,2,11,7,2013,0,31,12,2,0,2,3,1,0,0,1,2,0,2,1,0,0,0
201314091267,1,2,2,12,5,6.3026,1,11,6,2013,1,23,42,0,0,1,2,2,3,1,2,3,0,1,4,20,0,0
201314091287,4,2,9,12,5,353.38834,2,11,3,2013,17,35,12,6,0,2,3,1,0,0,2,2,0,2,1,0,0,0
201314091320,4,2,5,12,5,354.12735,2,11,4,2013,11,55,12,6,0,4,1,1,0,0,2,2,0,1,1,0,0,0
201314091366,1,2,1,12,5,6.3026,2,11,6,2013,0,31,12,6,0,4,3,10,3,2,1,3,0,1,1,0,0,0
201314091388,5,2,5,12,5,85.47902,2,11,6,2013,11,20,12,1,0,1,1,10,1,1,2,2,0,1,1,0,0,0
201314091400,6,2,14,12,5,251.05399,1,11,2,2013,19,14,24,0,0,1,2,6,1,1,2,1,0,1,3,0,0,0
201314091401,6,2,5,12,5,207.59189,1,11,1,2013,2,40,34,0,0,1,2,2,0,0,2,2,0,1,4,0,0,0
201314091408,4,2,5,12,5,354.12735,2,11,2,2013,19,24,54,11,0,1,3,10,0,0,2,2,0,1,1,14,0,0
201314091440,6,2,9,12,5,207.8755,1,11,4,2013,20,35,11,0,0,1,2,1,0,0,2,2,0,1,1,0,0,0
201314091450,4,2,3,12,5,352.9456,1,11,1,2013,21,0,16,0,0,1,2,6,0,0,2,3,0,1,1,0,0,0
201314091498,2,2,14,12,5,83.68466,2,11,3,2013,2,14,57,0,0,1,2,6,0,0,2,1,0,1,3,0,0,0
201314091499,4,2,14,12,5,334.73865,2,11,4,2013,12,40,12,1,0,4,1,10,1,1,2,1,0,1,1,0,0,0
201314091524,4,2,5,12,5,354.12735,1,11,3,2013,2,6,24,0,0,1,2,10,0,0,2,2,0,1,4,0,0,0
201314091550,4,2,9,12,5,353.38834,2,11,5,2013,13,30,14,0,0,1,1,10,0,0,2,2,1,1,7,0,0,0
201314091553,3,2,9,12,5,20.78755,1,11,7,2013,0,50,34,0,0,2,2,10,2,1,1,2,0,3,4,0,0,0
201314091593,4,2,1,12,5,352.9456,2,11,3,2013,6,40,12,7,0,1,3,10,0,0,2,3,0,1,1,0,0,0
201314091615,1,2,1,12,5,6.3026,1,11,4,2013,23,24,21,0,0,1,3,10,4,1,1,3,0,1,3,0,0,0
201314091671,1,2,4,12,5,6.3026,1,11,4,2013,16,7,30,0,0,1,1,1,4,1,2,2,0,1,4,0,0,0
201314091735,5,2,1,12,5,88.2364,1,12,6,2013,23,35,33,0,0,1,3,1,0,0,1,3,0,1,4,0,0,0
201314091738,1,2,1,12,5,6.3026,1,12,7,2013,2,43,35,0,0,1,3,1,3,1,1,3,0,1,4,0,0,0
201314091741,4,2,1,12,5,352.9456,1,12,1,2013,5,19,42,0,0,1,3,1,0,0,2,3,0,1,4,0,0,0
201314091760,4,2,14,12,5,334.73865,1,12,2,2013,8,58,23,0,0,1,1,4,0,0,2,1,0,1,4,0,0,0
201314091764,4,2,9,12,5,353.38834,2,12,5,2013,17,40,12,1,0,2,3,1,0,0,2,2,0,,1,0,0,0
201314091782,6,2,9,12,5,207.8755,2,12,2,2013,18,25,12,6,0,2,2,10,0,0,1,2,0,2,1,0,0,0
201314091786,4,2,9,12,5,353.38834,2,12,7,2013,16,15,12,1,0,1,1,1,0,0,2,2,0,1,1,19,0,0
201314091802,4,2,5,12,5,354.12735,1,12,6,2013,8,15,44,0,0,1,1,10,0,0,2,2,0,1,1,0,0,0
201314091938,4,2,1,12,5,352.9456,2,12,3,2013,11,45,12,7,0,2,1,10,0,0,2,3,0,2,1,0,0,0
201314091971,4,2,3,12,5,352.9456,2,12,2,2013,10,11,12,1,0,2,1,10,0,0,2,3,0,3,1,0,0,0
201314092001,4,2,5,12,5,354.12735,2,12,2,2013,15,0,12,1,0,1,5,1,0,0,2,2,0,1,1,0,0,0
201314092011,6,2,5,12,5,207.59189,1,12,3,2013,19,8,24,0,0,1,2,10,0,0,2,2,0,1,4,0,0,0
201314092048,6,2,1,12,5,207.9858,1,12,1,2013,21,51,25,0,0,1,3,10,0,0,2,3,0,1,3,0,0,0
201314092060,3,2,5,12,5,24.422577,2,12,4,2013,5,50,12,6,0,2,2,10,2,3,2,2,0,2,1,0,0,0
201314092095,4,2,1,12,5,352.9456,2,12,6,2013,10,3,12,1,0,2,1,10,1,1,2,3,0,,1,0,0,0
201314092096,1,2,1,12,5,6.3026,2,12,6,2013,13,46,12,2,0,2,1,10,3,1,2,3,0,2,1,0,0,0
201314092123,4,2,5,12,5,354.12735,2,12,7,2013,13,29,12,1,0,2,1,10,0,0,2,2,0,,1,0,0,0
201314092143,5,2,3,12,5,88.2364,2,12,2,2013,8,12,12,1,0,2,1,1,1,1,2,3,0,3,1,0,0,0
201314092151,4,2,4,12,5,352.9456,2,12,5,2013,11,19,12,6,0,2,1,10,0,0,2,2,0,3,1,0,0,0
201314092175,4,2,9,12,5,353.38834,2,12,1,2013,22,19,12,6,0,2,3,2,0,0,2,2,0,2,1,0,0,0
201314092181,5,2,9,12,5,83.1502,1,12,4,2013,16,12,1,0,0,1,1,1,2,1,2,2,0,1,4,0,0,0
201314092199,5,2,14,12,5,83.68466,1,12,4,2013,10,33,1,0,0,1,1,11,2,2,2,1,0,1,4,0,0,0
201314092200,4,2,14,12,5,334.73865,2,12,5,2013,6,7,12,7,0,2,3,11,5,1,2,1,0,2,1,0,0,0
201314092201,5,2,14,12,5,83.68466,2,12,5,2013,7,51,12,1,0,1,1,11,1,1,2,1,0,1,1,0,0,0
201314092202,3,2,14,12,5,83.68466,2,12,6,2013,19,11,14,0,0,1,2,1,2,1,1,1,1,1,7,0,0,0
201314092222,4,2,9,12,5,353.38834,2,12,2,2013,19,4,12,6,0,2,3,10,0,0,2,2,0,2,1,0,0,0
201314092286,4,2,2,12,5,352.9456,2,12,5,2013,8,50,12,1,0,1,1,11,5,1,2,3,0,1,1,0,0,0
201314092939,6,2,14,12,5,251.05399,1,12,7,2013,8,35,53,0,0,1,1,3,0,0,2,1,0,1,4,0,0,0
201314100332,5,1,4,6,1,91.936,2,11,6,2013,0,0,12,1,0,1,3,1,5,1,1,3,0,1,1,0,0,0
201314100334,6,1,4,6,1,212.602,2,11,4,2013,18,0,12,6,0,5,3,1,0,0,1,3,0,1,1,0,0,0
201314100335,3,1,4,6,1,17.238,1,11,4,2013,16,55,8,0,0,1,3,2,2,2,2,3,0,1,1,0,0,0
201314100351,3,1,11,6,1,17.882711,1,12,3,2013,13,20,8,0,0,2,1,1,2,1,2,3,0,2,1,0,0,0
201314100368,1,1,14,6,1,11.62076,1,12,1,2013,2,15,43,0,0,1,3,1,3,1,1,3,0,1,4,0,0,0
201314100370,3,1,14,6,1,23.24152,1,12,2,2013,17,12,15,0,0,2,3,1,2,1,2,3,0,2,1,0,0,0
201314100389,3,1,26,6,1,20.242468,1,11,5,2013,22,34,9,0,0,1,3,1,2,1,2,3,0,1,1,16,0,0
201314100408,3,1,5,6,1,21.817892,1,12,4,2013,0,35,8,0,0,2,3,1,3,1,1,3,0,2,1,0,0,0
201314750668,4,2,2,13,6,350.7003,1,1,7,2013,20,6,59,0,0,1,2,4,0,0,2,3,0,1,4,0,0,0