CASENUM,STRATUM,REGION,PJ,PSU,PSUSTRAT,WEIGHT,VE_TOTAL,MONTH,WKDY_IM,YEAR,HOUR_IM,MINUTE_IM,EVENT1_IM,MANCOL_IM,RELJCT1_IM,RELJCT2_IM,LGTCON_IM,WEATHR_IM,MAXSEV_IM,NO_INJ_IM,ALCHL_IM,LAND_USE,PVH_INVL,TYP_INT,REL_ROAD,CF1,CF2,CF3
201314793575,4,2,1,13,6,350.7003,2,5,4,2013,17,12,12,6,0,4,1,1,0,0,2,2,0,1,1,0,0,0
201314793581,3,2,2,13,6,38.9667,1,5,7,2013,17,30,1,0,0,1,1,1,2,1,2,3,0,1,1,0,0,0
201314793591,4,2,3,13,6,350.7003,3,5,5,2013,17,5,12,1,0,2,1,1,2,1,2,1,0,2,1,0,0,0
201314793598,6,2,5,13,6,194.8335,2,5,4,2013,18,39,12,1,0,4,1,1,0,0,2,1,0,1,1,0,0,0
201314793599,5,2,5,13,6,77.9334,2,5,5,2013,14,44,12,8,0,1,1,1,1,1,2,1,0,1,1,0,0,0
201314793611,4,2,6,13,6,350.7003,2,5,6,2013,6,50,12,6,0,2,1,1,0,0,2,1,0,3,1,0,0,0
201314793618,3,2,3,13,6,38.9667,1,5,2,2013,20,3,1,0,0,2,1,1,3,1,2,1,0,2,1,0,0,0
201314793621,3,2,4,13,6,38.9667,2,5,3,2013,20,49,12,2,0,2,5,1,4,3,1,8,0,3,1,0,0,0
201314793623,3,2,4,13,6,38.9667,1,5,1,2013,20,51,34,0,0,1,5,1,2,1,2,8,0,1,4,0,0,0
201314793654,4,2,5,13,6,350.7003,2,5,4,2013,11,22,12,6,0,2,1,1,0,0,2,1,0,2,1,0,0,0
201314793665,4,2,7,13,6,366.74524,2,5,5,2013,8,9,12,6,0,2,1,1,1,1,2,1,0,2,1,0,0,0
201314793675,4,2,6,13,6,350.7003,2,5,5,2013,20,0,14,0,0,2,1,1,0,0,2,1,1,2,7,0,0,0
201314793680,4,2,3,13,6,350.7003,2,5,2,2013,18,11,12,1,0,2,1,10,0,0,2,1,0,2,1,0,0,0
201314793684,3,2,2,13,6,38.9667,1,5,1,2013,12,19,1,0,0,1,1,1,2,1,2,3,0,1,1,0,0,0
201314793690,3,2,2,13,6,38.9667,2,5,6,2013,15,36,12,1,0,2,1,10,2,1,2,3,0,2,1,0,0,0
201314793692,6,2,2,13,6,194.8335,2,5,3,2013,16,33,12,6,0,2,1,10,1,1,2,3,0,3,1,0,0,0
201314793696,3,2,1,13,6,38.9667,2,5,7,2013,11,13,12,6,0,2,1,1,2,1,2,2,0,2,1,0,0,0
201314793705,4,2,1,13,6,350.7003,2,5,2,2013,15,10,12,1,0,2,1,1,0,0,2,2,0,3,1,0,0,0
201314793710,5,2,1,13,6,77.9334,1,5,4,2013,12,29,30,0,0,2,1,1,2,1,2,2,0,2,4,0,0,0
201314793716,4,2,1,13,6,350.7003,2,5,6,2013,0,0,14,0,0,1,2,10,0,0,2,2,1,1,7,0,0,0
201314793718,6,2,1,13,6,194.8335,1,5,6,2013,12,54,26,0,0,1,1,2,0,0,2,2,0,1,3,0,0,0
201314793743,5,2,6,13,6,77.9334,2,5,5,2013,13,37,12,6,0,2,1,1,2,2,2,1,0,2,1,0,0,0
201314793745,4,2,6,13,6,350.7003,2,4,2,2013,19,0,12,6,0,2,1,1,1,1,2,1,0,2,1,0,0,0
201314793749,4,2,5,13,6,350.7003,2,5,2,2013,6,41,12,1,0,2,4,10,0,0,2,1,0,3,1,0,0,0
201314793756,1,2,5,13,6,38.9667,1,5,4,2013,16,20,25,0,0,1,1,2,3,2,2,1,0,1,3,0,0,0
201314793762,4,2,5,13,6,350.7003,2,5,1,2013,23,45,12,1,0,4,3,1,0,0,2,1,0,1,1,0,0,0
201314793767,5,2,1,13,6,77.9334,2,5,7,2013,0,0,12,2,0,4,1,10,1,2,2,2,0,1,1,0,0,0
201314793768,4,2,1,13,6,350.7003,2,5,1,2013,10,8,12,6,0,2,1,10,0,0,2,2,0,3,1,0,0,0
201314793774,4,2,2,13,6,350.7003,1,5,1,2013,5,10,11,0,0,1,1,1,0,0,2,3,0,1,1,0,0,0
201314793782,3,2,2,13,6,38.9667,1,5,5,2013,18,50,42,0,0,1,1,1,3,1,2,3,0,1,4,0,0,0
201314793791,3,2,3,13,6,38.9667,2,5,2,2013,10,10,12,1,0,2,1,1,2,2,2,1,0,2,1,0,0,0
201314793798,4,2,1,13,6,350.7003,2,5,4,2013,8,51,12,1,0,2,1,1,0,0,2,2,0,2,1,0,0,0
201314793799,3,2,1,13,6,38.9667,1,5,4,2013,9,5,1,0,0,2,1,1,2,1,2,2,0,2,1,0,0,0
201314793800,6,2,1,13,6,194.8335,2,5,4,2013,9,43,12,6,0,2,1,1,0,0,2,2,0,2,1,0,0,0
201314793807,3,2,1,13,6,38.9667,1,5,5,2013,0,32,1,0,0,2,3,1,2,1,2,2,0,2,1,0,0,0
201314793813,4,2,1,13,6,350.7003,2,5,6,2013,2,40,14,0,0,1,3,10,0,0,1,2,1,1,7,0,0,0
201314793822,3,2,1,13,6,38.9667,1,5,1,2013,15,44,1,0,0,2,1,1,2,1,2,2,0,3,1,0,0,0
201314793843,3,2,2,13,6,38.9667,1,6,7,2013,16,11,1,0,0,2,1,10,2,1,2,3,0,3,1,0,0,0
201314793845,6,2,2,13,6,194.8335,1,5,6,2013,7,44,42,0,0,1,1,10,0,0,2,3,0,1,4,0,0,0
201314793846,4,2,2,13,6,350.7003,1,5,6,2013,6,45,11,0,0,1,4,10,0,0,2,3,0,1,1,0,0,0
201314793847,5,2,2,13,6,77.9334,2,5,5,2013,11,55,12,6,0,2,1,1,2,2,2,3,0,2,1,0,0,0
201314793848,3,2,2,13,6,38.9667,1,5,5,2013,6,49,42,0,0,1,1,1,4,1,2,3,0,1,4,0,0,0
201314793854,3,2,6,13,6,38.9667,1,5,7,2013,17,9,9,0,0,2,1,1,3,1,2,1,0,3,1,0,0,0
201314793856,5,2,5,13,6,77.9334,1,5,5,2013,13,35,18,0,0,1,1,1,1,2,2,1,0,1,1,0,0,0
201314793867,4,2,1,13,6,350.7003,2,5,4,2013,10,7,14,0,0,4,1,10,0,0,2,2,1,1,7,0,0,0
201314793872,4,2,3,13,6,350.7003,2,5,6,2013,7,43,12,1,0,2,1,1,0,0,2,1,0,2,1,0,0,0
201314793874,3,2,1,13,6,38.9667,1,5,7,2013,15,39,9,0,0,1,1,1,2,1,2,2,0,1,1,0,0,0
201314793875,5,2,1,13,6,77.9334,1,5,7,2013,20,54,30,0,0,2,5,1,1,1,2,2,0,2,4,0,0,0
201314793904,4,2,5,13,6,350.7003,2,6,6,2013,23,13,12,6,0,4,3,1,1,1,2,1,0,1,1,0,0,0
201314793921,3,2,1,13,6,38.9667,1,5,3,2013,22,0,1,0,0,1,2,10,2,1,2,2,0,1,1,0,0,0
201314793925,1,2,2,13,6,38.9667,1,6,7,2013,23,53,42,0,0,1,2,1,3,1,1,3,0,1,4,0,0,0
201314793926,4,2,1,13,6,350.7003,3,5,5,2013,10,44,12,1,0,2,1,1,0,0,2,2,0,2,1,0,0,0
201314793933,2,2,2,13,6,77.9334,3,6,4,2013,18,48,12,1,0,2,1,2,0,0,2,3,0,,1,0,0,0
201314793942,6,2,2,13,6,194.8335,1,6,7,2013,22,46,34,0,0,1,3,2,0,0,1,3,0,1,4,0,0,0
201314793945,3,2,3,13,6,38.9667,1,6,3,2013,18,11,33,0,0,1,1,1,2,1,2,1,0,1,4,0,0,0
201314793946,6,2,3,13,6,194.8335,2,5,5,2013,13,26,12,2,0,2,1,1,2,1,2,1,0,2,1,0,0,0
201314793961,4,2,6,13,6,350.7003,2,6,2,2013,15,15,14,0,0,1,1,10,0,0,2,1,1,1,7,0,0,0
201314793970,5,2,5,13,6,77.9334,2,6,2,2013,9,30,12,2,0,4,1,10,2,2,2,1,0,1,1,0,0,0
201314793972,6,2,5,13,6,194.8335,2,6,2,2013,17,9,12,1,0,2,1,1,0,0,2,1,0,2,1,0,0,0
201314793973,3,2,3,13,6,38.9667,1,6,6,2013,17,7,5,0,0,1,1,1,3,1,2,1,0,1,1,0,0,0
201314793974,5,2,3,13,6,77.9334,2,6,6,2013,17,12,12,6,0,2,1,1,2,2,2,1,0,2,1,0,0,0
201314793981,4,2,2,13,6,350.7003,1,6,1,2013,0,0,5,0,0,1,2,1,1,1,2,3,0,1,1,0,0,0
201314793990,6,2,5,13,6,194.8335,1,6,1,2013,13,43,24,0,0,1,1,1,1,1,2,1,0,1,3,0,0,0
201314793998,4,2,4,13,6,350.7003,1,6,6,2013,22,10,11,0,0,1,2,1,0,0,2,8,0,1,1,0,0,0
201314794000,4,2,1,13,6,350.7003,3,5,5,2013,12,2,12,1,0,2,1,1,0,0,2,2,0,2,1,0,0,0
201314794002,6,2,4,13,6,194.8335,1,6,4,2013,20,40,42,0,0,1,6,2,0,0,2,8,0,1,4,0,0,0
201314794005,6,2,1,13,6,194.8335,2,5,5,2013,14,54,12,6,0,2,1,1,2,1,2,2,0,2,1,0,0,0
201314794007,3,2,1,13,6,38.9667,2,6,7,2013,15,28,12,6,0,2,1,10,2,2,2,2,0,2,1,0,0,0
201314794015,4,2,1,13,6,350.7003,2,6,4,2013,17,21,12,7,0,1,1,10,0,0,2,2,0,1,1,0,0,0
201314794022,3,2,1,13,6,38.9667,2,6,5,2013,22,46,12,1,0,2,3,1,2,2,2,2,0,2,1,0,0,0
201314794043,6,2,6,13,6,194.8335,2,6,7,2013,16,43,12,6,0,2,1,10,0,0,2,1,0,2,1,0,0,0
201314794049,3,2,5,13,6,38.9667,1,6,3,2013,16,10,8,0,0,1,1,1,2,1,2,1,0,1,2,0,0,0
201314794050,4,2,7,13,6,366.74524,2,5,1,2013,18,40,14,0,0,1,1,1,0,0,2,1,1,1,7,0,0,0
201314794052,3,2,7,13,6,91.68631,1,6,7,2013,7,13,9,0,0,4,1,10,2,1,2,1,0,1,1,0,0,0
201314794056,4,2,5,13,6,350.7003,2,6,6,2013,12,57,12,6,0,5,1,10,0,0,2,1,0,1,1,0,0,0
201314794058,4,2,3,13,6,350.7003,2,6,6,2013,8,23,12,1,0,2,1,1,0,0,2,1,0,2,1,0,0,0
201314794072,5,2,5,13,6,77.9334,1,6,1,2013,14,58,16,0,0,1,1,1,2,1,2,1,0,1,1,0,0,0
201314794083,3,2,2,13,6,38.9667,1,6,3,2013,10,58,34,0,0,1,1,1,2,1,2,3,0,1,4,0,0,0
201314794084,4,2,2,13,6,350.7003,1,6,3,2013,9,50,11,0,0,1,1,1,0,0,2,3,0,1,1,0,0,0
201314794088,4,2,1,13,6,350.7003,2,6,6,2013,19,13,12,7,0,1,1,1,0,0,2,2,0,1,1,0,0,0
201314794099,4,2,1,13,6,350.7003,1,6,4,2013,21,13,44,0,0,1,3,2,0,0,2,2,0,1,1,0,0,0
201314794100,3,2,1,13,6,38.9667,1,6,7,2013,17,48,9,0,0,1,1,1,3,1,2,2,0,1,1,0,0,0
201314794122,4,2,3,13,6,350.7003,2,6,5,2013,22,0,12,7,0,2,5,1,0,0,2,1,0,2,1,0,0,0
201314794126,5,2,3,13,6,77.9334,1,6,7,2013,2,20,1,0,0,1,2,1,1,1,1,1,0,1,4,0,0,0
201314794130,6,2,3,13,6,194.8335,2,6,2,2013,15,44,12,6,0,2,1,1,0,0,2,1,0,2,1,0,0,0
201314794136,6,2,2,13,6,194.8335,1,6,7,2013,1,19,34,0,0,2,3,1,0,0,2,3,0,3,4,0,0,0
201314794137,1,2,2,13,6,38.9667,1,6,6,2013,18,34,42,0,0,1,1,1,3,3,2,3,0,1,4,0,0,0
201314794138,5,2,2,13,6,77.9334,2,6,6,2013,15,18,12,6,0,2,1,1,2,3,2,3,0,2,1,0,0,0
201314794143,3,2,2,13,6,38.9667,1,6,4,2013,23,3,18,0,0,1,2,1,2,2,2,3,0,1,1,0,0,0
201314794144,1,2,2,13,6,38.9667,1,6,4,2013,22,46,42,0,0,2,2,1,3,2,2,3,0,3,4,0,0,0
201314794151,4,2,6,13,6,350.7003,2,6,4,2013,13,40,12,7,0,1,1,1,0,0,2,1,0,1,1,0,0,0
201314794162,4,2,5,13,6,350.7003,2,6,3,2013,12,7,12,6,0,4,1,2,0,0,2,1,0,1,1,0,0,0
201314794171,3,2,5,13,6,38.9667,1,6,6,2013,14,27,1,0,0,1,1,1,3,1,2,1,0,1,1,0,0,0
201314794173,3,2,5,13,6,38.9667,2,6,6,2013,14,58,12,1,0,1,1,1,2,1,2,1,0,1,1,0,0,0
201314794179,6,2,1,13,6,194.8335,2,6,2,2013,3,0,14,0,0,1,3,1,0,0,2,2,1,1,7,0,0,0
201314794188,4,2,1,13,6,350.7003,2,6,5,2013,23,53,12,6,0,2,3,1,0,0,2,2,0,2,1,0,0,0
201314794189,2,2,1,13,6,77.9334,3,6,6,2013,15,2,14,0,0,2,1,1,8,0,2,2,2,3,4,14,0,0
201314794201,4,2,7,13,6,366.74524,2,6,1,2013,20,20,12,2,0,1,1,1,0,0,1,1,0,1,1,0,0,0
201314794202,3,2,7,13,6,91.68631,1,6,5,2013,22,15,8,0,0,1,3,2,2,1,2,1,0,1,1,0,0,0
201314794203,4,2,5,13,6,350.7003,1,7,1,2013,13,15,24,0,0,1,1,1,0,0,2,1,0,1,3,0,0,0
201314794206,4,2,2,13,6,350.7003,1,7,2,2013,6,32,11,0,0,1,4,10,0,0,2,3,0,1,1,0,0,0
201314794213,3,2,5,13,6,38.9667,1,7,6,2013,15,15,11,0,0,1,1,1,2,1,2,1,0,1,1,0,0,0
201314794214,6,2,2,13,6,194.8335,2,7,4,2013,12,0,12,1,0,2,1,10,0,0,2,3,0,2,1,0,0,0
201314794215,6,2,5,13,6,194.8335,1,7,6,2013,14,33,30,0,0,1,1,1,0,0,2,1,0,1,4,0,0,0
201314794222,4,2,2,13,6,350.7003,2,7,2,2013,15,0,12,1,0,2,1,1,0,0,2,3,0,3,1,0,0,0
201314794228,1,2,2,13,6,38.9667,1,6,1,2013,0,7,42,0,0,1,2,1,3,1,1,3,0,1,4,0,0,0
201314794235,4,2,5,13,6,350.7003,2,7,2,2013,11,40,12,1,0,2,1,1,0,0,2,1,0,3,1,0,0,0
201314794243,3,2,3,13,6,38.9667,1,7,3,2013,12,57,1,0,0,5,1,2,2,1,2,1,0,1,1,0,0,0
201314794245,5,2,1,13,6,77.9334,2,6,4,2013,17,5,12,2,0,4,1,1,2,1,2,2,0,1,1,0,0,0
201314794253,6,2,1,13,6,194.8335,6,6,3,2013,4,24,12,1,0,1,2,2,2,1,2,2,0,1,1,0,0,0
201314794259,4,2,1,13,6,350.7003,2,6,5,2013,18,12,12,6,0,2,1,1,1,1,2,2,0,2,1,0,0,0
201314794286,4,2,5,13,6,350.7003,2,7,3,2013,16,17,12,6,0,4,1,2,1,1,2,1,0,1,1,0,0,0
201314794290,4,2,6,13,6,350.7003,2,6,6,2013,15,37,12,6,0,2,1,1,0,0,2,1,0,2,1,0,0,0
201314794299,4,2,6,13,6,350.7003,2,7,6,2013,11,20,12,6,0,2,1,1,0,0,2,1,0,2,1,0,0,0
201314794307,4,2,1,13,6,350.7003,1,7,2,2013,15,4,33,0,0,2,1,1,0,0,2,2,0,2,4,0,0,0
201314794314,4,2,7,13,6,366.74524,1,7,2,2013,15,30,11,0,0,1,1,1,0,0,2,1,0,1,1,0,0,0
201314794319,4,2,3,13,6,350.7003,2,7,1,2013,11,9,12,1,0,2,1,1,0,0,2,1,0,2,1,0,0,0
201314794325,3,2,3,13,6,38.9667,1,7,3,2013,13,54,9,0,0,2,1,10,2,1,2,1,0,2,1,0,0,0
201314794332,4,2,1,13,6,350.7003,2,7,4,2013,22,27,14,0,0,1,2,1,0,0,2,2,1,1,7,0,0,0
201314794339,5,2,2,13,6,77.9334,1,7,6,2013,17,1,42,0,0,1,1,1,1,1,2,3,0,1,4,0,0,0
201314794342,4,2,2,13,6,350.7003,1,7,4,2013,22,0,11,0,0,1,5,1,0,0,2,3,0,1,1,0,0,0
201314794349,3,2,2,13,6,38.9667,1,7,2,2013,21,55,8,0,0,1,2,10,2,1,2,3,0,1,2,0,0,0
201314794351,3,2,2,13,6,38.9667,3,7,5,2013,12,29,12,1,0,1,1,1,2,2,2,3,0,1,1,0,0,0
201314794360,6,2,3,13,6,194.8335,2,7,6,2013,7,40,12,7,0,1,1,1,3,1,2,1,0,1,1,0,0,0
201314794362,3,2,3,13,6,38.9667,3,7,3,2013,12,42,12,6,0,4,1,1,2,1,2,1,1,1,1,0,0,0
201314794363,3,2,3,13,6,38.9667,1,7,3,2013,12,37,1,0,0,1,1,1,2,1,2,1,0,1,4,19,0,0
201314794371,4,2,2,13,6,350.7003,1,7,7,2013,20,2,42,0,0,1,1,1,0,0,2,3,0,1,4,0,0,0
201314794376,3,2,6,13,6,38.9667,2,7,2,2013,11,42,12,6,0,2,1,1,2,1,2,1,0,2,1,0,0,0
201314794384,3,2,6,13,6,38.9667,2,7,5,2013,14,35,12,6,0,2,1,1,2,1,2,1,0,2,1,0,0,0
201314794395,4,2,5,13,6,350.7003,2,7,7,2013,18,31,14,0,0,4,1,1,0,0,2,1,1,1,7,0,0,0
201314794396,6,2,5,13,6,194.8335,3,7,7,2013,9,3,12,6,0,2,1,1,0,0,2,1,0,2,1,0,0,0
201314794400,5,2,5,13,6,77.9334,2,7,1,2013,11,23,12,1,0,5,1,1,2,2,2,1,0,1,1,0,0,0
201314794402,5,2,7,13,6,91.68631,1,7,4,2013,8,18,59,0,0,1,1,1,2,1,2,1,0,1,4,0,0,0
201314794423,4,2,3,13,6,350.7003,2,7,7,2013,20,27,12,1,0,2,1,1,0,0,2,1,0,2,1,0,0,0
201314794427,4,2,6,13,6,350.7003,2,7,1,2013,4,0,12,7,0,1,3,1,0,0,2,1,0,1,1,0,0,0
201314794435,5,2,2,13,6,77.9334,1,7,7,2013,5,27,42,0,0,1,2,1,2,2,1,3,0,1,4,0,0,0
201314794437,4,2,2,13,6,350.7003,2,7,6,2013,16,35,12,6,0,2,1,2,0,0,2,3,0,2,1,0,0,0
201314794441,6,2,2,13,6,194.8335,1,7,4,2013,10,30,11,0,0,1,1,1,0,0,2,3,0,1,1,0,0,0
201314794452,3,2,2,13,6,38.9667,2,7,1,2013,12,19,12,6,0,2,1,1,2,1,2,3,0,2,1,0,0,0
201314794454,4,2,5,13,6,350.7003,2,7,6,2013,16,19,12,1,0,1,1,2,0,0,2,1,0,1,1,19,0,0
201314794461,4,2,4,13,6,350.7003,1,7,4,2013,14,30,11,0,0,1,1,1,0,0,2,8,0,1,1,0,0,0
201314794487,3,2,5,13,6,38.9667,1,7,3,2013,21,25,1,0,0,1,5,10,3,2,2,1,0,1,1,0,0,0
201314794490,6,2,5,13,6,194.8335,1,8,5,2013,19,35,1,0,0,1,1,1,0,0,2,1,0,1,1,0,0,0
201314794491,5,2,5,13,6,77.9334,1,8,5,2013,15,49,25,0,0,1,1,1,1,1,2,1,0,1,3,0,0,0
201314794494,4,2,5,13,6,350.7003,1,8,7,2013,11,17,11,0,0,1,1,1,0,0,2,1,0,1,1,0,0,0
201314794504,4,2,1,13,6,350.7003,2,7,3,2013,18,33,12,6,0,2,1,1,0,0,2,2,0,2,1,0,0,0
201314794506,6,2,1,13,6,194.8335,2,7,4,2013,18,21,12,6,0,2,1,1,0,0,2,2,0,2,1,0,0,0
201314794511,5,2,1,13,6,77.9334,1,7,6,2013,2,32,42,0,0,1,3,1,2,1,2,2,0,1,4,20,0,0
201314794512,3,2,1,13,6,38.9667,1,7,6,2013,16,5,9,0,0,2,1,1,2,1,2,2,0,2,1,0,0,0
201314794517,4,2,1,13,6,350.7003,2,7,7,2013,18,38,12,9,0,4,1,1,0,0,2,2,0,1,1,0,0,0
201314794528,3,2,1,13,6,38.9667,1,7,6,2013,12,28,1,0,0,1,1,1,2,1,2,2,0,1,1,0,0,0
201314794535,5,2,3,13,6,77.9334,2,7,4,2013,17,15,12,6,0,2,1,1,3,4,2,1,0,2,1,0,0,0
201314794536,4,2,1,13,6,350.7003,2,7,6,2013,15,0,14,0,0,4,1,1,0,0,2,2,1,1,7,0,0,0
201314794544,5,2,1,13,6,77.9334,2,7,2,2013,23,35,12,6,0,2,3,1,1,2,2,2,0,2,1,0,0,0
201314794546,3,2,1,13,6,38.9667,1,7,3,2013,20,6,9,0,0,2,1,1,2,1,2,2,0,3,1,0,0,0
201314794552,3,2,2,13,6,38.9667,1,8,7,2013,23,31,53,0,0,1,2,1,3,1,2,3,0,1,4,0,0,0
201314794553,5,2,2,13,6,77.9334,2,8,5,2013,18,0,12,6,0,2,1,1,1,1,2,3,0,2,1,0,0,0
201314794559,4,2,2,13,6,350.7003,1,7,3,2013,1,0,11,0,0,1,2,1,0,0,2,3,0,1,1,0,0,0
201314794560,4,2,1,13,6,350.7003,2,7,6,2013,8,20,14,0,0,4,1,1,0,0,2,2,1,1,7,0,0,0
201314794563,6,2,2,13,6,194.8335,2,7,2,2013,11,33,12,6,0,2,1,1,2,1,2,3,0,2,1,0,0,0
201314794566,3,2,1,13,6,38.9667,1,7,6,2013,15,14,25,0,0,1,1,2,3,1,2,2,0,1,3,0,0,0
201314794583,4,2,1,13,6,350.7003,2,8,6,2013,17,4,14,0,0,1,1,1,0,0,2,2,1,1,7,0,0,0
201314794585,6,2,1,13,6,194.8335,2,8,7,2013,0,27,12,2,0,2,2,1,0,0,2,2,0,2,1,0,0,0
201314794597,4,2,3,13,6,350.7003,2,8,6,2013,12,23,12,6,0,2,1,1,0,0,2,1,0,3,1,0,0,0
201314794606,3,2,3,13,6,38.9667,1,8,7,2013,19,9,5,0,0,1,1,1,3,1,2,1,0,1,4,0,0,0
201314794611,4,2,6,13,6,350.7003,2,7,3,2013,12,15,12,1,0,2,1,1,0,0,2,1,0,2,1,0,0,0
201314794615,4,2,7,13,6,366.74524,2,8,4,2013,13,18,12,1,0,2,1,10,0,0,2,1,0,3,1,0,0,0
201314794625,4,2,6,13,6,350.7003,2,8,5,2013,12,15,12,6,0,4,1,1,0,0,2,1,0,1,1,0,0,0
201314794630,5,2,2,13,6,77.9334,1,8,2,2013,6,42,1,0,0,1,1,1,1,2,2,3,0,1,4,0,0,0
201314794640,3,2,3,13,6,38.9667,2,8,1,2013,12,31,12,6,0,2,1,1,2,1,2,1,0,2,1,0,0,0
201314794641,3,2,3,13,6,38.9667,2,8,7,2013,21,28,12,1,0,1,2,1,3,1,2,1,0,1,1,0,0,0
201314794649,5,2,3,13,6,77.9334,1,8,6,2013,13,32,40,0,0,1,1,1,1,1,2,1,0,1,4,0,0,0
201314794654,4,2,2,13,6,350.7003,1,8,6,2013,21,32,33,0,0,1,2,1,0,0,2,3,0,1,4,0,0,0
201314794665,4,2,5,13,6,350.7003,2,8,2,2013,8,1,12,1,0,2,1,1,0,0,2,1,0,2,1,0,0,0
201314794673,4,2,1,13,6,350.7003,2,8,5,2013,12,56,12,6,0,4,1,1,0,0,2,2,0,1,1,0,0,0
201314794681,3,2,1,13,6,38.9667,1,8,7,2013,3,30,1,0,0,2,3,1,2,1,2,2,0,2,1,0,0,0
201314794690,4,2,1,13,6,350.7003,2,8,2,2013,16,5,14,0,0,4,1,1,0,0,2,2,1,1,7,0,0,0
201314794694,6,2,1,13,6,194.8335,1,8,1,2013,0,28,59,0,0,1,2,1,0,0,2,2,0,1,4,0,0,0
201314794704,3,2,1,13,6,38.9667,1,8,2,2013,11,34,8,0,0,1,1,1,2,1,2,2,0,1,1,0,0,0
201314794706,4,2,1,13,6,350.7003,2,8,4,2013,14,43,14,0,0,1,1,1,0,0,2,2,1,1,7,0,0,0
201314794707,5,2,1,13,6,77.9334,2,8,4,2013,22,56,12,6,0,2,3,2,2,2,2,2,0,2,1,0,0,0
201314794713,5,2,6,13,6,77.9334,2,8,3,2013,19,0,12,6,0,2,1,1,2,1,2,1,0,2,1,0,0,0
201314794714,3,2,7,13,6,91.68631,1,8,3,2013,18,30,9,0,0,2,1,1,2,1,2,1,0,3,1,0,0,0
201314794718,3,2,6,13,6,38.9667,1,8,3,2013,19,25,1,0,0,2,1,1,2,1,2,1,0,2,1,0,0,0
201314794719,4,2,3,13,6,350.7003,2,8,7,2013,23,40,12,6,0,2,3,1,0,0,2,1,0,2,1,0,0,0
201314794725,4,2,6,13,6,350.7003,2,8,5,2013,20,0,12,7,0,2,1,1,1,1,2,1,0,2,1,0,0,0
201314794726,3,2,3,13,6,38.9667,1,8,4,2013,23,12,9,0,0,2,3,2,2,1,2,1,0,3,1,0,0,0
201314794734,3,2,3,13,6,38.9667,2,8,3,2013,16,39,12,1,0,2,1,1,2,2,2,1,0,3,1,0,0,0
201314794739,3,2,2,13,6,38.9667,2,8,1,2013,12,50,12,1,0,4,1,1,2,1,2,3,0,1,1,0,0,0
201314794740,4,2,5,13,6,350.7003,2,8,5,2013,12,46,12,1,0,2,1,10,0,0,2,1,0,2,1,0,0,0
201314794741,5,2,2,13,6,77.9334,1,8,7,2013,17,21,42,0,0,1,1,1,2,2,1,3,0,1,4,0,0,0
201314794747,5,2,5,13,6,77.9334,2,8,7,2013,14,22,12,6,0,2,1,1,2,3,2,1,0,2,1,0,0,0
201314794748,6,2,2,13,6,194.8335,2,8,7,2013,14,31,12,1,0,2,1,1,0,0,2,3,0,,1,0,0,0
201314794750,3,2,5,13,6,38.9667,1,8,6,2013,14,35,34,0,0,5,1,1,2,1,2,1,0,1,4,0,0,0
201314794754,4,2,2,13,6,350.7003,1,8,2,2013,0,15,43,0,0,1,3,1,0,0,2,3,0,1,4,0,0,0
201314794761,3,2,2,13,6,38.9667,1,8,7,2013,22,15,8,0,0,1,2,1,2,1,2,3,0,1,1,0,0,0
201314794767,3,2,1,13,6,38.9667,2,8,5,2013,11,26,12,7,0,2,1,10,2,1,2,2,0,2,1,0,0,0
201314794770,3,2,2,13,6,38.9667,1,8,4,2013,22,7,1,0,0,1,2,1,2,1,2,3,0,1,1,0,0,0
201314794775,5,2,2,13,6,77.9334,2,8,2,2013,17,8,12,6,0,2,1,1,1,1,2,3,0,2,1,0,0,0
201314794782,1,2,2,13,6,38.9667,1,8,3,2013,16,54,34,0,0,1,1,10,3,1,2,3,0,1,4,0,0,0
201314794785,4,2,1,13,6,350.7003,1,8,4,2013,21,51,11,0,0,1,3,1,0,0,2,2,0,1,1,0,0,0
201314794798,6,2,5,13,6,194.8335,2,8,3,2013,11,40,12,2,0,4,1,1,0,0,2,1,0,1,1,0,0,0
201314794799,3,2,5,13,6,38.9667,2,8,3,2013,16,7,12,6,0,4,1,1,2,2,2,1,0,1,1,0,0,0
201314794804,4,2,5,13,6,350.7003,1,8,5,2013,21,42,30,0,0,4,3,1,0,0,2,1,0,1,4,0,0,0
201314794805,5,2,5,13,6,77.9334,2,8,7,2013,13,23,12,6,0,2,1,1,2,3,2,1,0,2,1,0,0,0
201314794806,6,2,4,13,6,194.8335,2,8,6,2013,22,16,12,6,0,1,2,1,0,0,2,8,0,1,1,0,0,0
201314794826,4,2,5,13,6,350.7003,2,9,3,2013,15,34,12,1,0,2,1,10,0,0,2,1,0,2,1,0,0,0
201314794829,5,2,1,13,6,77.9334,2,8,6,2013,17,30,12,6,0,2,1,2,2,2,2,2,0,2,1,0,0,0
201314794831,3,2,1,13,6,38.9667,1,8,7,2013,7,25,5,0,0,1,1,1,3,1,2,2,0,1,1,0,0,0
201314794836,4,2,1,13,6,350.7003,2,9,3,2013,9,32,12,1,0,2,1,1,0,0,2,2,0,3,1,0,0,0
201314794847,6,2,3,13,6,194.8335,2,9,6,2013,14,50,12,6,0,4,1,1,0,0,2,1,0,1,1,0,0,0
201314794849,4,2,3,13,6,350.7003,2,9,4,2013,19,6,12,2,0,2,1,1,0,0,2,1,0,2,1,0,0,0
201314794860,3,2,2,13,6,38.9667,1,9,1,2013,15,49,5,0,0,2,1,1,2,2,2,3,0,2,1,0,0,0