CASENUM,STRATUM,REGION,PJ,PSU,PSUSTRAT,WEIGHT,VE_TOTAL,MONTH,WKDY_IM,YEAR,HOUR_IM,MINUTE_IM,EVENT1_IM,MANCOL_IM,RELJCT1_IM,RELJCT2_IM,LGTCON_IM,WEATHR_IM,MAXSEV_IM,NO_INJ_IM,ALCHL_IM,LAND_USE,PVH_INVL,TYP_INT,REL_ROAD,CF1,CF2,CF3
201314794864,4,2,2,13,6,350.7003,1,9,6,2013,7,3,11,0,0,1,4,1,0,0,2,3,0,1,1,0,0,0
201314794867,6,2,2,13,6,194.8335,1,9,4,2013,11,26,34,0,0,1,1,1,0,0,2,3,0,1,4,0,0,0
201314794871,5,2,2,13,6,77.9334,2,9,3,2013,13,30,12,1,0,2,1,1,2,1,1,3,0,2,1,0,0,0
201314794884,4,2,3,13,6,350.7003,2,9,4,2013,8,7,12,7,0,4,1,1,0,0,2,1,0,1,1,0,0,0
201314794893,4,2,2,13,6,350.7003,1,9,3,2013,2,42,59,0,0,2,3,10,0,0,1,3,0,3,4,0,0,0
201314794906,1,2,2,13,6,38.9667,2,9,6,2013,18,40,12,2,0,1,1,1,3,2,2,3,0,1,1,0,0,0
201314794907,4,2,5,13,6,350.7003,2,9,6,2013,12,51,12,1,0,2,1,1,0,0,2,1,0,2,1,0,0,0
201314794915,4,2,6,13,6,350.7003,2,9,3,2013,16,59,12,6,0,2,1,1,2,2,2,1,0,2,1,0,0,0
201314794924,4,2,1,13,6,350.7003,1,9,4,2013,10,26,9,0,0,4,1,1,1,1,2,2,0,1,1,0,0,0
201314794931,6,2,1,13,6,194.8335,4,8,6,2013,16,34,14,0,0,1,1,1,0,0,2,2,3,1,7,14,0,0
201314794933,4,2,4,13,6,350.7003,2,8,6,2013,5,15,12,8,0,1,3,1,0,0,2,8,0,1,1,0,0,0
201314794936,4,2,1,13,6,350.7003,2,9,1,2013,22,58,12,1,0,2,1,10,4,1,1,2,0,2,1,0,0,0
201314794946,4,2,1,13,6,350.7003,2,9,6,2013,7,37,12,7,0,1,1,1,1,1,2,2,0,1,1,0,0,0
201314794967,5,2,3,13,6,77.9334,2,9,6,2013,13,0,12,6,0,2,1,1,2,1,2,1,0,2,1,0,0,0
201314794970,4,2,1,13,6,350.7003,2,9,3,2013,5,45,12,1,0,2,3,1,0,0,2,2,0,3,1,0,0,0
201314794979,6,2,3,13,6,194.8335,2,9,3,2013,12,7,12,1,0,1,1,1,0,0,2,1,0,1,1,0,0,0
201314794982,3,2,3,13,6,38.9667,2,9,6,2013,22,54,12,2,0,2,3,1,3,1,1,1,0,3,1,0,0,0
201314794990,4,2,6,13,6,350.7003,2,9,6,2013,23,10,14,0,0,1,3,10,0,0,2,1,1,1,7,0,0,0
201314794993,4,2,2,13,6,350.7003,1,9,7,2013,20,42,1,0,0,5,2,2,0,0,2,3,0,1,4,0,0,0
201314795005,3,2,2,13,6,38.9667,1,9,3,2013,20,53,1,0,0,2,2,1,2,1,2,3,0,2,1,0,0,0
201314795011,6,2,2,13,6,194.8335,2,9,2,2013,19,30,12,1,0,2,1,1,0,0,2,3,0,3,1,0,0,0
201314795012,4,2,5,13,6,350.7003,2,9,6,2013,17,19,12,1,0,2,1,1,0,0,2,1,0,2,1,0,0,0
201314795015,4,2,2,13,6,350.7003,2,9,2,2013,16,47,12,6,0,2,1,1,0,0,2,3,0,3,1,0,0,0
201314795016,5,2,2,13,6,77.9334,1,9,2,2013,15,21,31,0,0,1,1,1,1,1,2,3,0,1,4,0,0,0
201314795019,3,2,7,13,6,91.68631,1,8,6,2013,17,30,1,0,0,1,1,10,2,1,2,1,0,1,1,0,0,0
201314795024,5,2,1,13,6,77.9334,2,9,7,2013,14,32,12,6,0,2,1,1,2,4,2,2,0,2,1,0,0,0
201314795035,4,2,4,13,6,350.7003,1,9,7,2013,1,20,11,0,0,1,6,1,0,0,2,8,0,1,1,0,0,0
201314795044,4,2,3,13,6,350.7003,2,9,4,2013,19,44,12,9,0,4,1,1,1,1,2,1,0,1,1,0,0,0
201314795045,3,2,3,13,6,38.9667,4,9,3,2013,13,25,12,1,0,2,1,1,2,1,2,1,0,3,1,0,0,0
201314795046,6,2,6,13,6,194.8335,2,9,7,2013,16,5,12,1,0,1,1,1,1,1,2,1,0,1,1,0,0,0
201314795058,6,2,5,13,6,194.8335,2,9,3,2013,19,39,12,6,0,2,1,1,0,0,2,1,0,2,1,0,0,0
201314795067,1,2,2,13,6,38.9667,2,9,2,2013,15,57,12,2,0,2,1,1,3,3,2,3,0,2,1,0,0,0
201314795068,3,2,5,13,6,38.9667,1,9,3,2013,17,0,8,0,0,4,1,1,2,1,2,1,0,1,1,0,0,0
201314795079,4,2,2,13,6,350.7003,1,9,2,2013,4,17,11,0,0,1,2,1,0,0,2,3,0,1,1,0,0,0
201314795086,4,2,1,13,6,350.7003,2,9,2,2013,13,44,12,6,0,2,1,1,0,0,2,2,0,2,1,0,0,0
201314795097,4,2,1,13,6,350.7003,2,9,4,2013,15,7,12,2,0,2,1,1,0,0,2,2,0,2,1,0,0,0
201314795098,5,2,1,13,6,77.9334,2,9,4,2013,16,45,12,2,0,2,1,1,1,1,2,2,0,2,1,0,0,0
201314795129,4,2,3,13,6,350.7003,2,10,7,2013,13,40,12,1,0,2,1,10,0,0,2,1,0,2,1,0,0,0
201314795138,6,2,2,13,6,194.8335,1,10,5,2013,23,27,42,0,0,1,2,2,0,0,2,3,0,1,4,0,0,0
201314795144,3,2,2,13,6,38.9667,1,8,3,2013,22,8,34,0,0,1,3,10,2,1,2,3,0,1,4,0,0,0
201314795146,4,2,2,13,6,350.7003,1,10,3,2013,5,57,11,0,0,1,2,1,0,0,2,3,0,1,1,0,0,0
201314795154,3,2,1,13,6,38.9667,1,9,6,2013,8,15,8,0,0,2,1,1,1,1,2,2,0,2,1,0,0,0
201314795156,4,2,1,13,6,350.7003,2,9,3,2013,14,45,12,1,0,2,1,1,0,0,2,2,0,2,1,0,0,0
201314795160,6,2,1,13,6,194.8335,2,10,4,2013,8,55,12,6,0,2,1,1,0,0,2,2,0,2,1,0,0,0
201314795169,4,2,6,13,6,350.7003,2,10,4,2013,16,0,14,0,0,1,1,1,0,0,2,1,1,1,7,0,0,0
201314795172,4,2,5,13,6,350.7003,2,9,2,2013,9,40,12,6,0,2,1,1,0,0,2,1,0,3,1,0,0,0
201314795173,3,2,5,13,6,38.9667,2,9,2,2013,14,35,12,1,0,1,1,1,2,1,2,1,0,1,1,0,0,0
201314795175,3,2,5,13,6,38.9667,1,10,3,2013,13,23,1,0,0,4,1,10,2,1,2,1,0,1,1,0,0,0
201314795177,6,2,5,13,6,194.8335,2,10,3,2013,12,11,12,6,0,4,1,1,0,0,2,1,0,1,1,0,0,0
201314795179,5,2,5,13,6,77.9334,2,10,3,2013,16,25,12,2,0,2,1,10,2,2,2,1,0,3,1,0,0,0
201314795185,3,2,5,13,6,38.9667,2,10,7,2013,20,0,12,6,0,2,2,2,2,1,1,1,0,3,1,0,0,0
201314795202,4,2,5,13,6,350.7003,2,10,2,2013,7,45,12,7,0,5,1,1,0,0,2,1,0,1,1,0,0,0
201314795230,4,2,6,13,6,350.7003,1,10,1,2013,20,0,41,0,0,2,5,1,0,0,2,1,0,,4,20,0,0
201314795231,4,2,7,13,6,366.74524,1,9,6,2013,19,25,30,0,0,1,1,1,0,0,2,1,0,1,4,0,0,0
201314795241,4,2,1,13,6,350.7003,2,10,2,2013,14,34,12,6,0,4,1,1,0,0,2,2,0,1,1,0,0,0
201314795249,3,2,1,13,6,38.9667,1,10,5,2013,19,52,1,0,0,2,3,1,2,2,2,2,0,2,1,0,0,0
201314795253,4,2,4,13,6,350.7003,1,10,4,2013,1,5,11,0,0,1,3,1,0,0,2,8,0,1,1,0,0,0
201314795263,5,2,2,13,6,77.9334,1,10,1,2013,14,22,11,0,0,1,1,10,2,1,2,3,0,1,1,0,0,0
201314795266,4,2,5,13,6,350.7003,2,10,4,2013,10,19,12,1,0,2,1,1,0,0,2,1,0,2,1,0,0,0
201314795273,4,2,2,13,6,350.7003,1,10,7,2013,8,0,11,0,0,1,4,1,0,0,2,3,0,1,1,0,0,0
201314795277,5,2,5,13,6,77.9334,2,10,5,2013,17,40,12,6,0,2,1,1,2,2,2,1,0,2,1,0,0,0
201314795282,6,2,2,13,6,194.8335,1,10,5,2013,12,28,34,0,0,1,1,2,0,0,2,3,0,1,4,0,0,0
201314795288,4,2,2,13,6,350.7003,1,10,4,2013,14,12,34,0,0,1,1,1,0,0,2,3,0,1,4,0,0,0
201314795298,4,2,1,13,6,350.7003,2,10,6,2013,15,55,12,7,0,2,1,1,0,0,2,2,0,3,1,0,0,0
201314795311,4,2,3,13,6,350.7003,2,10,5,2013,10,9,12,1,0,2,1,10,0,0,2,1,0,2,1,0,0,0
201314795316,5,2,1,13,6,77.9334,2,10,6,2013,8,41,12,6,0,2,1,1,2,2,2,2,0,2,1,0,0,0
201314795321,4,2,1,13,6,350.7003,2,10,3,2013,16,3,12,6,0,2,1,2,0,0,2,2,0,2,1,0,0,0
201314795333,1,2,1,13,6,38.9667,3,10,6,2013,17,41,12,1,0,1,1,1,3,2,2,2,0,1,1,27,0,0
201314795337,6,2,4,13,6,194.8335,1,10,6,2013,16,55,57,0,0,1,1,1,0,0,2,8,0,1,3,0,0,0
201314795348,4,2,5,13,6,350.7003,1,10,6,2013,10,14,11,0,0,1,1,1,0,0,2,1,0,1,1,0,0,0
201314795358,4,2,1,13,6,350.7003,2,10,4,2013,20,43,12,1,0,2,3,2,0,0,1,2,0,2,1,0,0,0
201314795363,4,2,7,13,6,366.74524,2,10,7,2013,17,50,12,7,0,4,1,1,0,0,2,1,0,1,1,0,0,0
201314795365,1,2,1,13,6,38.9667,2,10,7,2013,5,57,12,6,0,2,3,1,3,2,2,2,0,2,1,0,0,0
201314795369,5,2,3,13,6,77.9334,2,10,6,2013,8,48,12,2,0,2,1,10,2,1,2,1,0,3,1,0,0,0
201314795373,6,2,3,13,6,194.8335,2,10,5,2013,8,17,12,1,0,2,1,2,0,0,2,1,0,3,1,0,0,0
201314795376,1,2,3,13,6,38.9667,1,10,6,2013,2,22,24,0,0,1,2,10,3,2,1,1,0,1,4,0,0,0
201314795378,3,2,1,13,6,38.9667,1,10,4,2013,8,2,33,0,0,1,1,10,2,3,2,2,0,1,4,0,0,0
201314795381,3,2,1,13,6,38.9667,1,10,4,2013,20,37,8,0,0,2,5,10,2,1,2,2,0,2,1,0,0,0
201314795382,4,2,2,13,6,350.7003,1,10,2,2013,6,55,11,0,0,1,2,1,0,0,2,3,0,1,1,0,0,0
201314795394,4,2,2,13,6,350.7003,1,10,6,2013,8,12,11,0,0,1,4,1,0,0,2,3,0,1,1,0,0,0
201314795400,1,2,2,13,6,38.9667,1,10,4,2013,21,59,1,0,0,1,2,4,3,2,2,3,0,1,4,0,0,0
201314795406,4,2,2,13,6,350.7003,1,10,3,2013,6,26,11,0,0,1,2,10,0,0,2,3,0,1,1,0,0,0
201314795411,1,2,4,13,6,38.9667,2,10,1,2013,15,15,12,2,0,1,1,1,4,3,2,8,0,1,1,0,0,0
201314795413,4,2,4,13,6,350.7003,2,10,3,2013,7,30,12,6,0,2,4,1,0,0,2,8,0,2,1,0,0,0
201314795420,3,2,6,13,6,38.9667,2,10,4,2013,21,24,12,2,0,2,3,2,3,1,2,1,0,2,1,0,0,0
201314795423,6,2,2,13,6,194.8335,1,11,7,2013,6,20,34,0,0,1,2,2,1,2,2,3,0,1,4,0,0,0
201314795425,5,2,2,13,6,77.9334,2,11,6,2013,21,9,12,6,0,2,3,2,2,3,2,3,0,2,1,0,0,0
201314795426,3,2,6,13,6,38.9667,1,11,6,2013,10,31,9,0,0,2,1,2,0,0,2,1,0,2,1,0,0,0
201314795428,4,2,6,13,6,350.7003,2,11,6,2013,14,30,12,1,0,2,1,2,0,0,2,1,0,2,1,19,0,0
201314795443,4,2,2,13,6,350.7003,1,10,2,2013,21,41,11,0,0,1,3,1,0,0,2,3,0,1,1,0,0,0
201314795445,6,2,2,13,6,194.8335,1,10,2,2013,19,57,34,0,0,1,2,1,0,0,2,3,0,1,4,0,0,0
201314795446,4,2,1,13,6,350.7003,2,10,6,2013,13,26,12,6,0,2,1,10,0,0,2,2,0,2,1,0,0,0
201314795451,6,2,1,13,6,194.8335,2,10,6,2013,23,12,12,6,0,2,3,10,0,0,2,2,0,2,1,0,0,0
201314795453,3,2,1,13,6,38.9667,1,10,1,2013,7,30,1,0,0,1,4,10,2,1,2,2,0,1,1,0,0,0
201314795461,4,2,1,13,6,350.7003,2,10,5,2013,2,30,12,1,0,2,3,1,0,0,2,2,0,2,1,0,0,0
201314795466,4,2,3,13,6,350.7003,2,11,7,2013,11,6,12,6,0,2,1,10,0,0,2,1,0,2,1,0,0,0
201314795481,6,2,5,13,6,194.8335,1,10,5,2013,21,59,42,0,0,1,2,3,0,0,2,1,0,1,4,0,0,0
201314795482,4,2,3,13,6,350.7003,2,10,2,2013,16,8,12,1,0,2,1,10,0,0,2,1,0,3,1,0,0,0
201314795486,1,2,5,13,6,38.9667,1,10,1,2013,16,50,30,0,0,1,1,1,3,1,1,1,0,1,4,0,0,0
201314795490,4,2,5,13,6,350.7003,1,10,4,2013,23,12,11,0,0,1,2,2,0,0,2,1,0,1,1,0,0,0
201314795506,4,2,5,13,6,350.7003,2,11,6,2013,17,20,12,1,0,2,1,2,0,0,2,1,0,3,1,0,0,0
201314795539,4,2,1,13,6,350.7003,2,11,2,2013,18,20,12,6,0,2,3,10,0,0,2,2,0,2,1,0,0,0
201314795555,4,2,2,13,6,350.7003,1,11,3,2013,17,50,11,0,0,1,5,10,0,0,2,3,0,1,1,0,0,0
201314795563,6,2,2,13,6,194.8335,1,11,1,2013,18,1,11,0,0,1,3,1,0,0,2,3,0,1,1,0,0,0
201314795567,4,2,4,13,6,350.7003,1,10,1,2013,21,0,11,0,0,1,2,1,5,1,2,8,0,1,1,0,0,0
201314795568,1,2,4,13,6,38.9667,1,10,2,2013,18,53,42,0,0,1,5,1,3,1,1,8,0,1,4,0,0,0
201314795581,4,2,5,13,6,350.7003,1,11,3,2013,6,20,11,0,0,1,3,3,0,0,2,1,0,1,1,0,0,0
201314795591,6,2,5,13,6,194.8335,1,11,1,2013,12,5,53,0,0,1,1,2,0,0,2,1,0,1,4,0,0,0
201314795600,4,2,6,13,6,350.7003,2,11,3,2013,12,0,14,0,0,1,1,1,0,0,2,1,1,1,7,0,0,0
201314795601,1,2,6,13,6,38.9667,1,11,7,2013,23,56,19,0,0,2,3,2,3,2,2,1,0,3,4,0,0,0
201314795609,5,2,3,13,6,77.9334,1,11,3,2013,12,44,1,0,0,1,1,1,1,1,2,1,0,1,4,0,0,0
201314795613,4,2,3,13,6,350.7003,2,11,2,2013,15,53,12,1,0,2,1,10,0,0,2,1,0,2,1,0,0,0
201314795619,4,2,1,13,6,350.7003,1,11,6,2013,4,56,11,0,0,1,3,1,0,0,2,2,0,1,1,0,0,0
201314795621,4,2,2,13,6,350.7003,1,11,6,2013,19,21,11,0,0,1,2,1,0,0,2,3,0,1,1,0,0,0
201314795630,5,2,1,13,6,77.9334,2,11,6,2013,13,59,12,6,0,2,1,1,2,5,2,2,0,2,1,0,0,0
201314795632,2,2,2,13,6,77.9334,2,11,4,2013,18,35,12,7,0,2,3,1,0,0,2,3,0,2,1,0,0,0
201314795635,4,2,2,13,6,350.7003,1,11,4,2013,17,48,11,0,0,1,2,1,0,0,2,3,0,1,1,0,0,0
201314795644,1,2,2,13,6,38.9667,1,11,3,2013,0,20,1,0,0,1,2,10,3,2,2,3,0,1,4,0,0,0
201314795650,4,2,1,13,6,350.7003,2,11,3,2013,8,41,12,6,0,2,1,4,0,0,2,2,0,3,1,0,0,0
201314795661,6,2,2,13,6,194.8335,1,11,2,2013,22,15,1,0,0,5,2,4,0,0,2,3,0,1,4,0,0,0
201314795664,3,2,2,13,6,38.9667,1,11,2,2013,13,30,34,0,0,1,1,4,2,1,2,3,0,1,4,0,0,0
201314795666,5,2,1,13,6,77.9334,2,11,4,2013,13,46,12,6,0,2,1,10,3,1,2,2,0,2,1,0,0,0
201314795670,4,2,2,13,6,350.7003,1,11,7,2013,7,40,59,0,0,1,4,10,0,0,2,3,0,1,4,0,0,0
201314795677,6,2,2,13,6,194.8335,2,11,6,2013,10,23,12,7,0,2,1,10,0,0,2,3,0,3,1,0,0,0
201314795680,4,2,1,13,6,350.7003,2,11,5,2013,7,46,12,6,0,2,1,1,1,1,2,2,0,2,1,0,0,0
201314795681,6,2,1,13,6,194.8335,2,11,6,2013,8,25,12,2,0,2,1,10,1,1,2,2,0,2,1,0,0,0
201314795692,4,2,7,13,6,366.74524,1,11,4,2013,15,45,59,0,0,1,1,10,0,0,2,1,0,1,4,0,0,0
201314795712,4,2,1,13,6,350.7003,2,11,3,2013,11,45,12,7,0,2,1,1,0,0,2,2,0,2,1,0,0,0
201314795719,4,2,5,13,6,350.7003,2,11,3,2013,14,15,12,1,0,1,1,1,0,0,2,1,0,1,1,0,0,0
201314795722,6,2,5,13,6,194.8335,1,11,5,2013,23,7,25,0,0,5,3,2,0,0,2,1,0,1,4,0,0,0
201314795737,3,2,7,13,6,91.68631,3,11,7,2013,11,7,12,6,0,4,1,4,2,1,2,1,0,1,1,0,0,0
201314795750,4,2,3,13,6,350.7003,2,11,5,2013,16,29,12,6,0,2,1,10,0,0,2,1,0,3,1,0,0,0
201314795751,6,2,3,13,6,194.8335,2,11,5,2013,16,1,12,6,0,1,1,10,1,1,2,1,0,1,1,0,0,0
201314795754,5,2,2,13,6,77.9334,1,11,1,2013,5,35,1,0,0,1,2,4,2,1,2,3,0,1,4,0,0,0
201314795755,4,2,2,13,6,350.7003,1,11,1,2013,5,35,43,0,0,1,3,4,0,0,1,3,0,1,4,0,0,0
201314795768,4,2,2,13,6,350.7003,1,11,7,2013,11,6,25,0,0,1,1,4,0,0,2,3,0,1,3,0,0,0
201314795772,6,2,2,13,6,194.8335,1,11,7,2013,7,35,1,0,0,1,4,4,0,0,2,3,0,1,4,0,0,0
201314795782,4,2,2,13,6,350.7003,1,11,3,2013,4,40,11,0,0,1,2,10,0,0,2,3,0,1,1,0,0,0
201314795789,6,2,2,13,6,194.8335,1,11,1,2013,8,59,34,0,0,1,1,2,0,0,2,3,0,1,4,0,0,0
201314795790,1,2,2,13,6,38.9667,1,11,1,2013,1,22,53,0,0,1,2,2,3,2,2,3,0,1,4,0,0,0
201314795802,4,2,2,13,6,350.7003,2,11,7,2013,20,30,12,6,0,2,3,1,0,0,2,3,0,2,1,0,0,0
201314795803,2,2,6,13,6,77.9334,3,11,2,2013,8,0,12,6,0,2,4,10,0,0,2,1,0,2,1,0,0,0
201314795807,5,2,6,13,6,77.9334,1,11,3,2013,12,14,33,0,0,1,1,10,2,1,2,1,0,1,4,0,0,0
201314795816,6,2,2,13,6,194.8335,1,11,5,2013,8,57,1,0,0,1,1,10,0,0,2,3,0,1,4,0,0,0
201314795824,6,2,6,13,6,194.8335,2,11,7,2013,18,51,12,6,0,2,3,1,0,0,2,1,0,2,1,0,0,0
201314795825,4,2,2,13,6,350.7003,1,11,4,2013,7,30,30,0,0,1,1,1,0,0,2,3,0,1,4,0,0,0
201314795835,4,2,5,13,6,350.7003,3,11,7,2013,12,20,12,1,0,2,1,1,0,0,2,1,0,,1,0,0,0
201314795842,6,2,2,13,6,194.8335,1,11,3,2013,8,59,34,0,0,1,1,1,0,0,2,3,0,1,4,0,0,0
201314795845,4,2,2,13,6,350.7003,1,11,2,2013,22,54,53,0,0,1,2,1,0,0,2,3,0,1,4,0,0,0
201314795858,5,2,2,13,6,77.9334,1,11,2,2013,11,25,1,0,0,1,1,3,1,2,2,3,0,1,4,0,0,0
201314795859,4,2,5,13,6,350.7003,2,11,4,2013,10,35,12,1,0,1,1,10,0,0,2,1,0,1,1,0,0,0
201314795861,6,2,2,13,6,194.8335,1,11,2,2013,11,11,34,0,0,1,1,3,0,0,2,3,0,1,4,0,0,0
201314795871,4,2,1,13,6,350.7003,2,11,7,2013,11,59,12,7,0,2,1,3,0,0,2,2,0,2,1,0,0,0
201314795872,5,2,2,13,6,77.9334,1,11,2,2013,6,38,1,0,0,1,2,1,1,1,2,3,0,1,4,0,0,0
201314795878,6,2,1,13,6,194.8335,2,11,7,2013,23,6,14,0,0,1,2,3,2,1,2,2,1,1,2,23,0,0
201314795891,6,2,3,13,6,194.8335,1,11,2,2013,10,28,1,0,0,1,1,3,0,0,2,1,0,1,3,0,0,0
201314795898,4,2,3,13,6,350.7003,1,11,1,2013,6,40,38,0,0,1,1,1,0,0,2,1,0,1,5,0,0,0
201314795899,5,2,3,13,6,77.9334,2,11,7,2013,21,34,12,6,0,2,3,4,1,2,2,1,0,2,1,0,0,0
201314795907,3,2,3,13,6,38.9667,1,11,7,2013,12,15,30,0,0,4,1,4,2,1,2,1,0,1,4,0,0,0
201314795908,4,2,1,13,6,350.7003,2,11,2,2013,10,55,12,1,0,1,1,3,0,0,2,2,0,1,1,0,0,0
201314795915,2,2,1,13,6,77.9334,2,11,2,2013,14,21,12,1,0,2,1,3,0,0,2,2,0,2,1,0,0,0
201314795924,4,2,1,13,6,350.7003,2,11,2,2013,14,50,12,1,0,2,1,3,0,0,2,2,0,2,1,0,0,0
201314795940,4,2,6,13,6,350.7003,2,12,1,2013,0,0,12,2,0,1,3,3,0,0,2,1,0,1,1,0,0,0
201314795952,6,2,5,13,6,194.8335,1,12,3,2013,12,28,31,0,0,1,1,10,0,0,2,1,0,1,4,0,0,0
201314795954,5,2,5,13,6,77.9334,2,12,3,2013,8,19,12,2,0,2,1,1,2,2,2,1,0,2,1,0,0,0
201314795958,4,2,7,13,6,366.74524,2,12,5,2013,12,38,12,6,0,2,1,1,1,1,2,1,0,2,1,0,0,0
201314795962,5,2,3,13,6,77.9334,2,12,7,2013,22,33,12,6,0,2,3,10,1,1,1,1,0,3,1,0,0,0
201314795964,4,2,3,13,6,350.7003,2,12,4,2013,10,0,12,1,0,2,1,10,0,0,2,1,0,3,1,0,0,0
201314795968,4,2,5,13,6,350.7003,2,12,6,2013,18,0,12,6,0,2,5,1,0,0,2,1,0,2,1,0,0,0
201314795980,4,2,2,13,6,350.7003,1,12,7,2013,10,51,42,0,0,1,1,4,0,0,2,3,0,1,4,0,0,0
201314795983,5,2,2,13,6,77.9334,1,12,7,2013,10,6,1,0,0,1,1,4,2,1,2,3,0,1,4,0,0,0
201314795990,4,2,1,13,6,350.7003,2,11,4,2013,15,4,14,0,0,4,1,1,0,0,2,2,1,1,7,0,0,0
201314795992,6,2,2,13,6,194.8335,1,12,5,2013,20,2,11,0,0,1,2,1,0,0,2,3,0,1,1,0,0,0
201314795996,6,2,1,13,6,194.8335,1,11,4,2013,1,20,42,0,0,2,3,1,0,0,2,2,0,2,4,20,0,0
201314796010,5,2,2,13,6,77.9334,1,12,4,2013,23,23,34,0,0,1,2,2,2,1,2,3,0,1,4,0,0,0
201314796019,4,2,1,13,6,350.7003,2,11,4,2013,13,33,12,6,0,2,1,1,1,1,2,2,0,2,1,0,0,0
201314796045,4,2,3,13,6,350.7003,2,12,4,2013,16,47,12,7,0,1,3,4,0,0,2,1,0,1,1,0,0,0
201314796050,6,2,3,13,6,194.8335,1,12,3,2013,14,27,1,0,0,1,1,3,0,0,2,1,0,1,4,0,0,0
201314796059,2,2,3,13,6,77.9334,2,12,7,2013,13,28,12,1,0,2,1,3,3,1,2,1,0,2,1,0,0,0
201314796064,4,2,3,13,6,350.7003,2,12,7,2013,10,44,12,7,0,1,1,4,0,0,2,1,0,1,1,0,0,0
201314796068,4,2,6,13,6,350.7003,2,12,6,2013,23,47,14,0,0,1,3,4,0,0,2,1,1,1,7,0,0,0
201314796071,6,2,3,13,6,194.8335,2,12,6,2013,11,30,12,6,0,2,1,4,1,1,2,1,0,2,1,0,0,0
201314796075,5,2,6,13,6,77.9334,1,12,7,2013,15,0,42,0,0,2,1,10,1,1,2,1,0,2,4,0,0,0
201314796076,4,2,2,13,6,350.7003,2,12,4,2013,8,30,12,1,0,1,1,4,0,0,2,3,0,1,1,0,0,0
201314796083,6,2,2,13,6,194.8335,1,12,3,2013,16,35,42,0,0,1,1,3,0,0,2,3,0,1,4,0,0,0
201314796090,2,2,5,13,6,77.9334,2,12,2,2013,9,59,12,6,0,2,1,10,0,0,2,1,0,2,1,0,0,0
201314796099,4,2,5,13,6,350.7003,1,12,3,2013,13,50,57,0,0,5,1,4,0,0,2,1,0,1,3,0,0,0
201314796110,4,2,5,13,6,350.7003,1,12,7,2013,11,2,24,0,0,1,1,4,0,0,2,1,0,1,4,0,0,0
201314796115,4,2,4,13,6,350.7003,1,11,1,2013,15,30,11,0,0,1,1,10,0,0,2,8,0,1,1,0,0,0
201314796117,4,2,1,13,6,350.7003,2,12,5,2013,18,30,14,0,0,1,3,10,0,0,2,2,1,1,7,0,0,0
201314796130,6,2,1,13,6,194.8335,1,12,7,2013,9,10,24,0,0,1,1,3,0,0,2,2,0,1,4,0,0,0
201314796131,6,2,4,13,6,194.8335,1,11,2,2013,20,15,1,0,0,1,2,4,1,1,2,8,0,1,4,0,0,0
201314796135,4,2,1,13,6,350.7003,2,12,7,2013,12,57,12,6,0,2,1,4,0,0,2,2,0,2,1,0,0,0
201314796142,4,2,4,13,6,350.7003,2,11,4,2013,8,45,12,1,0,1,1,10,0,0,2,8,0,1,2,0,0,0
201314796148,5,2,1,13,6,77.9334,2,12,2,2013,8,42,12,6,0,2,4,4,2,2,2,2,0,2,1,0,0,0
201314796155,4,2,1,13,6,350.7003,1,12,3,2013,0,1,11,0,0,1,3,4,0,0,2,2,0,1,1,0,0,0
201314796169,4,2,1,13,6,350.7003,2,12,4,2013,15,23,12,6,0,2,1,4,0,0,2,2,0,2,1,0,0,0
201314796184,4,2,6,13,6,350.7003,2,12,5,2013,21,28,12,1,0,2,3,1,0,0,2,1,0,2,1,0,0,0
201314796193,5,2,5,13,6,77.9334,1,12,1,2013,11,24,30,0,0,1,1,4,1,1,2,1,0,1,4,0,0,0
201314796196,6,2,5,13,6,194.8335,1,12,6,2013,10,45,30,0,0,2,1,2,0,0,1,1,0,3,4,0,0,0
201314796202,4,2,5,13,6,350.7003,2,12,6,2013,2,20,12,7,0,1,3,2,0,0,2,1,0,1,1,0,0,0
201314796208,4,2,2,13,6,350.7003,1,12,6,2013,20,6,53,0,0,1,2,2,0,0,2,3,0,1,4,0,0,0
201314796216,6,2,2,13,6,194.8335,1,12,6,2013,16,35,42,0,0,1,5,1,0,0,2,3,0,1,4,0,0,0
201314796218,1,2,5,13,6,38.9667,1,12,3,2013,14,2,34,0,0,1,1,4,3,1,2,1,0,1,4,0,0,0
201314796223,4,2,2,13,6,350.7003,1,12,6,2013,17,15,34,0,0,1,5,4,0,0,2,3,0,1,4,0,0,0
201314796231,5,2,2,13,6,77.9334,2,12,4,2013,9,26,12,6,0,1,1,3,1,1,2,3,0,1,1,19,0,0
201314796238,4,2,2,13,6,350.7003,2,12,3,2013,23,16,12,7,0,1,2,10,0,0,2,3,0,1,1,0,0,0
201314796252,6,2,2,13,6,194.8335,2,12,6,2013,10,6,12,6,0,2,1,1,0,0,2,3,0,2,1,0,0,0
201314796253,4,2,2,13,6,350.7003,2,12,6,2013,7,3,14,0,0,1,4,10,0,0,2,3,1,1,5,0,0,0
201314796255,4,2,5,13,6,350.7003,2,12,2,2013,15,30,12,6,0,4,1,10,0,0,2,1,0,1,1,0,0,0
201314796265,5,2,2,13,6,77.9334,2,12,5,2013,9,30,12,1,0,1,1,4,1,1,2,3,0,1,1,0,0,0