CASENUM,STRATUM,REGION,PJ,PSU,PSUSTRAT,WEIGHT,VE_TOTAL,MONTH,WKDY_IM,YEAR,HOUR_IM,MINUTE_IM,EVENT1_IM,MANCOL_IM,RELJCT1_IM,RELJCT2_IM,LGTCON_IM,WEATHR_IM,MAXSEV_IM,NO_INJ_IM,ALCHL_IM,LAND_USE,PVH_INVL,TYP_INT,REL_ROAD,CF1,CF2,CF3
201314796267,6,2,2,13,6,194.8335,2,12,5,2013,15,14,12,1,0,4,1,4,0,0,2,3,0,1,1,0,0,0
201314796268,5,2,2,13,6,77.9334,2,12,5,2013,9,30,12,1,0,1,1,4,1,1,2,3,0,1,1,19,0,0
201314796275,5,2,2,13,6,77.9334,2,12,5,2013,9,26,12,1,0,1,1,4,1,1,2,3,0,1,1,19,0,0
201314796280,6,2,2,13,6,194.8335,1,12,5,2013,4,30,24,0,0,1,2,4,0,0,2,3,0,1,4,0,0,0
201314796282,4,2,2,13,6,350.7003,1,12,4,2013,19,22,18,0,0,1,2,4,0,0,2,3,0,1,1,0,0,0
201314796295,3,2,3,13,6,38.9667,1,12,5,2013,22,35,8,0,0,1,3,2,2,1,2,1,0,1,1,0,0,0
201314796302,4,2,1,13,6,350.7003,2,12,1,2013,18,17,12,9,0,4,1,1,0,0,2,2,0,1,1,0,0,0
201314796305,4,2,3,13,6,350.7003,1,12,3,2013,8,34,23,0,0,1,1,4,0,0,2,1,0,1,3,0,0,0
201314796316,6,2,1,13,6,194.8335,1,12,4,2013,7,14,30,0,0,1,3,4,0,0,2,2,0,1,4,0,0,0
201314796324,4,2,1,13,6,350.7003,2,12,2,2013,7,51,12,8,0,2,1,4,1,1,2,2,0,2,1,0,0,0
201314796338,4,2,4,13,6,350.7003,1,12,3,2013,17,47,18,0,0,1,2,4,0,0,2,8,0,1,1,0,0,0
201314796363,5,2,3,13,6,77.9334,2,12,4,2013,13,11,12,2,0,1,1,11,2,2,2,1,0,1,1,0,0,0
201314796365,6,2,3,13,6,194.8335,2,12,2,2013,15,31,12,1,0,1,1,4,0,0,2,1,0,1,1,0,0,0
201314796367,4,2,3,13,6,350.7003,1,12,2,2013,14,1,30,0,0,1,1,11,0,0,2,1,0,1,4,0,0,0
201314796368,3,2,3,13,6,38.9667,1,12,7,2013,19,27,5,0,0,1,2,10,2,1,2,1,0,1,1,0,0,0
201314796383,4,2,2,13,6,350.7003,1,12,5,2013,19,15,30,0,0,1,3,4,0,0,2,3,0,1,4,0,0,0
201314796390,6,2,2,13,6,194.8335,1,12,3,2013,19,1,31,0,0,2,1,10,0,0,1,3,0,3,4,0,0,0
201314796395,4,2,2,13,6,350.7003,1,12,3,2013,7,53,18,0,0,1,2,10,0,0,2,3,0,1,1,0,0,0
201314796397,4,2,6,13,6,350.7003,2,12,4,2013,20,32,12,1,0,1,3,4,0,0,2,1,0,1,1,0,0,0
201314796422,4,2,5,13,6,350.7003,1,12,5,2013,7,18,24,0,0,1,4,10,0,0,2,1,0,1,3,0,0,0
201314796425,6,2,4,13,6,194.8335,1,12,3,2013,20,12,42,0,0,1,2,10,1,1,2,8,0,1,4,0,0,0
201314796430,6,2,5,13,6,194.8335,2,12,6,2013,16,17,48,0,0,1,1,1,2,1,2,1,0,1,3,0,0,0
201314796434,5,2,5,13,6,77.9334,2,12,7,2013,11,55,12,7,0,1,1,1,2,2,2,1,0,1,1,0,0,0
201314796439,4,2,1,13,6,350.7003,2,12,5,2013,15,22,12,7,0,2,1,1,0,0,2,2,0,2,1,0,0,0
201314796451,4,2,1,13,6,350.7003,2,12,5,2013,8,33,14,0,0,1,3,4,0,0,2,2,1,1,7,0,0,0
201314796452,6,2,1,13,6,194.8335,1,12,4,2013,10,5,34,0,0,1,1,4,2,1,2,2,0,1,4,0,0,0
201314796462,4,2,4,13,6,350.7003,1,12,7,2013,6,55,59,0,0,1,2,4,0,0,2,8,0,1,4,0,0,0
201314796467,4,2,1,13,6,350.7003,1,12,5,2013,19,16,38,0,0,2,3,4,1,1,2,2,0,10,5,0,0,0
201314796476,3,2,4,13,6,38.9667,4,12,5,2013,9,0,14,0,0,1,1,11,2,1,2,8,1,1,4,0,0,0
201314796485,4,2,1,13,6,350.7003,2,12,1,2013,20,54,12,8,0,1,2,1,0,0,2,2,0,1,1,0,0,0
201314796496,4,2,1,13,6,350.7003,2,12,5,2013,8,0,12,1,0,2,1,3,0,0,2,2,0,2,1,0,0,0
201314796501,4,2,2,13,6,350.7003,1,12,3,2013,16,15,53,0,0,1,1,10,0,0,2,3,0,1,4,0,0,0
201314796504,6,2,2,13,6,194.8335,1,12,2,2013,19,37,11,0,0,1,2,1,0,0,2,3,0,1,1,0,0,0
201314796533,4,2,5,13,6,350.7003,2,12,3,2013,13,26,12,6,0,2,1,3,0,0,2,1,0,2,1,0,0,0
201314796538,5,2,4,13,6,77.9334,2,12,1,2013,13,0,12,6,0,5,1,10,2,2,2,8,0,1,1,0,0,0
201314796542,4,2,4,13,6,350.7003,2,12,3,2013,15,30,12,10,0,1,1,1,0,0,2,8,0,1,1,0,0,0
201314796631,4,2,3,13,6,350.7003,1,12,2,2013,22,53,30,0,0,1,3,10,0,0,2,1,0,1,4,0,0,0
201314796684,6,2,4,13,6,194.8335,2,12,3,2013,19,37,12,8,0,2,3,1,0,0,2,8,0,2,1,0,0,0
201315465673,3,3,1,41,7,20.0536,2,1,4,2013,16,55,12,6,0,4,1,1,2,1,2,8,0,1,1,0,0,0
201315465675,1,3,1,41,7,10.0268,2,1,5,2013,9,41,12,6,0,2,1,1,3,4,2,8,0,2,1,0,0,0
201315465772,5,3,1,41,7,90.2412,3,1,5,2013,8,18,12,1,0,2,1,1,1,3,2,8,0,,1,0,0,0
201315465774,4,3,2,41,7,350.938,2,1,3,2013,11,56,12,1,0,1,1,1,0,0,2,8,0,1,1,0,0,0
201315465791,3,3,1,41,7,20.0536,1,1,5,2013,12,20,9,0,0,2,1,1,2,1,2,8,0,2,1,0,0,0
201315465794,4,3,1,41,7,350.938,2,1,2,2013,13,48,12,1,0,2,1,1,1,1,2,8,0,2,1,0,0,0
201315465801,3,3,1,41,7,20.0536,1,1,7,2013,8,22,8,0,0,2,1,2,2,1,2,8,0,2,3,0,0,0
201315465900,3,3,2,41,7,20.0536,2,1,1,2013,14,33,12,1,0,1,1,1,2,1,2,8,0,1,1,0,0,0
201315465914,6,3,2,41,7,210.5628,2,1,4,2013,16,21,12,6,0,7,1,1,1,2,2,8,0,1,1,0,0,0
201315465929,6,3,1,41,7,210.5628,1,1,1,2013,3,17,38,0,0,2,3,5,0,0,2,8,0,4,4,0,0,0
201315465930,3,3,1,41,7,20.0536,2,1,7,2013,19,30,12,1,0,4,3,1,3,1,2,8,0,1,1,0,0,0
201315465935,2,3,1,41,7,60.1608,2,1,2,2013,21,22,12,1,0,1,3,1,1,1,2,8,0,1,1,0,0,0
201315465946,3,3,1,41,7,20.0536,1,1,5,2013,18,46,9,0,0,4,3,1,2,1,2,8,0,1,1,0,0,0
201315465967,5,3,1,41,7,90.2412,2,1,4,2013,0,16,12,6,0,2,3,1,2,2,2,8,0,2,1,0,0,0
201315465975,4,3,1,41,7,350.938,2,1,1,2013,20,11,14,0,0,1,3,1,1,1,2,8,1,1,4,0,0,0
201315465980,3,3,1,41,7,20.0536,1,1,6,2013,6,12,8,0,0,1,3,1,3,1,1,8,0,1,1,0,0,0
201315465981,1,3,1,41,7,10.0268,2,1,5,2013,17,39,12,6,0,2,1,1,3,4,2,8,0,2,1,0,0,0
201315466009,3,3,1,41,7,20.0536,1,1,6,2013,12,18,15,0,0,2,1,1,2,2,2,8,0,2,1,0,0,0
201315466033,3,3,1,41,7,20.0536,1,1,5,2013,10,45,9,0,0,2,1,1,2,1,2,8,0,2,1,0,0,0
201315466035,6,3,1,41,7,210.5628,2,1,4,2013,14,0,12,6,0,2,1,10,0,0,2,8,0,2,1,0,0,0
201315466055,5,3,1,41,7,90.2412,2,1,2,2013,14,14,12,6,0,4,1,1,2,1,2,8,0,1,1,0,0,0
201315466077,4,3,2,41,7,350.938,2,1,3,2013,18,22,12,6,0,2,2,1,0,0,2,8,0,3,1,0,0,0
201315466085,4,3,1,41,7,350.938,2,1,6,2013,12,53,12,2,0,2,1,1,0,0,2,8,0,2,1,0,0,0
201315466093,1,3,1,41,7,10.0268,2,1,3,2013,19,15,12,6,0,2,3,1,3,1,2,8,0,2,1,0,0,0
201315466095,3,3,1,41,7,20.0536,1,1,6,2013,23,10,1,0,0,1,3,1,2,1,2,8,0,1,1,0,0,0
201315466110,6,3,3,41,7,210.5628,2,1,4,2013,17,59,12,1,0,1,3,1,0,0,2,8,0,1,1,0,0,0
201315466121,3,3,2,41,7,20.0536,1,1,6,2013,9,11,8,0,0,2,1,1,2,1,2,8,0,2,1,0,0,0
201315466124,5,3,2,41,7,90.2412,2,1,4,2013,18,26,12,6,0,2,3,1,1,2,2,8,0,2,1,0,0,0
201315466131,2,3,2,41,7,60.1608,2,1,3,2013,13,13,12,6,0,4,1,1,0,0,2,8,0,1,1,0,0,0
201315466172,3,3,1,41,7,20.0536,2,1,1,2013,13,51,12,6,0,2,1,1,3,1,2,8,0,3,1,0,0,0
201315466205,6,3,1,41,7,210.5628,4,2,6,2013,20,6,12,1,0,2,3,1,0,0,2,8,0,,1,0,0,0
201315466207,1,3,1,41,7,10.0268,1,1,7,2013,10,45,24,0,0,1,1,1,3,1,2,8,0,1,4,0,0,0
201315466208,3,3,1,41,7,20.0536,1,1,3,2013,19,30,9,0,0,2,3,1,3,1,2,8,0,2,1,0,0,0
201315466213,5,3,1,41,7,90.2412,2,1,3,2013,7,25,12,6,0,2,1,1,2,2,2,8,0,2,1,0,0,0
201315466218,4,3,1,41,7,350.938,2,1,7,2013,18,45,12,6,0,2,3,1,0,0,2,8,0,3,1,0,0,0
201315466220,1,3,1,41,7,10.0268,2,1,4,2013,15,18,12,6,0,2,1,1,3,1,2,8,0,2,1,0,0,0
201315466228,3,3,1,41,7,20.0536,1,1,6,2013,19,30,8,0,0,2,3,1,2,1,2,8,0,3,1,0,0,0
201315466237,3,3,3,41,7,20.0536,1,1,3,2013,18,52,18,0,0,1,3,1,3,1,2,8,0,1,1,0,0,0
201315466241,3,3,2,41,7,20.0536,2,1,6,2013,16,6,12,6,0,2,1,1,2,1,2,8,0,2,1,0,0,0
201315466242,5,3,3,41,7,90.2412,1,1,5,2013,4,24,25,0,0,2,3,10,2,1,2,8,0,3,4,0,0,0
201315466264,4,3,2,41,7,350.938,2,1,2,2013,19,18,12,1,0,1,3,1,0,0,2,8,0,1,1,0,0,0
201315466315,4,3,3,41,7,350.938,2,1,3,2013,18,0,12,7,0,1,5,1,0,0,2,8,0,1,1,0,0,0
201315466319,3,3,3,41,7,20.0536,2,1,7,2013,2,32,12,7,0,1,3,1,2,1,2,8,0,1,1,0,0,0
201315466336,3,3,2,41,7,20.0536,1,2,7,2013,18,11,9,0,0,2,3,10,3,1,2,8,0,2,1,0,0,0
201315466341,1,3,1,41,7,10.0268,1,2,3,2013,10,28,33,0,0,1,1,1,3,1,2,8,0,1,5,0,0,0
201315466352,3,3,1,41,7,20.0536,2,2,3,2013,20,4,14,0,0,1,3,1,2,2,2,8,1,1,5,15,0,0
201315466393,4,3,2,41,7,350.938,2,2,3,2013,11,24,12,6,0,2,1,1,0,0,2,8,0,2,1,0,0,0
201315466395,5,3,2,41,7,90.2412,2,2,3,2013,10,1,12,2,0,1,1,1,2,1,2,8,0,1,1,0,0,0
201315466396,3,3,1,41,7,20.0536,2,2,5,2013,9,7,12,6,0,4,1,1,2,1,2,8,0,1,1,0,0,0
201315466405,3,3,1,41,7,20.0536,1,2,4,2013,8,48,9,0,0,2,1,1,2,1,2,8,0,3,1,0,0,0
201315466425,3,3,1,41,7,20.0536,2,1,2,2013,16,35,5,0,0,1,1,1,3,1,2,8,0,1,1,0,0,0
201315466442,1,3,3,41,7,10.0268,2,1,7,2013,6,3,12,1,0,1,3,1,3,2,2,8,0,1,1,0,0,0
201315466448,6,3,1,41,7,210.5628,2,1,6,2013,17,10,12,6,0,2,3,1,0,0,2,8,0,2,1,0,0,0
201315466459,3,3,1,41,7,20.0536,1,2,3,2013,15,26,8,0,0,2,1,10,3,1,2,8,0,2,1,0,0,0
201315466467,4,3,1,41,7,350.938,2,2,1,2013,13,1,12,1,0,2,1,10,1,1,2,8,0,3,1,0,0,0
201315466472,3,3,1,41,7,20.0536,2,2,7,2013,19,48,12,6,0,4,3,1,2,1,2,8,0,1,1,0,0,0
201315466482,6,3,3,41,7,210.5628,2,1,5,2013,12,25,45,0,1,5,3,1,1,2,2,8,1,1,5,3,0,0
201315466495,3,3,1,41,7,20.0536,3,2,6,2013,6,56,12,1,0,2,1,1,2,1,2,8,0,,1,0,0,0
201315466511,3,3,1,41,7,20.0536,2,2,2,2013,17,24,12,1,0,4,1,1,2,1,2,8,0,1,1,0,0,0
201315466531,6,3,2,41,7,210.5628,2,2,6,2013,19,0,12,6,0,2,3,10,1,2,2,8,0,2,1,0,0,0
201315466536,1,3,2,41,7,10.0268,2,2,7,2013,9,26,12,2,0,2,1,1,3,2,2,8,0,2,1,0,0,0
201315466574,1,3,3,41,7,10.0268,4,2,4,2013,17,24,12,7,0,1,5,10,3,2,2,8,0,1,1,0,0,0
201315466582,2,3,3,41,7,60.1608,3,2,3,2013,15,34,12,7,0,1,1,1,0,0,2,8,0,1,1,0,0,0
201315466588,3,3,2,41,7,20.0536,3,2,5,2013,19,16,12,1,0,2,3,2,2,1,2,8,0,2,1,0,0,0
201315466605,6,3,1,41,7,210.5628,2,2,1,2013,17,57,12,1,0,1,5,1,2,1,2,8,0,1,1,0,0,0
201315466613,5,3,1,41,7,90.2412,2,2,3,2013,11,37,12,6,0,2,1,1,1,1,2,8,0,2,1,0,0,0
201315466615,1,3,1,41,7,10.0268,2,2,1,2013,12,20,12,6,0,2,1,1,3,2,2,8,0,2,1,0,0,0
201315466638,3,3,1,41,7,20.0536,2,2,6,2013,8,38,12,6,0,2,1,1,3,1,2,8,0,2,1,0,0,0
201315466645,4,3,1,41,7,350.938,2,2,3,2013,14,33,12,1,0,1,1,1,1,1,2,8,0,1,1,0,0,0
201315466663,4,3,2,41,7,350.938,2,2,6,2013,15,42,12,1,0,1,1,2,0,0,2,8,0,1,1,0,0,0
201315466667,3,3,1,41,7,20.0536,1,2,5,2013,20,7,9,0,0,2,3,2,2,1,2,8,0,2,1,0,0,0
201315466680,3,3,2,41,7,20.0536,2,2,5,2013,12,42,12,11,0,2,1,10,2,2,2,8,0,2,1,0,0,0
201315466682,3,3,1,41,7,20.0536,2,2,4,2013,10,5,12,1,0,2,1,1,2,1,2,8,0,2,1,0,0,0
201315466701,3,3,2,41,7,20.0536,1,2,4,2013,16,42,9,0,0,1,1,1,2,1,2,8,0,1,1,0,0,0
201315466729,4,3,3,41,7,350.938,2,2,6,2013,23,27,12,1,0,1,2,10,1,1,2,8,0,1,1,0,0,0
201315466747,5,3,1,41,7,90.2412,3,2,7,2013,11,16,12,6,0,2,1,1,2,2,1,8,0,2,1,0,0,0
201315466749,3,3,1,41,7,20.0536,1,2,7,2013,7,46,9,0,0,2,1,1,2,1,2,8,0,2,1,0,0,0
201315466757,6,3,1,41,7,210.5628,2,2,4,2013,14,13,12,1,0,1,1,1,2,1,2,8,0,1,1,0,0,0
201315466763,3,3,1,41,7,20.0536,2,2,2,2013,18,35,1,0,0,2,3,1,2,2,2,8,0,3,1,0,0,0
201315466768,3,3,1,41,7,20.0536,1,2,6,2013,16,48,8,0,0,2,1,2,2,2,2,8,0,2,1,0,0,0
201315466774,2,3,1,41,7,60.1608,2,2,5,2013,14,34,12,6,0,2,1,1,2,2,2,8,0,2,1,0,0,0
201315466777,4,3,1,41,7,350.938,2,2,4,2013,7,28,12,1,0,1,1,10,1,1,2,8,0,1,1,0,0,0
201315466786,1,3,1,41,7,10.0268,1,2,6,2013,2,36,42,0,0,1,3,2,3,1,2,8,0,1,4,0,0,0
201315466788,1,3,1,41,7,10.0268,2,2,3,2013,13,37,12,6,0,2,1,1,3,2,2,8,0,2,1,0,0,0
201315466790,3,3,1,41,7,20.0536,2,2,3,2013,9,5,12,1,0,2,1,1,2,1,2,8,0,3,1,0,0,0
201315466808,3,3,1,41,7,20.0536,1,2,2,2013,14,23,8,0,0,2,1,1,2,1,2,8,0,,1,0,0,0
201315466824,3,3,1,41,7,20.0536,2,2,7,2013,16,12,12,6,0,2,1,1,2,1,2,8,0,2,1,0,0,0
201315466836,3,3,1,41,7,20.0536,2,2,4,2013,13,10,12,7,0,1,1,1,2,1,2,8,0,1,1,0,0,0
201315466839,1,3,3,41,7,10.0268,2,2,4,2013,7,40,12,1,0,1,1,1,3,2,2,8,0,1,1,0,0,0
201315466850,4,3,2,41,7,350.938,2,2,6,2013,10,50,12,1,0,2,1,1,0,0,2,8,0,,1,0,0,0
201315466858,6,3,2,41,7,210.5628,1,2,4,2013,21,4,41,0,0,4,3,1,0,0,2,8,0,1,4,0,0,0
201315466897,3,3,3,41,7,20.0536,2,2,5,2013,1,21,12,7,0,1,3,1,3,2,2,8,0,1,1,0,0,0
201315466912,4,3,1,41,7,350.938,2,3,1,2013,4,16,12,7,0,1,3,10,0,0,2,8,0,1,1,0,0,0
201315466923,6,3,1,41,7,210.5628,2,3,4,2013,8,9,12,6,0,2,1,1,0,0,2,8,0,3,1,0,0,0
201315466932,3,3,1,41,7,20.0536,1,3,7,2013,15,46,9,0,0,1,1,1,2,1,2,8,0,1,1,16,0,0
201315466933,5,3,1,41,7,90.2412,2,2,1,2013,2,49,12,6,0,2,1,1,2,2,2,8,0,3,1,0,0,0
201315466946,1,3,1,41,7,10.0268,1,3,1,2013,23,29,42,0,0,1,3,1,3,1,2,8,0,1,4,0,0,0
201315466953,3,3,2,41,7,20.0536,1,2,4,2013,18,32,9,0,0,2,3,1,2,2,1,8,0,2,1,0,0,0
201315466956,5,3,3,41,7,90.2412,4,2,2,2013,12,24,12,1,0,1,1,1,2,2,2,8,0,1,1,0,0,0
201315466988,3,3,2,41,7,20.0536,1,3,3,2013,17,18,9,0,0,2,1,1,2,1,2,8,0,2,1,0,0,0
201315467006,3,3,1,41,7,20.0536,1,3,1,2013,22,20,1,0,0,1,3,1,3,1,1,8,0,1,1,0,0,0
201315467022,4,3,2,41,7,350.938,2,3,6,2013,14,44,12,1,0,2,1,10,0,0,2,8,0,2,1,0,0,0
201315467036,5,3,2,41,7,90.2412,2,3,6,2013,10,52,12,6,0,2,1,10,2,1,2,8,0,2,1,0,0,0
201315467066,5,3,3,41,7,90.2412,1,3,1,2013,18,15,25,0,0,1,5,1,2,1,2,8,0,1,3,0,0,0
201315467069,3,3,3,41,7,20.0536,1,3,5,2013,3,20,33,0,0,5,3,1,2,1,2,8,0,1,4,0,0,0
201315467070,4,3,3,41,7,350.938,2,2,5,2013,16,52,12,7,0,1,5,10,0,0,2,8,0,1,1,0,0,0
201315467088,6,3,3,41,7,210.5628,2,3,1,2013,22,34,12,1,0,1,3,1,2,1,2,8,0,1,1,0,0,0
201315467113,3,3,2,41,7,20.0536,1,3,4,2013,13,34,8,0,0,4,1,1,3,1,2,8,0,1,1,0,0,0
201315467127,4,3,1,41,7,350.938,2,3,5,2013,17,25,12,1,0,1,1,1,0,0,2,8,0,1,1,0,0,0
201315467130,6,3,1,41,7,210.5628,2,3,6,2013,8,30,12,6,0,2,1,1,0,0,2,8,0,2,1,0,0,0
201315467134,3,3,1,41,7,20.0536,2,3,1,2013,17,56,12,1,0,1,1,1,2,1,2,8,0,1,1,0,0,0
201315467150,3,3,1,41,7,20.0536,1,3,6,2013,16,23,8,0,0,4,1,1,2,1,2,8,0,1,1,0,0,0
201315467165,5,3,1,41,7,90.2412,2,3,1,2013,19,49,12,6,0,2,3,1,1,1,2,8,0,2,1,0,0,0
201315467172,3,3,1,41,7,20.0536,1,3,6,2013,16,35,8,0,0,2,1,1,3,1,2,8,0,2,1,0,0,0
201315467178,3,3,1,41,7,20.0536,1,3,6,2013,22,35,33,0,0,1,3,1,3,1,2,8,0,1,4,0,0,0
201315467186,3,3,2,41,7,20.0536,1,3,2,2013,0,36,8,0,0,1,3,1,2,1,2,8,0,1,4,0,0,0
201315467213,4,3,2,41,7,350.938,2,3,4,2013,19,25,12,1,0,1,3,1,1,1,2,8,0,1,1,0,0,0
201315467246,3,3,1,41,7,20.0536,1,3,6,2013,11,40,1,0,0,1,1,1,3,2,2,8,0,1,1,0,0,0
201315467252,3,3,1,41,7,20.0536,1,3,3,2013,17,50,8,0,0,1,1,1,2,1,2,8,0,1,1,0,0,0
201315467263,5,3,1,41,7,90.2412,2,3,5,2013,12,33,12,2,0,2,1,1,2,3,2,8,0,2,1,0,0,0
201315467268,6,3,1,41,7,210.5628,2,3,2,2013,13,24,12,6,0,1,1,1,2,1,2,8,0,1,1,0,0,0
201315467269,4,3,1,41,7,350.938,3,3,2,2013,7,25,12,7,0,1,1,1,0,0,2,8,0,1,1,0,0,0
201315467284,3,3,1,41,7,20.0536,3,3,2,2013,18,48,12,1,0,1,5,2,2,1,2,8,0,1,1,0,0,0
201315467302,3,3,1,41,7,20.0536,1,3,7,2013,18,29,9,0,0,2,1,1,3,1,2,8,0,2,1,0,0,0
201315467315,3,3,1,41,7,20.0536,1,3,7,2013,21,9,8,0,0,2,3,1,2,1,1,8,0,2,1,0,0,0
201315467333,3,3,3,41,7,20.0536,2,3,7,2013,20,30,12,1,0,1,5,10,3,1,2,8,0,1,1,0,0,0
201315467381,4,3,2,41,7,350.938,2,3,3,2013,12,30,14,0,0,4,1,10,0,0,2,8,1,1,7,0,0,0
201315467385,3,3,2,41,7,20.0536,2,3,3,2013,17,30,12,1,0,2,1,1,2,1,2,8,0,2,1,0,0,0
201315467412,1,3,1,41,7,10.0268,2,3,5,2013,15,24,12,6,0,2,1,1,3,6,2,8,0,3,1,0,0,0
201315467414,6,3,1,41,7,210.5628,1,3,3,2013,23,8,9,0,0,2,3,1,3,1,2,8,0,2,1,0,0,0
201315467417,6,3,2,41,7,210.5628,2,3,7,2013,14,24,12,1,0,2,1,1,1,1,2,8,0,,1,0,0,0
201315467428,2,3,1,41,7,60.1608,2,3,3,2013,10,46,12,6,0,2,1,1,2,3,2,8,0,2,1,0,0,0
201315467430,4,3,1,41,7,350.938,2,3,3,2013,23,40,12,7,0,2,3,1,0,0,2,8,0,3,1,0,0,0
201315467431,3,3,1,41,7,20.0536,1,3,3,2013,12,55,8,0,0,2,1,1,3,1,1,8,0,3,1,0,0,0
201315467446,3,3,1,41,7,20.0536,2,3,6,2013,9,0,12,6,0,2,1,1,3,2,2,8,0,3,1,0,0,0
201315467457,3,3,1,41,7,20.0536,1,3,7,2013,10,46,8,0,0,1,1,1,2,1,2,8,0,1,1,0,0,0
201315467461,1,3,1,41,7,10.0268,2,3,7,2013,22,57,12,6,0,2,3,1,3,4,1,8,0,2,1,0,0,0
201315467496,4,3,2,41,7,350.938,2,3,2,2013,18,53,12,1,0,2,1,1,1,1,2,8,0,2,1,0,0,0
201315467506,1,3,2,41,7,10.0268,3,3,7,2013,16,41,12,6,0,2,1,10,4,4,1,8,1,3,1,0,0,0
201315467507,3,3,2,41,7,20.0536,2,3,5,2013,10,58,12,6,0,2,1,1,2,1,2,8,0,2,1,0,0,0
201315467533,5,3,3,41,7,90.2412,1,3,6,2013,9,3,25,0,0,1,1,1,2,1,2,8,0,1,3,0,0,0
201315467534,4,3,3,41,7,350.938,2,3,5,2013,11,41,12,1,0,2,1,1,0,0,2,8,0,3,1,0,0,0
201315467542,6,3,3,41,7,210.5628,6,3,6,2013,9,41,12,1,0,1,1,1,0,0,2,8,0,1,1,28,0,0
201315467549,2,3,3,41,7,60.1608,2,3,4,2013,12,0,12,7,0,1,1,1,0,0,2,8,0,1,1,0,0,0
201315467579,6,3,1,41,7,210.5628,2,3,2,2013,5,36,12,6,0,2,1,1,0,0,2,8,0,2,1,0,0,0
201315467584,5,3,1,41,7,90.2412,2,3,4,2013,6,38,12,6,0,2,2,1,1,1,2,8,0,2,1,0,0,0
201315467601,4,3,1,41,7,350.938,2,3,5,2013,5,21,12,6,0,1,3,1,1,2,2,8,0,1,1,0,0,0
201315467609,3,3,1,41,7,20.0536,4,3,7,2013,15,53,12,1,0,1,1,1,2,1,2,8,0,1,1,0,0,0
201315467626,1,3,1,41,7,10.0268,2,4,4,2013,22,7,12,6,0,2,3,10,3,3,2,8,0,,1,0,0,0
201315467631,3,3,1,41,7,20.0536,1,3,4,2013,18,0,9,0,0,1,5,1,2,1,2,8,0,1,1,0,0,0
201315467634,3,3,1,41,7,20.0536,1,4,7,2013,15,15,9,0,0,2,1,1,3,1,2,8,0,2,1,0,0,0
201315467650,3,3,2,41,7,20.0536,2,3,6,2013,16,10,12,6,0,1,1,1,3,1,2,8,0,1,1,0,0,0
201315467695,1,3,3,41,7,10.0268,1,4,2,2013,2,0,25,0,0,1,2,1,3,1,2,8,0,1,3,0,0,0
201315467709,3,3,3,41,7,20.0536,2,3,5,2013,7,26,12,7,0,1,1,1,2,1,2,8,0,1,1,0,0,0
201315467728,4,3,2,41,7,350.938,2,4,2,2013,17,22,12,6,0,7,1,1,1,1,2,8,0,1,1,0,0,0
201315467734,3,3,2,41,7,20.0536,1,4,2,2013,7,30,9,0,0,2,1,1,2,1,2,8,0,3,1,0,0,0
201315467742,5,3,1,41,7,90.2412,2,3,7,2013,21,22,12,6,0,2,3,1,2,1,2,8,0,2,1,0,0,0
201315467749,4,3,1,41,7,350.938,2,4,2,2013,11,20,12,9,0,4,1,1,0,0,2,8,0,1,1,0,0,0
201315467758,3,3,1,41,7,20.0536,1,4,2,2013,7,19,9,0,0,2,1,1,2,1,2,8,0,,1,0,0,0
201315467765,3,3,1,41,7,20.0536,1,4,5,2013,17,51,9,0,0,2,1,10,2,1,2,8,0,2,1,15,0,0
201315467784,6,3,1,41,7,210.5628,2,3,4,2013,18,47,12,1,0,2,1,1,1,1,2,8,0,2,1,0,0,0
201315467795,3,3,1,41,7,20.0536,1,4,3,2013,20,20,8,0,0,1,3,1,4,1,2,8,0,1,1,0,0,0
201315467819,3,3,1,41,7,20.0536,1,4,6,2013,20,48,8,0,0,1,3,10,3,1,1,8,0,1,1,0,0,0
201315467823,4,3,1,41,7,350.938,2,4,4,2013,6,35,12,6,0,2,1,1,0,0,2,8,0,,1,0,0,0
201315467833,3,3,1,41,7,20.0536,1,4,3,2013,8,45,9,0,0,2,1,1,2,1,1,8,0,2,1,0,0,0
201315467842,3,3,1,41,7,20.0536,2,4,2,2013,17,34,12,2,0,2,1,1,2,5,2,8,0,,1,0,0,0
201315467852,6,3,1,41,7,210.5628,2,4,7,2013,15,14,12,1,0,2,1,1,1,1,2,8,0,,1,0,0,0
201315467858,1,3,1,41,7,10.0268,2,4,2,2013,19,13,12,7,0,2,1,1,3,1,1,8,0,2,1,0,0,0
201315467874,3,3,1,41,7,20.0536,1,4,5,2013,18,8,9,0,0,4,1,1,2,1,2,8,0,1,1,0,0,0
201315467897,3,3,1,41,7,20.0536,2,4,2,2013,14,0,1,0,0,4,1,1,2,1,2,8,0,1,1,0,0,0
201315467905,4,3,1,41,7,350.938,2,4,6,2013,11,30,12,9,0,1,1,10,0,0,2,8,0,1,1,0,0,0
201315467941,3,3,1,41,7,20.0536,2,4,6,2013,13,17,12,6,0,2,1,1,2,1,2,8,0,2,1,0,0,0
201315467945,5,3,1,41,7,90.2412,2,3,4,2013,8,16,12,2,0,2,1,1,1,1,2,8,0,2,1,0,0,0
201315467961,6,3,2,41,7,210.5628,2,4,2,2013,16,33,12,1,0,1,1,1,0,0,2,8,0,1,1,0,0,0
201315467962,5,3,3,41,7,90.2412,3,3,5,2013,12,2,25,0,0,1,1,1,2,1,2,8,0,1,4,0,0,0