CASENUM,STRATUM,REGION,PJ,PSU,PSUSTRAT,WEIGHT,VE_TOTAL,MONTH,WKDY_IM,YEAR,HOUR_IM,MINUTE_IM,EVENT1_IM,MANCOL_IM,RELJCT1_IM,RELJCT2_IM,LGTCON_IM,WEATHR_IM,MAXSEV_IM,NO_INJ_IM,ALCHL_IM,LAND_USE,PVH_INVL,TYP_INT,REL_ROAD,CF1,CF2,CF3
201315474177,3,3,1,41,7,20.0536,1,12,5,2013,15,30,9,0,0,2,1,1,2,1,2,8,0,2,1,16,0,0
201315474190,6,3,1,41,7,210.5628,3,12,5,2013,9,7,12,6,0,2,1,1,2,2,2,8,0,2,1,0,0,0
201315474194,3,3,1,41,7,20.0536,1,12,2,2013,16,35,42,0,0,2,1,1,2,1,1,8,0,,4,0,0,0
201315474220,3,3,2,41,7,20.0536,1,12,1,2013,5,40,8,0,0,2,3,1,2,1,2,8,0,2,1,0,0,0
201315474230,4,3,2,41,7,350.938,2,12,4,2013,17,57,12,1,0,2,3,1,0,0,2,8,0,2,1,0,0,0
201315474234,3,3,2,41,7,20.0536,1,11,7,2013,13,49,9,0,0,2,1,2,2,1,2,8,0,3,1,0,0,0
201315474300,4,3,1,41,7,350.938,2,12,4,2013,10,46,12,1,0,2,1,10,0,0,2,8,0,2,1,0,0,0
201315474311,3,3,1,41,7,20.0536,1,12,3,2013,14,25,38,0,0,1,1,10,3,1,2,8,0,1,4,0,0,0
201315474313,3,3,1,41,7,20.0536,1,12,2,2013,14,56,9,0,0,4,1,1,2,1,2,8,0,1,1,16,0,0
201315474332,2,3,1,41,7,60.1608,2,12,6,2013,8,29,12,2,0,2,1,1,0,0,2,8,0,2,1,0,0,0
201315474362,3,3,3,41,7,20.0536,2,12,1,2013,4,9,12,1,0,5,3,1,2,1,2,8,0,1,1,0,0,0
201315474379,4,3,1,41,7,350.938,2,12,6,2013,16,40,12,7,0,2,1,1,0,0,2,8,0,2,1,0,0,0
201315474390,6,3,1,41,7,210.5628,1,12,2,2013,16,42,24,0,0,2,1,1,2,1,2,8,0,3,4,0,0,0
201315474397,3,3,1,41,7,20.0536,1,12,7,2013,18,25,9,0,0,4,3,1,2,1,2,8,0,1,1,0,0,0
201315474405,1,3,1,41,7,10.0268,2,12,1,2013,5,14,12,6,0,2,3,1,3,3,2,8,0,2,1,0,0,0
201315474419,1,3,1,41,7,10.0268,3,12,5,2013,16,5,12,1,0,2,1,10,3,3,2,8,0,,1,0,0,0
201315474420,5,3,1,41,7,90.2412,3,12,3,2013,12,50,33,0,0,1,1,1,2,1,2,8,0,1,3,0,0,0
201315474445,4,3,1,41,7,350.938,2,12,5,2013,14,5,12,8,0,4,1,10,0,0,2,8,0,1,1,0,0,0
201315474448,3,3,1,41,7,20.0536,1,12,6,2013,5,22,9,0,0,2,3,1,2,1,2,8,0,3,1,0,0,0
201315474495,3,3,1,41,7,20.0536,2,12,7,2013,16,58,12,7,0,1,1,1,2,1,2,8,0,1,1,0,0,0
201315474566,4,3,3,41,7,350.938,2,12,4,2013,19,20,12,7,0,1,2,1,0,0,2,8,0,1,1,0,0,0
201315474581,3,3,2,41,7,20.0536,1,12,7,2013,15,2,1,0,0,4,1,1,2,1,2,8,0,1,1,0,0,0
201315474635,5,3,2,41,7,90.2412,2,12,6,2013,8,31,12,6,0,4,1,1,2,1,2,8,0,1,1,0,0,0
201315474636,6,3,2,41,7,210.5628,2,12,1,2013,14,42,12,1,0,2,1,10,1,3,2,8,0,2,1,0,0,0
201315474641,3,3,2,41,7,20.0536,2,12,2,2013,23,25,12,1,0,2,3,1,2,1,2,8,0,2,1,0,0,0
201315474644,4,3,2,41,7,350.938,2,12,6,2013,15,32,12,6,0,2,1,1,0,0,2,8,0,2,1,0,0,0
201315474662,3,3,2,41,7,20.0536,1,12,7,2013,11,15,59,0,0,1,1,1,2,1,2,8,0,1,4,0,0,0
201315474667,1,3,1,41,7,10.0268,2,12,1,2013,15,9,12,6,0,2,1,10,3,5,2,8,0,2,1,0,0,0
201316100026,3,3,4,43,9,24.443,1,7,5,2013,15,8,1,0,0,1,1,1,2,1,2,1,0,1,1,0,0,0
201316100046,6,3,10,43,9,229.38828,2,7,3,2013,21,43,12,6,0,2,3,1,0,0,2,8,0,2,1,0,0,0
201316100047,4,3,10,43,9,344.0824,2,7,1,2013,19,46,12,1,0,1,1,1,0,0,2,8,0,1,1,19,0,0
201316100060,4,3,2,43,9,354.4235,2,7,3,2013,16,26,12,7,0,1,1,1,0,0,2,8,0,1,1,0,0,0
201316100084,3,3,2,43,9,24.443,1,7,3,2013,18,16,9,0,0,1,1,10,2,2,2,8,0,1,1,0,0,0
201316100094,6,3,6,43,9,207.0866,2,7,4,2013,17,39,12,1,0,2,1,1,1,1,2,1,0,2,1,0,0,0
201316100101,4,3,6,43,9,331.33856,2,7,2,2013,15,30,12,1,0,1,1,1,0,0,2,1,0,1,1,28,0,0
201316100144,6,3,3,43,9,207.7655,2,7,6,2013,15,34,12,1,0,1,1,1,0,0,2,2,0,1,1,0,0,0
201316100145,4,3,3,43,9,354.4235,2,7,6,2013,17,40,12,1,0,1,1,1,0,0,2,2,0,1,1,0,0,0
201316100173,4,3,4,43,9,354.4235,2,7,7,2013,10,13,12,6,0,2,1,10,1,1,2,1,0,2,1,0,0,0
201316100195,4,3,1,43,9,354.4235,2,7,2,2013,15,53,12,1,0,2,1,1,0,0,2,3,0,3,1,0,0,0
201316100233,4,3,1,43,9,354.4235,2,7,3,2013,15,33,12,1,0,2,1,1,1,1,2,3,0,2,1,0,0,0
201316100244,3,3,1,43,9,24.443,3,7,3,2013,18,18,12,1,0,1,1,1,2,1,2,3,0,1,1,28,0,0
201316100258,6,3,1,43,9,207.7655,2,7,4,2013,13,6,12,1,0,2,1,1,0,0,2,3,0,,1,0,0,0
201316100274,4,3,1,43,9,354.4235,2,7,4,2013,18,58,12,1,0,1,1,2,1,3,2,3,0,1,1,0,0,0
201316100308,4,3,1,43,9,354.4235,2,7,5,2013,19,33,12,6,0,4,1,2,0,0,2,3,0,1,1,0,0,0
201316100317,3,3,1,43,9,24.443,1,7,5,2013,22,24,8,0,0,1,3,2,2,1,1,3,0,1,1,0,0,0
201316100342,4,3,1,43,9,354.4235,2,7,6,2013,15,12,14,0,0,1,1,1,1,1,2,3,1,1,7,0,0,0
201316100372,6,3,1,43,9,207.7655,3,7,5,2013,0,16,14,0,0,1,3,1,0,0,1,3,2,1,7,0,0,0
201316100374,5,3,1,43,9,85.5505,1,7,5,2013,3,15,21,0,0,1,3,2,1,1,2,3,0,1,4,0,0,0
201316100378,3,3,1,43,9,24.443,2,7,5,2013,8,8,12,1,0,2,1,10,2,1,2,3,0,3,1,0,0,0
201316100389,4,3,2,43,9,354.4235,1,7,1,2013,13,59,42,0,0,1,1,1,1,1,2,8,0,1,4,0,0,0
201316100392,5,3,2,43,9,85.5505,2,7,1,2013,13,10,12,1,0,1,1,1,1,3,2,8,0,1,1,0,0,0
201316100394,3,3,2,43,9,24.443,1,7,1,2013,18,42,44,0,0,1,1,1,3,1,2,8,0,1,1,0,0,0
201316100429,4,3,2,43,9,354.4235,2,7,2,2013,8,9,12,6,0,4,1,10,0,0,2,8,0,1,1,0,0,0
201316100430,6,3,2,43,9,207.7655,2,7,4,2013,11,26,12,1,0,2,1,1,0,0,2,8,0,,1,0,0,0
201316100449,3,3,10,43,9,57.34707,2,7,6,2013,11,5,12,6,0,2,1,1,2,2,2,8,0,2,1,0,0,0
201316100454,4,3,10,43,9,344.0824,2,7,3,2013,12,30,12,7,0,1,1,1,0,0,2,8,0,1,1,0,0,0
201316100455,3,3,10,43,9,57.34707,1,7,3,2013,14,39,9,0,0,2,1,1,2,1,2,8,0,3,1,0,0,0
201316100470,4,3,6,43,9,331.33856,2,7,5,2013,16,47,12,6,0,4,1,1,0,0,2,1,0,1,1,0,0,0
201316100476,4,3,10,43,9,344.0824,2,8,5,2013,16,30,12,1,0,1,1,1,1,2,1,8,0,1,1,0,0,0
201316100482,5,3,6,43,9,82.83464,4,8,6,2013,10,51,12,6,0,2,1,1,2,1,2,1,0,2,1,0,0,0
201316100486,3,3,6,43,9,41.41732,2,8,6,2013,17,28,12,6,0,2,1,1,2,2,2,1,0,2,1,0,0,0
201316100488,4,3,6,43,9,331.33856,1,8,7,2013,20,9,42,0,0,1,1,2,0,0,2,1,0,1,4,0,0,0
201316100517,5,3,2,43,9,85.5505,1,7,4,2013,16,45,42,0,1,5,1,10,2,1,2,8,0,1,4,0,0,0
201316100520,4,3,2,43,9,354.4235,1,8,7,2013,20,4,42,0,0,1,5,2,0,0,2,8,0,1,4,0,0,0
201316100561,5,3,3,43,9,85.5505,1,7,7,2013,23,40,24,0,0,1,3,2,2,1,1,2,0,1,3,0,0,0
201316100567,4,3,3,43,9,354.4235,2,8,5,2013,16,2,12,1,0,1,1,1,0,0,2,2,0,1,1,0,0,0
201316100587,5,3,1,43,9,85.5505,2,7,7,2013,10,47,12,6,0,2,1,10,1,1,2,3,0,2,1,0,0,0
201316100599,3,3,1,43,9,24.443,1,7,7,2013,21,30,8,0,0,1,3,1,2,1,2,3,0,1,6,0,0,0
201316100612,4,3,1,43,9,354.4235,2,7,6,2013,8,3,12,7,0,2,1,1,0,0,2,3,0,2,1,0,0,0
201316100644,5,3,1,43,9,85.5505,2,7,6,2013,17,54,12,6,0,4,1,1,1,1,2,3,0,1,1,0,0,0
201316100649,4,3,1,43,9,354.4235,3,7,7,2013,19,5,12,1,0,1,1,2,0,0,2,3,0,1,1,0,0,0
201316100655,6,3,1,43,9,207.7655,2,7,7,2013,20,29,12,6,0,2,3,2,0,0,2,3,0,2,1,0,0,0
201316100690,4,3,1,43,9,354.4235,2,7,1,2013,20,49,12,1,0,2,3,1,0,0,2,3,0,2,1,0,0,0
201316100699,3,3,1,43,9,24.443,2,7,2,2013,9,29,12,6,0,1,1,1,2,2,2,3,0,1,1,0,0,0
201316100727,4,3,1,43,9,354.4235,1,7,3,2013,2,55,25,0,0,1,3,1,0,0,1,3,0,1,4,0,0,0
201316100761,4,3,1,43,9,354.4235,2,7,3,2013,19,18,12,7,0,1,1,10,0,0,2,3,0,1,1,0,0,0
201316100792,4,3,1,43,9,354.4235,3,8,5,2013,11,59,12,1,0,2,1,10,0,0,2,3,0,,1,0,0,0
201316100800,6,3,1,43,9,207.7655,2,8,5,2013,15,57,12,6,0,2,1,1,1,1,2,3,0,3,1,0,0,0
201316100801,3,3,1,43,9,24.443,1,8,5,2013,12,19,8,0,0,1,1,1,2,1,1,3,0,1,1,0,0,0
201316100829,4,3,1,43,9,354.4235,3,8,6,2013,19,26,12,1,0,2,1,1,0,0,2,3,0,3,1,0,0,0
201316100844,3,3,1,43,9,24.443,3,8,6,2013,14,20,12,1,0,1,1,1,2,1,2,3,0,1,1,28,0,0
201316100845,5,3,1,43,9,85.5505,1,8,6,2013,10,13,34,0,0,5,1,1,1,1,2,3,0,1,8,0,0,0
201316100871,3,3,2,43,9,24.443,1,8,2,2013,13,20,42,0,0,1,1,1,2,2,2,8,0,1,4,0,0,0
201316100877,4,3,2,43,9,354.4235,2,8,3,2013,11,9,12,1,0,2,1,10,0,0,2,8,0,2,1,0,0,0
201316100924,4,3,2,43,9,354.4235,2,8,2,2013,17,6,12,6,0,2,1,1,0,0,2,8,0,2,1,0,0,0
201316100945,4,3,6,43,9,331.33856,2,8,7,2013,13,34,12,1,0,1,1,1,0,0,2,1,0,1,1,28,0,0
201316100984,4,3,3,43,9,354.4235,3,8,4,2013,8,49,12,1,0,1,1,1,0,0,2,2,0,1,1,0,0,0
201316100999,6,3,3,43,9,207.7655,2,8,6,2013,14,47,12,6,0,2,1,1,1,1,2,2,0,2,1,0,0,0
201316101023,4,3,1,43,9,354.4235,2,8,4,2013,17,32,12,1,0,1,1,10,0,0,2,3,0,1,1,28,0,0
201316101059,4,3,1,43,9,354.4235,2,8,5,2013,12,33,12,1,0,2,1,1,0,0,2,3,0,,1,0,0,0
201316101098,4,3,1,43,9,354.4235,2,8,6,2013,14,12,12,1,0,2,1,1,0,0,2,3,0,,1,0,0,0
201316101108,6,3,1,43,9,207.7655,5,8,6,2013,17,40,12,1,0,1,1,1,1,1,2,3,0,1,1,28,0,0
201316101130,3,3,1,43,9,24.443,2,8,4,2013,17,38,12,6,0,2,1,1,2,1,2,3,0,2,1,0,0,0
201316101148,4,3,6,43,9,331.33856,2,8,5,2013,12,36,12,1,0,1,1,1,0,0,2,1,0,1,1,28,0,0
201316101159,3,3,2,43,9,24.443,1,8,1,2013,8,19,38,0,0,1,1,1,2,1,2,8,0,1,4,0,0,0
201316101163,6,3,2,43,9,207.7655,1,8,7,2013,17,8,34,0,0,1,1,2,2,1,2,8,0,1,4,0,0,0
201316101183,4,3,2,43,9,354.4235,2,8,5,2013,14,45,12,1,0,1,1,1,1,1,2,8,0,1,1,0,0,0
201316101184,5,3,2,43,9,85.5505,2,8,7,2013,8,16,12,6,0,2,1,2,1,1,2,8,0,3,1,0,0,0
201316101240,4,3,3,43,9,354.4235,2,8,3,2013,13,2,12,1,0,2,1,1,0,0,2,2,0,,1,0,0,0
201316101247,2,3,3,43,9,61.1075,1,8,3,2013,14,23,1,0,0,2,1,1,1,1,2,2,0,2,1,0,0,0
201316101272,6,3,4,43,9,207.7655,3,8,5,2013,16,3,12,1,0,1,1,10,0,0,2,1,0,1,1,28,0,0
201316101275,3,3,4,43,9,24.443,2,8,3,2013,22,57,12,6,0,4,3,1,2,2,1,1,0,1,1,0,0,0
201316101279,5,3,1,43,9,85.5505,2,8,6,2013,9,9,12,6,0,4,1,1,2,1,2,3,0,1,1,0,0,0
201316101285,4,3,1,43,9,354.4235,1,8,6,2013,14,22,9,0,0,2,1,10,1,1,2,3,0,2,1,0,0,0
201316101316,2,3,1,43,9,61.1075,3,8,2,2013,12,32,12,1,0,1,1,1,2,1,2,3,0,1,1,0,0,0
201316101321,1,3,1,43,9,12.2215,2,8,2,2013,14,33,12,6,0,2,1,1,3,4,2,3,0,2,1,0,0,0
201316101324,4,3,1,43,9,354.4235,2,8,2,2013,15,46,12,1,0,1,1,1,1,1,2,3,0,1,1,0,0,0
201316101357,4,3,1,43,9,354.4235,2,8,3,2013,17,8,12,6,0,2,1,1,1,1,2,3,0,2,1,0,0,0
201316101386,6,3,1,43,9,207.7655,1,8,7,2013,6,35,30,0,0,1,3,10,0,0,2,3,0,1,4,0,0,0
201316101393,3,3,1,43,9,24.443,2,8,7,2013,12,41,12,6,0,2,1,2,2,2,2,3,0,3,1,0,0,0
201316101413,3,3,1,43,9,24.443,2,8,7,2013,15,1,12,7,0,1,1,2,2,1,2,3,0,1,1,0,0,0
201316101419,4,3,1,43,9,354.4235,2,8,7,2013,18,8,12,1,0,1,1,2,0,0,2,3,0,1,1,0,0,0
201316101468,6,3,2,43,9,207.7655,2,8,5,2013,7,46,12,1,0,5,1,1,0,0,2,8,0,1,1,0,0,0
201316101474,4,3,2,43,9,354.4235,1,8,3,2013,17,22,34,0,0,1,1,1,0,0,2,8,0,1,3,0,0,0
201316101493,4,3,10,43,9,344.0824,2,8,6,2013,13,33,12,1,0,2,1,1,0,0,2,8,0,2,1,0,0,0
201316101498,5,3,10,43,9,114.69414,2,8,6,2013,9,22,12,6,0,2,1,1,2,2,2,8,0,2,1,0,0,0
201316101500,4,3,10,43,9,344.0824,2,8,5,2013,18,16,12,1,0,2,1,1,0,0,2,8,0,3,1,0,0,0
201316101501,6,3,6,43,9,207.0866,2,8,1,2013,15,37,12,1,0,1,1,1,2,1,2,1,0,1,1,0,0,0
201316101504,4,3,6,43,9,331.33856,2,8,4,2013,13,21,12,1,0,2,1,1,0,0,2,1,0,,1,0,0,0
201316101512,4,3,6,43,9,331.33856,2,8,2,2013,15,27,12,1,0,2,1,1,0,0,2,1,0,2,1,0,0,0
201316101529,4,3,3,43,9,354.4235,2,8,7,2013,17,51,12,6,0,2,1,2,0,0,2,2,0,3,1,0,0,0
201316101553,5,3,3,43,9,85.5505,2,8,1,2013,3,16,12,7,0,1,3,10,1,2,1,2,0,1,1,0,0,0
201316101555,6,3,3,43,9,207.7655,2,8,6,2013,16,35,12,1,0,1,1,1,0,0,2,2,0,1,1,0,0,0
201316101583,6,3,1,43,9,207.7655,2,8,5,2013,10,22,12,6,0,2,1,10,1,1,2,3,0,2,1,0,0,0
201316101588,5,3,1,43,9,85.5505,2,8,5,2013,16,33,12,6,0,2,1,1,1,1,2,3,0,3,1,0,0,0
201316101610,4,3,1,43,9,354.4235,2,8,7,2013,21,9,12,1,0,2,3,2,0,0,2,3,0,2,1,0,0,0
201316101634,3,3,1,43,9,24.443,2,8,1,2013,20,17,12,6,0,2,1,1,2,1,2,3,0,,1,0,0,0
201316101648,4,3,1,43,9,354.4235,1,8,2,2013,8,22,24,0,0,5,1,2,0,0,2,3,0,1,4,0,0,0
201316101670,6,3,1,43,9,207.7655,2,8,4,2013,15,28,12,6,0,4,1,1,0,0,2,3,0,1,1,0,0,0
201316101687,4,3,1,43,9,354.4235,2,8,4,2013,22,9,12,6,0,2,3,1,0,0,2,3,0,2,1,0,0,0
201316101722,3,3,1,43,9,24.443,2,8,3,2013,14,46,12,6,0,2,1,10,4,1,2,3,0,2,1,0,0,0
201316101723,4,3,1,43,9,354.4235,2,8,3,2013,15,30,12,1,0,1,1,2,0,0,2,3,0,1,1,0,0,0
201316101728,5,3,1,43,9,85.5505,2,8,3,2013,17,4,12,6,0,2,1,1,2,2,2,3,0,2,1,0,0,0
201316101760,4,3,2,43,9,354.4235,2,8,5,2013,13,42,12,1,0,2,1,1,0,0,2,8,0,2,1,0,0,0
201316101770,3,3,2,43,9,24.443,2,8,5,2013,17,17,12,1,0,1,1,1,2,1,2,8,0,1,1,0,0,0
201316101789,6,3,10,43,9,229.38828,3,8,7,2013,14,1,12,1,0,1,1,1,0,0,2,8,0,1,1,0,0,0
201316101812,4,3,4,43,9,354.4235,2,8,6,2013,21,58,12,1,0,1,5,1,2,1,2,1,0,1,1,28,0,0
201316101815,3,3,4,43,9,24.443,2,8,7,2013,20,57,12,1,0,2,5,1,2,1,2,1,0,,1,0,0,0
201316101819,4,3,3,43,9,354.4235,2,8,7,2013,20,40,14,0,0,1,5,1,5,1,2,2,1,1,7,0,0,0
201316101830,3,3,3,43,9,24.443,2,8,2,2013,14,28,12,6,0,4,1,1,2,1,2,2,0,1,1,0,0,0
201316101851,4,3,3,43,9,354.4235,2,8,6,2013,6,53,12,6,0,4,1,1,0,0,2,2,0,1,1,0,0,0
201316101883,4,3,1,43,9,354.4235,2,8,2,2013,14,14,12,1,0,2,1,2,1,1,2,3,0,,1,0,0,0
201316101917,4,3,1,43,9,354.4235,2,8,3,2013,18,4,12,1,0,1,1,1,0,0,2,3,0,1,1,0,0,0
201316101927,6,3,1,43,9,207.7655,2,8,3,2013,21,7,12,6,0,2,2,2,1,1,2,3,0,2,1,0,0,0
201316101928,3,3,1,43,9,24.443,1,8,3,2013,23,29,8,0,0,1,3,1,2,2,2,3,0,1,1,0,0,0
201316101958,4,3,1,43,9,354.4235,2,8,5,2013,8,53,12,1,0,2,1,1,0,0,2,3,0,2,1,0,0,0
201316101999,4,3,1,43,9,354.4235,2,8,6,2013,11,17,12,7,0,4,1,1,0,0,2,3,0,1,1,0,0,0
201316102002,3,3,1,43,9,24.443,2,8,6,2013,14,6,14,0,0,4,1,1,2,1,2,3,1,1,7,0,0,0
201316102008,5,3,1,43,9,85.5505,2,8,6,2013,14,24,12,6,0,2,1,1,1,2,2,3,0,2,1,0,0,0
201316102034,4,3,1,43,9,354.4235,2,8,7,2013,10,3,12,6,0,2,1,1,0,0,2,3,0,2,1,0,0,0
201316102069,6,3,1,43,9,207.7655,2,8,7,2013,22,42,12,1,0,1,2,1,1,1,1,3,0,1,1,0,0,0
201316102074,3,3,1,43,9,24.443,1,8,6,2013,17,52,8,0,0,1,1,1,2,1,2,3,0,1,1,0,0,0
201316102084,4,3,1,43,9,354.4235,2,8,1,2013,2,47,12,7,0,1,3,1,1,1,2,3,0,1,1,0,0,0
201316102126,4,3,1,43,9,354.4235,2,8,2,2013,16,1,12,1,0,2,1,1,1,1,2,3,0,,1,0,0,0
201316102159,4,3,1,43,9,354.4235,3,8,3,2013,16,36,12,1,0,1,1,1,1,1,2,3,0,1,1,28,0,0
201316102176,3,3,1,43,9,24.443,2,8,4,2013,8,47,1,0,0,1,1,1,2,1,2,3,0,1,1,0,0,0
201316102192,4,3,1,43,9,354.4235,2,8,4,2013,16,22,12,6,0,2,1,10,0,0,2,3,0,3,1,0,0,0
201316102195,6,3,1,43,9,207.7655,2,8,4,2013,17,44,12,6,0,2,1,10,0,0,2,3,0,3,1,0,0,0
201316102201,5,3,1,43,9,85.5505,2,8,4,2013,18,2,12,6,0,2,1,10,2,3,2,3,0,3,1,0,0,0
201316102231,4,3,1,43,9,354.4235,2,8,5,2013,19,24,12,7,0,1,1,1,0,0,2,3,0,1,1,19,0,0
201316102254,4,3,2,43,9,354.4235,1,9,5,2013,11,18,43,0,0,1,1,1,0,0,2,8,0,1,4,0,0,0
201316102287,6,3,2,43,9,207.7655,2,9,6,2013,13,40,12,1,0,1,1,1,0,0,2,8,0,1,1,0,0,0
201316102292,2,3,2,43,9,61.1075,2,9,5,2013,8,53,12,1,0,1,1,1,0,0,2,8,0,1,1,28,0,0
201316102293,4,3,2,43,9,354.4235,2,9,5,2013,19,1,12,1,1,5,5,1,0,0,2,8,0,1,1,0,0,0
201316102334,4,3,3,43,9,354.4235,2,9,5,2013,18,40,12,6,0,2,1,1,1,4,2,2,0,2,1,0,0,0
201316102347,4,3,6,43,9,331.33856,2,9,3,2013,9,40,12,1,0,2,1,1,0,0,2,1,0,2,1,0,0,0
201316102357,4,3,6,43,9,331.33856,2,9,6,2013,15,5,12,1,0,1,1,1,0,0,2,1,0,1,1,0,0,0
201316102359,2,3,10,43,9,57.34707,2,9,4,2013,6,2,33,0,0,1,3,1,2,1,2,8,1,1,4,0,0,0
201316102372,4,3,6,43,9,331.33856,3,9,2,2013,15,20,12,1,0,1,1,1,0,0,2,1,0,1,1,28,0,0
201316102375,4,3,10,43,9,344.0824,2,9,7,2013,16,28,12,1,0,1,1,1,0,0,2,8,0,1,1,0,0,0
201316102401,1,3,2,43,9,12.2215,2,9,5,2013,15,8,12,6,0,2,1,1,3,2,1,8,0,3,1,0,0,0
201316102402,4,3,2,43,9,354.4235,2,9,4,2013,6,52,12,7,0,2,1,1,0,0,2,8,0,,1,0,0,0
201316102419,5,3,2,43,9,85.5505,2,9,1,2013,12,54,12,1,0,2,1,1,2,4,2,8,0,3,1,0,0,0
201316102441,6,3,3,43,9,207.7655,1,9,3,2013,9,23,11,0,0,1,1,1,0,0,2,2,0,1,1,0,0,0
201316102457,4,3,3,43,9,354.4235,2,9,5,2013,6,53,12,6,0,4,1,1,0,0,2,2,0,1,1,0,0,0
201316102497,5,3,4,43,9,85.5505,1,8,4,2013,23,14,40,0,0,1,2,1,2,1,2,1,0,1,4,0,0,0
201316102553,4,3,1,43,9,354.4235,2,8,6,2013,20,46,12,1,0,4,3,1,0,0,2,3,0,1,1,0,0,0
201316102574,6,3,1,43,9,207.7655,1,8,7,2013,15,38,42,0,0,1,1,1,0,0,1,3,0,1,4,0,0,0
201316102593,3,3,1,43,9,24.443,2,9,1,2013,12,30,12,6,0,1,1,1,2,2,2,3,0,1,1,0,0,0
201316102597,4,3,1,43,9,354.4235,2,9,1,2013,15,0,12,1,0,2,1,1,1,1,2,3,0,,1,0,0,0
201316102616,5,3,1,43,9,85.5505,2,9,1,2013,23,20,12,6,0,2,1,10,1,2,1,3,0,2,1,0,0,0
201316102637,4,3,1,43,9,354.4235,3,9,3,2013,8,24,12,1,0,2,1,1,0,0,2,3,0,2,1,28,0,0
201316102656,3,3,1,43,9,24.443,2,9,3,2013,15,45,12,2,0,2,1,10,3,1,2,3,0,2,1,0,0,0
201316102673,6,3,1,43,9,207.7655,3,9,4,2013,8,30,12,7,0,2,1,1,0,0,2,3,0,3,1,28,0,0
201316102675,4,3,1,43,9,354.4235,2,9,4,2013,9,19,12,1,0,1,1,1,1,1,2,3,0,1,1,0,0,0
201316102676,3,3,1,43,9,24.443,1,9,4,2013,10,54,1,0,0,1,1,1,2,1,2,3,0,1,1,0,0,0
201316102709,1,3,1,43,9,12.2215,1,9,7,2013,16,33,30,0,0,1,1,1,3,1,1,3,0,1,4,0,0,0
201316102713,3,3,1,43,9,24.443,1,9,7,2013,18,15,9,0,0,2,1,1,3,2,2,3,0,3,1,0,0,0
201316102718,4,3,1,43,9,354.4235,2,9,1,2013,0,54,12,6,0,4,3,1,0,0,2,3,0,1,1,0,0,0
201316102760,4,3,1,43,9,354.4235,2,9,1,2013,21,46,12,1,0,1,3,1,0,0,2,3,0,1,1,0,0,0
201316102787,6,3,6,43,9,207.0866,2,9,2,2013,16,10,12,6,0,2,1,1,0,0,2,1,0,3,1,0,0,0
201316102794,3,3,6,43,9,41.41732,4,9,4,2013,17,40,12,1,0,1,1,1,2,1,2,1,0,1,1,28,0,0
201316102795,5,3,6,43,9,82.83464,3,9,5,2013,0,15,12,8,0,1,3,1,2,2,1,1,0,1,1,14,0,0
201316102798,4,3,6,43,9,331.33856,3,9,1,2013,12,50,12,6,0,2,1,1,0,0,2,1,0,2,1,0,0,0
201316102812,4,3,2,43,9,354.4235,2,9,4,2013,18,5,12,6,0,2,1,1,0,0,2,8,0,3,1,0,0,0
201316102823,3,3,2,43,9,24.443,1,9,1,2013,18,0,5,0,0,2,1,1,2,1,2,8,0,3,1,0,0,0
201316102850,3,3,2,43,9,24.443,2,9,5,2013,16,4,12,6,0,2,1,1,2,1,2,8,0,2,1,0,0,0
201316102854,4,3,2,43,9,354.4235,1,9,5,2013,18,24,34,0,0,1,1,1,0,0,1,8,0,1,4,0,0,0
201316102857,6,3,2,43,9,207.7655,2,9,4,2013,17,7,12,1,0,2,1,1,1,2,2,8,0,3,1,28,0,0
201316102869,5,3,2,43,9,85.5505,1,9,4,2013,7,40,32,0,0,1,1,1,1,2,2,8,0,1,4,0,0,0
201316102890,3,3,3,43,9,24.443,1,9,2,2013,9,11,1,0,0,2,1,10,2,1,2,2,0,2,1,0,0,0
201316102892,4,3,3,43,9,354.4235,2,9,3,2013,13,9,12,1,0,1,1,1,1,1,2,2,0,1,1,28,0,0
201316102909,6,3,3,43,9,207.7655,2,9,7,2013,0,54,12,2,0,2,3,1,2,2,1,2,0,2,1,0,0,0
201316102929,4,3,3,43,9,354.4235,2,9,5,2013,17,38,12,6,0,2,1,10,0,0,2,2,0,2,1,0,0,0
201316102936,5,3,3,43,9,85.5505,2,9,6,2013,20,50,25,0,0,1,2,1,1,1,2,2,0,1,3,0,0,0
201316102964,3,3,1,43,9,24.443,1,9,7,2013,2,39,8,0,0,1,6,1,2,1,1,3,0,1,1,0,0,0
201316102996,4,3,1,43,9,354.4235,2,9,1,2013,14,14,12,6,0,2,1,1,0,0,2,3,0,2,1,0,0,0
201316103020,5,3,1,43,9,85.5505,2,9,2,2013,14,38,12,6,0,2,1,1,1,1,2,3,0,,1,0,0,0
201316103033,4,3,1,43,9,354.4235,2,9,2,2013,22,24,12,1,0,2,2,1,0,0,2,3,0,,1,0,0,0
201316103048,6,3,1,43,9,207.7655,2,9,3,2013,8,57,12,1,0,1,1,1,1,1,2,3,0,1,1,0,0,0
201316103062,3,3,1,43,9,24.443,1,9,3,2013,16,43,1,0,0,1,1,1,2,1,2,3,0,1,1,0,0,0
201316103071,2,3,1,43,9,61.1075,2,9,3,2013,18,53,14,0,0,1,1,1,2,2,2,3,1,1,7,0,0,0
201316103082,4,3,1,43,9,354.4235,2,9,5,2013,8,44,12,6,0,2,1,1,0,0,2,3,0,3,1,0,0,0