CASENUM,STRATUM,REGION,PJ,PSU,PSUSTRAT,WEIGHT,VE_TOTAL,MONTH,WKDY_IM,YEAR,HOUR_IM,MINUTE_IM,EVENT1_IM,MANCOL_IM,RELJCT1_IM,RELJCT2_IM,LGTCON_IM,WEATHR_IM,MAXSEV_IM,NO_INJ_IM,ALCHL_IM,LAND_USE,PVH_INVL,TYP_INT,REL_ROAD,CF1,CF2,CF3
201316195311,1,3,1,43,9,12.2215,2,3,7,2013,3,6,1,0,0,1,2,1,4,1,1,3,0,1,1,14,0,0
201316195321,4,3,1,43,9,354.4235,2,3,5,2013,11,4,12,6,0,2,1,1,1,2,2,3,0,3,1,0,0,0
201316195347,1,3,2,43,9,12.2215,1,3,7,2013,23,5,59,0,0,1,2,1,4,1,1,8,0,1,4,20,0,0
201316195371,3,3,2,43,9,24.443,1,3,4,2013,22,48,11,0,0,1,2,1,2,1,2,8,0,1,1,0,0,0
201316195374,4,3,2,43,9,354.4235,2,4,4,2013,13,37,12,1,0,1,1,1,0,0,2,8,0,1,1,0,0,0
201316195386,2,3,2,43,9,61.1075,2,4,5,2013,15,45,12,8,0,1,1,10,2,1,2,8,0,1,1,0,0,0
201316195413,4,3,2,43,9,354.4235,2,4,2,2013,7,45,12,6,0,2,1,1,0,0,2,8,0,2,1,0,0,0
201316195414,3,3,2,43,9,24.443,1,4,2,2013,14,56,1,0,0,2,1,1,2,1,2,8,0,3,1,0,0,0
201316195417,4,3,6,43,9,331.33856,2,3,5,2013,11,50,12,6,0,2,1,1,1,2,2,1,0,3,1,0,0,0
201316195425,4,3,6,43,9,331.33856,2,4,1,2013,14,25,12,1,0,2,1,1,1,3,2,1,0,3,1,0,0,0
201316195429,6,3,10,43,9,229.38828,2,4,5,2013,13,26,12,1,0,2,1,2,0,0,2,8,0,3,1,0,0,0
201316195430,4,3,10,43,9,344.0824,2,4,5,2013,17,59,12,1,0,1,1,2,1,1,2,8,0,1,1,28,0,0
201316195443,5,3,3,43,9,85.5505,2,4,3,2013,19,30,12,6,0,2,1,1,1,2,2,2,0,2,1,0,0,0
201316195457,4,3,3,43,9,354.4235,2,4,6,2013,16,10,12,1,0,2,1,1,0,0,2,2,0,3,1,0,0,0
201316195510,3,3,1,43,9,24.443,2,3,6,2013,22,37,12,1,0,1,2,1,3,1,2,3,0,1,1,0,0,0
201316195517,4,3,1,43,9,354.4235,2,3,7,2013,19,57,12,6,0,2,1,1,0,0,2,3,0,3,1,0,0,0
201316195521,3,3,1,43,9,24.443,2,3,7,2013,23,7,12,2,0,2,3,1,2,1,2,3,0,,1,0,0,0
201316195554,4,3,1,43,9,354.4235,2,4,3,2013,16,51,12,1,0,1,1,1,0,0,2,3,0,1,1,0,0,0
201316195562,3,3,1,43,9,24.443,2,4,6,2013,2,19,35,0,0,1,3,10,2,2,2,3,1,1,4,0,0,0
201316195566,6,3,1,43,9,207.7655,2,4,6,2013,8,8,12,8,0,1,1,1,1,1,2,3,0,1,1,0,0,0
201316195595,4,3,1,43,9,354.4235,2,4,6,2013,16,58,12,7,1,5,1,1,0,0,2,3,0,1,1,0,0,0
201316195632,4,3,1,43,9,354.4235,1,4,5,2013,20,2,26,0,0,1,3,2,0,0,2,3,0,1,3,0,0,0
201316195643,6,3,1,43,9,207.7655,1,4,2,2013,9,35,33,0,0,5,1,10,2,1,2,3,0,1,4,0,0,0
201316195680,6,3,6,43,9,207.0866,2,4,3,2013,7,30,12,1,0,2,1,1,1,1,2,1,0,3,1,0,0,0
201316195690,4,3,6,43,9,331.33856,2,4,1,2013,10,58,12,1,0,2,1,1,1,1,2,1,0,2,1,0,0,0
201316195704,6,3,2,43,9,207.7655,2,4,6,2013,16,49,12,7,0,1,1,1,1,1,2,8,0,1,1,0,0,0
201316195732,4,3,2,43,9,354.4235,1,4,6,2013,16,50,11,0,0,1,1,1,0,0,2,8,0,1,1,0,0,0
201316195733,5,3,2,43,9,85.5505,1,4,6,2013,17,43,34,0,0,2,1,1,2,4,2,8,0,3,4,0,0,0
201316195757,5,3,6,43,9,82.83464,2,4,1,2013,14,3,12,6,0,2,1,1,2,1,2,1,0,2,1,0,0,0
201316195782,4,3,3,43,9,354.4235,2,4,4,2013,7,35,12,1,0,1,1,1,0,0,2,2,0,1,1,0,0,0
201316195787,6,3,3,43,9,207.7655,2,4,5,2013,17,28,12,1,0,2,1,1,0,0,2,2,0,2,1,0,0,0
201316195809,4,3,4,43,9,354.4235,2,3,4,2013,15,21,12,6,0,2,1,1,1,3,2,1,0,2,1,0,0,0
201316195812,5,3,4,43,9,85.5505,2,3,2,2013,14,45,12,6,0,2,1,10,1,3,2,1,0,3,1,0,0,0
201316195839,5,3,1,43,9,85.5505,2,4,3,2013,19,33,12,6,0,2,1,1,1,6,2,3,0,2,1,0,0,0
201316195862,4,3,1,43,9,354.4235,2,4,4,2013,18,50,12,1,0,2,5,1,1,1,2,3,0,,1,0,0,0
201316195890,3,3,1,43,9,24.443,1,4,1,2013,19,20,9,0,0,2,1,1,2,1,2,3,0,,1,0,0,0
201316195904,4,3,1,43,9,354.4235,2,4,1,2013,21,12,12,1,0,1,3,1,0,0,2,3,0,1,1,0,0,0
201316195922,6,3,1,43,9,207.7655,2,4,3,2013,18,54,12,6,0,2,1,1,0,0,2,3,0,2,1,0,0,0
201316195930,3,3,1,43,9,24.443,1,4,3,2013,21,33,8,0,0,1,3,1,4,1,1,3,0,1,1,0,0,0
201316195945,4,3,1,43,9,354.4235,2,4,4,2013,13,49,12,1,0,2,1,1,0,0,2,3,0,2,1,0,0,0
201316195951,5,3,1,43,9,85.5505,4,4,4,2013,16,11,12,1,0,1,1,1,2,1,2,3,0,1,1,0,0,0
201316195985,4,3,1,43,9,354.4235,2,4,5,2013,17,3,12,6,0,2,1,10,0,0,2,3,0,3,1,0,0,0
201316196000,6,3,1,43,9,207.7655,3,4,5,2013,19,53,12,1,0,2,5,1,1,1,1,3,0,3,1,0,0,0
201316196029,4,3,1,43,9,354.4235,2,4,6,2013,10,15,12,7,0,2,1,10,1,1,1,3,0,2,1,0,0,0
201316196047,3,3,1,43,9,24.443,1,4,7,2013,0,1,1,0,0,4,3,1,2,2,1,3,0,1,1,0,0,0
201316196067,6,3,1,43,9,207.7655,2,4,7,2013,14,54,12,1,0,2,1,1,2,1,2,3,0,2,1,0,0,0
201316196071,4,3,1,43,9,354.4235,2,4,7,2013,17,11,12,1,0,1,1,1,0,0,2,3,0,1,1,0,0,0
201316196081,3,3,1,43,9,24.443,1,4,1,2013,12,40,1,0,0,2,1,1,2,1,2,3,0,2,1,0,0,0
201316196124,2,3,10,43,9,57.34707,3,4,3,2013,14,24,12,1,0,4,1,1,0,0,2,8,0,1,1,0,0,0
201316196125,4,3,10,43,9,344.0824,1,4,3,2013,17,59,41,0,0,4,1,1,0,0,2,8,0,1,4,0,0,0
201316196142,4,3,2,43,9,354.4235,3,4,2,2013,8,24,12,1,0,1,1,1,0,0,2,8,0,1,1,28,0,0
201316196147,6,3,2,43,9,207.7655,3,4,4,2013,9,12,12,1,0,1,1,1,1,2,2,8,0,1,1,28,0,0
201316196182,4,3,2,43,9,354.4235,2,4,7,2013,16,37,12,1,0,1,1,1,0,0,2,8,0,1,1,0,0,0
201316196187,3,3,2,43,9,24.443,2,4,7,2013,21,44,12,6,0,4,2,1,2,1,2,8,0,1,1,0,0,0
201316196209,4,3,1,43,9,354.4235,2,4,4,2013,10,11,12,1,0,2,1,1,0,0,2,3,0,2,1,0,0,0
201316196214,3,3,1,43,9,24.443,2,4,6,2013,13,22,12,6,0,2,1,2,2,1,2,3,0,2,1,0,0,0
201316196216,5,3,1,43,9,85.5505,1,4,6,2013,13,18,24,0,0,1,1,2,2,1,2,3,0,1,3,0,0,0
201316196222,2,3,1,43,9,61.1075,2,4,6,2013,18,35,12,1,0,1,1,10,0,0,2,3,0,1,1,28,0,0
201316196223,3,3,1,43,9,24.443,3,4,6,2013,20,29,12,6,0,2,3,1,3,2,1,3,0,2,1,0,0,0
201316196242,6,3,1,43,9,207.7655,2,4,1,2013,17,27,12,6,0,2,1,10,0,0,2,3,0,2,1,0,0,0
201316196252,4,3,1,43,9,354.4235,2,4,2,2013,17,43,12,6,0,2,1,1,0,0,2,3,0,3,1,0,0,0
201316196283,4,3,1,43,9,354.4235,2,4,3,2013,15,49,12,6,0,2,1,1,1,1,2,3,0,2,1,0,0,0
201316196298,5,3,1,43,9,85.5505,2,4,3,2013,18,43,12,6,0,2,1,1,2,2,2,3,0,2,1,0,0,0
201316196324,4,3,1,43,9,354.4235,2,4,5,2013,14,14,12,7,0,2,1,1,0,0,2,3,0,,1,0,0,0
201316196338,3,3,1,43,9,24.443,1,4,5,2013,23,29,1,0,0,1,2,1,2,1,2,3,0,1,1,0,0,0
201316196364,4,3,1,43,9,354.4235,2,4,6,2013,5,23,12,7,0,1,3,1,1,1,2,3,0,1,1,0,0,0
201316196368,6,3,1,43,9,207.7655,2,4,6,2013,7,51,12,6,0,2,1,10,0,0,2,3,0,2,1,0,0,0
201316196407,4,3,1,43,9,354.4235,2,4,7,2013,16,59,12,1,0,1,1,1,1,1,2,3,0,1,1,28,0,0
201316196408,5,3,1,43,9,85.5505,2,4,7,2013,17,12,12,6,0,2,1,1,2,2,2,3,0,2,1,0,0,0
201316196424,6,3,1,43,9,207.7655,2,4,1,2013,15,8,12,6,0,2,1,1,0,0,2,3,0,2,1,0,0,0
201316196460,4,3,1,43,9,354.4235,2,4,3,2013,8,24,12,6,0,2,1,10,1,1,2,3,0,2,1,0,0,0
201316196499,6,3,6,43,9,207.0866,3,4,1,2013,16,17,12,1,0,2,1,1,0,0,2,1,0,2,1,0,0,0
201316196500,4,3,6,43,9,331.33856,2,4,3,2013,18,17,12,1,0,2,1,1,0,0,2,1,0,2,1,0,0,0
201316196504,3,3,6,43,9,41.41732,2,4,4,2013,18,0,12,1,0,1,1,1,2,4,2,1,0,1,1,0,0,0
201316196506,3,3,6,43,9,41.41732,1,4,6,2013,18,29,9,0,0,2,1,1,2,1,2,1,0,2,1,0,0,0
201316196525,5,3,3,43,9,85.5505,2,4,2,2013,13,34,12,6,0,2,1,10,2,3,2,2,0,2,1,0,0,0
201316196528,4,3,3,43,9,354.4235,2,4,5,2013,8,25,12,6,0,4,1,10,0,0,2,2,0,1,1,0,0,0
201316196541,3,3,3,43,9,24.443,2,4,5,2013,10,59,12,7,0,2,1,10,2,1,2,2,0,2,1,0,0,0
201316196567,4,3,3,43,9,354.4235,1,4,5,2013,9,55,58,0,0,1,1,10,0,0,2,2,0,1,4,0,0,0
201316196589,4,3,6,43,9,331.33856,2,4,3,2013,9,58,12,1,0,4,1,2,0,0,2,1,0,1,1,0,0,0
201316196594,5,3,10,43,9,114.69414,2,4,6,2013,10,14,12,1,0,2,1,1,1,1,2,8,0,2,1,0,0,0
201316196610,4,3,2,43,9,354.4235,1,4,2,2013,18,44,18,0,0,1,1,1,0,0,2,8,0,1,1,0,0,0
201316196642,6,3,2,43,9,207.7655,2,4,5,2013,21,6,12,6,0,2,3,1,0,0,2,8,0,2,1,0,0,0
201316196648,4,3,2,43,9,354.4235,2,4,5,2013,16,44,12,1,0,1,1,1,0,0,2,8,0,1,1,0,0,0
201316196685,3,3,3,43,9,24.443,1,4,6,2013,15,30,1,0,0,1,1,1,2,1,2,2,0,1,1,0,0,0
201316196695,4,3,3,43,9,354.4235,2,4,6,2013,23,44,12,6,0,2,3,1,0,0,2,2,0,2,1,0,0,0
201316196712,6,3,1,43,9,207.7655,2,4,1,2013,14,21,12,1,0,4,1,1,3,1,2,3,0,1,1,0,0,0
201316196715,3,3,1,43,9,24.443,1,4,5,2013,16,44,8,0,0,2,1,1,3,1,2,3,0,3,1,0,0,0
201316196725,4,3,1,43,9,354.4235,2,4,6,2013,22,11,12,7,0,1,3,2,0,0,2,3,0,1,1,0,0,0
201316196742,5,3,1,43,9,85.5505,2,4,7,2013,21,4,12,2,0,2,3,1,1,3,2,3,0,3,1,0,0,0
201316196768,4,3,1,43,9,354.4235,3,4,3,2013,14,38,12,1,0,2,1,1,1,2,2,3,0,,1,0,0,0
201316196800,6,3,1,43,9,207.7655,2,4,4,2013,17,16,12,6,0,2,1,1,0,0,2,3,0,2,1,0,0,0
201316196805,4,3,1,43,9,354.4235,2,4,4,2013,19,45,12,1,0,2,5,1,0,0,2,3,0,2,1,0,0,0
201316196812,3,3,1,43,9,24.443,2,4,5,2013,7,22,12,1,0,1,1,1,2,1,2,3,0,1,1,0,0,0
201316196866,4,3,10,43,9,344.0824,2,5,4,2013,22,43,12,6,0,2,3,10,1,1,2,8,0,3,1,0,0,0
201316196872,2,3,2,43,9,61.1075,2,4,3,2013,13,29,12,7,0,4,1,10,0,0,2,8,0,1,1,0,0,0
201316196892,4,3,2,43,9,354.4235,2,4,5,2013,13,10,12,1,0,1,1,1,0,0,2,8,0,1,1,0,0,0
201316196902,5,3,2,43,9,85.5505,1,5,4,2013,11,59,34,0,0,1,1,10,2,2,2,8,0,1,4,0,0,0
201316196912,3,3,2,43,9,24.443,2,5,6,2013,16,48,12,7,0,2,1,1,2,1,2,8,0,2,1,0,0,0
201316196915,4,3,1,43,9,354.4235,2,4,2,2013,10,31,12,6,0,2,1,10,0,0,2,3,0,2,1,0,0,0
201316196921,6,3,1,43,9,207.7655,2,4,2,2013,13,17,14,0,0,1,1,2,1,3,2,3,1,1,7,0,0,0
201316196954,5,3,1,43,9,85.5505,3,4,2,2013,17,40,12,6,0,2,1,10,1,1,2,3,0,3,1,0,0,0
201316196958,4,3,2,43,9,354.4235,2,5,6,2013,19,25,12,1,0,1,1,1,1,1,2,8,0,1,1,0,0,0
201316196968,1,3,2,43,9,12.2215,1,5,5,2013,21,26,42,0,0,1,2,1,3,3,1,8,0,1,4,0,0,0
201316196971,4,3,1,43,9,354.4235,2,4,3,2013,10,4,12,1,0,1,1,10,0,0,2,3,0,1,1,28,0,0
201316197014,4,3,1,43,9,354.4235,2,5,5,2013,0,45,12,6,0,2,3,1,0,0,2,3,0,2,1,0,0,0
201316197047,6,3,1,43,9,207.7655,1,5,5,2013,19,31,42,0,0,1,1,1,0,0,2,3,0,1,4,0,0,0
201316197066,4,3,1,43,9,354.4235,2,5,7,2013,0,55,12,7,0,1,3,1,1,1,2,3,0,1,1,0,0,0
201316197080,4,3,4,43,9,354.4235,2,4,4,2013,14,57,12,7,0,1,1,1,0,0,2,1,0,1,1,0,0,0
201316197088,3,3,4,43,9,24.443,3,5,4,2013,17,22,12,1,0,2,1,10,2,2,2,1,0,2,1,0,0,0
201316197094,6,3,3,43,9,207.7655,1,4,3,2013,0,14,33,0,0,5,2,2,0,0,2,2,0,1,4,0,0,0
201316197116,4,3,3,43,9,354.4235,1,5,6,2013,10,18,73,0,0,1,1,1,0,0,2,2,0,1,1,0,0,0
201316197146,5,3,6,43,9,82.83464,2,4,3,2013,16,39,12,1,0,2,1,1,1,1,2,1,0,,1,0,0,0
201316197154,4,3,6,43,9,331.33856,1,5,2,2013,21,34,44,0,0,1,2,10,0,0,2,1,0,1,1,3,0,0
201316197155,6,3,6,43,9,207.0866,2,5,3,2013,17,2,12,6,0,2,1,1,0,0,2,1,0,2,1,0,0,0
201316197164,4,3,6,43,9,331.33856,1,5,2,2013,15,0,42,0,0,2,1,1,1,1,2,1,0,3,3,0,0,0
201316197166,6,3,10,43,9,229.38828,1,5,6,2013,14,10,42,0,0,4,1,1,0,0,2,8,0,1,4,0,0,0
201316197171,4,3,10,43,9,344.0824,3,5,6,2013,17,45,12,1,0,1,1,10,0,0,2,8,0,1,1,0,0,0
201316197183,2,3,3,43,9,61.1075,2,5,2,2013,13,1,14,0,0,1,1,2,0,0,2,2,1,1,5,0,0,0
201316197196,4,3,3,43,9,354.4235,2,5,4,2013,18,22,12,1,0,2,1,1,0,0,2,2,0,2,1,0,0,0
201316197213,5,3,2,43,9,85.5505,2,5,1,2013,3,44,12,1,0,1,2,1,2,7,1,8,0,1,1,0,0,0
201316197214,1,3,2,43,9,12.2215,3,5,2,2013,16,20,12,1,0,1,1,2,4,2,2,8,0,1,1,0,0,0
201316197233,4,3,2,43,9,354.4235,2,5,2,2013,14,57,12,1,0,2,1,2,0,0,2,8,0,2,1,0,0,0
201316197236,3,3,2,43,9,24.443,1,5,3,2013,15,5,9,0,0,1,1,1,2,1,2,8,0,1,1,16,0,0
201316197267,4,3,2,43,9,354.4235,2,5,4,2013,16,51,12,1,0,4,1,1,1,1,2,8,0,1,1,0,0,0
201316197289,6,3,2,43,9,207.7655,1,5,7,2013,23,36,42,0,0,1,2,10,1,1,2,8,0,1,4,0,0,0
201316197303,4,3,2,43,9,354.4235,2,5,7,2013,19,12,12,1,0,2,1,1,0,0,2,8,0,2,1,0,0,0
201316197323,3,3,1,43,9,24.443,2,4,1,2013,16,56,12,6,0,2,1,2,2,1,2,3,0,2,1,0,0,0
201316197349,4,3,1,43,9,354.4235,2,5,6,2013,19,27,12,1,0,1,1,1,0,0,2,3,0,1,1,28,0,0
201316197358,3,3,1,43,9,24.443,1,5,7,2013,15,3,9,0,0,2,1,1,2,1,2,3,0,3,1,16,0,0
201316197388,4,3,1,43,9,354.4235,2,5,1,2013,16,5,12,7,0,2,1,10,0,0,2,3,0,2,1,0,0,0
201316197394,6,3,1,43,9,207.7655,2,5,1,2013,21,36,12,1,0,2,3,10,0,0,2,3,0,2,1,0,0,0
201316197419,5,3,1,43,9,85.5505,2,5,2,2013,13,56,12,6,0,2,1,10,1,2,2,3,0,2,1,0,0,0
201316197436,4,3,1,43,9,354.4235,3,5,2,2013,17,9,12,1,0,1,1,10,0,0,2,3,0,1,1,28,0,0
201316197462,6,3,1,43,9,207.7655,2,5,3,2013,17,34,12,6,0,2,1,1,1,1,2,3,0,2,1,0,0,0
201316197471,4,3,1,43,9,354.4235,2,5,3,2013,19,13,14,0,0,4,1,2,0,0,2,3,1,1,7,0,0,0
201316197507,4,3,1,43,9,354.4235,2,5,4,2013,19,52,12,6,0,4,5,10,1,1,2,3,0,1,1,0,0,0
201316197529,3,3,1,43,9,24.443,1,5,5,2013,13,35,9,0,0,4,1,1,2,1,2,3,0,1,1,16,0,0
201316197546,3,3,1,43,9,24.443,1,5,5,2013,20,57,1,0,0,2,3,1,2,1,2,3,0,2,1,0,0,0
201316197547,4,3,1,43,9,354.4235,2,5,5,2013,23,8,12,1,0,1,2,1,0,0,2,3,0,1,1,3,28,0
201316197608,3,3,6,43,9,41.41732,1,5,1,2013,15,30,1,0,0,2,1,1,2,1,2,1,0,2,1,0,0,0
201316197616,4,3,6,43,9,331.33856,2,5,2,2013,9,38,12,6,0,1,1,2,0,0,2,1,0,1,1,0,0,0
201316197633,3,3,2,43,9,24.443,1,5,4,2013,18,20,9,0,0,4,1,1,2,1,2,8,0,1,1,0,0,0
201316197641,4,3,2,43,9,354.4235,2,5,2,2013,17,52,12,7,0,1,1,2,0,0,2,8,0,1,1,0,0,0
201316197675,3,3,1,43,9,24.443,2,5,5,2013,21,1,12,6,0,4,2,1,3,1,1,3,0,1,1,0,0,0
201316197676,6,3,1,43,9,207.7655,2,5,6,2013,1,35,14,0,0,1,3,1,0,0,1,3,1,1,7,0,0,0
201316197690,5,3,1,43,9,85.5505,2,5,6,2013,14,18,12,6,0,2,1,1,2,1,2,3,0,2,1,0,0,0
201316197693,4,3,1,43,9,354.4235,2,5,6,2013,13,6,12,6,0,2,1,1,0,0,2,3,0,3,1,0,0,0
201316197704,3,3,1,43,9,24.443,2,5,6,2013,17,7,12,6,0,2,1,1,2,1,2,3,0,3,1,0,0,0
201316197726,4,3,1,43,9,354.4235,2,5,7,2013,11,49,12,1,0,1,1,1,0,0,2,3,0,1,1,0,0,0
201316197767,3,3,1,43,9,24.443,2,5,1,2013,17,2,12,9,0,4,1,1,2,2,2,3,0,1,1,0,0,0
201316197770,4,3,1,43,9,354.4235,1,5,1,2013,21,30,24,0,0,1,1,1,1,3,2,3,0,1,3,0,0,0
201316197804,5,3,3,43,9,85.5505,2,5,3,2013,18,1,12,6,0,4,1,10,2,3,2,2,0,1,1,0,0,0
201316197816,4,3,2,43,9,354.4235,2,5,4,2013,13,30,12,1,0,2,1,1,0,0,2,8,0,2,1,0,0,0
201316197829,5,3,2,43,9,85.5505,1,5,7,2013,19,50,34,0,0,1,1,1,2,1,1,8,0,1,4,0,0,0
201316197852,3,3,2,43,9,24.443,2,5,6,2013,19,6,12,6,0,2,1,1,2,1,2,8,0,,1,0,0,0
201316197857,4,3,2,43,9,354.4235,1,5,2,2013,19,56,42,0,0,5,1,10,0,0,1,8,0,1,4,24,0,0
201316197862,3,3,2,43,9,24.443,1,4,7,2013,12,52,1,0,0,1,1,1,2,1,1,8,0,1,3,0,0,0
201316197895,4,3,2,43,9,354.4235,3,5,2,2013,8,14,12,1,0,1,1,10,0,0,2,8,0,1,1,28,0,0
201316197901,2,3,2,43,9,61.1075,4,5,4,2013,10,37,12,6,0,1,1,1,1,2,2,8,0,1,1,0,0,0
201316197925,4,3,10,43,9,344.0824,3,5,7,2013,8,55,12,1,0,2,1,1,0,0,2,8,0,2,1,0,0,0
201316197931,4,3,10,43,9,344.0824,2,5,4,2013,17,29,12,1,0,2,1,1,0,0,2,8,0,,1,0,0,0
201316197971,4,3,1,43,9,354.4235,2,5,3,2013,12,42,12,9,0,4,1,10,0,0,2,3,0,1,1,0,0,0
201316197996,4,3,3,43,9,354.4235,2,5,1,2013,15,35,12,1,0,2,1,10,0,0,2,2,0,2,1,0,0,0
201316197998,6,3,3,43,9,207.7655,1,5,1,2013,13,6,57,0,0,1,1,2,0,0,2,2,0,1,3,0,0,0
201316198028,3,3,3,43,9,24.443,2,5,4,2013,15,19,12,6,0,4,1,1,2,1,2,2,0,1,1,0,0,0
201316198038,4,3,3,43,9,354.4235,2,5,4,2013,12,5,12,6,0,2,1,1,0,0,2,2,0,2,1,0,0,0
201316198065,4,3,4,43,9,354.4235,2,5,3,2013,17,59,12,1,0,2,5,10,0,0,2,1,0,2,1,0,0,0
201316198069,6,3,4,43,9,207.7655,3,5,6,2013,17,51,12,1,0,1,1,1,0,0,2,1,0,1,1,0,0,0
201316198079,3,3,1,43,9,24.443,1,5,2,2013,17,45,1,0,0,1,1,10,2,1,2,3,0,1,1,0,0,0
201316198082,6,3,1,43,9,207.7655,4,5,3,2013,17,54,12,1,0,1,1,10,1,4,2,3,0,1,1,0,0,0
201316198094,4,3,1,43,9,354.4235,2,5,4,2013,6,18,12,1,0,1,1,1,0,0,2,3,0,1,1,0,0,0
201316198095,1,3,1,43,9,12.2215,2,5,4,2013,6,17,12,6,0,2,1,1,4,1,1,3,0,3,1,0,0,0
201316198105,3,3,1,43,9,24.443,1,5,4,2013,11,59,24,0,0,1,1,1,2,1,2,3,0,1,4,0,0,0
201316198138,4,3,1,43,9,354.4235,3,5,5,2013,15,31,12,1,0,2,1,2,0,0,2,3,0,6,1,0,0,0
201316198149,3,3,1,43,9,24.443,1,5,7,2013,21,59,34,0,0,1,3,1,2,1,1,3,0,1,4,0,0,0
201316198152,5,3,1,43,9,85.5505,2,5,7,2013,2,14,12,6,0,2,3,1,2,2,1,3,0,2,1,0,0,0
201316198166,6,3,1,43,9,207.7655,1,5,7,2013,20,22,11,0,0,1,1,1,0,0,2,3,0,1,1,0,0,0
201316198180,3,3,1,43,9,24.443,1,5,1,2013,16,17,9,0,0,4,1,1,2,1,2,3,0,1,1,16,0,0
201316198186,4,3,1,43,9,354.4235,2,5,1,2013,10,3,18,0,0,1,1,1,0,0,2,3,0,1,1,14,0,0
201316198199,5,3,1,43,9,85.5505,2,5,2,2013,7,0,12,1,0,2,1,1,1,3,2,3,0,2,1,0,0,0
201316198200,3,3,1,43,9,24.443,1,5,2,2013,1,23,33,0,0,1,3,1,2,1,2,3,0,1,4,0,0,0
201316198229,4,3,1,43,9,354.4235,2,5,4,2013,8,46,12,1,0,2,1,1,1,1,2,3,0,2,1,0,0,0
201316198235,2,3,1,43,9,61.1075,2,5,4,2013,12,40,12,6,0,2,1,1,0,0,2,3,0,3,1,0,0,0
201316198260,6,3,1,43,9,207.7655,1,6,2,2013,8,31,21,0,0,1,1,2,0,0,2,3,0,1,4,0,0,0
201316198264,4,3,1,43,9,354.4235,2,6,2,2013,12,10,12,1,0,1,1,10,0,0,2,3,0,1,1,0,0,0
201316198305,4,3,10,43,9,344.0824,2,5,4,2013,17,25,12,1,0,2,1,1,0,0,2,8,0,3,1,0,0,0
201316198322,5,3,2,43,9,85.5505,2,5,3,2013,18,26,12,1,0,1,1,1,1,2,2,8,0,1,1,0,0,0
201316198325,4,3,2,43,9,354.4235,2,5,4,2013,18,51,12,1,0,1,1,1,0,0,2,8,0,1,1,28,0,0
201316198337,3,3,2,43,9,24.443,1,5,4,2013,21,32,11,0,0,1,1,1,2,1,2,8,0,1,1,0,0,0
201316198354,6,3,2,43,9,207.7655,2,5,5,2013,21,4,12,1,0,2,5,1,1,1,2,8,0,2,1,0,0,0
201316198366,1,3,2,43,9,12.2215,1,5,3,2013,21,26,34,0,0,1,2,1,3,1,2,8,0,1,4,0,0,0
201316198367,4,3,2,43,9,354.4235,2,5,5,2013,6,25,12,6,0,1,1,1,0,0,2,8,0,1,1,0,0,0
201316198395,3,3,3,43,9,24.443,1,5,7,2013,14,27,44,0,0,5,1,1,2,1,2,2,0,1,1,0,0,0
201316198418,4,3,3,43,9,354.4235,2,5,6,2013,14,7,12,7,0,2,1,1,0,0,2,2,0,2,1,0,0,0
201316198462,4,3,2,43,9,354.4235,1,6,2,2013,7,24,11,0,0,1,1,10,0,0,2,8,0,1,1,0,0,0
201316198498,5,3,2,43,9,85.5505,1,6,6,2013,6,20,34,0,0,1,1,2,2,1,2,8,0,1,4,5,0,0
201316198501,4,3,2,43,9,354.4235,2,6,7,2013,12,1,12,6,0,2,1,10,0,0,2,8,0,2,1,0,0,0
201316198505,6,3,2,43,9,207.7655,1,6,6,2013,16,37,53,0,0,1,1,2,0,0,2,8,0,1,4,0,0,0
201316198509,3,3,2,43,9,24.443,1,6,6,2013,5,26,52,0,0,1,4,2,2,1,2,8,0,1,3,0,0,0
201316198545,5,3,6,43,9,82.83464,2,5,5,2013,16,3,12,6,0,4,1,1,1,1,2,1,0,1,1,0,0,0
201316198549,4,3,6,43,9,331.33856,2,5,6,2013,16,53,12,6,0,2,1,1,0,0,2,1,0,2,1,0,0,0
201316198557,4,3,6,43,9,331.33856,2,6,3,2013,12,45,12,1,0,2,1,1,0,0,2,1,0,2,1,0,0,0
201316198568,2,3,6,43,9,41.41732,1,6,7,2013,12,7,1,0,0,5,1,1,2,1,2,1,0,1,1,0,0,0
201316198569,4,3,6,43,9,331.33856,2,6,2,2013,12,23,12,1,0,2,1,2,0,0,2,1,0,2,1,19,0,0
201316198583,6,3,3,43,9,207.7655,1,6,7,2013,10,10,30,0,0,1,1,1,0,0,2,2,0,1,4,0,0,0
201316198595,4,3,3,43,9,354.4235,2,6,3,2013,13,23,12,1,0,4,1,1,0,0,2,2,0,1,1,0,0,0
201316198607,3,3,3,43,9,24.443,1,6,4,2013,20,15,1,0,0,2,1,1,2,1,2,2,0,3,1,0,0,0
201316198619,3,3,3,43,9,24.443,1,6,3,2013,23,0,5,0,0,2,3,10,2,1,2,2,0,2,1,0,0,0
201316198644,4,3,1,43,9,354.4235,2,5,5,2013,18,2,12,7,0,4,1,1,0,0,2,3,0,1,1,0,0,0
201316198677,4,3,1,43,9,354.4235,2,5,6,2013,17,43,12,6,0,2,1,1,0,0,2,3,0,2,1,0,0,0
201316198707,6,3,1,43,9,207.7655,3,5,4,2013,18,10,12,1,0,5,1,1,0,0,2,3,0,1,1,0,0,0