CASENUM,STRATUM,REGION,PJ,PSU,PSUSTRAT,WEIGHT,VE_TOTAL,MONTH,WKDY_IM,YEAR,HOUR_IM,MINUTE_IM,EVENT1_IM,MANCOL_IM,RELJCT1_IM,RELJCT2_IM,LGTCON_IM,WEATHR_IM,MAXSEV_IM,NO_INJ_IM,ALCHL_IM,LAND_USE,PVH_INVL,TYP_INT,REL_ROAD,CF1,CF2,CF3
201316507587,4,3,1,45,8,353.717,2,12,7,2013,23,29,12,1,0,5,3,2,0,0,2,3,0,1,1,0,0,0
201316507590,5,3,3,45,8,90.9558,2,11,7,2013,19,15,12,6,0,2,2,1,2,2,2,8,0,2,1,0,0,0
201316507646,6,3,1,45,8,212.2302,2,12,2,2013,17,51,12,1,0,1,3,1,0,0,2,3,0,1,1,0,0,0
201316507650,3,3,1,45,8,20.2124,2,12,2,2013,17,59,12,1,0,2,3,1,2,2,2,3,0,2,1,0,0,0
201316507656,5,3,1,45,8,90.9558,1,12,3,2013,8,26,25,0,0,1,1,2,1,1,2,3,0,1,3,0,0,0
201316507678,4,3,1,45,8,353.717,2,12,3,2013,15,12,12,7,0,1,1,1,0,0,2,3,0,1,1,0,0,0
201316507706,1,3,1,45,8,10.1062,2,12,4,2013,13,58,12,2,0,1,1,1,4,2,2,3,0,1,1,0,0,0
201316507708,3,3,1,45,8,20.2124,2,12,4,2013,14,27,12,6,0,4,1,10,2,1,2,3,0,1,1,0,0,0
201316507726,6,3,1,45,8,212.2302,2,12,5,2013,7,40,12,1,0,2,1,1,0,0,2,3,0,3,1,0,0,0
201316507732,1,3,1,45,8,10.1062,1,12,5,2013,13,4,42,0,0,1,1,1,3,1,2,3,0,1,4,0,0,0
201316507737,4,3,1,45,8,353.717,2,12,5,2013,16,18,12,1,0,1,1,1,0,0,2,3,0,1,1,0,0,0
201316507793,2,3,1,45,8,60.6372,2,12,6,2013,14,25,12,6,0,4,1,2,0,0,2,3,0,1,1,0,0,0
201316507802,5,3,2,45,8,90.9558,2,12,6,2013,11,5,12,1,0,2,1,2,2,1,2,8,0,2,1,0,0,0
201316507804,5,3,1,45,8,90.9558,1,12,6,2013,17,35,30,0,0,1,3,2,2,1,2,3,0,1,4,0,0,0
201316507814,4,3,1,45,8,353.717,2,12,6,2013,18,53,12,6,0,4,3,2,0,0,2,3,0,1,1,0,0,0
201316507826,3,3,2,45,8,20.2124,1,12,7,2013,18,20,8,0,0,4,2,10,3,1,2,8,0,1,1,0,0,0
201316507830,1,3,1,45,8,10.1062,2,12,7,2013,17,47,12,6,0,4,3,2,3,2,2,3,0,1,1,0,0,0
201316507833,4,3,2,45,8,353.717,2,12,1,2013,13,31,12,1,0,1,1,2,0,0,2,8,0,1,1,0,0,0
201316507837,6,3,1,45,8,212.2302,2,12,7,2013,18,56,12,1,0,1,3,1,0,0,2,3,0,1,1,0,0,0
201316507853,1,3,1,45,8,10.1062,2,12,1,2013,17,26,12,8,0,1,3,2,3,2,1,3,0,1,1,0,0,0
201316507858,1,3,1,45,8,10.1062,1,12,1,2013,22,39,25,0,1,5,2,2,3,1,2,3,0,1,4,0,0,0
201316507881,1,3,2,45,8,10.1062,1,12,4,2013,14,53,34,0,0,1,1,1,3,2,2,8,0,1,4,0,0,0
201316507882,3,3,2,45,8,20.2124,1,12,4,2013,15,28,17,0,0,1,1,1,2,1,2,8,0,1,4,0,0,0
201316507889,1,3,2,45,8,10.1062,1,12,5,2013,3,47,42,0,0,1,2,1,3,1,2,8,0,1,4,0,0,0
201316507890,6,3,2,45,8,212.2302,2,12,5,2013,8,2,12,6,0,2,1,1,0,0,2,8,0,4,1,0,0,0
201316507908,1,3,3,45,8,10.1062,2,12,3,2013,2,55,12,2,0,1,2,2,3,2,1,8,0,1,1,0,0,0
201316507913,4,3,3,45,8,353.717,1,12,6,2013,19,30,25,0,0,1,2,2,1,1,2,8,0,1,4,0,0,0
201316507923,6,3,3,45,8,212.2302,1,12,4,2013,8,6,33,0,0,1,1,5,0,0,2,8,0,1,4,0,0,0
201316507967,1,3,1,45,8,10.1062,1,12,6,2013,16,13,30,0,0,1,1,1,3,2,2,3,0,1,4,0,0,0
201316507977,4,3,1,45,8,353.717,2,12,7,2013,13,22,12,7,0,2,1,2,0,0,2,3,0,2,1,0,0,0
201316507993,4,3,2,45,8,353.717,2,12,7,2013,14,44,12,1,0,1,1,2,0,0,2,8,0,1,1,19,0,0
201316507994,1,3,2,45,8,10.1062,1,12,1,2013,13,10,34,0,0,2,1,10,3,1,2,8,0,3,4,21,0,0
201316508022,6,3,1,45,8,212.2302,2,12,2,2013,15,26,12,1,0,1,1,1,0,0,2,3,0,1,1,0,0,0
201316508052,4,3,1,45,8,353.717,2,12,3,2013,14,46,12,1,0,2,1,1,0,0,2,3,0,2,1,0,0,0
201316508079,3,3,1,45,8,20.2124,2,12,4,2013,15,17,12,6,0,4,1,1,2,1,2,3,0,1,1,0,0,0
201316508088,5,3,1,45,8,90.9558,1,12,4,2013,21,30,1,0,0,1,3,1,1,1,2,3,0,1,4,0,0,0
201316508089,6,3,1,45,8,212.2302,2,12,4,2013,21,44,12,6,0,2,3,1,0,0,2,3,0,3,1,0,0,0
201316508102,1,3,1,45,8,10.1062,2,12,5,2013,22,30,35,0,0,2,3,10,3,2,1,3,1,3,4,0,0,0
201316508119,3,3,1,45,8,20.2124,1,12,6,2013,22,32,8,0,0,1,6,1,4,2,1,3,0,1,1,0,0,0
201316508135,1,3,2,45,8,10.1062,2,12,4,2013,4,57,12,6,0,2,3,1,3,2,2,8,0,3,1,0,0,0
201316508139,2,3,2,45,8,60.6372,2,12,4,2013,7,6,12,1,0,2,2,1,2,1,2,8,0,3,1,0,0,0
201316508140,4,3,1,45,8,353.717,1,12,7,2013,18,24,11,0,0,1,3,10,0,0,2,3,0,1,1,0,0,0
201316508144,5,3,2,45,8,90.9558,2,12,4,2013,7,58,12,2,0,2,1,1,2,2,2,8,0,3,1,0,0,0
201316508169,6,3,2,45,8,212.2302,2,12,5,2013,13,1,12,6,0,2,1,1,0,0,2,8,0,2,1,0,0,0
201316508178,1,3,2,45,8,10.1062,1,12,7,2013,13,53,42,0,0,1,1,10,3,1,2,8,0,1,4,0,0,0
201316508181,3,3,2,45,8,20.2124,1,12,1,2013,14,21,34,0,0,1,1,10,2,2,2,8,0,1,4,0,0,0
201316508196,1,3,3,45,8,10.1062,1,12,6,2013,17,25,34,0,0,1,5,10,4,3,2,8,0,1,4,0,0,0
201316508225,5,3,1,45,8,90.9558,4,12,6,2013,7,36,12,1,0,1,1,1,2,3,2,3,0,1,1,0,0,0
201316508255,6,3,1,45,8,212.2302,2,12,2,2013,14,15,12,6,0,4,1,1,1,1,2,3,0,1,1,0,0,0
201316508260,4,3,1,45,8,353.717,2,12,2,2013,15,46,12,1,0,2,1,1,0,0,2,3,0,2,1,0,0,0
201316508279,3,3,1,45,8,20.2124,1,12,3,2013,20,59,8,0,0,1,2,1,2,1,1,3,0,1,1,0,0,0
201316508328,4,3,1,45,8,353.717,2,12,6,2013,12,0,12,1,0,2,1,1,0,0,2,3,0,2,1,0,0,0
201316508356,6,3,1,45,8,212.2302,2,12,7,2013,23,2,12,6,0,2,3,2,0,0,1,3,0,2,1,0,0,0
201316508367,4,3,2,45,8,353.717,2,12,3,2013,14,48,12,6,0,2,1,1,0,0,2,8,0,,1,0,0,0
201316508383,6,3,2,45,8,212.2302,1,12,7,2013,21,58,43,0,0,1,3,2,0,0,2,8,0,1,4,0,0,0
201316508394,4,3,3,45,8,353.717,2,12,4,2013,7,15,12,7,0,1,1,1,0,0,2,8,0,1,1,0,0,0
201316508397,5,3,3,45,8,90.9558,2,12,4,2013,17,35,12,6,0,4,3,1,1,1,2,8,0,1,1,0,0,0
201316508406,2,3,3,45,8,60.6372,2,12,7,2013,10,43,12,6,0,1,1,10,0,0,2,8,0,1,1,0,0,0
201316508427,5,3,1,45,8,90.9558,1,12,7,2013,16,44,39,0,0,1,1,2,2,3,2,3,0,1,4,0,0,0
201316508450,1,3,1,45,8,10.1062,1,12,2,2013,21,11,35,0,1,19,3,1,3,1,2,3,0,1,4,0,0,0
201316508457,4,3,1,45,8,353.717,2,12,3,2013,12,50,12,1,0,2,1,1,0,0,2,3,0,2,1,0,0,0
201316508458,2,3,1,45,8,60.6372,2,12,3,2013,13,53,12,6,0,2,1,1,0,0,2,3,0,2,1,0,0,0
201316508506,1,3,2,45,8,10.1062,3,12,4,2013,18,18,12,1,0,1,2,1,4,5,2,8,0,1,1,23,0,0
201316508528,1,3,2,45,8,10.1062,2,12,2,2013,20,15,12,6,0,2,3,1,3,1,2,8,0,3,1,0,0,0
201316508532,1,3,2,45,8,10.1062,1,12,3,2013,8,50,42,0,0,1,1,1,3,2,2,8,0,1,4,0,0,0
201316508588,6,3,3,45,8,212.2302,2,12,6,2013,13,25,12,1,0,2,1,1,0,0,2,8,0,4,1,0,0,0
201316595594,3,3,1,45,8,20.2124,2,1,4,2013,11,9,12,1,0,5,1,10,2,1,2,3,0,1,1,0,0,0
201316595622,4,3,1,45,8,353.717,2,1,6,2013,7,53,12,1,0,1,1,1,0,0,2,3,0,1,4,0,0,0
201316595637,3,3,1,45,8,20.2124,1,1,6,2013,18,48,8,0,0,1,3,10,2,1,2,3,0,1,1,0,0,0
201316595643,5,3,1,45,8,90.9558,3,1,7,2013,18,35,12,1,0,1,3,10,1,1,2,3,0,1,1,0,0,0
201316595688,3,3,2,45,8,20.2124,1,1,4,2013,6,53,8,0,0,1,2,10,4,1,2,8,0,1,1,0,0,0
201316595704,6,3,2,45,8,212.2302,2,1,6,2013,17,28,12,8,0,4,1,1,1,1,2,8,0,1,1,0,0,0
201316595729,1,3,2,45,8,10.1062,1,1,2,2013,18,28,42,0,0,1,2,1,3,1,2,8,0,1,4,0,0,0
201316595789,6,3,1,45,8,212.2302,1,1,3,2013,18,6,25,0,1,5,3,2,0,0,2,3,0,1,2,0,0,0
201316595831,4,3,1,45,8,353.717,2,1,2,2013,9,18,12,8,0,1,1,1,0,0,2,3,0,1,1,0,0,0
201316595867,5,3,1,45,8,90.9558,2,1,3,2013,16,41,12,1,0,2,1,1,2,1,2,3,0,2,1,0,0,0
201316595875,4,3,2,45,8,353.717,2,1,3,2013,9,49,12,1,0,2,1,1,0,0,2,8,0,3,1,0,0,0
201316595880,6,3,1,45,8,212.2302,2,1,4,2013,5,41,12,2,0,1,2,1,1,1,2,3,0,1,1,0,0,0
201316595900,5,3,2,45,8,90.9558,2,1,5,2013,8,46,12,6,0,2,1,2,1,1,2,8,0,2,1,0,0,0
201316595903,4,3,1,45,8,353.717,2,1,4,2013,14,48,12,1,0,2,1,2,0,0,2,3,0,,1,0,0,0
201316595913,1,3,1,45,8,10.1062,1,1,4,2013,16,28,24,0,0,1,1,2,3,3,2,3,0,1,4,0,0,0
201316595957,1,3,1,45,8,10.1062,1,1,5,2013,19,24,42,0,0,2,3,1,3,2,1,3,0,3,4,0,0,0
201316595967,1,3,1,45,8,10.1062,1,1,6,2013,9,24,21,0,0,2,1,10,3,1,2,3,0,2,4,0,0,0
201316595968,4,3,1,45,8,353.717,2,1,6,2013,10,9,54,11,0,1,1,2,0,0,2,3,0,1,1,14,0,0
201316596010,6,3,1,45,8,212.2302,2,1,1,2013,12,13,12,1,0,2,1,10,0,0,2,3,0,,1,0,0,0
201316596015,3,3,1,45,8,20.2124,1,1,1,2013,21,57,25,0,0,1,3,2,2,1,2,3,0,1,3,0,0,0
201316596030,6,3,3,45,8,212.2302,1,1,3,2013,17,38,34,0,0,2,2,1,0,0,2,8,0,3,4,0,0,0
201316596048,4,3,3,45,8,353.717,2,1,3,2013,17,40,12,1,0,1,3,1,0,0,2,8,0,1,1,0,0,0
201316596075,6,3,2,45,8,212.2302,1,1,4,2013,23,16,42,0,0,1,2,2,0,0,2,8,0,1,4,0,0,0
201316596084,4,3,1,45,8,353.717,2,1,5,2013,17,45,12,6,0,2,5,10,0,0,2,3,0,,1,0,0,0
201316596105,1,3,1,45,8,10.1062,1,1,1,2013,20,50,1,0,0,1,3,2,3,3,2,3,0,1,3,0,0,0
201316596110,1,3,1,45,8,10.1062,3,1,2,2013,9,21,12,6,0,2,1,2,3,2,2,3,0,2,1,0,0,0
201316596119,1,3,1,45,8,10.1062,3,1,2,2013,13,9,12,1,0,1,1,2,3,3,2,3,0,1,1,0,0,0
201316596141,4,3,1,45,8,353.717,2,1,3,2013,7,47,12,1,0,1,1,2,0,0,2,3,0,1,1,0,0,0
201316596146,6,3,1,45,8,212.2302,2,1,3,2013,9,51,12,1,0,2,1,2,0,0,2,3,0,,1,0,0,0
201316596158,1,3,1,45,8,10.1062,1,1,3,2013,14,31,24,0,0,1,1,2,3,1,2,3,0,1,4,0,0,0
201316596175,5,3,1,45,8,90.9558,1,1,3,2013,19,47,3,0,0,1,3,2,1,1,2,3,0,1,4,0,0,0
201316596220,4,3,1,45,8,353.717,2,1,4,2013,18,30,14,0,0,4,2,2,0,0,2,3,1,1,7,0,0,0
201316596247,6,3,1,45,8,212.2302,2,1,5,2013,14,0,12,2,1,2,1,2,2,1,2,3,0,2,1,0,0,0
201316596256,1,3,1,45,8,10.1062,2,1,5,2013,15,3,12,6,0,2,1,4,3,2,2,3,0,2,1,0,0,0
201316596259,5,3,2,45,8,90.9558,1,1,7,2013,10,41,34,0,0,1,1,1,1,1,2,8,0,1,4,0,0,0
201316596267,2,3,1,45,8,60.6372,4,1,6,2013,0,9,12,7,0,1,2,1,0,0,2,3,0,1,1,0,0,0
201316596279,1,3,1,45,8,10.1062,1,1,6,2013,16,50,1,0,0,1,1,1,3,5,2,3,0,1,4,0,0,0
201316596287,1,3,1,45,8,10.1062,1,1,6,2013,21,47,34,0,0,1,3,10,3,1,2,3,0,1,4,0,0,0
201316596310,4,3,1,45,8,353.717,2,1,2,2013,19,7,12,1,0,2,3,2,0,0,2,3,0,,1,0,0,0
201316596319,5,3,1,45,8,90.9558,1,1,4,2013,21,52,34,0,0,1,3,1,2,1,2,3,0,1,4,0,0,0
201316596324,6,3,1,45,8,212.2302,2,1,6,2013,13,52,12,1,0,1,1,1,1,1,2,3,0,1,1,0,0,0
201316596368,3,3,2,45,8,20.2124,1,1,7,2013,19,52,9,0,0,4,2,1,2,1,2,8,0,1,1,0,0,0
201316596386,5,3,3,45,8,90.9558,2,1,3,2013,22,55,12,1,0,1,2,2,1,1,2,8,0,1,1,23,0,0
201316596398,5,3,1,45,8,90.9558,2,1,2,2013,21,15,12,6,0,2,3,1,1,1,2,3,0,2,1,0,0,0
201316596402,4,3,1,45,8,353.717,2,1,3,2013,9,57,12,1,0,2,1,1,0,0,2,3,0,,1,0,0,0
201316596435,6,3,1,45,8,212.2302,2,1,4,2013,15,24,12,6,0,4,1,1,0,0,2,3,0,1,1,0,0,0
201316596459,4,3,1,45,8,353.717,2,1,5,2013,16,13,12,1,1,5,1,1,1,1,2,3,0,1,1,0,0,0
201316596462,1,3,1,45,8,10.1062,3,1,5,2013,19,2,12,1,0,2,3,10,3,4,2,3,0,3,1,0,0,0
201316596505,2,3,1,45,8,60.6372,2,1,6,2013,1,27,12,6,0,1,2,3,0,0,2,3,0,1,1,0,0,0
201316596507,6,3,1,45,8,212.2302,2,1,7,2013,5,40,25,0,0,1,3,5,0,0,2,3,0,1,3,0,0,0
201316596508,5,3,1,45,8,90.9558,2,1,7,2013,8,18,12,6,0,2,1,5,2,1,2,3,0,3,1,0,0,0
201316596536,4,3,1,45,8,353.717,2,1,2,2013,16,16,12,1,0,2,1,1,1,1,2,3,0,3,1,0,0,0
201316596541,1,3,1,45,8,10.1062,2,1,3,2013,7,40,12,6,0,2,1,10,4,4,2,3,0,3,1,0,0,0
201316596579,1,3,1,45,8,10.1062,2,1,5,2013,8,35,12,6,0,2,1,10,3,1,2,3,0,2,1,0,0,0
201316596589,5,3,1,45,8,90.9558,2,2,6,2013,6,55,12,1,0,1,2,1,1,2,2,3,0,1,1,0,0,0
201316596594,6,3,1,45,8,212.2302,1,2,7,2013,12,55,59,0,0,1,1,4,0,0,2,3,0,1,4,0,0,0
201316596607,4,3,1,45,8,353.717,2,2,6,2013,8,11,12,1,0,2,1,1,0,0,2,3,0,3,1,0,0,0
201316596629,1,3,1,45,8,10.1062,1,2,1,2013,0,53,34,0,0,2,3,10,3,1,2,3,0,3,4,0,0,0
201316596662,4,3,2,45,8,353.717,2,1,3,2013,17,28,12,6,0,4,1,10,0,0,2,8,0,1,1,0,0,0
201316596668,6,3,2,45,8,212.2302,1,1,4,2013,11,53,30,0,0,2,1,1,0,0,2,8,0,3,4,0,0,0
201316596685,1,3,2,45,8,10.1062,1,1,7,2013,16,54,1,0,0,1,1,1,3,2,1,8,0,1,4,0,0,0
201316596687,1,3,2,45,8,10.1062,3,1,7,2013,17,36,12,2,0,1,1,1,3,6,2,8,0,1,1,0,0,0
201316596689,1,3,2,45,8,10.1062,1,1,7,2013,18,31,34,0,0,1,2,1,3,1,2,8,0,1,4,0,0,0
201316596697,2,3,2,45,8,60.6372,2,1,2,2013,14,23,12,6,0,1,1,10,2,2,2,8,0,1,1,0,0,0
201316596702,1,3,2,45,8,10.1062,1,1,3,2013,16,17,34,0,0,1,1,1,3,2,2,8,0,1,4,0,0,0
201316596710,1,3,2,45,8,10.1062,2,1,4,2013,16,34,12,6,0,2,1,2,3,1,2,8,0,3,1,0,0,0
201316596728,6,3,2,45,8,212.2302,1,2,6,2013,16,40,30,0,0,1,1,1,0,0,2,8,0,1,4,0,0,0
201316596729,4,3,2,45,8,353.717,2,2,6,2013,19,0,12,8,0,4,3,1,0,0,1,8,0,1,1,0,0,0
201316596785,5,3,2,45,8,90.9558,3,2,3,2013,18,24,12,6,0,2,2,1,2,1,2,8,0,3,1,0,0,0
201316596806,6,3,3,45,8,212.2302,2,1,7,2013,12,17,12,6,0,1,1,1,0,0,2,8,0,1,1,0,0,0
201316596811,3,3,3,45,8,20.2124,2,1,5,2013,18,2,12,1,0,2,5,1,2,1,2,8,0,4,1,0,0,0
201316596848,6,3,1,45,8,212.2302,2,2,7,2013,13,39,12,1,0,2,1,1,0,0,2,3,0,3,1,0,0,0
201316596861,5,3,1,45,8,90.9558,2,2,2,2013,5,55,12,1,0,1,3,1,1,1,2,3,0,1,1,0,0,0
201316596863,4,3,1,45,8,353.717,2,2,2,2013,11,41,12,1,0,2,1,1,0,0,2,3,0,2,1,0,0,0
201316596876,1,3,1,45,8,10.1062,3,2,3,2013,11,31,12,1,0,1,1,10,3,4,2,3,0,1,1,0,0,0
201316596921,6,3,1,45,8,212.2302,2,2,5,2013,11,23,12,1,0,1,1,10,0,0,2,3,0,1,1,0,0,0
201316596923,4,3,1,45,8,353.717,2,2,5,2013,12,0,12,1,0,2,1,10,0,0,2,3,0,2,1,0,0,0
201316596935,6,3,2,45,8,212.2302,2,2,2,2013,14,5,12,1,0,2,1,1,0,0,2,8,0,2,1,0,0,0
201316596943,3,3,1,45,8,20.2124,1,2,6,2013,7,13,8,0,0,4,4,2,3,1,2,3,0,1,1,0,0,0
201316596949,1,3,2,45,8,10.1062,1,2,4,2013,21,23,35,0,0,1,2,1,4,1,1,8,0,1,4,0,0,0
201316596984,4,3,1,45,8,353.717,2,2,7,2013,9,43,12,2,0,2,1,1,0,0,2,3,0,,1,0,0,0
201316596988,5,3,1,45,8,90.9558,1,2,7,2013,11,53,53,0,0,1,1,1,1,1,2,3,0,1,4,0,0,0
201316596989,1,3,2,45,8,10.1062,1,2,6,2013,12,1,38,0,0,1,1,2,3,1,2,8,0,1,5,0,0,0
201316597003,1,3,2,45,8,10.1062,1,2,7,2013,12,11,30,0,0,1,1,1,3,1,2,8,0,1,4,0,0,0
201316597017,1,3,3,45,8,10.1062,2,1,5,2013,20,47,12,2,0,2,3,1,3,5,2,8,0,2,1,0,0,0
201316597018,4,3,3,45,8,353.717,2,2,6,2013,15,45,12,7,0,1,1,1,0,0,2,8,0,1,1,0,0,0
201316597031,5,3,3,45,8,90.9558,1,2,1,2013,6,45,35,0,0,1,2,1,3,2,2,8,0,1,4,0,0,0
201316597053,1,3,2,45,8,10.1062,1,2,2,2013,15,40,43,0,0,1,1,1,3,1,1,8,0,1,4,0,0,0
201316597063,4,3,2,45,8,353.717,2,2,4,2013,10,48,12,1,0,2,1,2,0,0,2,8,0,,1,0,0,0
201316597074,1,3,3,45,8,10.1062,2,2,4,2013,15,43,12,6,0,4,1,1,3,2,2,8,0,1,1,0,0,0
201316597101,1,3,1,45,8,10.1062,2,2,2,2013,13,14,12,2,0,2,1,1,3,1,2,3,0,2,2,0,0,0
201316597104,2,3,3,45,8,60.6372,2,2,5,2013,11,10,12,7,0,1,1,1,0,0,2,8,0,1,1,0,0,0
201316597132,1,3,2,45,8,10.1062,1,2,7,2013,4,14,34,0,0,1,2,1,3,1,2,8,0,1,4,0,0,0
201316597133,6,3,1,45,8,212.2302,1,2,3,2013,14,4,34,0,0,1,1,1,0,0,2,3,0,1,4,0,0,0
201316597146,5,3,2,45,8,90.9558,1,2,1,2013,22,19,53,0,0,1,2,1,1,1,2,8,0,1,4,0,0,0
201316597151,4,3,1,45,8,353.717,2,2,4,2013,8,20,12,1,0,2,1,2,0,0,2,3,0,,1,0,0,0
201316597157,3,3,1,45,8,20.2124,2,2,4,2013,10,34,12,1,0,1,1,2,2,1,2,3,0,1,1,0,0,0
201316597200,4,3,1,45,8,353.717,2,2,5,2013,17,27,12,1,0,1,1,1,0,0,2,3,0,1,1,0,0,0
201316597201,2,3,1,45,8,60.6372,3,2,5,2013,17,36,12,1,0,1,2,1,2,1,2,3,0,1,1,0,0,0
201316597204,1,3,1,45,8,10.1062,2,2,6,2013,9,22,12,6,0,2,1,1,3,2,2,3,0,2,1,0,0,0
201316597212,1,3,1,45,8,10.1062,2,2,6,2013,16,47,12,6,0,2,1,2,4,2,2,3,0,2,1,0,0,0
201316597242,1,3,1,45,8,10.1062,1,2,7,2013,2,6,30,0,0,5,3,1,3,1,1,3,0,1,4,0,0,0
201316597243,6,3,1,45,8,212.2302,4,2,7,2013,15,56,12,1,0,5,1,1,1,3,2,3,0,1,1,0,0,0
201316597278,6,3,2,45,8,212.2302,1,2,6,2013,9,42,34,0,0,1,1,1,0,0,2,8,0,1,4,0,0,0
201316597291,3,3,2,45,8,20.2124,1,2,3,2013,21,15,34,0,0,1,2,1,2,1,2,8,0,1,4,0,0,0
201316597301,4,3,1,45,8,353.717,2,2,5,2013,21,38,12,6,0,4,3,10,0,0,2,3,0,1,1,0,0,0
201316597302,5,3,1,45,8,90.9558,2,2,6,2013,18,30,12,2,0,4,3,2,1,1,2,3,0,1,1,0,0,0
201316597323,1,3,1,45,8,10.1062,2,2,2,2013,11,48,12,2,0,1,1,1,3,1,2,3,0,1,1,0,0,0
201316597351,1,3,1,45,8,10.1062,2,2,2,2013,21,13,12,2,0,2,3,1,3,2,2,3,0,2,1,0,0,0
201316597352,3,3,1,45,8,20.2124,1,2,2,2013,22,10,8,0,0,1,2,10,3,1,2,3,0,1,1,23,0,0
201316597388,4,3,1,45,8,353.717,2,2,3,2013,17,59,12,1,0,2,1,1,0,0,2,3,0,,1,0,0,0
201316597409,6,3,3,45,8,212.2302,2,2,6,2013,11,10,12,6,0,4,1,10,0,0,2,8,0,1,1,0,0,0
201316597415,6,3,1,45,8,212.2302,2,2,5,2013,8,2,12,1,0,1,1,1,0,0,2,3,0,1,1,0,0,0
201316597432,1,3,1,45,8,10.1062,1,2,6,2013,7,47,25,0,0,5,1,10,3,1,2,3,0,1,4,0,0,0
201316597439,1,3,2,45,8,10.1062,1,2,6,2013,12,10,30,0,0,1,1,10,3,2,2,8,0,1,4,0,0,0
201316597456,4,3,1,45,8,353.717,2,2,7,2013,15,55,12,1,0,2,1,10,1,1,2,3,0,2,1,0,0,0
201316597494,3,3,1,45,8,20.2124,1,2,1,2013,18,15,34,0,0,1,1,1,3,1,2,3,0,1,4,0,0,0
201316597500,1,3,1,45,8,10.1062,2,2,2,2013,8,44,12,2,0,2,1,1,3,4,2,3,0,7,1,0,0,0
201316597506,6,3,1,45,8,212.2302,3,2,2,2013,15,48,12,1,0,1,1,10,0,0,2,3,0,1,1,0,0,0
201316597538,4,3,1,45,8,353.717,4,2,4,2013,18,20,12,1,0,2,3,2,0,0,2,3,0,2,1,0,0,0
201316597548,1,3,1,45,8,10.1062,1,2,5,2013,10,29,30,0,0,1,1,10,3,1,2,3,0,1,4,0,0,0
201316597565,2,3,1,45,8,60.6372,2,2,6,2013,14,35,12,1,0,2,1,1,0,0,2,3,0,2,1,0,0,0
201316597576,6,3,1,45,8,212.2302,1,2,7,2013,23,26,34,0,0,1,3,1,0,0,1,3,0,1,4,0,0,0
201316597580,5,3,1,45,8,90.9558,3,2,5,2013,14,19,12,6,0,2,1,10,1,2,2,3,0,2,1,0,0,0
201316597595,4,3,1,45,8,353.717,2,3,6,2013,15,52,12,6,0,2,1,10,0,0,2,3,0,3,1,0,0,0
201316597609,3,3,1,45,8,20.2124,1,3,7,2013,5,51,23,0,0,5,3,10,2,1,2,3,0,1,4,0,0,0
201316597615,1,3,1,45,8,10.1062,2,2,3,2013,7,24,12,6,0,2,1,2,3,4,2,3,0,2,1,0,0,0
201316597647,5,3,2,45,8,90.9558,1,2,4,2013,14,6,30,0,0,1,1,1,1,1,2,8,0,1,4,0,0,0
201316597652,6,3,2,45,8,212.2302,1,2,5,2013,8,56,30,0,0,1,1,10,0,0,2,8,0,1,4,0,0,0
201316597654,4,3,2,45,8,353.717,2,2,5,2013,17,24,12,1,0,2,1,10,0,0,2,8,0,3,1,0,0,0
201316597660,5,3,3,45,8,90.9558,4,2,6,2013,9,46,12,1,0,2,1,1,2,2,2,8,0,2,1,0,0,0
201316597663,1,3,3,45,8,10.1062,3,2,6,2013,20,4,12,1,0,1,2,1,3,2,1,8,0,1,1,0,0,0
201316597665,1,3,3,45,8,10.1062,2,2,7,2013,12,53,12,6,0,2,1,10,3,2,2,8,0,2,1,0,0,0
201316597698,1,3,1,45,8,10.1062,1,3,4,2013,8,56,35,0,0,1,1,4,3,1,2,3,0,1,4,0,0,0
201316597720,6,3,1,45,8,212.2302,2,3,2,2013,10,53,12,6,0,2,1,1,0,0,2,3,0,3,1,0,0,0
201316597724,1,3,1,45,8,10.1062,1,3,2,2013,12,22,59,0,0,5,1,1,3,1,2,3,0,1,4,0,0,0
201316597735,4,3,1,45,8,353.717,2,3,2,2013,17,5,12,1,0,1,1,1,0,0,2,3,0,1,1,0,0,0
201316597759,3,3,2,45,8,20.2124,2,3,6,2013,23,39,12,8,0,1,2,2,3,1,1,8,0,1,1,0,0,0
201316597768,1,3,2,45,8,10.1062,1,3,7,2013,13,58,35,0,0,1,1,10,3,5,2,8,0,1,4,0,0,0
201316597811,4,3,1,45,8,353.717,2,3,5,2013,16,12,12,1,0,2,1,10,0,0,2,3,0,2,1,0,0,0
201316597812,6,3,1,45,8,212.2302,2,3,5,2013,17,2,12,6,0,2,1,1,0,0,1,3,0,2,1,0,0,0
201316597834,1,3,2,45,8,10.1062,1,3,2,2013,14,22,34,0,0,1,1,1,3,1,2,8,0,1,4,0,0,0
201316597853,1,3,1,45,8,10.1062,1,3,7,2013,12,14,30,0,0,2,1,1,3,1,2,3,0,3,4,0,0,0
201316597854,3,3,1,45,8,20.2124,1,3,7,2013,12,57,1,0,0,2,1,1,2,1,2,3,0,3,1,20,0,0
201316597874,1,3,1,45,8,10.1062,2,2,2,2013,17,18,12,6,0,4,1,10,3,2,2,3,0,1,1,0,0,0
201316597880,4,3,1,45,8,353.717,2,3,6,2013,16,57,12,7,0,2,1,10,1,2,2,3,0,3,1,0,0,0
201316597897,1,3,2,45,8,10.1062,2,3,4,2013,14,40,12,2,0,1,1,10,3,3,1,8,0,1,1,0,0,0