CASENUM,STRATUM,REGION,PJ,PSU,PSUSTRAT,WEIGHT,VE_TOTAL,MONTH,WKDY_IM,YEAR,HOUR_IM,MINUTE_IM,EVENT1_IM,MANCOL_IM,RELJCT1_IM,RELJCT2_IM,LGTCON_IM,WEATHR_IM,MAXSEV_IM,NO_INJ_IM,ALCHL_IM,LAND_USE,PVH_INVL,TYP_INT,REL_ROAD,CF1,CF2,CF3
201317281375,3,3,1,48,9,51.964,2,1,7,2013,10,44,12,1,0,2,1,10,2,1,2,3,0,2,1,0,0,0
201317281377,6,3,1,48,9,207.856,2,1,4,2013,20,9,12,6,0,2,3,10,0,0,2,3,0,2,1,0,0,0
201317281379,4,3,1,48,9,363.748,2,1,3,2013,15,30,12,7,0,2,1,1,0,0,2,3,0,2,1,0,0,0
201317281388,4,3,1,48,9,363.748,3,1,4,2013,12,50,12,1,0,2,1,1,0,0,2,3,0,,1,0,0,0
201317281390,3,3,1,48,9,51.964,2,1,6,2013,15,20,12,1,0,2,1,10,3,1,2,3,0,2,1,0,0,0
201317281391,1,3,1,48,9,51.964,2,1,7,2013,19,34,12,6,0,4,3,1,3,3,2,3,0,1,1,0,0,0
201317281395,5,3,1,48,9,103.928,2,1,4,2013,17,59,12,6,0,2,2,1,2,3,2,3,0,2,1,0,0,0
201317281420,4,3,1,48,9,363.748,2,1,4,2013,8,0,12,7,0,2,1,1,0,0,2,3,0,2,1,0,0,0
201317281423,6,3,1,48,9,207.856,2,1,1,2013,21,8,12,6,0,2,3,1,0,0,2,3,0,3,1,0,0,0
201317281430,4,3,1,48,9,363.748,2,1,5,2013,14,10,12,1,0,2,1,1,0,0,2,3,0,2,1,0,0,0
201317281437,4,3,1,48,9,363.748,2,1,5,2013,10,50,12,1,0,2,1,1,0,0,2,3,0,2,1,0,0,0
201317281441,3,3,1,48,9,51.964,2,1,6,2013,12,36,12,1,0,1,1,1,3,1,2,3,0,1,1,0,0,0
201317281445,3,3,1,48,9,51.964,2,1,3,2013,9,40,12,6,0,2,1,1,2,1,2,3,0,2,1,0,0,0
201317281447,4,3,1,48,9,363.748,4,1,6,2013,15,31,12,1,0,1,1,10,0,0,2,3,0,1,1,0,0,0
201317281449,6,3,1,48,9,207.856,2,1,5,2013,21,30,12,6,0,2,3,1,0,0,2,3,0,3,1,0,0,0
201317281450,1,3,1,48,9,51.964,3,1,5,2013,9,17,12,1,0,1,1,1,3,1,2,3,0,1,1,0,0,0
201317281452,1,3,2,48,9,51.964,2,1,3,2013,19,15,12,2,0,1,2,1,4,2,2,8,0,1,1,0,0,0
201317281453,6,3,2,48,9,207.856,1,1,4,2013,20,45,42,0,0,1,2,10,0,0,2,8,0,1,5,0,0,0
201317281454,5,3,2,48,9,103.928,1,1,1,2013,5,30,42,0,0,1,2,1,2,1,2,8,0,1,5,0,0,0
201317281456,2,3,2,48,9,51.964,2,1,4,2013,15,0,12,6,0,2,1,1,1,1,2,8,0,3,1,0,0,0
201317281460,1,3,2,48,9,51.964,1,1,6,2013,1,25,59,0,0,2,2,10,3,1,2,8,0,2,4,0,0,0
201317281464,6,3,2,48,9,207.856,2,1,4,2013,17,55,12,1,0,1,3,1,1,1,2,8,0,1,1,0,0,0
201317281472,2,3,3,48,9,51.964,2,1,3,2013,10,47,12,7,0,4,1,1,0,0,2,1,0,1,1,0,0,0
201317281475,1,3,3,48,9,51.964,2,1,3,2013,16,42,12,6,0,2,1,1,3,1,2,1,0,2,1,0,0,0
201317281477,4,3,3,48,9,363.748,2,1,3,2013,16,5,12,1,0,2,1,1,0,0,2,1,0,2,1,0,0,0
201317281482,4,3,4,48,9,363.748,2,1,4,2013,18,27,12,1,0,1,3,1,0,0,2,8,0,1,1,0,0,0
201317281495,2,3,1,48,9,51.964,3,1,2,2013,7,15,12,1,0,1,1,10,2,2,2,3,0,1,1,0,0,0
201317281505,4,3,1,48,9,363.748,2,1,4,2013,11,43,12,1,0,2,1,10,0,0,2,3,0,2,1,0,0,0
201317281512,4,3,1,48,9,363.748,2,1,4,2013,9,33,12,1,0,2,1,1,0,0,2,3,0,2,1,0,0,0
201317281513,6,3,1,48,9,207.856,2,1,2,2013,13,40,12,6,0,2,1,1,0,0,2,3,0,2,1,0,0,0
201317281525,4,3,1,48,9,363.748,2,2,6,2013,15,58,12,1,0,1,1,1,0,0,2,3,0,1,1,0,0,0
201317281526,5,3,1,48,9,103.928,2,1,4,2013,1,19,12,6,0,2,2,1,2,1,2,3,0,2,1,0,0,0
201317281529,3,3,1,48,9,51.964,2,1,5,2013,8,5,12,1,0,1,1,1,2,2,2,3,0,1,1,0,0,0
201317281531,6,3,1,48,9,207.856,2,1,1,2013,16,33,12,6,0,2,1,1,0,0,2,3,0,2,1,0,0,0
201317281538,5,3,1,48,9,103.928,3,2,7,2013,19,14,12,6,0,2,2,1,2,2,2,3,0,2,1,0,0,0
201317281542,4,3,1,48,9,363.748,2,1,5,2013,18,15,12,1,0,2,2,1,0,0,2,3,0,2,1,0,0,0
201317281556,4,3,2,48,9,363.748,2,1,5,2013,14,50,12,1,0,1,1,1,0,0,2,8,0,1,1,0,0,0
201317281560,6,3,2,48,9,207.856,1,1,5,2013,21,25,34,0,0,1,2,1,0,0,2,8,0,1,4,0,0,0
201317281565,6,3,2,48,9,207.856,2,1,5,2013,7,15,12,6,0,4,1,1,0,0,2,8,0,1,1,0,0,0
201317281569,6,3,2,48,9,207.856,2,1,4,2013,11,40,12,6,0,7,1,2,0,0,2,8,0,1,1,0,0,0
201317281571,6,3,3,48,9,207.856,2,2,7,2013,19,34,12,1,0,2,2,1,0,0,2,1,0,3,1,0,0,0
201317281579,4,3,3,48,9,363.748,2,1,3,2013,15,31,12,11,0,7,1,1,0,0,2,1,0,1,1,0,0,0
201317281592,2,3,11,48,9,51.964,2,1,3,2013,5,29,12,6,0,4,4,2,1,1,2,8,0,1,1,0,0,0
201317281595,3,3,13,48,9,51.964,1,1,2,2013,20,11,1,0,0,1,2,1,3,1,2,8,0,1,1,0,0,0
201317281617,4,3,1,48,9,363.748,2,2,4,2013,23,30,12,1,0,2,3,1,0,0,2,3,0,2,1,0,0,0
201317281622,6,3,1,48,9,207.856,3,2,2,2013,7,45,12,1,0,1,1,1,0,0,2,3,0,1,1,0,0,0
201317281623,5,3,1,48,9,103.928,2,2,5,2013,15,41,12,6,0,4,1,10,2,1,2,3,0,1,1,0,0,0
201317281637,4,3,1,48,9,363.748,2,2,5,2013,9,10,12,1,0,2,1,10,0,0,2,3,0,2,1,0,0,0
201317281641,2,3,1,48,9,51.964,2,2,2,2013,15,20,12,2,0,4,1,1,0,0,2,3,0,1,1,0,0,0
201317281645,6,3,1,48,9,207.856,2,2,3,2013,11,0,12,1,0,1,1,10,0,0,2,3,0,1,1,0,0,0
201317281648,4,3,1,48,9,363.748,2,2,2,2013,11,50,12,1,0,2,1,10,0,0,2,3,0,2,1,0,0,0
201317281649,1,3,1,48,9,51.964,3,2,6,2013,19,46,12,6,0,2,3,1,3,1,2,3,0,2,1,0,0,0
201317281659,4,3,1,48,9,363.748,2,2,4,2013,11,55,12,1,0,2,1,1,0,0,2,3,0,2,1,0,0,0
201317281661,2,3,1,48,9,51.964,4,2,2,2013,7,35,12,6,0,2,1,10,2,1,2,3,0,2,1,0,0,0
201317281667,4,3,1,48,9,363.748,2,2,2,2013,15,0,12,1,0,2,1,1,0,0,2,3,0,2,1,0,0,0
201317281668,5,3,1,48,9,103.928,2,2,4,2013,13,45,12,1,0,2,1,1,1,1,2,3,0,2,1,0,0,0
201317281674,4,3,2,48,9,363.748,2,2,5,2013,7,45,12,1,0,1,1,10,0,0,2,8,0,1,1,0,0,0
201317281683,5,3,2,48,9,103.928,2,2,5,2013,20,20,12,1,0,2,2,10,2,2,1,8,0,3,1,0,0,0
201317281691,6,3,2,48,9,207.856,2,2,7,2013,13,10,12,1,0,2,1,1,0,0,2,8,0,2,1,0,0,0
201317281693,4,3,2,48,9,363.748,3,2,3,2013,17,46,12,1,0,1,2,1,0,0,2,8,0,1,1,28,0,0
201317281694,3,3,2,48,9,51.964,2,2,5,2013,18,5,12,1,1,2,2,1,2,1,2,8,0,3,1,0,0,0
201317281700,4,3,3,48,9,363.748,2,2,3,2013,13,0,12,1,0,1,1,10,0,0,2,1,0,1,1,0,0,0
201317281702,6,3,3,48,9,207.856,2,2,3,2013,8,41,12,6,0,2,1,2,0,0,2,1,0,2,1,0,0,0
201317281705,3,3,3,48,9,51.964,2,2,3,2013,7,30,12,1,0,1,1,1,2,1,2,1,0,1,1,0,0,0
201317281711,2,3,5,48,9,51.964,3,2,2,2013,10,18,12,6,0,2,1,10,2,1,2,1,0,2,1,14,0,0
201317281713,5,3,11,48,9,103.928,2,2,6,2013,19,2,12,6,0,4,3,10,2,5,2,8,0,1,1,0,0,0
201317281718,6,3,1,48,9,207.856,2,2,4,2013,18,2,12,6,0,4,3,1,0,0,2,3,0,1,1,0,0,0
201317281719,5,3,1,48,9,103.928,2,2,3,2013,10,0,12,6,0,4,1,2,1,1,2,3,0,1,1,0,0,0
201317281727,4,3,1,48,9,363.748,2,2,3,2013,19,43,12,6,0,4,3,10,1,1,2,3,0,1,1,0,0,0
201317281734,6,3,1,48,9,207.856,3,2,1,2013,2,3,12,1,0,2,3,1,0,0,2,3,0,,1,0,0,0
201317281736,4,3,1,48,9,363.748,2,2,1,2013,20,45,12,1,1,2,2,2,0,0,2,3,0,2,1,0,0,0
201317281739,1,3,1,48,9,51.964,1,2,3,2013,14,38,33,0,0,2,1,10,3,1,2,3,0,2,4,0,0,0
201317281748,4,3,1,48,9,363.748,2,2,1,2013,20,17,12,1,0,2,3,2,0,0,2,3,0,2,1,0,0,0
201317281751,5,3,1,48,9,103.928,1,2,1,2013,13,25,34,0,0,1,1,2,2,1,2,3,0,1,4,0,0,0
201317281757,3,3,1,48,9,51.964,2,2,5,2013,17,10,12,1,0,2,1,1,3,1,2,3,0,2,1,0,0,0
201317281760,4,3,1,48,9,363.748,2,2,4,2013,8,26,12,1,0,1,1,10,0,0,2,3,0,1,1,0,0,0
201317281761,3,3,1,48,9,51.964,1,2,1,2013,14,6,8,0,0,2,1,2,4,2,2,3,0,3,1,0,0,0
201317281764,5,3,1,48,9,103.928,2,2,2,2013,17,40,12,6,0,2,3,10,3,1,2,3,0,2,1,0,0,0
201317281765,6,3,1,48,9,207.856,2,2,2,2013,13,35,12,1,0,2,1,2,0,0,2,3,0,3,1,0,0,0
201317281770,4,3,1,48,9,363.748,2,2,5,2013,7,45,12,1,0,1,1,5,0,0,2,3,0,1,1,0,0,0
201317281772,2,3,1,48,9,51.964,2,2,4,2013,5,15,12,1,0,1,3,10,2,1,2,3,0,1,1,0,0,0
201317281780,4,3,1,48,9,363.748,2,2,3,2013,17,35,12,1,0,2,3,2,0,0,2,3,0,3,1,0,0,0
201317281788,5,3,2,48,9,103.928,1,2,1,2013,19,5,18,0,0,1,2,2,2,1,2,8,0,1,1,7,0,0
201317281791,6,3,2,48,9,207.856,1,2,2,2013,16,40,25,0,0,1,5,2,0,0,2,8,0,1,3,0,0,0
201317281792,5,3,2,48,9,103.928,2,2,2,2013,14,30,12,1,0,2,1,2,2,2,2,8,0,2,1,0,0,0
201317281802,4,3,3,48,9,363.748,2,2,5,2013,15,48,12,1,0,1,1,10,0,0,2,1,0,1,1,0,0,0
201317281810,4,3,3,48,9,363.748,2,2,5,2013,16,50,12,1,0,2,1,1,0,0,2,1,0,3,1,0,0,0
201317281811,6,3,3,48,9,207.856,2,2,2,2013,20,30,12,1,0,2,3,2,0,0,2,1,0,3,1,0,0,0
201317281813,5,3,3,48,9,103.928,2,2,2,2013,9,54,12,6,0,2,1,2,1,1,2,1,0,2,1,0,0,0
201317281817,5,3,4,48,9,103.928,1,2,7,2013,8,53,42,0,0,1,1,1,2,1,2,8,0,1,4,0,0,0
201317281819,4,3,4,48,9,363.748,2,2,3,2013,20,3,12,1,0,1,3,2,0,0,2,8,0,1,1,0,0,0
201317281824,6,3,6,48,9,207.856,1,2,3,2013,17,44,30,0,0,2,3,2,0,0,2,1,0,3,4,0,0,0
201317281830,6,3,14,48,9,207.856,2,2,2,2013,15,10,12,1,0,4,1,2,0,0,2,8,0,1,1,0,0,0
201317281838,6,3,1,48,9,207.856,2,2,7,2013,13,30,12,6,0,2,1,1,0,0,2,3,0,2,1,0,0,0
201317281841,4,3,1,48,9,363.748,2,2,4,2013,11,30,12,1,0,4,1,1,0,0,2,3,0,1,1,0,0,0
201317281844,1,3,1,48,9,51.964,1,2,4,2013,2,0,30,0,0,1,3,1,4,1,2,3,0,1,4,0,0,0
201317281847,6,3,1,48,9,207.856,2,2,6,2013,18,33,12,6,0,4,2,2,0,0,2,3,0,1,1,0,0,0
201317281853,4,3,1,48,9,363.748,3,2,6,2013,14,10,12,1,0,4,1,10,1,1,2,3,0,1,1,0,0,0
201317281859,1,3,1,48,9,51.964,2,2,5,2013,19,3,12,6,0,2,3,2,3,2,2,3,0,2,1,0,0,0
201317281864,4,3,1,48,9,363.748,2,2,3,2013,10,42,12,1,0,2,1,1,0,0,2,3,0,,1,0,0,0
201317281866,1,3,1,48,9,51.964,2,2,4,2013,16,30,12,6,0,2,1,10,3,2,2,3,0,2,1,0,0,0
201317281875,4,3,1,48,9,363.748,2,2,7,2013,15,51,12,6,0,2,1,10,0,0,2,3,0,2,1,0,0,0
201317281882,4,3,1,48,9,363.748,2,2,1,2013,12,20,12,7,0,1,1,1,0,0,2,3,0,1,1,0,0,0
201317281883,5,3,1,48,9,103.928,2,2,1,2013,14,0,12,6,0,2,1,1,2,1,2,3,0,3,1,0,0,0
201317281888,6,3,1,48,9,207.856,2,2,4,2013,11,38,12,6,0,2,1,1,0,0,2,3,0,2,1,0,0,0
201317281889,2,3,1,48,9,51.964,2,2,3,2013,15,35,12,1,0,2,1,1,3,1,2,3,0,2,1,0,0,0
201317281893,4,3,1,48,9,363.748,2,2,6,2013,9,50,12,1,0,2,1,10,0,0,2,3,0,3,1,0,0,0
201317281901,4,3,1,48,9,363.748,2,2,2,2013,14,10,12,1,0,2,1,10,0,0,2,3,0,2,1,0,0,0
201317281902,3,3,1,48,9,51.964,2,2,6,2013,15,36,12,2,0,2,1,10,3,1,2,3,0,3,1,0,0,0
201317281910,1,3,2,48,9,51.964,1,2,4,2013,6,50,59,0,0,1,1,1,3,1,2,8,0,1,4,0,0,0
201317281914,4,3,2,48,9,363.748,2,2,5,2013,15,20,12,6,0,4,1,1,0,0,2,8,0,1,1,0,0,0
201317281915,6,3,2,48,9,207.856,1,2,1,2013,1,45,34,0,0,1,2,1,0,0,2,8,0,1,4,0,0,0
201317281919,3,3,2,48,9,51.964,2,2,4,2013,12,25,12,1,1,5,1,10,2,1,2,8,0,1,1,0,0,0
201317281922,2,3,2,48,9,51.964,2,2,3,2013,9,40,12,1,0,1,1,1,0,0,2,8,0,1,1,0,0,0
201317281923,2,3,2,48,9,51.964,2,2,5,2013,15,5,12,6,0,2,1,1,0,0,2,8,0,2,1,0,0,0
201317281933,6,3,3,48,9,207.856,2,2,5,2013,6,40,12,1,0,1,1,10,0,0,2,1,0,1,1,0,0,0
201317281939,4,3,3,48,9,363.748,2,2,7,2013,17,41,12,1,0,2,1,1,0,0,2,1,0,2,1,0,0,0
201317281941,6,3,3,48,9,207.856,4,2,5,2013,17,34,12,1,0,2,5,1,0,0,2,1,0,2,1,19,0,0
201317281957,1,3,1,48,9,51.964,1,3,1,2013,2,39,30,0,0,1,3,1,3,1,1,3,0,1,4,0,0,0
201317281960,6,3,1,48,9,207.856,2,2,1,2013,12,17,12,1,0,2,1,1,0,0,2,3,0,2,1,0,0,0
201317281967,4,3,1,48,9,363.748,2,3,6,2013,10,20,12,1,1,2,1,1,0,0,2,3,0,2,1,0,0,0
201317281968,5,3,1,48,9,103.928,2,2,4,2013,7,20,12,6,0,2,1,1,1,1,2,3,0,3,1,0,0,0
201317281972,6,3,1,48,9,207.856,2,2,2,2013,15,30,12,1,0,1,1,10,0,0,2,3,0,1,1,0,0,0
201317281980,4,3,1,48,9,363.748,2,2,3,2013,13,4,12,7,0,4,1,1,0,0,2,3,0,1,1,0,0,0
201317281987,6,3,1,48,9,207.856,2,2,1,2013,11,15,12,6,0,2,1,1,0,0,2,3,0,2,1,0,0,0
201317281988,4,3,1,48,9,363.748,2,2,5,2013,2,5,12,1,0,2,3,1,0,0,1,3,0,2,1,0,0,0
201317281999,4,3,1,48,9,363.748,2,2,5,2013,16,39,12,7,0,1,1,1,0,0,2,3,0,1,1,0,0,0
201317282001,6,3,1,48,9,207.856,3,2,1,2013,14,43,12,1,0,2,1,1,2,3,2,3,0,3,1,0,0,0
201317282003,1,3,2,48,9,51.964,2,2,5,2013,20,8,12,2,0,2,2,1,3,1,2,8,0,2,1,0,0,0
201317282009,4,3,2,48,9,363.748,2,2,2,2013,16,10,12,1,0,2,1,1,1,1,2,8,0,3,1,0,0,0
201317282010,5,3,2,48,9,103.928,1,3,6,2013,12,55,34,0,0,1,1,10,2,1,2,8,0,1,3,0,0,0
201317282014,6,3,2,48,9,207.856,1,2,5,2013,12,15,38,0,0,1,1,1,0,0,2,8,0,1,4,0,0,0
201317282019,3,3,3,48,9,51.964,1,2,4,2013,17,10,9,0,0,2,1,1,2,1,2,1,0,2,1,0,0,0
201317282021,4,3,3,48,9,363.748,2,3,7,2013,14,41,12,6,0,2,1,1,0,0,2,1,0,3,1,0,0,0
201317282024,6,3,3,48,9,207.856,1,2,1,2013,20,23,52,0,0,2,6,1,0,0,2,1,0,4,4,0,0,0
201317282029,2,3,3,48,9,51.964,2,2,3,2013,4,29,12,1,0,2,3,2,0,0,2,1,0,2,1,0,0,0
201317282036,3,3,4,48,9,51.964,1,2,1,2013,19,28,9,0,0,2,3,1,2,1,2,8,0,3,1,0,0,0
201317282041,4,3,5,48,9,363.748,1,3,7,2013,18,25,11,0,0,1,3,10,0,0,2,1,0,1,1,0,0,0
201317282063,4,3,1,48,9,363.748,2,3,6,2013,2,55,14,0,0,4,3,1,0,0,2,3,1,1,7,24,0,0
201317282065,6,3,1,48,9,207.856,2,3,3,2013,8,10,12,6,0,4,1,10,0,0,2,3,0,1,1,0,0,0
201317282068,1,3,1,48,9,51.964,2,3,4,2013,16,38,12,6,0,2,1,1,3,2,2,3,0,3,1,0,0,0
201317282073,2,3,1,48,9,51.964,2,3,2,2013,8,0,12,2,0,2,1,1,3,1,2,3,0,2,1,0,0,0
201317282077,4,3,1,48,9,363.748,3,3,5,2013,17,29,12,1,0,1,1,1,0,0,2,3,0,1,1,0,0,0
201317282096,3,3,1,48,9,51.964,2,3,7,2013,18,30,12,1,0,2,3,1,2,1,2,3,0,2,1,0,0,0
201317282098,2,3,1,48,9,51.964,2,3,5,2013,16,26,12,7,0,4,1,1,1,1,2,3,0,1,1,0,0,0
201317282101,6,3,1,48,9,207.856,1,3,4,2013,16,58,42,0,0,1,1,1,0,0,2,3,0,1,4,0,0,0
201317282102,4,3,1,48,9,363.748,2,3,5,2013,11,3,12,1,0,2,1,1,0,0,2,3,0,2,1,0,0,0
201317282110,4,3,1,48,9,363.748,2,3,2,2013,10,40,12,6,0,2,1,1,0,0,2,3,0,2,1,0,0,0
201317282118,4,3,1,48,9,363.748,2,3,4,2013,11,45,12,1,0,2,1,1,0,0,2,3,0,3,1,0,0,0
201317282126,2,3,2,48,9,51.964,2,3,1,2013,5,10,12,7,0,1,2,1,2,1,2,8,0,1,1,0,0,0
201317282135,1,3,2,48,9,51.964,1,3,1,2013,23,10,1,0,0,1,2,10,4,3,2,8,0,1,3,0,0,0
201317282136,4,3,2,48,9,363.748,2,3,3,2013,20,20,12,7,0,1,2,1,0,0,2,8,0,1,1,0,0,0
201317282137,6,3,2,48,9,207.856,2,3,3,2013,18,5,12,2,0,1,2,1,0,0,2,8,0,1,1,0,0,0
201317282148,4,3,3,48,9,363.748,2,3,4,2013,16,12,12,1,0,2,1,1,0,0,2,1,0,2,1,0,0,0
201317282150,3,3,3,48,9,51.964,2,3,2,2013,7,25,12,1,0,1,1,1,2,1,2,1,0,1,1,0,0,0
201317282152,2,3,3,48,9,51.964,2,3,7,2013,12,6,12,6,0,2,1,10,1,1,2,1,0,3,1,0,0,0
201317282155,2,3,3,48,9,51.964,2,3,4,2013,10,48,12,6,0,2,1,1,3,2,2,1,0,3,1,0,0,0
201317282157,6,3,3,48,9,207.856,2,3,4,2013,7,53,12,6,0,4,1,1,0,0,2,1,0,1,1,0,0,0
201317282158,1,3,3,48,9,51.964,2,3,4,2013,7,28,12,6,0,2,1,1,3,4,2,1,0,2,1,0,0,0
201317282179,4,3,1,48,9,363.748,2,3,6,2013,17,40,12,7,0,1,1,1,0,0,2,3,0,1,1,0,0,0
201317282180,6,3,1,48,9,207.856,1,3,3,2013,10,50,53,0,0,2,1,1,0,0,2,3,0,,4,0,0,0
201317282189,1,3,1,48,9,51.964,4,3,2,2013,12,50,12,1,0,1,1,1,3,2,2,3,0,1,1,0,0,0
201317282191,4,3,1,48,9,363.748,1,3,2,2013,9,53,24,0,0,1,1,2,0,0,2,3,0,1,3,0,0,0
201317282193,3,3,1,48,9,51.964,2,3,3,2013,12,25,12,7,0,1,1,1,2,3,2,3,0,1,1,0,0,0
201317282195,5,3,1,48,9,103.928,1,3,3,2013,12,45,59,0,0,1,1,1,1,1,2,3,0,1,4,0,0,0
201317282201,6,3,1,48,9,207.856,2,3,1,2013,21,1,12,6,0,2,3,1,0,0,2,3,0,2,1,0,0,0
201317282219,4,3,1,48,9,363.748,2,3,4,2013,13,31,12,6,0,2,1,1,0,0,2,3,0,3,1,0,0,0
201317282222,3,3,1,48,9,51.964,2,3,1,2013,15,37,12,1,0,2,1,1,2,3,2,3,0,2,1,0,0,0
201317282223,6,3,1,48,9,207.856,2,3,3,2013,19,50,12,1,0,1,3,1,0,0,2,3,0,1,1,0,0,0
201317282229,6,3,1,48,9,207.856,2,3,4,2013,16,57,12,1,0,1,1,1,0,0,2,3,0,1,1,0,0,0
201317282232,3,3,1,48,9,51.964,2,3,5,2013,17,29,12,1,0,1,1,1,2,2,2,3,0,1,1,19,0,0
201317282234,1,3,1,48,9,51.964,3,3,6,2013,16,12,12,6,0,2,1,1,3,3,2,3,0,2,1,0,0,0
201317282236,4,3,1,48,9,363.748,2,3,3,2013,12,16,12,1,0,1,1,1,1,1,2,3,0,1,1,0,0,0
201317282245,4,3,1,48,9,363.748,2,3,5,2013,10,30,12,1,0,2,1,1,0,0,2,3,0,3,1,0,0,0
201317282253,6,3,1,48,9,207.856,2,3,5,2013,13,5,12,6,0,2,1,1,2,1,2,3,0,2,1,0,0,0
201317282257,6,3,2,48,9,207.856,1,3,2,2013,8,36,34,0,0,1,1,2,0,0,2,8,0,1,4,0,0,0
201317282262,6,3,2,48,9,207.856,1,3,2,2013,6,50,42,0,0,1,4,2,0,0,2,8,0,1,4,0,0,0
201317282264,4,3,2,48,9,363.748,2,3,6,2013,20,5,12,1,0,1,2,1,0,0,2,8,0,1,1,0,0,0
201317282267,1,3,2,48,9,51.964,1,3,2,2013,8,5,24,0,0,1,1,2,3,2,2,8,0,1,3,0,0,0
201317282274,1,3,2,48,9,51.964,1,3,5,2013,15,25,43,0,0,1,1,1,3,1,2,8,0,1,4,0,0,0
201317282283,5,3,3,48,9,103.928,2,3,4,2013,19,31,12,6,0,2,3,1,1,1,2,1,0,2,1,0,0,0
201317282284,4,3,3,48,9,363.748,2,3,7,2013,15,45,12,7,0,1,1,1,0,0,2,1,0,1,1,0,0,0
201317282289,6,3,3,48,9,207.856,2,3,7,2013,18,0,12,1,0,2,5,1,0,0,2,1,0,3,1,0,0,0
201317282292,1,3,3,48,9,51.964,2,3,1,2013,19,6,12,6,0,2,3,1,3,3,2,1,0,2,1,0,0,0
201317282296,4,3,3,48,9,363.748,2,3,3,2013,12,51,12,6,0,2,1,1,0,0,2,1,0,2,1,0,0,0
201317282315,6,3,4,48,9,207.856,2,3,3,2013,12,45,12,6,0,2,1,1,2,1,2,8,0,2,1,0,0,0
201317282316,4,3,4,48,9,363.748,2,3,3,2013,12,29,12,1,0,2,1,1,0,0,2,8,0,2,1,0,0,0
201317282335,4,3,1,48,9,363.748,2,3,5,2013,14,40,12,1,0,2,1,1,0,0,2,3,0,2,1,0,0,0
201317282337,5,3,1,48,9,103.928,2,3,4,2013,17,20,12,6,0,2,1,1,1,1,2,3,0,2,1,0,0,0
201317282338,3,3,1,48,9,51.964,1,3,2,2013,19,36,9,0,0,1,2,10,2,1,2,3,0,1,1,0,0,0
201317282343,2,3,1,48,9,51.964,2,3,5,2013,6,4,12,2,0,1,3,1,1,1,2,3,0,1,1,0,0,0
201317282344,5,3,1,48,9,103.928,2,3,6,2013,18,30,12,7,0,1,5,1,1,1,2,3,0,1,1,0,0,0
201317282349,5,3,1,48,9,103.928,2,3,4,2013,9,40,12,2,0,1,1,10,1,2,2,3,0,1,1,0,0,0
201317282351,4,3,1,48,9,363.748,2,3,5,2013,13,25,12,1,0,2,1,1,0,0,2,3,0,2,1,0,0,0
201317282356,6,3,1,48,9,207.856,2,3,7,2013,11,56,12,6,0,2,1,10,0,0,2,3,0,7,1,0,0,0
201317282362,4,3,1,48,9,363.748,2,3,4,2013,16,45,12,1,0,2,1,1,0,0,1,3,0,2,1,0,0,0
201317282368,5,3,1,48,9,103.928,2,3,2,2013,0,5,12,6,0,1,3,1,3,1,1,3,0,1,1,0,0,0
201317282374,6,3,1,48,9,207.856,2,3,4,2013,15,45,12,6,0,2,1,1,0,0,2,3,0,2,1,0,0,0
201317282378,4,3,1,48,9,363.748,2,3,5,2013,18,33,12,1,0,1,1,10,0,0,2,3,0,1,1,0,0,0
201317282382,3,3,1,48,9,51.964,2,3,5,2013,13,30,12,1,0,2,1,10,2,2,2,3,0,2,1,0,0,0
201317282388,3,3,1,48,9,51.964,2,3,3,2013,13,20,12,1,0,1,1,1,3,2,2,3,0,1,1,0,0,0
201317282390,4,3,1,48,9,363.748,2,3,4,2013,20,21,12,1,0,2,3,10,0,0,2,3,0,2,1,0,0,0
201317282392,6,3,1,48,9,207.856,2,3,6,2013,9,30,12,6,0,4,1,2,0,0,2,3,0,1,1,0,0,0
201317282398,5,3,1,48,9,103.928,2,3,4,2013,7,13,12,6,0,2,1,10,2,1,2,3,0,2,1,0,0,0
201317282401,4,3,1,48,9,363.748,2,3,3,2013,13,10,12,1,0,1,1,1,0,0,2,3,0,1,1,0,0,0
201317282402,1,3,1,48,9,51.964,2,3,2,2013,14,17,12,6,0,2,1,10,3,1,2,3,0,2,1,0,0,0
201317282411,4,3,2,48,9,363.748,1,3,5,2013,7,20,24,0,0,1,1,1,0,0,2,8,0,1,3,0,0,0
201317282412,6,3,2,48,9,207.856,2,3,1,2013,1,35,12,6,0,2,2,1,0,0,2,8,0,3,1,0,0,0
201317282417,6,3,2,48,9,207.856,2,3,1,2013,19,45,12,1,0,1,2,1,0,0,2,8,0,1,1,0,0,0
201317282421,1,3,2,48,9,51.964,1,3,1,2013,3,50,42,0,0,1,3,1,3,1,2,8,0,1,4,0,0,0
201317282423,2,3,2,48,9,51.964,4,3,6,2013,14,20,12,7,0,1,1,10,2,1,2,8,0,1,1,0,0,0
201317282435,6,3,3,48,9,207.856,3,3,3,2013,17,35,12,6,0,4,1,1,0,0,2,1,1,1,1,0,0,0
201317282439,4,3,3,48,9,363.748,2,3,2,2013,16,45,12,1,0,2,1,10,0,0,2,1,0,2,1,0,0,0
201317282452,6,3,5,48,9,207.856,2,3,4,2013,18,25,12,2,0,2,5,1,0,0,2,1,0,4,1,0,0,0
201317282476,3,3,1,48,9,51.964,2,3,7,2013,18,31,12,1,0,4,5,2,2,1,2,3,0,1,1,0,0,0