CASENUM,STRATUM,REGION,PJ,PSU,PSUSTRAT,WEIGHT,VE_TOTAL,MONTH,WKDY_IM,YEAR,HOUR_IM,MINUTE_IM,EVENT1_IM,MANCOL_IM,RELJCT1_IM,RELJCT2_IM,LGTCON_IM,WEATHR_IM,MAXSEV_IM,NO_INJ_IM,ALCHL_IM,LAND_USE,PVH_INVL,TYP_INT,REL_ROAD,CF1,CF2,CF3
201317694458,6,3,3,49,7,211.1589,2,10,2,2013,23,4,12,1,0,1,3,1,2,1,2,3,0,1,1,0,0,0
201317694463,3,3,3,49,7,20.8552,3,10,1,2013,23,0,12,7,0,1,2,1,2,1,2,3,0,1,1,0,0,0
201317694509,3,3,1,49,7,20.8552,1,10,2,2013,16,5,1,0,0,1,1,10,3,2,2,3,0,1,1,0,0,0
201317694533,4,3,1,49,7,349.3246,2,10,3,2013,17,0,14,0,0,1,1,1,0,0,2,3,1,1,7,0,0,0
201317694555,6,3,1,49,7,208.552,2,10,4,2013,7,10,12,6,0,2,6,1,1,2,2,3,0,2,1,0,0,0
201317694634,1,3,3,49,7,2.6069,2,10,7,2013,2,25,12,1,0,1,2,1,3,2,2,3,0,1,1,0,0,0
201317694635,1,3,3,49,7,2.6069,1,10,4,2013,2,40,25,0,0,1,3,10,3,1,2,3,0,1,3,0,0,0
201317694658,3,3,3,49,7,20.8552,1,11,1,2013,17,8,8,0,0,1,3,1,4,1,2,3,0,1,1,0,0,0
201317694675,5,3,3,49,7,91.2415,4,11,7,2013,8,58,25,0,0,1,1,1,2,2,2,3,0,1,3,0,0,0
201317694820,1,3,3,49,7,2.6069,1,11,4,2013,20,1,25,0,0,1,3,10,3,1,2,3,0,1,3,0,0,0
201317694821,1,3,3,49,7,2.6069,2,11,6,2013,1,53,12,1,0,1,3,1,3,1,1,3,0,1,1,0,0,0
201317694855,3,3,2,49,7,20.8552,2,11,5,2013,22,0,12,6,0,1,3,1,2,1,1,3,0,1,1,0,0,0
201317694880,1,3,1,49,7,5.2138,3,10,3,2013,19,6,12,6,0,2,3,10,3,4,2,3,0,2,1,0,0,0
201317694887,3,3,1,49,7,20.8552,3,10,2,2013,8,3,12,1,0,2,1,10,3,2,2,3,0,3,1,0,0,0
201317694889,4,3,1,49,7,349.3246,2,10,2,2013,19,15,12,6,0,4,5,10,0,0,2,3,0,1,1,0,0,0
201317694903,5,3,1,49,7,88.6346,2,10,4,2013,20,5,12,1,0,1,3,1,1,2,1,3,0,1,1,0,0,0
201317694924,6,3,1,49,7,208.552,2,10,4,2013,20,30,12,8,0,2,2,1,0,0,2,3,0,2,1,0,0,0
201317694958,2,3,1,49,7,62.5656,2,10,3,2013,0,30,12,6,0,1,3,1,2,1,1,3,0,1,1,0,0,0
201317695008,4,3,1,49,7,349.3246,1,10,1,2013,0,30,30,0,0,1,3,10,0,0,2,3,0,1,3,0,0,0
201317695040,1,3,3,49,7,2.6069,1,11,6,2013,4,54,42,0,0,1,3,1,4,3,1,3,0,1,6,0,0,0
201317695041,1,3,3,49,7,2.6069,2,11,2,2013,0,15,12,1,0,1,2,1,3,1,1,3,0,1,1,0,0,0
201317695056,2,3,3,49,7,59.9587,2,11,3,2013,8,18,12,1,0,1,1,1,0,0,2,3,0,1,1,28,0,0
201317695104,4,3,3,49,7,349.3246,2,11,6,2013,12,50,12,1,0,1,1,1,0,0,2,3,0,1,1,0,0,0
201317695118,6,3,3,49,7,211.1589,4,11,6,2013,6,10,12,1,0,1,1,1,0,0,2,3,0,1,1,28,0,0
201317695132,3,3,3,49,7,20.8552,1,11,1,2013,13,47,1,0,1,5,1,1,2,1,2,3,0,1,4,0,0,0
201317695160,1,3,1,49,7,5.2138,1,10,1,2013,7,30,33,0,0,1,3,10,3,3,1,3,0,1,4,0,0,0
201317695161,1,3,1,49,7,5.2138,1,10,6,2013,2,45,25,0,0,2,3,1,3,2,2,3,0,3,4,0,0,0
201317695186,3,3,1,49,7,20.8552,1,10,5,2013,7,35,8,0,0,2,3,10,2,1,2,3,0,2,1,0,0,0
201317695206,6,3,1,49,7,208.552,3,10,5,2013,16,41,12,7,0,1,1,1,1,3,2,3,0,1,1,0,0,0
201317695218,3,3,1,49,7,20.8552,1,11,6,2013,14,49,9,0,0,2,1,1,2,1,2,3,0,2,1,0,0,0
201317695296,4,3,1,49,7,349.3246,2,11,1,2013,2,0,12,11,0,2,3,1,0,0,2,3,0,2,1,0,0,0
201317695347,6,3,1,49,7,208.552,2,11,2,2013,17,36,12,6,0,2,3,10,1,1,2,3,0,2,1,0,0,0
201317695361,1,3,1,49,7,5.2138,1,11,7,2013,16,24,30,0,0,1,1,1,3,3,2,3,0,1,3,0,0,0
201317695362,1,3,3,49,7,2.6069,1,11,1,2013,0,10,59,0,0,1,3,10,3,1,2,3,0,1,10,0,0,0
201317695599,4,3,2,49,7,349.3246,2,11,6,2013,18,39,12,1,0,1,3,1,0,0,2,3,0,1,1,0,0,0
201317695646,1,3,3,49,7,2.6069,1,11,5,2013,4,33,25,0,0,1,3,1,3,1,2,3,0,1,3,0,0,0
201317695657,3,3,1,49,7,20.8552,2,11,3,2013,22,38,12,7,0,1,3,1,2,1,2,3,0,1,1,0,0,0
201317695673,5,3,1,49,7,88.6346,2,11,3,2013,20,15,14,0,0,1,2,2,1,1,2,3,1,1,7,0,0,0
201317695710,4,3,1,49,7,349.3246,2,11,5,2013,17,30,12,1,0,1,2,1,0,0,2,3,0,1,1,0,0,0
201317695758,6,3,1,49,7,208.552,3,11,7,2013,14,35,12,6,0,4,1,1,0,0,2,3,0,1,1,0,0,0
201317695775,3,3,1,49,7,20.8552,2,11,1,2013,23,24,12,6,0,2,3,1,3,2,2,3,0,2,1,0,0,0
201317695827,4,3,1,49,7,349.3246,2,11,6,2013,8,50,12,6,0,2,1,1,0,0,2,3,0,2,1,0,0,0
201317695840,1,3,1,49,7,5.2138,2,11,3,2013,10,0,12,6,1,2,1,10,3,3,2,3,0,2,1,0,0,0
201317695841,1,3,1,49,7,5.2138,2,11,3,2013,17,25,12,2,0,2,5,10,3,1,2,3,0,2,1,0,0,0
201317695842,1,3,1,49,7,5.2138,2,11,6,2013,9,6,12,6,0,2,1,1,3,1,2,3,0,2,1,0,0,0
201317695843,1,3,1,49,7,5.2138,1,11,7,2013,5,12,46,0,0,2,3,1,3,1,2,3,0,2,3,0,0,0
201317695859,3,3,1,49,7,20.8552,1,11,2,2013,9,25,8,0,0,1,1,1,2,1,2,3,0,1,1,16,0,0
201317695880,5,3,1,49,7,88.6346,2,11,3,2013,10,48,12,2,0,2,1,1,1,2,2,3,0,2,1,0,0,0
201317695902,6,3,1,49,7,208.552,1,11,4,2013,2,0,21,0,1,5,3,1,0,0,2,3,0,1,4,0,0,0
201317695973,2,3,1,49,7,62.5656,4,11,6,2013,13,33,12,1,0,1,1,1,2,3,2,3,0,1,1,0,0,0
201317695992,4,3,1,49,7,349.3246,2,11,6,2013,22,40,12,1,0,2,3,1,0,0,2,3,0,2,1,0,0,0
201317695994,3,3,1,49,7,20.8552,1,11,6,2013,22,22,9,0,0,1,3,1,2,1,1,3,0,1,1,0,0,0
201317695995,6,3,1,49,7,208.552,2,11,6,2013,21,20,12,6,0,2,3,1,0,0,2,3,0,2,1,0,0,0
201317696032,3,3,1,49,7,20.8552,2,11,1,2013,10,30,12,6,0,4,1,1,2,1,2,3,0,1,1,0,0,0
201317696063,1,3,1,49,7,5.2138,1,11,7,2013,10,10,24,0,1,5,1,1,3,1,2,3,0,1,4,0,0,0
201317696064,1,3,2,49,7,2.6069,2,11,6,2013,22,28,12,1,0,1,3,2,3,2,1,3,0,1,1,0,0,0
201317696065,1,3,3,49,7,2.6069,1,11,1,2013,7,13,52,0,1,5,1,10,3,1,2,3,0,1,8,0,0,0
201317696067,3,3,3,49,7,20.8552,2,12,1,2013,8,10,12,1,0,1,1,8,2,1,2,3,0,1,1,0,0,0
201317696087,2,3,3,49,7,59.9587,2,12,2,2013,10,48,12,7,0,1,1,10,0,0,2,3,0,1,1,0,0,0
201317696105,6,3,3,49,7,211.1589,2,12,5,2013,13,48,12,7,0,1,1,10,0,0,2,3,0,1,1,0,0,0
201317696160,1,3,3,49,7,2.6069,5,11,7,2013,19,17,12,1,0,1,3,1,3,2,2,3,0,1,1,0,0,0
201317696161,1,3,3,49,7,2.6069,1,12,7,2013,1,37,24,0,1,5,3,5,3,4,1,3,0,1,4,0,0,0
201317696162,1,3,3,49,7,2.6069,2,12,6,2013,4,5,12,1,0,1,3,1,3,3,2,3,0,1,1,0,0,0
201317696163,4,3,3,49,7,349.3246,4,11,4,2013,13,39,12,1,0,1,1,1,1,1,2,3,0,1,1,0,0,0
201317696194,3,3,3,49,7,20.8552,1,12,5,2013,23,18,33,0,0,1,3,1,3,1,2,3,0,1,8,0,0,0
201317696267,6,3,2,49,7,211.1589,2,12,2,2013,20,0,12,6,0,1,2,10,0,0,2,3,0,1,1,0,0,0
201317696276,1,3,1,49,7,5.2138,3,11,2,2013,7,35,12,6,0,2,1,1,3,5,2,3,0,2,1,0,0,0
201317696286,5,3,1,49,7,88.6346,1,11,3,2013,23,20,30,0,0,1,3,1,2,1,2,3,0,1,3,0,0,0
201317696319,6,3,1,49,7,208.552,2,11,4,2013,11,42,12,6,0,2,1,10,0,0,2,3,0,2,1,0,0,0
201317696353,4,3,1,49,7,349.3246,3,11,5,2013,16,50,12,6,0,2,1,10,1,2,2,3,0,2,1,0,0,0
201317696379,3,3,1,49,7,20.8552,1,11,6,2013,4,10,25,0,0,1,3,10,2,1,1,3,0,1,3,0,0,0
201317696428,6,3,1,49,7,208.552,2,11,7,2013,2,56,12,6,0,2,3,1,0,0,2,3,0,2,1,0,0,0
201317696481,3,3,1,49,7,20.8552,1,11,2,2013,8,40,9,0,0,1,1,1,2,1,2,3,0,1,1,0,0,0
201317696492,5,3,1,49,7,88.6346,1,11,1,2013,0,20,46,0,0,2,3,1,2,1,2,3,0,2,4,0,0,0
201317696496,4,3,1,49,7,349.3246,2,11,1,2013,1,31,14,0,0,1,3,10,0,0,2,3,1,1,7,0,0,0
201317696530,6,3,1,49,7,208.552,2,11,2,2013,9,50,12,1,0,1,1,2,2,1,2,3,0,1,1,23,0,0
201317696560,5,3,3,49,7,91.2415,2,12,2,2013,20,2,25,0,0,1,3,1,2,1,2,3,0,1,3,0,0,0
201317696633,1,3,3,49,7,2.6069,1,12,7,2013,10,36,24,0,0,1,1,2,4,3,2,3,0,1,4,0,0,0
201317696640,1,3,3,49,7,2.6069,1,12,1,2013,2,40,1,0,0,2,3,5,3,1,1,3,0,,4,0,0,0
201317696651,1,3,3,49,7,2.6069,1,12,5,2013,0,37,25,0,0,2,3,10,3,1,1,3,0,,3,0,0,0
201317696653,1,3,1,49,7,5.2138,3,11,5,2013,7,0,12,6,0,2,4,10,3,2,2,3,0,2,1,0,0,0
201317696654,1,3,1,49,7,5.2138,3,11,3,2013,13,18,12,7,1,2,1,1,3,1,2,3,0,7,1,0,0,0
201317696655,1,3,1,49,7,5.2138,2,11,6,2013,23,45,12,6,0,2,3,1,3,2,2,3,0,2,1,0,0,0
201317696656,1,3,1,49,7,5.2138,5,11,2,2013,9,50,12,1,0,1,1,1,3,2,2,3,0,1,1,0,0,0
201317696710,3,3,1,49,7,20.8552,2,11,7,2013,2,10,12,6,0,2,3,1,2,1,2,3,0,2,1,0,0,0
201317696730,6,3,1,49,7,208.552,1,11,6,2013,10,36,19,0,0,2,1,1,1,1,2,3,0,2,5,0,0,0
201317696748,4,3,1,49,7,349.3246,2,11,6,2013,15,9,12,1,0,2,1,1,1,1,2,3,0,,1,0,0,0
201317696754,5,3,1,49,7,88.6346,1,11,5,2013,20,29,25,0,1,5,3,1,2,1,2,3,0,1,4,0,0,0
201317696860,1,3,1,49,7,5.2138,1,12,1,2013,0,6,42,0,0,1,3,10,4,1,1,3,0,1,4,0,0,0
201317696861,1,3,1,49,7,5.2138,1,12,7,2013,0,30,42,0,0,1,3,4,3,1,2,3,0,1,3,0,0,0
201317696862,1,3,1,49,7,5.2138,1,12,6,2013,22,14,43,0,0,2,3,3,3,2,2,3,0,3,3,0,0,0
201317696892,6,3,1,49,7,208.552,5,12,5,2013,20,35,12,1,0,1,3,2,1,3,2,3,0,1,1,0,0,0
201317696898,3,3,1,49,7,20.8552,2,12,5,2013,16,49,12,6,0,2,5,2,2,1,2,3,0,2,1,0,0,0
201317696976,4,3,1,49,7,349.3246,2,12,2,2013,22,41,14,0,0,1,6,3,0,0,2,3,1,1,7,0,0,0
201317696980,2,3,1,49,7,62.5656,2,12,2,2013,6,30,25,0,0,1,3,10,0,0,2,3,0,1,3,0,0,0
201317696990,6,3,1,49,7,208.552,1,12,3,2013,8,45,26,0,0,1,1,1,1,1,2,3,0,1,3,0,0,0
201317697093,6,3,3,49,7,211.1589,1,12,2,2013,11,30,24,0,0,1,1,1,1,1,2,3,0,1,4,0,0,0
201317697097,1,3,3,49,7,2.6069,1,12,2,2013,1,33,42,0,1,19,3,1,4,1,2,3,0,1,4,0,0,0
201317697161,1,3,1,49,7,5.2138,2,12,1,2013,0,10,12,6,0,2,3,1,3,1,2,3,0,3,1,0,0,0
201317697162,1,3,1,49,7,5.2138,2,12,2,2013,15,16,12,2,0,1,1,1,3,3,1,3,0,1,1,0,0,0
201317697232,4,3,1,49,7,349.3246,2,12,1,2013,16,34,12,7,0,2,1,1,0,0,2,3,0,2,1,0,0,0
201317697253,5,3,1,49,7,88.6346,2,12,1,2013,2,5,12,6,0,2,3,1,2,1,2,3,0,2,1,0,0,0
201317697283,6,3,1,49,7,208.552,1,12,5,2013,2,15,30,0,0,1,3,10,0,0,2,3,0,1,3,0,0,0
201317697306,3,3,1,49,7,20.8552,1,12,5,2013,7,36,8,0,0,2,1,1,3,1,2,3,0,,1,0,0,0
201317697426,2,3,3,49,7,59.9587,3,12,4,2013,11,20,12,1,1,2,1,1,0,0,2,3,0,3,1,0,0,0
201317697441,1,3,1,49,7,5.2138,1,12,6,2013,14,15,24,0,0,1,1,10,3,1,2,3,0,1,4,0,0,0
201317697442,1,3,1,49,7,5.2138,1,12,7,2013,4,40,20,0,1,19,3,2,4,2,2,3,0,1,8,0,0,0
201317697443,1,3,1,49,7,5.2138,2,12,2,2013,12,54,12,2,0,2,1,1,3,4,2,3,0,2,1,0,0,0
201317697469,4,3,1,49,7,349.3246,2,12,2,2013,18,12,12,6,0,2,3,1,0,0,2,3,0,2,1,0,0,0
201317697480,6,3,1,49,7,208.552,2,12,2,2013,9,10,12,6,0,2,1,1,1,2,2,3,0,2,1,0,0,0
201317697526,3,3,1,49,7,20.8552,2,12,3,2013,13,20,12,2,0,2,1,1,2,1,2,3,0,2,1,0,0,0
201317697552,5,3,1,49,7,88.6346,2,12,4,2013,18,38,12,6,0,2,3,1,1,2,2,3,0,2,1,0,0,0
201317697561,3,3,1,49,7,20.8552,2,12,5,2013,18,35,12,6,1,2,3,1,2,1,2,3,0,3,1,0,0,0
201317697581,4,3,1,49,7,349.3246,2,12,5,2013,13,50,12,1,0,2,1,1,0,0,2,3,0,,1,0,0,0
201317697627,3,3,1,49,7,20.8552,2,12,7,2013,11,52,12,1,0,2,1,2,2,1,2,3,0,,1,0,0,0
201317697636,6,3,1,49,7,208.552,2,12,7,2013,0,59,12,6,0,2,3,1,0,0,2,3,0,2,1,0,0,0
201317697804,3,3,1,49,7,20.8552,2,12,2,2013,8,42,12,6,0,2,1,1,2,1,2,3,0,3,1,0,0,0
201317697851,4,3,1,49,7,349.3246,2,12,7,2013,14,35,12,7,0,1,1,1,0,0,2,3,0,1,1,0,0,0
201317697883,6,3,1,49,7,208.552,2,12,5,2013,22,37,12,6,0,2,3,1,2,3,2,3,0,2,1,0,0,0
201317697894,2,3,1,49,7,62.5656,2,12,5,2013,14,9,12,7,0,1,1,1,0,0,2,3,0,1,1,0,0,0
201317697936,3,3,1,49,7,20.8552,1,12,3,2013,3,51,8,0,0,4,3,1,3,1,1,3,0,1,1,0,0,0
201317697940,3,3,1,49,7,20.8552,2,12,7,2013,0,22,12,6,0,2,3,1,2,2,1,3,0,2,1,0,0,0
201317697942,1,3,1,49,7,5.2138,2,12,1,2013,11,25,12,2,0,2,1,1,3,2,2,3,0,2,1,0,0,0
201317697944,1,3,1,49,7,5.2138,3,12,4,2013,9,45,12,6,0,2,1,1,3,2,2,3,0,2,1,0,0,0
201317697945,1,3,1,49,7,5.2138,2,12,7,2013,22,25,12,6,0,2,3,5,3,7,1,3,0,2,1,0,0,0
201318443855,1,2,7,72,13,2.0,1,1,6,2013,21,34,25,0,0,1,3,1,3,1,2,8,0,1,3,0,0,0
201318443857,1,2,7,72,13,2.0,1,1,3,2013,2,15,25,0,0,1,3,1,3,2,1,8,0,1,3,0,0,0
201318443926,5,2,8,72,13,135.0,2,1,1,2013,1,0,12,6,0,2,3,1,2,3,2,3,0,2,1,0,0,0
201318443940,6,2,8,72,13,315.0,2,1,5,2013,0,20,14,0,0,1,3,1,0,0,2,3,1,1,7,0,0,0
201318443958,2,2,8,72,13,90.0,2,1,5,2013,14,35,14,0,0,1,1,1,0,0,2,3,1,1,7,0,0,0
201318443962,3,2,8,72,13,30.0,1,1,1,2013,12,10,9,0,0,2,1,1,4,2,2,3,0,2,1,0,0,0
201318444007,4,2,8,72,13,525.0,2,1,6,2013,8,45,14,0,0,1,1,1,0,0,2,3,1,1,7,0,0,0
201318444078,4,2,8,72,13,525.0,2,1,2,2013,10,0,12,7,0,1,1,1,0,0,2,3,0,1,1,0,0,0
201318444089,1,2,7,72,13,2.0,1,1,5,2013,1,21,25,0,0,1,3,1,3,4,1,8,0,1,4,0,0,0
201318444115,6,2,7,72,13,210.0,1,1,1,2013,17,52,52,0,1,19,3,1,0,0,1,8,0,1,8,0,0,0
201318444175,1,2,8,72,13,7.5,2,1,1,2013,2,20,12,2,0,1,3,2,4,3,2,3,0,1,1,0,0,0
201318444206,6,2,8,72,13,315.0,3,1,1,2013,1,15,14,0,0,1,3,2,0,0,2,3,2,1,7,0,0,0
201318444274,4,2,8,72,13,525.0,2,1,6,2013,10,45,12,1,0,1,1,1,0,0,2,3,0,1,1,0,0,0
201318444339,1,2,7,72,13,2.0,1,1,4,2013,4,25,25,0,1,19,3,1,3,3,2,8,0,1,4,0,0,0
201318444369,4,2,7,72,13,350.0,2,1,3,2013,9,16,12,1,1,18,1,1,0,0,2,8,0,1,1,0,0,0
201318444412,1,2,8,72,13,7.5,2,1,5,2013,2,15,12,6,0,2,3,1,3,2,2,3,0,3,1,0,0,0
201318444413,1,2,8,72,13,7.5,2,1,5,2013,9,30,12,7,0,1,1,1,3,1,2,3,0,1,1,0,0,0
201318444442,3,2,8,72,13,30.0,1,1,7,2013,16,20,8,0,0,2,1,1,2,1,2,3,0,,1,0,0,0
201318444446,3,2,8,72,13,30.0,2,1,3,2013,10,10,12,1,0,2,1,1,2,3,2,3,0,,1,0,0,0
201318444450,3,2,8,72,13,30.0,1,1,1,2013,19,0,9,0,0,2,3,1,2,1,2,3,0,2,1,0,0,0
201318444458,4,2,8,72,13,525.0,2,1,4,2013,13,25,12,8,0,2,1,1,0,0,2,3,0,3,1,0,0,0
201318444528,4,2,8,72,13,525.0,1,1,7,2013,3,35,30,0,0,1,3,1,1,1,2,3,0,1,4,0,0,0
201318444670,6,2,8,72,13,315.0,1,1,7,2013,5,45,43,0,0,1,3,1,0,0,2,3,0,1,4,0,0,0
201318444683,3,2,8,72,13,30.0,1,1,3,2013,1,30,8,0,0,2,3,1,2,1,2,3,0,,1,,,
201318444741,4,2,8,72,13,525.0,2,1,4,2013,14,30,12,1,0,2,1,1,0,0,2,3,0,2,1,0,0,0
201318444893,5,2,7,72,13,90.0,1,2,6,2013,5,45,25,0,0,1,3,1,2,1,2,8,0,1,4,0,0,0
201318444918,2,2,7,72,13,60.0,2,1,3,2013,8,45,12,7,0,1,1,1,1,1,2,8,0,1,1,0,0,0
201318444976,4,2,7,72,13,350.0,1,2,2,2013,5,35,25,0,1,19,3,4,0,0,2,8,0,1,4,0,0,0
201318444988,1,2,8,72,13,7.5,1,2,7,2013,11,12,42,0,0,2,1,4,4,1,1,3,0,2,4,0,0,0
201318444989,1,2,8,72,13,7.5,2,1,7,2013,4,17,12,2,0,2,1,1,3,3,2,3,0,2,1,0,0,0
201318444990,1,2,8,72,13,7.5,2,1,6,2013,6,20,12,6,0,2,1,1,3,2,2,3,0,2,1,0,0,0
201318444991,1,2,8,72,13,7.5,1,1,4,2013,3,55,30,0,0,1,3,1,3,2,1,3,0,1,4,0,0,0
201318445000,4,2,8,72,13,525.0,1,2,2,2013,20,30,33,0,0,2,3,1,0,0,2,3,0,2,4,0,0,0
201318445092,1,2,8,72,13,7.5,3,2,6,2013,11,17,12,6,0,2,1,1,3,2,2,3,0,2,1,0,0,0
201318445093,1,2,8,72,13,7.5,3,2,5,2013,16,30,12,7,0,2,3,4,3,1,2,3,0,2,1,0,0,0
201318445128,1,2,7,72,13,2.0,1,2,1,2013,0,20,25,0,0,1,3,1,3,3,2,8,0,1,3,0,0,0
201318445208,2,2,8,72,13,90.0,2,2,2,2013,18,20,12,7,0,2,3,2,0,0,2,3,0,2,1,0,0,0
201318445213,3,2,8,72,13,30.0,1,2,4,2013,7,40,8,0,0,2,1,1,2,4,2,3,0,2,1,0,0,0
201318445307,4,2,8,72,13,525.0,2,2,6,2013,8,30,12,1,0,2,1,4,0,0,2,3,0,2,1,,,
201318445340,5,2,8,72,13,135.0,3,3,7,2013,5,27,14,0,0,1,1,1,5,1,1,3,2,1,7,0,0,0
201318445386,1,2,8,72,13,7.5,1,3,6,2013,12,35,30,0,0,1,1,1,4,1,2,3,0,1,4,0,0,0
201318445399,4,2,8,72,13,525.0,2,3,3,2013,16,10,12,1,0,1,1,1,0,0,2,3,0,1,1,0,0,0
201318445471,4,2,7,72,13,350.0,3,2,1,2013,15,10,12,1,0,1,1,1,0,0,2,8,0,1,1,0,0,0
201318445505,1,2,7,72,13,2.0,1,3,1,2013,0,48,20,0,1,19,3,1,4,1,1,8,0,1,8,0,0,0
201318445520,3,2,8,72,13,30.0,2,3,3,2013,18,45,12,1,0,2,3,1,2,2,2,3,0,,1,,,
201318445562,1,2,7,72,13,2.0,1,3,5,2013,0,44,1,0,0,1,3,1,3,1,1,8,0,1,3,0,0,0
201318445563,1,2,7,72,13,2.0,1,3,3,2013,22,0,25,0,0,1,3,1,3,1,2,8,0,1,3,0,0,0
201318445579,6,2,7,72,13,210.0,1,3,3,2013,11,10,25,0,1,5,1,1,0,0,2,8,0,1,4,0,0,0
201318445597,3,2,7,72,13,20.0,2,3,1,2013,11,15,12,1,0,1,1,1,2,1,2,8,0,1,1,0,0,0
201318445683,2,2,8,72,13,90.0,1,3,6,2013,9,15,50,0,0,1,1,1,0,0,2,3,0,1,1,0,0,0
201318445686,3,2,8,72,13,30.0,1,3,5,2013,20,40,8,0,0,2,3,1,4,1,2,3,0,2,1,0,0,0
201318445694,4,2,8,72,13,525.0,1,3,7,2013,15,20,50,0,0,1,1,1,0,0,2,3,0,1,1,0,0,0
201318445809,1,2,7,72,13,2.0,2,3,1,2013,3,27,12,1,0,1,3,2,4,3,1,8,0,1,1,0,0,0
201318445811,4,2,7,72,13,350.0,2,3,3,2013,6,20,12,1,0,1,4,1,0,0,2,8,0,1,1,0,0,0
201318445836,1,2,7,72,13,2.0,2,3,5,2013,22,35,12,1,0,1,3,1,3,2,1,8,0,1,1,0,0,0
201318445959,5,2,7,72,13,90.0,4,3,4,2013,17,10,12,1,0,1,1,1,3,1,2,8,0,1,1,0,0,0
201318446038,6,2,8,72,13,315.0,2,4,3,2013,17,28,12,1,0,1,1,1,0,0,2,3,0,1,1,0,0,0
201318446058,4,2,8,72,13,525.0,3,4,2,2013,0,15,14,0,0,1,3,1,1,1,2,3,2,1,7,0,0,0
201318446151,4,2,7,72,13,350.0,2,4,1,2013,3,15,12,7,0,1,3,1,0,0,2,8,0,1,1,0,0,0
201318446193,1,2,7,72,13,2.0,1,4,3,2013,3,40,20,0,1,5,3,2,3,1,1,8,0,1,8,0,0,0
201318446239,6,2,7,72,13,210.0,3,4,1,2013,3,0,12,1,0,1,3,1,0,0,2,8,0,1,1,0,0,0
201318446295,3,2,8,72,13,30.0,1,4,5,2013,15,43,8,0,0,2,1,1,2,1,2,3,0,2,1,0,0,0
201318446457,4,2,7,72,13,350.0,2,4,2,2013,12,0,12,1,0,1,1,1,0,0,2,8,0,1,1,0,0,0
201318446508,2,2,7,72,13,60.0,2,5,2,2013,17,58,12,1,0,1,1,1,1,1,2,8,0,1,1,0,0,0
201318446607,2,2,8,72,13,90.0,2,5,7,2013,10,50,12,1,0,2,1,1,1,1,2,3,0,3,1,0,0,0
201318446623,4,2,8,72,13,525.0,2,5,5,2013,15,0,12,1,0,2,1,1,0,0,2,3,0,2,1,0,0,0
201318446719,4,2,7,72,13,350.0,2,5,5,2013,16,39,12,7,0,1,1,1,0,0,2,8,0,1,1,0,0,0
201318446805,4,2,8,72,13,525.0,2,5,2,2013,11,50,12,7,0,2,1,1,0,0,2,3,0,4,1,0,0,0
201318446812,1,2,7,72,13,2.0,1,3,7,2013,2,50,25,0,0,1,3,1,3,2,1,8,0,1,3,0,0,0
201318446854,3,2,8,72,13,30.0,1,1,3,2013,17,10,8,0,0,2,3,2,3,1,2,3,0,2,1,0,0,0
201318446951,3,2,7,72,13,20.0,1,6,2,2013,21,30,1,0,0,1,3,1,2,1,2,8,0,1,1,0,0,0
201318446993,1,2,7,72,13,2.0,1,6,5,2013,23,40,1,0,1,5,3,1,3,1,1,8,0,1,1,0,0,0
201318447124,3,2,8,72,13,30.0,2,6,4,2013,13,10,12,1,0,2,1,1,2,2,2,3,0,2,1,0,0,0
201318447153,4,2,8,72,13,525.0,2,6,6,2013,15,4,12,11,1,2,1,1,0,0,2,3,0,2,1,0,0,0
201318447165,1,2,8,72,13,7.5,2,6,6,2013,15,19,12,6,0,2,1,1,3,4,2,3,0,2,1,0,0,0
201318447173,2,2,8,72,13,90.0,2,6,2,2013,19,40,12,1,0,1,1,1,2,2,2,3,0,1,1,0,0,0
201318447220,1,2,8,72,13,7.5,2,6,7,2013,22,2,14,0,0,1,3,1,3,5,1,3,1,1,7,0,0,0
201318447252,4,2,8,72,13,525.0,2,6,4,2013,7,23,12,7,0,1,1,1,0,0,2,3,0,1,1,0,0,0
201318447262,3,2,8,72,13,30.0,1,6,2,2013,7,45,9,0,0,1,1,1,2,1,2,3,0,1,1,0,0,0
201318447338,4,2,8,72,13,525.0,3,6,6,2013,15,15,12,1,0,1,1,1,0,0,2,3,0,1,1,0,0,0
201318447347,1,2,8,72,13,7.5,3,6,6,2013,16,1,12,6,0,2,1,1,4,9,1,3,0,2,1,0,0,0
201318447373,1,2,8,72,13,7.5,1,6,5,2013,5,26,19,0,0,2,1,1,4,1,2,3,0,2,5,0,0,0
201318447380,3,2,8,72,13,30.0,1,6,5,2013,16,13,1,0,0,2,1,1,2,1,2,3,0,2,1,0,0,0
201318447383,2,2,8,72,13,90.0,2,6,4,2013,10,10,14,0,0,1,1,10,0,0,2,3,1,1,6,0,0,0
201318447385,5,2,8,72,13,135.0,2,6,5,2013,20,5,12,6,0,2,1,1,2,1,2,3,0,3,1,0,0,0
201318447397,6,2,8,72,13,315.0,1,6,4,2013,12,20,30,0,0,2,1,1,1,1,2,3,0,2,4,0,0,0
201318447398,3,2,8,72,13,30.0,1,6,6,2013,8,33,8,0,0,2,1,1,2,1,2,3,0,2,1,0,0,0
201318447430,3,2,8,72,13,30.0,1,6,3,2013,14,0,44,0,0,1,1,1,3,1,2,3,0,1,1,0,0,0
201318447453,4,2,8,72,13,525.0,2,6,6,2013,13,0,12,7,0,1,1,1,0,0,2,3,0,1,1,0,0,0
201318447463,3,2,8,72,13,30.0,1,6,6,2013,7,55,9,0,0,2,1,1,2,1,2,3,0,7,1,0,0,0