CASENUM,STRATUM,REGION,PJ,PSU,PSUSTRAT,WEIGHT,VE_TOTAL,MONTH,WKDY_IM,YEAR,HOUR_IM,MINUTE_IM,EVENT1_IM,MANCOL_IM,RELJCT1_IM,RELJCT2_IM,LGTCON_IM,WEATHR_IM,MAXSEV_IM,NO_INJ_IM,ALCHL_IM,LAND_USE,PVH_INVL,TYP_INT,REL_ROAD,CF1,CF2,CF3
201318447513,5,2,7,72,13,90.0,3,6,5,2013,7,42,12,1,0,1,1,1,2,6,2,8,0,1,1,0,0,0
201318447559,4,2,7,72,13,350.0,2,6,7,2013,0,40,12,7,0,1,3,1,0,0,2,8,0,1,1,19,0,0
201318447750,3,2,8,72,13,30.0,1,6,6,2013,13,40,9,0,0,4,1,2,2,1,2,3,0,1,1,,,
201318447766,3,2,8,72,13,30.0,1,6,6,2013,9,20,9,0,0,4,1,1,2,1,2,3,0,1,1,0,0,0
201318447774,4,2,8,72,13,525.0,1,6,6,2013,8,44,50,0,0,1,1,1,0,0,2,3,0,1,1,0,0,0
201318447785,3,2,8,72,13,30.0,1,6,1,2013,17,52,8,0,0,1,1,1,2,1,2,3,0,1,1,0,0,0
201318447826,3,2,8,72,13,30.0,2,6,1,2013,15,45,12,11,0,2,1,1,2,1,2,3,0,2,1,0,0,0
201318447827,1,2,8,72,13,7.5,2,6,1,2013,13,50,12,6,0,2,1,1,3,3,2,3,0,2,1,0,0,0
201318447835,3,2,8,72,13,30.0,1,6,4,2013,18,20,9,0,0,2,5,1,2,1,2,3,0,3,1,,,
201318447845,1,2,8,72,13,7.5,2,6,6,2013,11,9,12,11,0,2,1,1,3,1,2,3,0,3,1,0,0,0
201318447849,3,2,8,72,13,30.0,1,6,3,2013,16,45,9,0,0,2,1,1,2,1,2,3,0,2,1,0,0,0
201318447858,6,2,8,72,13,315.0,2,6,5,2013,19,45,12,1,0,2,1,1,0,0,2,3,0,,1,0,0,0
201318447860,3,2,8,72,13,30.0,1,6,3,2013,12,15,8,0,0,1,1,1,2,1,2,3,0,1,1,0,0,0
201318447867,1,2,8,72,13,7.5,1,6,6,2013,14,9,30,0,0,2,1,1,3,2,2,3,0,2,4,0,0,0
201318447902,5,2,8,72,13,135.0,2,6,6,2013,11,17,12,6,0,2,1,1,2,4,2,3,0,2,1,0,0,0
201318447908,3,2,8,72,13,30.0,1,6,4,2013,23,25,8,0,0,1,3,1,2,2,2,3,0,1,1,,,
201318447929,1,2,8,72,13,7.5,2,6,1,2013,7,40,12,6,0,2,1,1,3,2,2,3,0,2,1,0,0,0
201318447931,1,2,8,72,13,7.5,1,6,1,2013,7,55,30,0,0,1,1,1,3,1,2,3,0,1,4,0,0,0
201318447956,4,2,8,72,13,525.0,2,6,3,2013,14,0,12,7,0,2,1,1,0,0,2,3,0,2,1,0,0,0
201318447967,3,2,8,72,13,30.0,2,6,1,2013,18,30,12,7,0,1,1,1,2,3,2,3,0,1,1,0,0,0
201318447970,1,2,8,72,13,7.5,2,6,2,2013,6,0,14,0,0,1,1,1,3,1,2,3,1,1,7,0,0,0
201318447988,3,2,8,72,13,30.0,1,6,3,2013,17,20,9,0,0,1,1,1,2,1,2,3,0,1,1,0,0,0
201318448007,1,2,8,72,13,7.5,5,6,4,2013,7,50,12,1,0,1,1,1,3,2,2,3,0,1,1,0,0,0
201318448012,6,2,8,72,13,315.0,5,6,5,2013,8,15,12,11,0,2,1,1,0,0,2,3,0,2,1,0,0,0
201318448018,1,2,8,72,13,7.5,3,6,5,2013,11,3,12,6,0,2,1,1,3,7,2,3,0,2,1,0,0,0
201318448021,3,2,8,72,13,30.0,2,6,6,2013,14,22,12,1,0,2,1,2,2,1,2,3,0,3,1,0,0,0
201318448049,3,2,8,72,13,30.0,1,6,7,2013,17,39,8,0,0,1,1,1,3,1,2,3,0,1,1,0,0,0
201318448077,3,2,8,72,13,30.0,1,6,7,2013,13,0,8,0,0,2,1,1,2,1,2,3,0,2,1,,,
201318448094,3,2,8,72,13,30.0,1,6,5,2013,20,50,9,0,0,2,5,1,2,1,2,3,0,2,1,0,0,0
201318448104,4,2,8,72,13,525.0,1,6,7,2013,0,29,8,0,0,1,2,1,1,1,1,3,0,1,1,0,0,0
201318448160,3,2,8,72,13,30.0,1,6,1,2013,1,32,8,0,0,1,2,5,2,2,2,3,0,1,1,0,0,0
201318448176,3,2,8,72,13,30.0,1,6,1,2013,19,57,5,0,0,1,1,1,2,1,2,3,0,1,1,0,0,0
201318448182,3,2,8,72,13,30.0,1,6,1,2013,16,50,9,0,0,2,1,1,2,1,2,3,0,2,1,0,0,0
201318448186,6,2,8,72,13,315.0,2,6,1,2013,1,55,14,0,0,1,3,1,0,0,2,3,1,1,7,0,0,0
201318448202,3,2,8,72,13,30.0,1,6,1,2013,2,19,8,0,0,1,3,1,2,1,2,3,0,1,1,0,0,0
201318448215,4,2,8,72,13,525.0,2,6,1,2013,5,15,14,0,0,1,3,1,0,0,2,3,1,1,7,0,0,0
201318448252,3,2,8,72,13,30.0,1,6,2,2013,19,25,9,0,0,2,2,2,3,1,2,3,0,2,1,0,0,0
201318448271,3,2,8,72,13,30.0,2,6,2,2013,11,0,12,1,0,2,1,1,2,2,2,3,0,2,1,0,0,0
201318448280,2,2,8,72,13,90.0,2,6,2,2013,12,25,12,1,0,2,1,1,0,0,2,3,0,2,1,0,0,0
201318448314,5,2,8,72,13,135.0,2,6,2,2013,13,30,12,6,0,2,1,1,2,1,2,3,0,,1,0,0,0
201318448336,6,2,8,72,13,315.0,3,6,2,2013,18,26,12,1,0,1,1,2,0,0,2,3,0,1,1,0,0,0
201318448339,1,2,8,72,13,7.5,4,6,2,2013,15,20,12,2,0,2,1,1,3,3,2,3,0,2,1,0,0,0
201318448348,3,2,8,72,13,30.0,2,6,2,2013,9,35,12,6,0,2,1,2,2,5,2,3,0,2,1,0,0,0
201318448369,4,2,8,72,13,525.0,2,6,2,2013,15,16,12,1,0,1,1,1,0,0,2,3,0,1,1,0,0,0
201318448447,3,2,7,72,13,20.0,2,6,5,2013,16,16,12,1,0,1,1,1,2,1,2,8,0,1,1,0,0,0
201318448460,3,2,8,72,13,30.0,1,6,3,2013,19,55,9,0,0,2,5,1,2,1,2,3,0,2,1,0,0,0
201318448514,3,2,8,72,13,30.0,2,6,4,2013,23,8,12,6,0,2,3,1,2,1,2,3,0,3,1,0,0,0
201318448527,3,2,8,72,13,30.0,1,6,4,2013,9,52,8,0,0,2,1,2,2,1,2,3,0,,1,0,0,0
201318448533,1,2,8,72,13,7.5,4,6,4,2013,21,45,12,6,0,2,3,1,3,4,2,3,0,2,1,0,0,0
201318448549,4,2,8,72,13,525.0,2,6,4,2013,11,0,12,1,0,2,1,1,0,0,2,3,0,2,1,0,0,0
201318448553,3,2,8,72,13,30.0,2,6,5,2013,14,55,12,1,0,2,1,2,3,2,2,3,0,2,1,0,0,0
201318448573,3,2,8,72,13,30.0,1,6,5,2013,17,25,8,0,0,1,1,2,3,1,2,3,0,1,1,0,0,0
201318448585,3,2,8,72,13,30.0,2,6,5,2013,17,0,12,6,0,2,1,1,3,1,2,3,0,,1,0,0,0
201318448594,3,2,8,72,13,30.0,1,6,5,2013,20,5,9,0,0,2,5,10,2,1,2,3,0,,1,0,0,0
201318448601,5,2,8,72,13,135.0,2,6,5,2013,15,5,12,6,0,2,1,1,1,1,2,3,0,2,1,0,0,0
201318448656,1,2,8,72,13,7.5,4,6,6,2013,6,14,12,6,0,2,1,1,3,1,2,3,2,2,1,0,0,0
201318448667,3,2,8,72,13,30.0,1,6,6,2013,15,10,8,0,0,1,1,2,2,2,2,3,0,1,1,0,0,0
201318448672,6,2,8,72,13,315.0,2,6,6,2013,15,15,12,6,0,2,1,1,1,1,2,3,0,3,1,0,0,0
201318448693,3,2,8,72,13,30.0,2,6,6,2013,6,30,12,6,0,2,1,1,2,1,2,3,0,2,1,0,0,0
201318448717,4,2,8,72,13,525.0,2,6,6,2013,18,0,12,1,0,2,1,1,0,0,2,3,0,,1,0,0,0
201318448757,3,2,8,72,13,30.0,2,6,7,2013,18,15,12,7,0,2,1,10,2,1,2,3,0,2,1,0,0,0
201318448790,3,2,8,72,13,30.0,1,6,1,2013,13,4,8,0,0,2,1,1,3,1,2,3,0,2,1,0,0,0
201318448794,1,2,8,72,13,7.5,3,6,1,2013,15,30,14,0,0,1,1,1,3,1,2,3,2,1,7,0,0,0
201318448817,2,2,8,72,13,90.0,2,7,2,2013,15,50,12,1,0,2,1,1,1,1,2,3,0,,1,0,0,0
201318448825,3,2,8,72,13,30.0,1,7,2,2013,9,0,9,0,0,2,1,1,3,1,2,3,0,2,1,16,0,0
201318448831,4,2,8,72,13,525.0,2,7,2,2013,12,45,12,11,0,2,1,1,0,0,2,3,0,3,1,0,0,0
201318448871,1,2,8,72,13,7.5,1,7,3,2013,20,57,42,0,0,2,3,1,4,2,1,3,0,2,4,0,0,0
201318448912,5,2,8,72,13,135.0,2,7,5,2013,3,50,12,6,0,2,6,1,2,7,2,3,0,2,1,0,0,0
201318448923,4,2,8,72,13,525.0,2,7,6,2013,18,15,12,1,0,2,1,1,1,1,2,3,0,,1,0,0,0
201318448938,3,2,8,72,13,30.0,2,7,6,2013,9,0,12,1,0,2,1,1,2,1,2,3,0,2,1,0,0,0
201318448958,4,2,7,72,13,350.0,2,6,1,2013,14,15,12,1,0,1,1,1,0,0,2,8,0,1,1,0,0,0
201318449010,6,2,7,72,13,210.0,2,7,7,2013,13,15,12,1,0,1,1,1,0,0,2,8,0,1,1,0,0,0
201318449050,2,2,8,72,13,90.0,2,7,2,2013,10,10,12,1,0,1,1,2,1,2,2,3,0,1,1,0,0,0
201318449080,3,2,8,72,13,30.0,1,7,4,2013,16,16,9,0,0,1,1,1,2,1,2,3,0,1,1,0,0,0
201318449113,4,2,8,72,13,525.0,1,7,5,2013,2,15,50,0,0,1,3,1,0,0,2,3,0,1,1,0,0,0
201318449142,2,2,7,72,13,60.0,2,7,3,2013,20,57,12,1,1,18,3,1,2,4,2,8,0,1,1,0,0,0
201318449265,3,2,7,72,13,20.0,2,7,6,2013,13,17,12,1,0,1,1,1,2,1,2,8,0,1,1,0,0,0
201318449285,1,2,7,72,13,2.0,1,7,7,2013,19,53,20,0,1,5,1,1,3,1,1,8,0,1,8,0,0,0
201318449300,3,2,8,72,13,30.0,1,7,7,2013,17,30,8,0,0,1,1,1,2,1,2,3,0,1,1,16,0,0
201318449301,1,2,8,72,13,7.5,4,7,7,2013,23,30,12,2,0,2,3,1,4,8,1,3,0,2,1,20,0,0
201318449324,4,2,8,72,13,525.0,2,7,1,2013,7,0,8,0,0,1,1,1,0,0,2,3,1,1,7,0,0,0
201318449330,3,2,8,72,13,30.0,2,7,2,2013,14,43,12,6,0,2,1,1,2,2,1,3,0,2,1,0,0,0
201318449334,2,2,8,72,13,90.0,2,7,2,2013,12,30,12,1,0,1,1,1,1,2,2,3,0,1,1,0,0,0
201318449373,1,2,8,72,13,7.5,4,7,2,2013,0,44,8,0,0,2,6,1,4,6,1,3,0,,1,0,0,0
201318449455,4,2,7,72,13,350.0,3,7,4,2013,21,45,12,1,1,18,3,1,0,0,2,8,0,1,1,0,0,0
201318449487,1,2,7,72,13,2.0,2,7,7,2013,20,30,12,1,0,1,3,2,3,1,1,8,0,1,1,0,0,0
201318449535,2,2,8,72,13,90.0,2,7,5,2013,17,30,12,1,0,1,1,1,2,1,2,3,0,1,1,0,0,0
201318449547,4,2,8,72,13,525.0,2,7,5,2013,14,19,14,0,0,1,1,1,0,0,2,3,1,1,7,0,0,0
201318449571,3,2,8,72,13,30.0,1,7,6,2013,8,10,8,0,0,1,1,1,2,1,2,3,0,1,1,0,0,0
201318449580,1,2,8,72,13,7.5,3,7,6,2013,5,40,14,0,0,1,1,1,3,1,2,3,2,1,7,14,0,0
201318449626,3,2,8,72,13,30.0,2,7,1,2013,16,15,12,1,0,2,1,1,2,1,1,3,0,2,1,0,0,0
201318449627,6,2,8,72,13,315.0,1,7,1,2013,6,20,30,0,0,1,1,1,2,1,2,3,0,1,4,0,0,0
201318449667,4,2,8,72,13,525.0,2,7,3,2013,4,35,14,0,0,4,3,10,0,0,2,3,1,1,7,,,
201318449676,2,2,8,72,13,90.0,2,7,3,2013,6,15,12,6,0,2,1,1,0,0,2,3,0,,1,0,0,0
201318449689,3,2,8,72,13,30.0,1,7,4,2013,17,0,9,0,0,2,1,1,2,2,2,3,0,2,1,0,0,0
201318449782,4,2,8,72,13,525.0,2,7,7,2013,9,50,14,0,0,1,1,1,0,0,2,3,1,1,7,0,0,0
201318449802,1,2,7,72,13,2.0,1,7,3,2013,9,30,25,0,1,5,1,1,3,1,1,8,0,1,4,0,0,0
201318449877,3,2,8,72,13,30.0,2,7,1,2013,5,36,12,7,0,2,4,2,2,3,2,3,0,2,1,0,0,0
201318449989,4,2,8,72,13,525.0,2,8,5,2013,12,20,12,7,0,1,1,1,1,2,2,3,0,1,1,0,0,0
201318450000,2,2,8,72,13,90.0,2,8,5,2013,12,40,12,7,0,1,1,1,2,1,2,3,0,1,1,0,0,0
201318450076,3,2,8,72,13,30.0,1,8,7,2013,18,5,9,0,0,1,1,1,2,1,2,3,0,1,1,0,0,0
201318450156,4,2,8,72,13,525.0,2,8,2,2013,10,0,14,0,0,1,1,1,0,0,2,3,1,1,7,0,0,0
201318450179,3,2,8,72,13,30.0,2,8,3,2013,15,30,12,7,0,1,1,1,2,4,2,3,0,1,1,0,0,0
201318450181,2,2,8,72,13,90.0,3,8,3,2013,12,36,12,7,0,1,1,1,4,7,2,3,0,1,1,0,0,0
201318450246,1,2,8,72,13,7.5,2,8,7,2013,15,0,14,0,0,1,1,1,4,1,2,3,1,1,7,0,0,0
201318450251,4,2,7,72,13,350.0,2,8,1,2013,6,59,12,7,0,1,1,1,0,0,2,8,0,1,1,0,0,0
201318450258,1,2,7,72,13,2.0,3,8,2,2013,8,48,12,1,0,1,1,1,3,1,2,8,0,1,1,0,0,0
201318450289,5,2,7,72,13,90.0,4,8,4,2013,7,30,12,1,0,1,1,1,2,1,2,8,0,1,1,0,0,0
201318450319,3,2,7,72,13,20.0,2,8,6,2013,23,27,12,7,0,1,3,1,2,1,2,8,0,1,1,0,0,0
201318450347,4,2,8,72,13,525.0,2,8,2,2013,12,30,12,1,0,2,1,1,0,0,2,3,0,2,1,0,0,0
201318450426,3,2,8,72,13,30.0,1,8,6,2013,16,6,9,0,0,1,1,1,2,1,2,3,0,1,1,16,0,0
201318450521,4,2,8,72,13,525.0,1,8,1,2013,18,40,50,0,0,1,1,1,0,0,2,3,0,1,1,0,0,0
201318450524,2,2,8,72,13,90.0,2,8,2,2013,17,45,12,1,0,1,1,1,2,2,2,3,0,1,1,0,0,0
201318450603,2,2,8,72,13,90.0,2,8,6,2013,23,55,12,7,0,1,3,1,0,0,2,3,0,1,1,0,0,0
201318450608,5,2,8,72,13,135.0,2,8,7,2013,14,42,12,6,0,2,1,1,2,2,2,3,0,2,1,0,0,0
201318450629,6,2,7,72,13,210.0,3,8,2,2013,6,45,12,1,0,1,1,1,0,0,2,8,0,1,1,0,0,0
201318450697,4,2,7,72,13,350.0,2,8,7,2013,19,23,12,7,0,1,1,1,0,0,2,8,0,1,1,0,0,0
201318450728,4,2,8,72,13,525.0,2,8,2,2013,20,45,12,8,0,2,3,1,0,0,2,3,0,2,1,0,0,0
201318450783,3,2,8,72,13,30.0,1,8,4,2013,8,50,9,0,0,2,1,1,2,1,2,3,0,2,1,0,0,0
201318450810,4,2,8,72,13,525.0,2,8,5,2013,19,20,14,0,0,2,5,1,0,0,2,3,1,2,7,0,0,0
201318450848,2,2,8,72,13,90.0,3,8,7,2013,14,47,12,6,0,4,1,10,1,1,2,3,0,1,1,0,0,0
201318450873,2,2,7,72,13,60.0,2,8,2,2013,10,10,12,1,0,1,1,1,0,0,2,8,0,1,1,0,0,0
201318450982,6,2,8,72,13,315.0,2,9,3,2013,14,40,12,7,0,2,1,1,1,1,2,3,0,,1,0,0,0
201318450994,4,2,8,72,13,525.0,2,9,4,2013,14,30,12,7,0,2,1,1,0,0,2,3,0,2,1,0,0,0
201318451029,3,2,8,72,13,30.0,1,9,5,2013,13,9,8,0,0,4,1,1,2,1,2,3,0,1,1,0,0,0
201318451074,3,2,7,72,13,20.0,2,9,3,2013,5,58,12,1,0,1,1,1,2,1,2,8,0,1,1,0,0,0
201318451124,2,2,8,72,13,90.0,2,9,1,2013,15,50,12,6,0,2,1,1,2,2,2,3,0,3,1,0,0,0
201318451150,4,2,8,72,13,525.0,2,9,2,2013,15,7,14,0,0,1,1,1,0,0,2,3,1,1,7,0,0,0
201318451218,2,2,8,72,13,90.0,2,9,5,2013,14,45,12,1,0,1,1,1,0,0,2,3,0,1,1,0,0,0
201318451317,4,2,8,72,13,525.0,2,9,1,2013,10,0,12,7,0,2,1,2,0,0,2,3,0,2,1,0,0,0
201318451362,2,2,8,72,13,90.0,2,9,4,2013,6,35,12,6,0,2,4,1,1,1,2,3,0,2,1,0,0,0
201318451373,3,2,8,72,13,30.0,1,9,4,2013,17,30,8,0,0,2,1,2,2,1,2,3,0,2,1,0,0,0
201318451406,4,2,8,72,13,525.0,2,9,5,2013,17,30,12,1,0,2,1,1,0,0,2,3,0,2,1,0,0,0
201318451436,1,2,8,72,13,7.5,2,9,6,2013,15,20,12,6,0,2,1,1,3,4,2,3,0,,1,0,0,0
201318451470,4,2,7,72,13,350.0,3,9,2,2013,19,30,12,1,0,1,3,1,0,0,2,8,0,1,1,0,0,0
201318451604,4,2,8,72,13,525.0,2,9,3,2013,7,0,12,7,0,1,1,1,0,0,2,3,0,1,1,0,0,0
201318451645,2,2,8,72,13,90.0,1,9,4,2013,11,0,9,0,0,1,1,1,2,1,2,3,0,1,1,0,0,0
201318451660,3,2,8,72,13,30.0,1,9,5,2013,16,30,9,0,0,2,1,1,2,1,2,3,0,2,1,0,0,0
201318451723,4,2,8,72,13,525.0,1,9,6,2013,18,45,43,0,0,2,3,1,2,1,2,3,0,2,4,15,0,0
201318451820,1,2,7,72,13,2.0,2,9,1,2013,21,40,12,1,0,1,3,1,3,2,2,8,0,1,1,0,0,0
201318451911,3,2,8,72,13,30.0,1,10,3,2013,18,14,8,0,0,2,1,1,3,1,1,3,0,2,1,0,0,0
201318451926,4,2,8,72,13,525.0,2,10,3,2013,10,20,12,9,0,4,1,1,0,0,2,3,0,1,1,0,0,0
201318451953,5,2,7,72,13,90.0,2,10,4,2013,21,42,12,7,0,1,3,1,2,2,1,8,0,1,1,0,0,0
201318451955,1,2,8,72,13,7.5,3,10,4,2013,16,0,12,1,0,2,1,1,3,1,2,3,0,2,1,0,0,0
201318451999,3,2,8,72,13,30.0,2,10,5,2013,17,25,12,1,0,2,5,2,3,3,2,3,0,2,1,0,0,0
201318452004,4,2,7,72,13,350.0,2,10,5,2013,11,45,12,1,0,1,1,2,0,0,2,8,0,1,1,0,0,0
201318452076,3,2,8,72,13,30.0,1,10,1,2013,14,20,9,0,0,2,1,1,2,1,2,3,0,2,1,16,0,0
201318452079,1,2,8,72,13,7.5,2,10,1,2013,2,30,12,6,0,2,3,2,4,3,1,3,0,2,1,0,0,0
201318452089,2,2,8,72,13,90.0,2,10,1,2013,14,10,12,6,0,2,1,1,2,1,2,3,0,3,1,0,0,0
201318452100,4,2,8,72,13,525.0,2,10,2,2013,19,45,12,1,0,2,3,1,0,0,2,3,0,,1,0,0,0
201318452201,3,2,8,72,13,30.0,1,10,4,2013,14,20,9,0,0,1,1,1,2,1,1,3,0,1,1,0,0,0
201318452226,4,2,8,72,13,525.0,2,10,5,2013,15,0,12,1,0,1,1,1,0,0,2,3,0,1,1,0,0,0
201318452232,2,2,8,72,13,90.0,1,10,5,2013,19,26,50,0,0,1,1,1,0,0,2,3,0,1,1,0,0,0
201318452372,4,2,8,72,13,525.0,2,10,3,2013,14,35,12,7,0,1,1,1,0,0,2,3,0,1,1,0,0,0
201318452388,3,2,8,72,13,30.0,3,10,3,2013,7,25,12,1,0,2,1,1,2,1,2,3,0,2,1,0,0,0
201318452473,2,2,8,72,13,90.0,2,10,6,2013,14,50,12,7,0,1,1,1,0,0,2,3,0,1,1,0,0,0
201318452477,3,2,7,72,13,20.0,1,10,3,2013,15,35,25,0,0,1,1,2,2,1,2,8,0,1,4,0,0,0
201318452482,4,2,8,72,13,525.0,2,10,6,2013,9,0,14,0,0,1,1,1,0,0,2,3,1,1,7,0,0,0
201318452598,6,2,8,72,13,315.0,3,10,1,2013,9,35,12,6,0,2,1,1,0,0,2,3,0,2,1,0,0,0
201318452652,4,2,7,72,13,350.0,1,10,1,2013,21,35,25,0,1,19,3,2,0,0,2,8,0,1,3,0,0,0
201318452674,4,2,8,72,13,525.0,1,10,3,2013,1,50,50,0,0,1,3,1,0,0,2,3,0,1,1,0,0,0
201318452681,2,2,8,72,13,90.0,1,10,3,2013,8,45,50,0,0,1,1,1,0,0,2,3,0,1,1,0,0,0
201318452788,6,2,7,72,13,210.0,2,10,4,2013,8,15,12,7,0,1,1,1,0,0,2,8,0,1,1,0,0,0
201318452791,4,2,8,72,13,525.0,2,10,6,2013,15,13,12,1,0,2,1,1,0,0,2,3,0,2,1,0,0,0
201318452861,1,2,8,72,13,7.5,1,10,1,2013,3,10,30,0,0,1,3,1,4,1,2,3,0,1,4,0,0,0
201318452914,4,2,8,72,13,525.0,2,10,4,2013,17,30,12,1,1,18,1,2,0,0,2,3,0,1,1,0,0,0
201318452933,2,2,8,72,13,90.0,2,10,4,2013,19,0,12,7,0,1,3,1,0,0,2,3,0,1,1,0,0,0
201318452998,4,2,8,72,13,525.0,2,11,6,2013,13,30,12,7,0,2,1,1,0,0,2,3,0,2,1,0,0,0
201318453049,2,2,7,72,13,60.0,2,10,3,2013,5,19,12,1,1,5,3,1,0,0,2,8,0,1,1,0,0,0
201318453121,1,2,8,72,13,7.5,1,11,1,2013,23,28,30,0,0,1,3,1,4,1,2,3,0,1,4,0,0,0
201318453133,3,2,8,72,13,30.0,1,11,2,2013,13,15,8,0,0,2,1,1,2,1,2,3,0,3,1,16,0,0
201318453170,4,2,8,72,13,525.0,2,11,3,2013,22,10,12,6,0,2,3,2,0,0,2,3,0,2,1,0,0,0
201318453195,2,2,8,72,13,90.0,1,11,4,2013,10,15,40,0,0,2,1,2,0,0,2,3,0,,4,0,0,0
201318453253,4,2,8,72,13,525.0,2,11,6,2013,16,30,14,0,0,4,3,1,0,0,2,3,1,1,7,0,0,0
201318453265,5,2,8,72,13,135.0,2,11,6,2013,15,30,12,7,0,1,5,1,2,3,2,3,0,1,1,0,0,0
201318453339,4,2,7,72,13,350.0,1,11,4,2013,5,35,25,0,0,1,4,2,1,1,2,8,0,1,3,0,0,0
201318453431,3,2,8,72,13,30.0,1,11,3,2013,9,30,9,0,0,2,1,1,2,1,2,3,0,2,1,0,0,0
201318453446,2,2,8,72,13,90.0,2,11,3,2013,8,18,12,6,0,2,1,1,0,0,2,3,0,2,1,0,0,0
201318453450,4,2,8,72,13,525.0,2,11,3,2013,18,25,12,7,0,1,3,1,0,0,2,3,0,1,1,0,0,0
201318453533,4,2,8,72,13,525.0,2,11,6,2013,17,28,12,7,0,1,3,1,0,0,2,3,0,1,1,0,0,0
201318453633,2,2,8,72,13,90.0,2,11,2,2013,18,50,12,6,0,4,3,1,2,1,2,3,0,1,1,0,0,0
201318453681,3,2,8,72,13,30.0,1,11,3,2013,14,26,8,0,0,1,1,1,3,1,2,3,0,1,1,0,0,0
201318453696,4,2,8,72,13,525.0,2,11,4,2013,8,50,14,0,0,1,1,1,0,0,2,3,1,1,7,0,0,0
201318453773,2,2,8,72,13,90.0,3,11,6,2013,14,20,12,7,0,2,1,1,0,0,2,3,0,2,1,0,0,0
201318453822,4,2,8,72,13,525.0,2,11,7,2013,17,37,14,0,0,2,2,1,0,0,2,3,1,2,7,0,0,0
201318453874,3,2,7,72,13,20.0,2,11,6,2013,16,50,12,1,0,1,3,1,2,1,2,8,0,1,1,0,0,0
201318453993,4,2,8,72,13,525.0,2,11,3,2013,14,0,14,0,0,1,1,1,0,0,2,3,1,1,7,0,0,0
201318454001,2,2,8,72,13,90.0,2,11,3,2013,14,5,40,0,0,2,1,5,0,0,2,3,1,2,4,0,0,0
201318454017,3,2,8,72,13,30.0,1,11,4,2013,16,24,8,0,0,2,3,10,3,1,2,3,0,2,1,0,0,0
201318454057,1,2,8,72,13,7.5,2,11,6,2013,5,13,33,0,0,1,3,1,4,3,2,3,0,1,3,14,0,0
201318454064,1,2,8,72,13,7.5,2,11,6,2013,5,10,14,0,0,1,3,1,4,4,1,3,1,1,7,0,0,0
201318454073,2,2,8,72,13,90.0,4,11,7,2013,9,3,12,6,0,2,1,1,4,1,2,3,2,2,1,14,0,0
201318454091,1,2,7,72,13,2.0,2,11,1,2013,6,53,12,7,0,1,1,1,3,1,2,8,0,1,1,0,0,0
201318454102,4,2,7,72,13,350.0,3,11,3,2013,19,30,12,1,0,1,3,1,0,0,2,8,0,1,1,0,0,0
201318454137,5,2,7,72,13,90.0,1,11,5,2013,2,55,25,0,1,2,3,1,2,3,1,8,0,2,3,0,0,0
201318454178,3,2,8,72,13,30.0,2,12,1,2013,12,50,12,7,0,1,1,1,2,1,2,3,0,1,1,0,0,0
201318454186,4,2,8,72,13,525.0,2,12,2,2013,21,25,12,1,0,2,3,1,0,0,2,3,0,2,1,0,0,0
201318454199,1,2,8,72,13,7.5,1,12,2,2013,1,20,40,0,0,1,3,1,4,1,2,3,0,1,4,0,0,0
201318454267,3,2,8,72,13,30.0,1,12,5,2013,16,35,8,0,0,1,3,1,3,1,2,3,0,1,1,0,0,0
201318454270,2,2,8,72,13,90.0,2,12,5,2013,17,30,12,6,0,1,2,1,0,0,2,3,0,1,1,,,
201318454276,4,2,8,72,13,525.0,2,12,5,2013,14,28,12,11,0,4,1,1,0,0,2,3,0,1,1,0,0,0
201318454486,2,2,8,72,13,90.0,2,12,2,2013,9,48,12,6,0,2,1,4,0,0,2,3,0,2,1,0,0,0
201318454487,1,2,8,72,13,7.5,3,12,2,2013,14,51,12,6,0,1,1,4,4,4,1,3,0,1,1,0,0,0
201318454493,4,2,8,72,13,525.0,2,12,2,2013,16,45,12,7,0,1,3,4,0,0,2,3,0,1,1,0,0,0
201318454591,3,2,8,72,13,30.0,1,12,5,2013,11,55,8,0,0,2,1,1,4,1,1,3,0,2,1,0,0,0
201318454626,4,2,8,72,13,525.0,2,12,6,2013,12,45,12,7,0,2,1,1,0,0,2,3,0,2,1,0,0,0
201318454632,2,2,8,72,13,90.0,2,12,6,2013,13,45,12,1,0,1,1,1,0,0,2,3,0,1,1,0,0,0
201318454690,1,2,8,72,13,7.5,1,12,7,2013,0,55,42,0,0,1,3,4,4,1,2,3,0,1,5,0,0,0
201318454691,6,2,8,72,13,315.0,1,12,7,2013,2,15,25,0,0,1,3,4,0,0,2,3,0,1,3,0,0,0
201318454725,1,2,7,72,13,2.0,2,12,7,2013,16,54,12,1,1,18,3,1,3,3,1,8,0,1,1,0,0,0
201318454728,4,2,7,72,13,350.0,1,12,7,2013,10,15,39,0,1,5,1,4,0,0,2,8,0,1,4,0,0,0
201318454874,4,2,8,72,13,525.0,2,12,3,2013,22,15,12,6,0,2,3,1,0,0,2,3,0,2,1,0,0,0
201318454925,2,2,8,72,13,90.0,1,12,4,2013,10,20,50,0,0,1,1,1,0,0,2,3,0,1,1,0,0,0
201318455012,6,2,7,72,13,210.0,1,12,3,2013,6,50,25,0,0,1,3,1,0,0,2,8,0,1,3,0,0,0
201318455095,4,2,8,72,13,525.0,2,12,1,2013,2,0,12,7,0,2,3,2,0,0,2,3,0,2,1,0,0,0
201318455139,2,2,8,72,13,90.0,5,12,3,2013,4,0,14,0,0,1,3,4,5,1,1,3,4,1,7,14,0,0
201318455147,1,2,8,72,13,7.5,1,12,3,2013,23,15,1,0,0,1,3,8,4,2,1,3,0,1,3,0,0,0
201318455171,3,2,8,72,13,30.0,1,12,5,2013,16,40,8,0,0,1,3,1,4,2,2,3,0,1,1,0,0,0
201318455189,4,2,8,72,13,525.0,2,12,6,2013,14,35,12,11,0,4,1,1,0,0,2,3,0,1,1,0,0,0
201318455203,1,2,8,72,13,7.5,3,12,7,2013,23,50,30,0,0,1,2,1,4,2,2,3,2,1,4,14,0,0