CASENUM,STRATUM,REGION,PJ,PSU,PSUSTRAT,WEIGHT,VE_TOTAL,MONTH,WKDY_IM,YEAR,HOUR_IM,MINUTE_IM,EVENT1_IM,MANCOL_IM,RELJCT1_IM,RELJCT2_IM,LGTCON_IM,WEATHR_IM,MAXSEV_IM,NO_INJ_IM,ALCHL_IM,LAND_USE,PVH_INVL,TYP_INT,REL_ROAD,CF1,CF2,CF3
201318910110,3,2,9,73,5,21.642927,2,1,4,2013,13,14,12,1,0,2,1,1,2,1,2,1,0,2,1,28,0,0
201318910161,1,2,2,73,5,5.4903,3,1,4,2013,4,52,12,2,0,1,3,1,3,3,2,3,0,1,1,0,0,0
201318910280,5,2,5,73,5,91.13233,2,1,7,2013,15,11,12,1,0,1,1,4,2,1,2,2,0,1,1,0,0,0
201318910290,1,2,5,73,5,10.125815,2,1,4,2013,13,0,12,6,0,2,1,1,3,1,2,2,0,2,1,0,0,0
201318910294,4,2,5,73,5,354.40353,2,1,5,2013,12,5,12,1,0,1,1,10,0,0,2,2,0,1,1,0,0,0
201318910315,4,2,10,73,5,351.17557,2,1,4,2013,15,32,12,7,0,1,1,1,0,0,2,1,0,1,1,0,0,0
201318910333,6,2,2,73,5,208.6314,2,1,1,2013,0,55,14,0,0,1,3,10,2,1,2,3,1,1,7,0,0,0
201318910343,4,2,2,73,5,351.3792,2,1,2,2013,15,24,12,1,0,2,1,10,0,0,2,3,0,,1,0,0,0
201318910437,1,2,1,73,5,5.4903,1,1,5,2013,22,45,43,0,0,2,3,2,3,1,1,3,0,4,4,0,0,0
201318910474,6,2,4,73,5,208.6314,2,1,1,2013,14,40,12,7,0,1,1,10,0,0,2,1,0,1,1,0,0,0
201318910475,5,2,3,73,5,87.8448,2,1,1,2013,17,43,12,1,0,1,2,1,2,1,2,8,0,1,1,0,0,0
201318910500,6,2,5,73,5,212.64212,2,1,6,2013,13,59,12,1,0,1,1,10,0,0,2,2,0,1,1,0,0,0
201318910528,1,2,5,73,5,10.125815,2,1,2,2013,16,55,12,2,0,2,1,1,3,2,2,2,0,2,1,0,0,0
201318910540,5,2,2,73,5,87.8448,4,1,7,2013,19,31,14,0,0,1,3,2,2,1,2,3,3,1,7,14,0,0
201318910568,3,2,10,73,5,31.92505,2,1,5,2013,17,12,12,1,0,2,3,2,2,1,2,1,0,2,1,0,0,0
201318910575,3,2,10,73,5,31.92505,2,1,1,2013,19,28,12,6,0,4,3,1,2,1,2,1,0,1,1,0,0,0
201318910580,4,2,10,73,5,351.17557,2,1,4,2013,17,3,12,1,0,1,3,1,0,0,2,1,0,1,1,0,0,0
201318910643,4,2,5,73,5,354.40353,2,1,5,2013,8,17,12,7,0,1,1,4,0,0,2,2,0,1,1,0,0,0
201318910656,6,2,10,73,5,223.47536,2,1,6,2013,18,20,12,1,0,2,3,1,0,0,2,1,0,3,1,0,0,0
201318910662,4,2,10,73,5,351.17557,2,1,5,2013,8,20,12,1,0,2,1,4,0,0,2,1,0,2,1,0,0,0
201318910711,4,2,2,73,5,351.3792,2,1,4,2013,16,58,14,0,0,4,3,1,0,0,2,3,1,1,7,0,0,0
201318910718,3,2,1,73,5,21.9612,1,1,6,2013,15,55,8,0,0,2,1,1,2,2,2,3,0,2,1,0,0,0
201318910720,6,2,1,73,5,208.6314,2,1,2,2013,6,24,12,6,1,2,1,1,0,0,2,3,0,2,1,0,0,0
201318910777,3,2,2,73,5,21.9612,1,1,5,2013,8,24,8,0,0,1,1,11,2,1,2,3,0,1,1,21,0,0
201318910840,4,2,1,73,5,351.3792,2,1,5,2013,8,35,12,6,0,2,1,4,0,0,2,3,0,2,1,0,0,0
201318910868,6,2,3,73,5,208.6314,1,1,1,2013,18,53,42,0,0,1,3,3,0,0,2,8,0,1,4,0,0,0
201318910869,1,2,3,73,5,5.4903,1,1,1,2013,6,57,25,0,0,1,1,1,3,1,2,8,0,1,3,0,0,0
201318910877,1,2,3,73,5,5.4903,2,1,4,2013,10,15,42,0,0,1,1,10,4,3,1,8,1,1,4,20,14,0
201318910904,2,2,4,73,5,60.3933,2,1,5,2013,5,0,12,1,0,1,2,11,1,1,2,1,0,1,1,0,0,0
201318910916,4,2,4,73,5,351.3792,2,1,5,2013,9,15,12,7,0,1,1,4,0,0,2,1,0,1,1,0,0,0
201318910934,3,2,5,73,5,20.25163,2,1,4,2013,16,43,12,1,0,1,1,10,2,2,2,2,0,1,1,0,0,0
201318910947,1,2,5,73,5,10.125815,1,1,2,2013,7,45,19,0,0,1,1,10,3,1,2,2,0,1,4,0,0,0
201318910959,1,2,9,73,5,21.642927,1,1,7,2013,17,33,42,0,0,1,2,1,3,2,1,1,0,1,4,0,0,0
201318910960,6,2,9,73,5,216.42928,2,1,7,2013,20,49,12,6,0,2,3,10,0,0,2,1,0,2,1,0,0,0
201318910962,4,2,9,73,5,346.28683,2,1,2,2013,15,0,12,6,0,2,1,2,0,0,2,1,0,2,1,0,0,0
201318910968,3,2,10,73,5,31.92505,2,1,6,2013,17,25,12,1,0,1,3,1,2,1,2,1,0,1,1,0,0,0
201318910973,5,2,10,73,5,95.775154,2,1,2,2013,13,26,12,6,0,2,1,10,2,1,2,1,0,2,1,0,0,0
201318910979,1,2,2,73,5,5.4903,2,1,5,2013,18,36,12,2,0,1,2,1,3,1,1,3,0,1,1,0,0,0
201318910992,4,2,2,73,5,351.3792,2,2,7,2013,11,25,12,1,0,2,1,4,0,0,2,3,0,2,1,0,0,0
201318911036,6,2,2,73,5,208.6314,2,2,5,2013,5,8,12,1,0,1,3,2,0,0,2,3,0,1,1,0,0,0
201318911041,1,2,3,73,5,5.4903,1,2,7,2013,3,41,35,0,0,1,3,3,3,1,1,8,0,1,5,0,0,0
201318911048,1,2,3,73,5,5.4903,1,2,2,2013,1,0,42,0,0,1,2,4,4,3,2,8,0,1,5,0,0,0
201318911053,2,2,3,73,5,60.3933,2,2,4,2013,3,20,12,1,0,1,2,1,2,2,2,8,0,1,1,0,0,0
201318911055,1,2,3,73,5,5.4903,1,2,4,2013,14,42,17,0,0,1,1,1,3,1,2,8,0,1,4,0,0,0
201318911120,6,2,4,73,5,208.6314,1,2,7,2013,9,21,25,0,0,1,1,4,0,0,2,1,0,1,3,0,0,0
201318911162,1,2,5,73,5,10.125815,2,2,7,2013,18,10,12,2,0,2,3,4,3,1,1,2,0,3,1,0,0,0
201318911171,4,2,5,73,5,354.40353,2,2,3,2013,17,56,12,1,1,2,3,10,0,0,2,2,0,3,1,0,0,0
201318911186,1,2,9,73,5,21.642927,1,2,1,2013,21,10,24,0,0,1,3,1,3,1,1,1,0,1,4,0,0,0
201318911191,1,2,10,73,5,31.92505,2,1,2,2013,8,57,12,2,0,1,1,10,4,1,2,1,0,1,1,0,0,0
201318911192,2,2,10,73,5,63.8501,2,1,3,2013,6,20,12,7,0,4,3,1,2,1,2,1,0,1,1,0,0,0
201318911197,6,2,10,73,5,223.47536,2,2,2,2013,16,37,12,1,0,2,1,1,0,0,2,1,0,2,1,0,0,0
201318911201,4,2,10,73,5,351.17557,2,2,4,2013,16,42,12,6,0,4,1,1,0,0,2,1,0,1,1,0,0,0
201318911244,3,2,1,73,5,21.9612,2,2,7,2013,12,40,12,1,0,2,1,10,2,1,2,3,0,2,1,0,0,0
201318911252,4,2,1,73,5,351.3792,2,2,4,2013,7,24,12,7,0,1,1,1,0,0,2,3,0,1,1,0,0,0
201318911278,1,2,3,73,5,5.4903,2,2,2,2013,20,12,12,1,1,18,3,10,3,2,1,8,0,1,1,0,0,0
201318911280,4,2,3,73,5,351.3792,2,2,2,2013,20,14,12,7,1,18,3,10,2,2,1,8,0,1,1,0,0,0
201318911338,4,2,2,73,5,351.3792,2,2,4,2013,14,4,12,7,0,2,1,1,0,0,2,3,0,3,1,0,0,0
201318911361,2,2,4,73,5,60.3933,1,2,7,2013,5,44,51,0,0,1,2,11,0,0,2,1,0,1,1,0,0,0
201318911407,5,2,9,73,5,86.57171,2,2,5,2013,14,48,12,6,0,2,1,1,2,2,2,1,0,,1,0,0,0
201318911412,3,2,9,73,5,21.642927,2,2,2,2013,14,36,12,1,0,2,1,10,2,1,2,1,0,3,1,0,0,0
201318911453,5,2,2,73,5,87.8448,1,2,1,2013,3,19,18,0,0,1,3,10,2,3,2,3,0,1,7,0,0,0
201318911509,1,2,3,73,5,5.4903,2,2,1,2013,16,10,12,6,0,2,1,1,3,4,2,8,0,3,1,0,0,0
201318911522,6,2,3,73,5,208.6314,2,2,5,2013,18,20,12,1,0,2,3,1,0,0,2,8,0,3,1,0,0,0
201318911536,4,2,4,73,5,351.3792,2,2,5,2013,4,45,12,7,0,1,2,10,0,0,2,1,0,1,1,0,0,0
201318911555,1,2,5,73,5,10.125815,2,2,7,2013,20,19,12,2,0,1,3,1,3,1,1,2,0,1,1,0,0,0
201318911556,5,2,5,73,5,91.13233,2,2,1,2013,12,10,12,6,0,2,1,1,2,1,2,2,0,2,1,0,0,0
201318911572,6,2,9,73,5,216.42928,2,2,3,2013,10,25,12,6,0,2,1,4,0,0,2,1,0,,1,0,0,0
201318911604,5,2,3,73,5,87.8448,2,2,6,2013,10,41,12,6,0,1,1,1,2,2,2,8,0,1,1,0,0,0
201318911616,1,2,3,73,5,5.4903,2,2,1,2013,12,42,12,2,0,1,1,1,3,5,2,8,0,1,1,0,0,0
201318911670,4,2,2,73,5,351.3792,2,2,4,2013,21,25,12,1,0,2,3,3,0,0,2,3,0,2,1,0,0,0
201318911725,2,2,4,73,5,60.3933,2,2,5,2013,7,30,12,7,0,1,1,10,0,0,2,1,0,1,1,0,0,0
201318911734,6,2,4,73,5,208.6314,1,2,6,2013,8,5,31,0,0,1,1,10,0,0,2,1,0,1,4,0,0,0
201318911757,6,2,5,73,5,212.64212,1,2,6,2013,18,31,25,0,0,1,3,10,0,0,2,2,0,1,3,0,0,0
201318911762,4,2,5,73,5,354.40353,2,2,2,2013,11,1,12,11,0,2,1,1,0,0,2,2,0,2,1,0,0,0
201318911764,1,2,5,73,5,10.125815,2,2,3,2013,18,41,12,6,0,4,5,4,3,1,2,2,0,1,1,0,0,0
201318911778,3,2,9,73,5,21.642927,2,2,5,2013,11,31,12,1,0,2,1,10,2,1,2,1,0,2,1,0,0,0
201318911785,4,2,10,73,5,351.17557,2,2,7,2013,19,13,14,0,0,1,2,10,0,0,2,1,1,1,7,0,0,0
201318911835,5,2,1,73,5,87.8448,2,2,5,2013,14,50,12,6,0,4,1,1,2,2,2,3,0,1,1,0,0,0
201318911845,4,2,1,73,5,351.3792,2,3,6,2013,14,41,12,1,0,1,1,1,0,0,2,3,0,1,1,0,0,0
201318911877,6,2,2,73,5,208.6314,2,3,2,2013,11,26,12,1,0,2,1,1,2,1,2,3,0,2,1,0,0,0
201318911929,5,2,4,73,5,87.8448,1,2,1,2013,17,22,7,0,0,1,3,1,2,6,2,1,0,1,1,0,0,0
201318911941,3,2,4,73,5,21.9612,2,3,6,2013,5,45,12,1,1,2,1,4,2,5,2,1,0,2,1,0,0,0
201318911963,2,2,4,73,5,60.3933,1,3,6,2013,2,54,25,0,0,1,2,3,2,1,2,1,0,1,3,0,0,0
201318911988,1,2,5,73,5,10.125815,3,3,6,2013,6,42,12,6,0,1,1,4,3,2,2,2,0,1,1,0,0,0
201318911991,3,2,5,73,5,20.25163,2,3,7,2013,10,14,12,1,1,2,1,1,2,1,2,2,0,,1,0,0,0
201318912002,3,2,5,73,5,20.25163,2,3,3,2013,16,7,12,1,0,2,1,4,0,0,2,2,0,,1,0,0,0
201318912022,4,2,9,73,5,346.28683,2,3,7,2013,11,45,12,1,0,1,1,10,1,1,2,1,0,1,1,0,0,0
201318912028,4,2,10,73,5,351.17557,1,3,1,2013,9,20,38,0,0,2,1,1,0,0,2,1,0,3,5,0,0,0
201318912029,3,2,10,73,5,31.92505,1,3,1,2013,13,43,1,0,0,1,1,1,3,1,2,1,0,1,1,0,0,0
201318912037,6,2,10,73,5,223.47536,2,3,3,2013,18,0,12,6,0,1,3,11,0,0,2,1,0,1,1,0,0,0
201318912039,3,2,10,73,5,31.92505,2,3,4,2013,12,55,12,1,0,4,1,1,2,1,2,1,0,1,1,0,0,0
201318912079,1,2,1,73,5,5.4903,2,3,3,2013,13,3,12,6,0,2,1,1,3,3,2,3,0,2,1,0,0,0
201318912102,4,2,2,73,5,351.3792,1,3,2,2013,5,31,40,0,0,2,3,10,0,0,2,3,0,2,4,0,0,0
201318912135,4,2,4,73,5,351.3792,1,3,6,2013,2,45,25,0,0,1,3,3,0,0,2,1,0,1,3,0,0,0
201318912171,4,2,5,73,5,354.40353,2,3,4,2013,17,30,12,1,0,2,1,10,0,0,2,2,0,3,1,0,0,0
201318912185,3,2,5,73,5,20.25163,2,3,3,2013,15,14,12,7,1,17,1,1,2,1,2,2,0,1,1,0,0,0
201318912196,5,2,9,73,5,86.57171,2,3,7,2013,19,14,12,7,0,1,3,1,2,1,2,1,0,1,1,0,0,0
201318912204,4,2,10,73,5,351.17557,2,3,2,2013,11,13,12,6,0,2,1,10,0,0,2,1,0,2,1,0,0,0
201318912242,3,2,2,73,5,21.9612,2,3,6,2013,16,43,12,6,0,2,1,2,2,1,2,3,0,2,1,0,0,0
201318912291,1,2,3,73,5,5.4903,2,3,1,2013,5,12,12,1,0,1,2,1,4,1,1,8,0,1,1,0,0,0
201318912322,1,2,3,73,5,5.4903,2,3,2,2013,15,19,12,2,0,1,1,1,4,2,2,8,0,1,1,0,0,0
201318912323,4,2,3,73,5,351.3792,2,3,5,2013,14,0,12,1,0,2,1,1,0,0,2,8,0,,1,0,0,0
201318912341,6,2,4,73,5,208.6314,3,3,2,2013,6,50,12,2,0,1,4,2,2,1,2,1,0,1,1,0,0,0
201318912352,6,2,5,73,5,212.64212,2,3,1,2013,22,0,12,1,0,2,3,10,0,0,2,2,0,3,1,0,0,0
201318912360,5,2,5,73,5,91.13233,2,3,3,2013,8,54,12,6,0,2,1,1,2,1,2,2,0,2,1,0,0,0
201318912376,5,2,10,73,5,95.775154,2,3,2,2013,12,35,12,6,0,4,1,10,2,1,2,1,0,1,11,0,0,0
201318912385,4,2,10,73,5,351.17557,2,3,4,2013,16,56,12,6,0,4,1,1,0,0,2,1,0,1,1,0,0,0
201318912386,6,2,10,73,5,223.47536,2,3,5,2013,18,10,12,6,0,2,5,1,0,0,2,1,0,2,1,0,0,0
201318912423,4,2,2,73,5,351.3792,2,3,4,2013,17,47,12,6,0,4,1,10,0,0,2,3,0,1,1,0,0,0
201318912436,6,2,1,73,5,208.6314,1,3,7,2013,12,15,30,0,0,1,1,10,0,0,2,3,0,1,4,0,0,0
201318912442,3,2,1,73,5,21.9612,1,3,2,2013,19,40,9,0,0,2,3,10,2,1,2,3,0,2,1,0,0,0
201318912459,4,2,1,73,5,351.3792,2,3,2,2013,15,15,14,0,0,1,1,1,0,0,2,3,1,1,7,0,0,0
201318912465,1,2,1,73,5,5.4903,1,3,2,2013,6,40,42,0,0,1,4,3,3,1,2,3,0,1,6,0,0,0
201318912482,6,2,3,73,5,208.6314,2,3,1,2013,22,32,12,6,0,2,2,4,0,0,2,8,0,3,1,0,0,0
201318912487,5,2,3,73,5,87.8448,1,3,2,2013,10,19,30,0,0,1,1,4,2,1,2,8,0,1,4,0,0,0
201318912504,2,2,4,73,5,60.3933,2,3,7,2013,19,58,12,7,1,18,3,1,2,2,2,1,0,1,1,0,0,0
201318912581,4,2,5,73,5,354.40353,2,3,4,2013,7,17,12,1,0,2,1,1,0,0,2,2,0,,1,0,0,0
201318912585,6,2,9,73,5,216.42928,4,3,3,2013,14,45,12,6,0,4,1,10,0,0,2,1,0,1,1,14,0,0
201318912620,2,2,4,73,5,60.3933,2,3,1,2013,22,30,12,7,0,1,2,11,0,0,2,1,0,1,1,0,0,0
201318912661,3,2,1,73,5,21.9612,2,4,3,2013,5,10,12,1,1,2,3,1,2,1,2,3,0,,1,0,0,0
201318912696,6,2,2,73,5,208.6314,2,4,3,2013,5,35,12,1,0,2,3,1,0,0,2,3,0,3,1,0,0,0
201318912697,3,2,2,73,5,21.9612,2,4,2,2013,11,33,12,1,0,2,1,1,2,1,2,3,0,2,1,0,0,0
201318912710,1,2,3,73,5,5.4903,1,4,2,2013,10,45,39,0,1,2,1,1,3,1,1,8,0,3,4,0,0,0
201318912734,5,2,9,73,5,86.57171,1,4,3,2013,4,0,31,0,0,1,2,1,2,2,1,1,0,1,4,0,0,0
201318912738,3,2,10,73,5,31.92505,2,3,5,2013,10,5,12,1,0,2,1,1,2,1,2,1,0,3,1,0,0,0
201318912810,1,2,4,73,5,5.4903,1,3,7,2013,3,40,1,0,0,5,3,1,3,1,1,1,0,1,4,0,0,0
201318912811,4,2,4,73,5,351.3792,1,3,7,2013,14,10,25,0,0,1,1,1,0,0,2,1,0,1,3,0,0,0
201318912823,1,2,4,73,5,5.4903,1,4,4,2013,23,31,25,0,0,1,3,2,3,1,2,1,0,1,3,0,0,0
201318912830,1,2,2,73,5,5.4903,1,4,5,2013,4,17,33,0,0,2,3,1,3,1,2,3,0,2,3,0,0,0
201318912854,3,2,5,73,5,20.25163,2,4,6,2013,16,33,12,1,0,2,1,1,2,1,2,2,0,,1,0,0,0
201318912856,1,2,5,73,5,10.125815,1,4,6,2013,23,39,42,0,0,2,3,1,3,1,1,2,0,,6,0,0,0
201318912865,3,2,5,73,5,20.25163,2,4,6,2013,13,12,12,6,0,2,1,1,2,1,2,2,0,3,1,0,0,0
201318912875,3,2,9,73,5,21.642927,2,4,1,2013,15,40,12,6,0,2,1,1,2,1,2,1,0,3,1,0,0,0
201318912878,3,2,9,73,5,21.642927,2,4,4,2013,22,20,12,1,0,2,3,2,2,1,2,1,0,2,1,0,0,0
201318912880,4,2,10,73,5,351.17557,2,4,5,2013,15,10,12,1,0,2,1,1,0,0,2,1,0,,1,0,0,0
201318912898,4,2,2,73,5,351.3792,2,4,6,2013,8,31,12,1,0,4,1,10,0,0,2,3,0,1,1,0,0,0
201318912919,3,2,2,73,5,21.9612,2,4,7,2013,20,56,12,1,0,2,3,1,2,1,2,3,0,2,1,0,0,0
201318912941,3,2,3,73,5,21.9612,2,4,6,2013,12,30,12,1,0,4,1,2,2,1,2,8,0,1,1,0,0,0
201318912943,1,2,3,73,5,5.4903,1,4,7,2013,2,1,1,0,0,1,2,1,3,1,2,8,0,1,6,0,0,0
201318912958,4,2,5,73,5,354.40353,2,4,6,2013,18,19,12,1,1,2,1,10,0,0,2,2,0,,1,0,0,0
201318912976,3,2,5,73,5,20.25163,2,4,3,2013,15,55,12,1,0,2,1,10,2,1,2,2,0,3,1,0,0,0
201318912977,5,2,5,73,5,91.13233,2,4,3,2013,16,51,12,6,0,2,1,10,2,2,2,2,0,3,1,0,0,0
201318912984,6,2,9,73,5,216.42928,1,4,2,2013,13,30,34,0,0,1,1,10,0,0,2,1,0,1,4,0,0,0
201318912994,3,2,9,73,5,21.642927,2,4,5,2013,12,42,12,1,0,2,1,2,2,2,2,1,0,2,1,0,0,0
201318913027,3,2,4,73,5,21.9612,1,4,4,2013,0,5,1,0,1,5,3,1,3,1,1,1,0,1,4,0,0,0
201318913096,2,2,4,73,5,60.3933,2,3,7,2013,13,55,12,1,0,5,1,1,2,1,2,1,0,1,1,0,0,0
201318913103,1,2,4,73,5,5.4903,1,4,7,2013,21,55,1,0,0,1,3,1,3,1,1,1,0,1,3,0,0,0
201318913155,5,2,2,73,5,87.8448,2,4,3,2013,16,35,12,6,0,2,1,2,1,2,2,3,0,2,1,0,0,0
201318913166,3,2,2,73,5,21.9612,2,4,4,2013,16,3,12,1,0,1,1,1,2,1,2,3,0,1,1,0,0,0
201318913173,4,2,2,73,5,351.3792,2,4,5,2013,8,50,14,0,0,4,1,1,0,0,2,3,1,1,5,0,0,0
201318913180,4,2,1,73,5,351.3792,2,4,1,2013,21,8,12,6,1,2,3,1,0,0,2,3,0,3,1,0,0,0
201318913222,1,2,3,73,5,5.4903,1,4,1,2013,16,23,1,0,0,1,1,1,3,2,2,8,0,1,4,0,0,0
201318913224,1,2,3,73,5,5.4903,2,4,2,2013,6,45,24,0,0,1,1,1,3,2,2,8,0,1,4,0,0,0
201318913237,1,2,3,73,5,5.4903,1,4,1,2013,16,45,42,0,0,1,1,1,4,2,2,8,0,1,4,0,0,0
201318913241,6,2,5,73,5,212.64212,2,4,6,2013,7,22,12,6,0,2,4,10,0,0,2,2,0,2,1,0,0,0
201318913266,3,2,9,73,5,21.642927,2,4,5,2013,14,19,12,8,0,2,1,2,2,1,2,1,0,3,1,0,0,0
201318913267,5,2,9,73,5,86.57171,2,4,5,2013,20,31,12,6,0,4,2,2,2,6,2,1,0,1,1,0,0,0
201318913274,1,2,9,73,5,21.642927,1,4,7,2013,3,13,34,0,0,1,3,1,3,1,1,1,0,1,4,0,0,0
201318913278,4,2,10,73,5,351.17557,2,4,5,2013,15,38,12,6,0,1,1,2,0,0,2,1,0,1,1,0,0,0
201318913281,6,2,10,73,5,223.47536,2,4,5,2013,17,7,12,6,0,2,1,2,0,0,2,1,0,3,1,0,0,0
201318913290,3,2,10,73,5,31.92505,2,4,1,2013,12,55,12,1,0,2,1,1,2,1,2,1,0,2,1,0,0,0
201318913292,4,2,10,73,5,351.17557,1,4,2,2013,15,0,8,0,0,1,1,1,0,0,2,1,0,1,1,0,0,0
201318913330,3,2,2,73,5,21.9612,2,4,7,2013,17,32,1,0,0,2,1,10,3,1,2,3,0,2,1,0,0,0
201318913392,4,2,5,73,5,354.40353,2,4,2,2013,8,23,12,1,0,1,1,1,0,0,2,2,0,1,1,0,0,0
201318913403,4,2,9,73,5,346.28683,2,4,2,2013,20,46,12,1,0,2,3,1,0,0,2,1,0,3,1,0,0,0
201318913405,6,2,9,73,5,216.42928,2,5,4,2013,12,1,12,6,0,4,1,1,2,1,2,1,0,1,1,0,0,0
201318913413,4,2,10,73,5,351.17557,2,4,3,2013,15,0,12,7,0,4,1,1,0,0,2,1,0,1,1,0,0,0
201318913415,5,2,10,73,5,95.775154,2,5,4,2013,17,3,12,2,0,1,1,1,2,2,2,1,0,1,1,0,0,0
201318913445,2,2,1,73,5,60.3933,2,4,4,2013,8,57,12,6,0,2,1,1,0,0,2,3,0,2,1,0,0,0
201318913469,5,2,1,73,5,87.8448,2,4,3,2013,11,21,12,6,0,2,1,1,2,1,2,3,0,2,1,0,0,0
201318913472,3,2,1,73,5,21.9612,2,4,3,2013,23,0,12,2,0,4,3,1,2,1,2,3,0,1,1,0,0,0
201318913494,1,2,4,73,5,5.4903,2,4,1,2013,2,40,12,1,0,1,2,2,3,2,1,1,0,1,1,0,0,0
201318913498,3,2,2,73,5,21.9612,1,5,5,2013,8,30,8,0,0,2,1,1,2,1,2,3,0,2,1,21,0,0
201318913539,3,2,2,73,5,21.9612,1,5,3,2013,16,36,9,0,0,1,1,1,2,1,2,3,0,1,1,0,0,0
201318913545,6,2,2,73,5,208.6314,2,5,4,2013,17,30,12,6,0,4,1,1,2,1,2,3,0,1,1,0,0,0
201318913555,3,2,4,73,5,21.9612,2,4,6,2013,9,25,12,1,1,2,1,1,2,1,2,1,0,3,1,0,0,0
201318913556,6,2,4,73,5,208.6314,2,4,6,2013,15,25,12,1,0,1,1,1,1,1,2,1,0,1,1,0,0,0
201318913574,1,2,1,73,5,5.4903,1,4,1,2013,15,45,40,0,0,1,1,10,4,4,2,3,0,1,4,0,0,0
201318913585,4,2,1,73,5,351.3792,2,5,6,2013,19,30,12,7,0,2,2,10,0,0,2,3,0,2,1,0,0,0
201318913590,1,2,2,73,5,5.4903,2,5,5,2013,1,39,12,8,0,1,3,1,4,6,1,3,0,1,1,0,0,0
201318913615,5,2,3,73,5,87.8448,2,5,3,2013,10,0,12,6,0,2,1,1,2,1,2,8,0,,1,0,0,0
201318913622,1,2,3,73,5,5.4903,1,5,1,2013,3,30,40,0,0,1,2,10,4,1,2,8,0,1,4,20,0,0
201318913624,6,2,3,73,5,208.6314,2,5,5,2013,6,31,12,1,0,1,1,1,0,0,2,8,0,1,1,0,0,0
201318913631,3,2,5,73,5,20.25163,1,5,6,2013,11,1,9,0,0,1,1,1,2,1,2,2,0,1,1,0,0,0
201318913636,3,2,5,73,5,20.25163,2,5,6,2013,10,25,12,1,0,2,1,2,2,1,2,2,0,2,1,0,0,0
201318913663,1,2,9,73,5,21.642927,1,5,6,2013,13,38,53,0,0,1,1,2,3,1,2,1,0,1,4,0,0,0
201318913681,4,2,10,73,5,351.17557,2,5,3,2013,14,0,12,1,0,4,1,1,0,0,2,1,0,1,1,0,0,0
201318913711,4,2,2,73,5,351.3792,2,5,1,2013,13,47,14,0,0,1,1,1,0,0,2,3,1,1,7,0,0,0
201318913732,3,2,2,73,5,21.9612,1,5,3,2013,19,18,9,0,0,1,1,1,2,1,2,3,0,1,1,16,0,0
201318913745,3,2,5,73,5,20.25163,2,5,6,2013,13,40,12,7,0,2,1,1,2,2,2,2,0,2,1,0,0,0
201318913749,3,2,5,73,5,20.25163,2,5,7,2013,15,6,12,1,0,1,1,1,2,1,2,2,0,1,1,0,0,0
201318913750,6,2,5,73,5,212.64212,2,5,7,2013,16,50,12,6,0,4,5,1,0,0,2,2,0,1,1,0,0,0
201318913752,1,2,5,73,5,10.125815,2,5,1,2013,15,40,12,6,0,2,1,1,2,1,2,2,0,,1,0,0,0
201318913754,5,2,5,73,5,91.13233,1,5,2,2013,20,35,1,0,0,1,2,1,2,1,1,2,0,1,1,0,0,0
201318913783,1,2,3,73,5,5.4903,1,5,7,2013,2,36,42,0,0,2,2,1,3,1,2,8,0,3,4,0,0,0
201318913786,4,2,3,73,5,351.3792,1,5,7,2013,17,47,11,0,0,1,1,1,0,0,2,8,0,1,1,0,0,0
201318913796,3,2,3,73,5,21.9612,1,5,4,2013,20,15,1,0,0,2,3,2,2,1,2,8,0,3,1,0,0,0
201318913807,3,2,9,73,5,21.642927,1,5,5,2013,22,4,1,0,0,2,3,2,3,1,1,1,0,3,1,0,0,0
201318913816,6,2,9,73,5,216.42928,2,5,5,2013,17,8,12,6,0,2,1,1,2,1,2,1,0,2,1,0,0,0
201318913839,5,2,10,73,5,95.775154,2,5,2,2013,10,42,12,6,0,2,1,1,1,1,2,1,0,2,1,0,0,0
201318913844,3,2,1,73,5,21.9612,2,5,3,2013,15,20,12,2,0,4,1,1,2,3,2,3,0,1,11,0,0,0
201318913860,1,2,1,73,5,5.4903,1,4,7,2013,1,35,30,0,0,1,3,1,3,4,1,3,0,1,4,0,0,0
201318913878,3,2,1,73,5,21.9612,2,5,1,2013,16,25,12,6,0,2,1,1,2,2,2,3,0,2,1,0,0,0
201318913896,4,2,4,73,5,351.3792,2,4,1,2013,4,10,12,7,1,18,2,2,0,0,2,1,0,1,1,0,0,0
201318913974,3,2,2,73,5,21.9612,2,5,6,2013,17,49,12,6,0,2,1,2,2,1,2,3,0,2,1,0,0,0
201318914042,4,2,5,73,5,354.40353,2,5,1,2013,19,5,12,1,0,2,1,1,0,0,2,2,0,2,1,0,0,0
201318914050,3,2,5,73,5,20.25163,2,5,2,2013,8,15,12,1,0,2,1,1,2,1,2,2,0,,1,0,0,0
201318914073,3,2,10,73,5,31.92505,2,5,6,2013,17,0,12,1,0,1,1,10,2,1,2,1,0,1,1,0,0,0
201318914074,4,2,10,73,5,351.17557,2,5,6,2013,17,25,12,1,0,2,1,2,0,0,2,1,0,3,1,0,0,0
201318914079,6,2,10,73,5,223.47536,2,5,4,2013,7,30,12,1,0,1,1,2,0,0,2,1,0,1,1,0,0,0
201318914112,4,2,2,73,5,351.3792,2,5,7,2013,13,42,12,6,0,4,1,1,0,0,2,3,0,1,1,0,0,0