CASENUM,STRATUM,REGION,PJ,PSU,PSUSTRAT,WEIGHT,VE_TOTAL,MONTH,WKDY_IM,YEAR,HOUR_IM,MINUTE_IM,EVENT1_IM,MANCOL_IM,RELJCT1_IM,RELJCT2_IM,LGTCON_IM,WEATHR_IM,MAXSEV_IM,NO_INJ_IM,ALCHL_IM,LAND_USE,PVH_INVL,TYP_INT,REL_ROAD,CF1,CF2,CF3
201319301177,1,2,2,74,4,4.1758,1,7,3,2013,13,27,42,0,0,1,1,1,3,1,2,8,0,1,4,0,0,0
201319301179,1,2,2,74,4,4.1758,2,7,2,2013,20,55,12,6,0,2,5,1,3,2,2,8,0,2,1,0,0,0
201319301187,1,2,2,74,4,4.1758,2,7,3,2013,17,0,12,6,0,2,1,1,4,1,2,8,0,2,1,0,0,0
201319301212,3,2,9,74,4,20.879,2,7,4,2013,19,9,1,0,0,1,1,1,3,1,2,3,0,1,1,0,0,0
201319301258,1,2,9,74,4,4.1758,3,7,3,2013,12,43,12,7,0,1,1,1,3,4,2,3,0,1,1,0,0,0
201319301260,2,2,9,74,4,58.4612,2,7,3,2013,11,5,12,7,0,1,1,1,0,0,2,3,0,1,1,0,0,0
201319301351,5,2,9,74,4,91.8676,2,7,7,2013,11,15,12,6,0,2,1,1,2,1,2,3,0,2,1,0,0,0
201319301360,2,2,1,74,4,58.4612,2,7,6,2013,12,19,12,6,0,2,1,10,1,1,2,3,0,2,1,0,0,0
201319301361,1,2,1,74,4,4.1758,1,7,1,2013,4,15,31,0,1,5,3,1,3,1,2,3,0,1,4,0,0,0
201319301364,5,2,1,74,4,91.8676,1,7,1,2013,19,0,24,0,1,5,1,10,1,3,2,3,0,1,4,0,0,0
201319301370,3,2,1,74,4,20.879,1,7,1,2013,14,10,8,0,0,1,1,1,2,1,2,3,0,1,1,0,0,0
201319301420,1,2,3,74,4,4.1758,3,7,2,2013,17,40,12,6,0,2,1,1,3,2,2,1,0,3,1,0,0,0
201319301438,3,2,9,74,4,20.879,1,7,6,2013,18,59,9,0,0,2,1,1,2,1,2,3,0,2,1,16,0,0
201319301529,4,2,1,74,4,350.7672,1,8,2,2013,21,12,40,0,0,2,3,10,1,1,2,3,0,,4,0,0,0
201319301559,3,2,9,74,4,20.879,1,8,6,2013,13,6,9,0,0,1,1,1,2,1,2,3,0,1,1,0,0,0
201319301579,1,2,9,74,4,4.1758,1,8,3,2013,1,34,59,0,0,2,3,1,3,1,2,3,0,3,4,0,0,0
201319301582,6,2,9,74,4,208.79,2,8,3,2013,18,42,12,6,0,2,1,10,0,0,2,3,0,2,1,0,0,0
201319301629,6,2,1,74,4,208.79,1,8,4,2013,7,26,33,0,0,1,1,10,0,0,2,3,0,1,4,0,0,0
201319301630,5,2,1,74,4,91.8676,2,8,4,2013,8,41,12,6,0,2,1,10,1,1,2,3,0,3,1,0,0,0
201319301691,6,2,4,74,4,208.79,2,7,3,2013,17,10,12,1,0,1,1,1,0,0,2,8,0,1,1,28,0,0
201319301724,3,2,9,74,4,20.879,2,8,7,2013,1,0,14,0,0,1,3,1,2,1,1,3,1,1,7,0,0,0
201319301779,3,2,1,74,4,20.879,1,8,6,2013,22,0,8,0,0,1,3,1,3,1,1,3,0,1,1,0,0,0
201319301835,1,2,1,74,4,4.1758,3,8,7,2013,17,35,12,6,0,2,1,1,3,2,1,3,0,2,1,0,0,0
201319301853,1,2,1,74,4,4.1758,3,8,2,2013,6,40,12,7,1,18,1,1,3,1,2,3,0,1,1,0,0,0
201319301879,1,2,9,74,4,4.1758,2,8,1,2013,9,5,12,6,0,4,1,1,3,1,1,3,0,1,1,0,0,0
201319301880,5,2,9,74,4,91.8676,2,8,1,2013,11,0,12,6,0,2,1,1,1,4,2,3,0,2,1,0,0,0
201319301920,3,2,2,74,4,20.879,1,8,3,2013,15,50,8,0,0,1,1,1,2,1,2,8,0,1,1,0,0,0
201319301952,3,2,9,74,4,20.879,2,8,3,2013,17,19,1,0,0,1,1,1,3,1,2,3,0,1,1,0,0,0
201319301959,1,2,9,74,4,4.1758,4,8,3,2013,18,43,12,2,0,2,1,1,3,5,1,3,0,2,1,0,0,0
201319301980,6,2,9,74,4,208.79,3,8,5,2013,16,48,12,1,1,18,1,1,0,0,2,3,0,1,1,0,0,0
201319301988,1,2,9,74,4,4.1758,2,8,7,2013,16,10,12,11,0,2,1,1,3,1,2,3,0,3,1,0,0,0
201319302000,4,2,9,74,4,350.7672,2,8,7,2013,20,30,12,6,0,4,3,1,0,0,2,3,0,1,1,0,0,0
201319302021,3,2,9,74,4,20.879,2,8,2,2013,8,7,12,1,0,1,1,1,2,1,2,3,0,1,1,0,0,0
201319302057,5,2,1,74,4,91.8676,2,9,7,2013,11,35,12,6,1,2,1,10,2,2,2,3,0,2,1,0,0,0
201319302078,1,2,1,74,4,4.1758,2,9,7,2013,16,8,12,6,0,2,1,10,3,1,2,3,0,2,1,0,0,0
201319302134,3,2,9,74,4,20.879,2,9,5,2013,0,15,14,0,0,1,3,1,2,1,1,3,1,1,7,0,0,0
201319302233,4,2,1,74,4,350.7672,3,9,6,2013,19,41,12,1,0,2,3,1,0,0,2,3,0,2,1,0,0,0
201319302237,1,2,1,74,4,4.1758,2,9,1,2013,19,17,12,6,0,2,5,10,3,2,2,3,0,2,1,0,0,0
201319302314,1,2,2,74,4,4.1758,2,9,1,2013,6,40,12,6,0,2,4,2,3,1,2,8,0,2,1,0,0,0
201319302359,1,2,1,74,4,4.1758,2,10,7,2013,8,0,12,2,0,2,1,1,3,1,2,3,0,2,1,0,0,0
201319302395,5,2,1,74,4,91.8676,2,10,2,2013,15,50,12,6,0,2,1,1,2,2,2,3,0,2,1,0,0,0
201319302399,4,2,1,74,4,350.7672,2,10,2,2013,17,40,12,1,0,1,1,1,0,0,2,3,0,1,1,0,0,0
201319302409,1,2,9,74,4,4.1758,2,10,6,2013,7,45,12,2,0,2,1,2,3,1,2,3,0,2,1,0,0,0
201319302424,3,2,9,74,4,20.879,1,10,6,2013,19,30,8,0,0,2,3,10,2,1,2,3,0,2,1,0,0,0
201319302482,3,2,1,74,4,20.879,1,10,3,2013,18,14,9,0,0,2,5,1,3,1,2,3,0,2,1,0,0,0
201319302502,6,2,1,74,4,208.79,2,10,3,2013,17,36,12,6,0,2,1,1,2,1,2,3,0,2,1,0,0,0
201319302509,1,2,1,74,4,4.1758,2,10,5,2013,17,13,12,2,0,1,1,10,3,3,1,3,0,1,1,0,0,0
201319302561,3,2,2,74,4,20.879,1,9,6,2013,6,55,11,0,0,1,4,10,2,1,2,8,0,1,1,0,0,0
201319302646,3,2,9,74,4,20.879,1,10,1,2013,21,10,8,0,0,2,3,1,2,2,2,3,0,3,1,0,0,0
201319302670,4,2,2,74,4,350.7672,2,10,3,2013,20,0,12,1,0,2,3,10,1,1,2,8,0,,1,0,0,0
201319302681,6,2,2,74,4,208.79,1,10,4,2013,2,0,33,0,0,1,3,1,0,0,1,8,0,1,4,0,0,0
201319302682,3,2,2,74,4,20.879,1,10,3,2013,17,40,5,0,0,2,1,1,2,1,2,8,0,2,1,0,0,0
201319302756,1,2,1,74,4,4.1758,2,11,1,2013,1,38,12,1,0,2,3,1,3,2,1,3,0,2,1,0,0,0
201319302765,6,2,1,74,4,208.79,1,11,1,2013,21,0,31,0,0,2,3,1,0,0,2,3,0,10,4,0,0,0
201319302777,2,2,1,74,4,58.4612,3,11,3,2013,10,58,12,1,0,1,1,2,1,1,2,3,0,1,1,0,0,0
201319302799,1,2,9,74,4,4.1758,2,11,7,2013,10,48,12,2,0,2,1,1,3,1,2,3,0,2,1,0,0,0
201319302863,3,2,9,74,4,20.879,2,11,1,2013,22,20,12,6,1,2,3,10,2,1,2,3,0,2,1,0,0,0
201319302869,4,2,9,74,4,350.7672,2,11,1,2013,14,50,12,7,0,1,1,1,0,0,2,3,0,1,1,0,0,0
201319302902,4,2,1,74,4,350.7672,2,11,2,2013,0,0,14,0,0,1,3,1,0,0,2,3,1,1,7,0,0,0
201319303015,5,2,2,74,4,91.8676,2,11,5,2013,23,45,12,6,0,2,3,1,2,2,1,8,0,2,1,0,0,0
201319303098,1,2,4,74,4,4.1758,1,11,5,2013,13,15,1,0,0,1,1,3,4,2,2,8,0,1,4,0,0,0
201319303099,1,2,4,74,4,4.1758,2,11,5,2013,13,15,14,0,0,1,1,3,3,2,2,8,1,1,4,0,0,0
201319303195,1,2,9,74,4,4.1758,1,12,1,2013,12,35,25,0,0,1,1,4,3,1,2,3,0,1,3,0,0,0
201319303211,6,2,9,74,4,208.79,2,12,1,2013,11,0,12,7,0,2,1,4,0,0,2,3,0,3,1,0,0,0
201319303237,1,2,9,74,4,4.1758,2,12,3,2013,8,44,12,6,0,2,1,1,3,2,2,3,0,2,1,0,0,0
201319303250,4,2,9,74,4,350.7672,2,12,3,2013,11,35,12,1,0,4,1,1,0,0,2,3,0,1,1,0,0,0
201319303259,1,2,9,74,4,4.1758,2,12,2,2013,20,3,46,0,0,2,3,10,3,1,2,3,0,3,4,14,0,0
201319303292,4,2,9,74,4,350.7672,1,12,2,2013,15,8,8,0,0,2,1,1,1,1,2,3,0,2,1,0,0,0
201319303323,3,2,1,74,4,20.879,1,12,1,2013,12,32,31,0,0,2,1,1,2,1,2,3,0,2,4,0,0,0
201319303390,6,2,2,74,4,208.79,1,12,2,2013,12,5,30,0,0,1,1,1,1,1,2,8,0,1,4,0,0,0
201319303419,5,2,1,74,4,91.8676,2,12,2,2013,9,20,12,6,0,2,1,1,1,1,2,3,0,2,1,0,0,0
201319303431,3,2,1,74,4,20.879,3,12,2,2013,17,12,12,1,0,1,5,1,3,1,2,3,0,1,1,0,0,0
201319303541,4,2,3,74,4,350.7672,2,12,7,2013,16,40,12,6,0,4,1,10,0,0,2,1,0,1,1,0,0,0
201319303552,2,2,4,74,4,58.4612,3,12,6,2013,11,0,12,6,0,2,1,1,0,0,2,8,0,2,1,0,0,0
201319303561,1,2,2,74,4,4.1758,1,12,6,2013,7,56,1,0,0,1,1,4,3,1,1,8,0,1,4,0,0,0
201319303566,1,2,2,74,4,4.1758,2,12,1,2013,1,50,12,6,0,2,3,4,3,2,1,8,0,2,1,0,0,0
201319303583,4,2,2,74,4,350.7672,2,12,3,2013,13,20,12,6,0,2,1,1,0,0,2,8,0,2,1,0,0,0
201319398854,4,2,1,74,4,350.7672,2,1,2,2013,12,55,12,1,0,1,1,1,1,1,2,3,0,1,1,0,0,0
201319398875,4,2,9,74,4,350.7672,2,1,1,2013,11,0,14,0,0,1,1,1,0,0,2,3,1,1,7,0,0,0
201319398899,1,2,1,74,4,4.1758,1,1,1,2013,2,50,42,0,0,2,3,1,3,1,2,3,0,2,5,0,0,0
201319399007,3,2,1,74,4,20.879,1,1,7,2013,12,32,59,0,1,5,1,1,2,1,2,3,0,1,4,0,0,0
201319399016,6,2,1,74,4,208.79,2,1,7,2013,13,4,12,6,0,2,1,1,2,1,2,3,0,2,1,0,0,0
201319399055,4,2,9,74,4,350.7672,2,1,1,2013,12,42,12,1,0,2,1,1,1,1,2,3,0,2,1,0,0,0
201319399064,6,2,9,74,4,208.79,2,1,3,2013,11,18,12,6,0,2,1,4,0,0,2,3,0,3,1,0,0,0
201319399079,1,2,9,74,4,4.1758,1,1,7,2013,8,44,42,0,0,1,1,1,3,1,2,3,0,1,6,0,0,0
201319399103,1,2,9,74,4,4.1758,2,1,2,2013,14,45,12,6,0,2,1,5,3,2,2,3,0,3,1,0,0,0
201319399139,1,2,2,74,4,4.1758,2,1,6,2013,5,0,12,6,0,1,3,1,4,3,2,8,0,1,1,0,0,0
201319399164,6,2,9,74,4,208.79,2,2,2,2013,8,18,12,6,0,2,1,10,0,0,2,3,0,3,1,0,0,0
201319399222,5,2,1,74,4,91.8676,2,2,1,2013,1,51,12,6,1,2,3,1,2,1,2,3,0,2,1,0,0,0
201319399224,3,2,1,74,4,20.879,2,2,1,2013,11,6,14,0,0,1,1,1,2,1,2,3,1,1,7,0,0,0
201319399294,4,2,1,74,4,350.7672,2,2,7,2013,0,43,12,6,0,2,3,10,0,0,2,3,0,2,1,0,0,0
201319399384,6,2,9,74,4,208.79,2,2,7,2013,23,12,12,6,0,2,3,1,0,0,1,3,0,3,1,0,0,0
201319399459,6,2,1,74,4,208.79,2,2,7,2013,17,5,12,6,0,2,1,1,0,0,2,3,0,3,1,0,0,0
201319399539,1,2,9,74,4,4.1758,2,2,5,2013,16,34,25,0,0,1,1,10,3,1,2,3,0,1,4,0,0,0
201319399548,1,2,9,74,4,4.1758,2,3,7,2013,8,23,12,6,0,2,1,1,3,1,2,3,0,2,1,0,0,0
201319399582,6,2,9,74,4,208.79,1,3,2,2013,4,33,43,0,0,1,3,10,0,0,2,3,0,1,4,0,0,0
201319399637,3,2,9,74,4,20.879,2,3,1,2013,15,40,12,6,0,2,1,11,2,1,2,3,0,2,1,0,0,0
201319399638,4,2,9,74,4,350.7672,2,3,1,2013,23,35,12,7,0,1,3,4,0,0,2,3,0,1,1,0,0,0
201319399653,1,2,1,74,4,4.1758,2,3,7,2013,21,40,12,6,0,2,3,1,3,1,1,3,0,2,1,0,0,0
201319399698,6,2,1,74,4,208.79,2,3,2,2013,11,11,12,6,0,2,1,1,0,0,2,3,0,2,1,0,0,0
201319399779,1,2,9,74,4,4.1758,1,3,1,2013,3,29,30,0,0,2,3,4,3,1,1,3,0,3,10,0,0,0
201319399788,4,2,9,74,4,350.7672,1,3,1,2013,0,28,1,0,1,5,3,4,1,1,1,3,0,1,8,0,0,0
201319399895,1,2,1,74,4,4.1758,2,4,2,2013,7,42,12,6,0,2,1,1,3,1,2,3,0,2,1,0,0,0
201319399921,6,2,9,74,4,208.79,2,3,7,2013,16,48,12,1,0,2,1,1,0,0,2,3,0,2,1,0,0,0
201319399934,3,2,9,74,4,20.879,2,4,3,2013,7,40,5,0,0,1,1,1,2,1,2,3,0,1,1,0,0,0
201320102479,1,4,2,75,11,8.0752,2,1,3,2013,11,0,12,6,0,2,1,1,3,2,2,3,0,,1,0,0,0
201320102507,4,4,2,75,11,347.2336,2,1,6,2013,18,12,12,6,0,2,3,1,0,0,2,3,0,,1,0,0,0
201320102557,3,4,5,75,11,14.066514,1,1,4,2013,16,22,1,0,0,1,1,1,2,1,2,3,0,1,4,0,0,0
201320102587,5,4,5,75,11,84.399086,3,1,3,2013,10,5,12,6,0,2,1,1,2,5,2,3,0,2,1,0,0,0
201320102589,6,4,5,75,11,210.99771,3,1,6,2013,16,31,12,1,0,1,5,1,0,0,2,3,0,1,1,0,0,0
201320102595,1,4,5,75,11,14.066514,4,1,5,2013,6,48,12,6,0,2,4,1,3,1,2,3,0,2,1,0,0,0
201320102597,4,4,5,75,11,351.66284,2,1,4,2013,13,2,12,9,0,4,1,1,0,0,2,3,0,1,1,0,0,0
201320102614,3,4,5,75,11,14.066514,1,1,4,2013,15,54,18,0,0,1,1,1,2,1,2,3,0,1,1,0,0,0
201320102650,6,4,1,75,11,209.9552,2,2,6,2013,18,35,12,6,0,4,2,1,0,0,2,1,0,1,1,0,0,0
201320102659,3,4,1,75,11,16.1504,1,1,3,2013,13,0,1,0,0,1,1,6,3,1,2,1,0,1,4,0,0,0
201320102663,5,4,1,75,11,88.8272,2,1,3,2013,11,3,12,6,0,2,1,1,2,1,2,1,0,,1,0,0,0
201320102717,4,4,2,75,11,347.2336,2,2,3,2013,13,52,12,7,0,1,1,1,0,0,2,3,0,1,1,0,0,0
201320102738,1,4,2,75,11,8.0752,2,2,6,2013,13,13,12,6,0,4,1,1,3,3,1,3,0,1,1,0,0,0
201320102739,6,4,2,75,11,209.9552,2,2,2,2013,9,59,12,6,0,4,1,1,0,0,2,3,0,1,1,0,0,0
201320102801,4,4,5,75,11,351.66284,2,2,4,2013,7,1,12,1,0,1,1,1,0,0,2,3,0,1,1,0,0,0
201320102805,6,4,5,75,11,210.99771,2,2,3,2013,6,43,12,1,1,18,1,1,0,0,2,3,0,1,1,0,0,0
201320102832,5,4,2,75,11,88.8272,2,2,4,2013,10,35,12,1,0,2,1,1,1,1,2,3,0,,1,0,0,0
201320102836,4,4,2,75,11,347.2336,2,2,3,2013,16,49,12,1,0,5,1,1,0,0,2,3,0,1,1,0,0,0
201320102838,3,4,2,75,11,16.1504,1,2,3,2013,19,57,8,0,0,1,3,1,3,1,2,3,0,1,1,0,0,0
201320102886,3,4,2,75,11,16.1504,2,2,5,2013,12,44,12,1,0,1,1,1,2,1,2,3,0,1,1,0,0,0
201320102893,6,4,2,75,11,209.9552,3,2,4,2013,9,16,12,1,0,2,1,1,0,0,2,3,0,,1,0,0,0
201320102911,5,4,1,75,11,88.8272,1,2,6,2013,15,8,42,0,0,1,1,1,2,1,2,1,0,1,4,0,0,0
201320102936,1,4,1,75,11,8.0752,3,2,5,2013,6,35,12,2,0,2,4,1,3,2,2,1,0,2,1,0,0,0
201320102948,1,4,1,75,11,8.0752,1,1,7,2013,20,9,33,0,0,2,3,1,4,2,1,1,0,,4,0,0,0
201320102973,5,4,5,75,11,84.399086,2,2,4,2013,8,1,12,1,0,1,1,1,1,1,2,3,0,1,1,0,0,0
201320102975,3,4,5,75,11,14.066514,1,2,4,2013,18,49,8,0,0,2,3,1,3,1,2,3,0,2,1,0,0,0
201320102987,4,4,1,75,11,347.2336,2,2,7,2013,8,50,12,1,1,2,1,1,0,0,2,1,0,,1,0,0,0
201320102993,6,4,1,75,11,209.9552,2,2,5,2013,9,50,14,0,0,1,1,4,0,0,2,1,1,1,2,0,0,0
201320102995,5,4,1,75,11,88.8272,2,2,3,2013,11,33,12,6,0,2,1,1,1,1,2,1,0,,1,0,0,0
201320103077,1,4,2,75,11,8.0752,2,3,7,2013,22,35,12,6,0,4,3,1,3,4,2,3,0,1,1,0,0,0
201320103108,4,4,2,75,11,347.2336,2,3,2,2013,9,35,12,6,0,1,1,1,0,0,2,3,0,1,1,0,0,0
201320103129,6,4,2,75,11,209.9552,2,3,7,2013,16,5,12,1,0,1,1,1,0,0,2,3,0,1,1,0,0,0
201320103173,4,4,5,75,11,351.66284,1,2,5,2013,9,57,33,0,0,1,1,1,0,0,1,3,0,1,4,0,0,0
201320103211,5,4,5,75,11,84.399086,2,3,7,2013,12,24,12,6,0,2,1,4,1,2,2,3,0,2,1,0,0,0
201320103214,6,4,5,75,11,210.99771,2,3,6,2013,7,42,12,1,0,1,1,1,0,0,2,3,0,1,1,0,0,0
201320103238,4,4,5,75,11,351.66284,2,3,1,2013,11,49,12,7,1,5,1,1,0,0,2,3,0,1,1,19,0,0
201320103290,6,4,2,75,11,209.9552,2,3,7,2013,11,15,12,7,0,1,1,4,0,0,2,3,0,1,1,0,0,0
201320103305,4,4,2,75,11,347.2336,2,3,5,2013,7,55,12,1,0,2,1,1,0,0,2,3,0,,1,0,0,0
201320103320,5,4,5,75,11,84.399086,4,3,4,2013,16,17,12,1,0,1,1,1,2,1,2,3,0,1,1,0,0,0
201320103332,6,4,5,75,11,210.99771,2,3,5,2013,15,47,12,7,0,2,1,1,0,0,2,3,0,2,1,,,
201320103357,6,4,1,75,11,209.9552,2,3,7,2013,10,20,12,1,0,1,1,1,0,0,2,1,0,1,1,0,0,0
201320103377,4,4,1,75,11,347.2336,2,3,7,2013,17,45,12,7,0,1,1,1,0,0,2,1,0,1,1,0,0,0
201320103418,3,4,5,75,11,14.066514,1,3,7,2013,12,32,9,0,0,2,1,1,2,1,2,3,0,2,1,16,0,0
201320103436,1,4,2,75,11,8.0752,2,3,1,2013,17,55,12,6,0,2,1,1,3,2,2,3,0,2,1,0,0,0
201320103450,5,4,2,75,11,88.8272,2,4,3,2013,9,29,12,1,0,2,1,1,2,2,2,3,0,2,1,0,0,0
201320103456,5,4,5,75,11,84.399086,3,3,7,2013,11,14,12,8,0,1,1,4,1,6,2,3,0,1,1,0,0,0
201320103485,3,4,2,75,11,16.1504,2,3,6,2013,15,56,12,1,0,2,1,1,2,1,2,3,0,2,1,0,0,0
201320103489,4,4,2,75,11,347.2336,2,3,6,2013,12,0,12,7,0,1,1,1,0,0,2,3,0,1,1,0,0,0
201320103490,6,4,2,75,11,209.9552,2,3,5,2013,20,15,12,1,0,1,3,1,0,0,2,3,0,1,1,0,0,0
201320103557,1,4,2,75,11,8.0752,2,4,3,2013,18,54,12,6,0,2,5,3,3,6,1,3,0,,1,0,0,0
201320103585,3,4,2,75,11,16.1504,2,4,5,2013,17,56,12,7,0,1,1,1,2,1,2,3,0,1,1,0,0,0
201320103594,4,4,2,75,11,347.2336,2,4,1,2013,15,16,12,9,0,4,1,1,0,0,2,3,0,1,1,0,0,0
201320103596,3,4,2,75,11,16.1504,1,4,1,2013,13,18,9,0,0,1,1,1,2,1,2,3,0,1,1,0,0,0
201320103629,6,4,2,75,11,209.9552,2,4,5,2013,10,31,12,6,0,2,1,1,0,0,2,3,0,3,1,0,0,0
201320103648,2,4,4,75,11,56.5264,3,4,4,2013,9,34,12,1,1,18,1,1,3,2,2,2,0,1,1,0,0,0
201320103668,5,4,4,75,11,88.8272,2,4,3,2013,15,23,12,6,0,2,1,1,2,2,2,2,0,,1,0,0,0
201320103686,4,4,5,75,11,351.66284,2,4,6,2013,20,4,12,1,0,2,3,1,0,0,2,3,0,,1,0,0,0
201320103688,3,4,5,75,11,14.066514,1,4,5,2013,11,27,9,0,0,4,1,1,3,1,2,3,0,1,1,0,0,0
201320103697,6,4,5,75,11,210.99771,2,4,2,2013,11,25,12,7,0,1,1,1,0,0,2,3,0,1,1,0,0,0
201320103723,3,4,2,75,11,16.1504,1,4,2,2013,16,43,8,0,0,2,1,4,2,1,2,3,0,,1,0,0,0
201320103743,4,4,2,75,11,347.2336,2,4,6,2013,6,45,12,1,0,1,1,1,0,0,2,3,0,1,1,0,0,0
201320103867,5,4,5,75,11,84.399086,2,4,1,2013,0,14,12,6,0,2,3,1,2,2,2,3,0,2,1,0,0,0
201320103890,5,4,2,75,11,88.8272,3,4,2,2013,15,51,12,1,0,1,1,3,2,3,1,3,0,1,1,0,0,0
201320103900,3,4,2,75,11,16.1504,1,4,2,2013,6,57,9,0,0,2,1,1,2,1,2,3,0,,1,0,0,0
201320103909,4,4,2,75,11,347.2336,1,4,7,2013,15,3,43,0,0,2,1,1,0,0,2,3,0,,4,0,0,0
201320103985,4,4,2,75,11,347.2336,2,5,3,2013,7,28,12,1,0,1,1,1,1,1,2,3,0,1,1,0,0,0
201320103988,3,4,2,75,11,16.1504,2,5,1,2013,18,32,12,11,0,4,1,1,3,1,2,3,0,1,1,0,0,0
201320103991,6,4,2,75,11,209.9552,1,5,1,2013,2,10,1,0,0,2,3,1,0,0,1,3,0,,4,0,0,0
201320104025,1,4,5,75,11,14.066514,2,5,3,2013,15,55,12,6,0,2,1,1,3,2,2,3,0,2,1,0,0,0
201320104035,1,4,5,75,11,14.066514,2,5,4,2013,15,45,12,6,0,2,1,2,3,1,2,3,0,3,1,0,0,0
201320104037,4,4,5,75,11,351.66284,2,5,4,2013,20,35,12,6,0,2,3,3,0,0,2,3,0,,1,0,0,0
201320104054,4,4,1,75,11,347.2336,2,5,4,2013,16,0,12,1,0,2,1,2,1,3,2,1,0,,1,0,0,0
201320104069,6,4,1,75,11,209.9552,1,5,2,2013,16,10,1,0,0,1,1,1,0,0,2,1,0,1,4,0,0,0
201320104079,3,4,1,75,11,16.1504,2,5,7,2013,12,45,12,1,0,2,1,1,2,1,2,1,0,,1,0,0,0
201320104107,3,4,5,75,11,14.066514,2,5,1,2013,21,18,12,6,0,2,3,1,2,2,1,3,0,2,1,0,0,0
201320104109,6,4,5,75,11,210.99771,2,5,1,2013,0,10,12,1,0,2,3,1,0,0,2,3,0,,1,0,0,0
201320104129,3,4,5,75,11,14.066514,1,5,7,2013,12,56,9,0,0,2,1,1,2,1,2,3,0,3,1,0,0,0
201320104152,3,4,2,75,11,16.1504,1,5,3,2013,17,4,5,0,0,1,1,1,3,1,2,3,0,1,6,0,0,0
201320104178,4,4,2,75,11,347.2336,2,5,7,2013,9,14,12,1,0,2,1,1,0,0,2,3,0,,1,0,0,0
201320104196,3,4,2,75,11,16.1504,1,5,5,2013,15,45,1,0,0,1,1,1,2,1,2,3,0,1,1,0,0,0
201320104202,6,4,2,75,11,209.9552,2,5,5,2013,8,10,12,6,0,2,1,1,0,0,2,3,0,,1,0,0,0
201320104233,1,4,1,75,11,8.0752,1,5,3,2013,21,30,1,0,0,1,2,1,3,2,2,1,0,1,6,0,0,0
201320104239,5,4,1,75,11,88.8272,2,5,5,2013,7,45,12,6,0,4,1,1,1,1,2,1,0,1,1,0,0,0
201320104254,4,4,1,75,11,347.2336,2,5,2,2013,6,50,12,1,0,1,1,2,0,0,2,1,0,1,1,0,0,0
201320104257,6,4,1,75,11,209.9552,1,5,2,2013,9,42,59,0,0,1,1,1,0,0,2,1,0,1,4,0,0,0
201320104290,3,4,1,75,11,16.1504,2,5,7,2013,16,0,12,6,0,2,1,1,2,1,2,1,0,,1,0,0,0
201320104296,3,4,1,75,11,16.1504,1,5,4,2013,5,21,11,0,0,1,1,1,3,1,2,1,0,1,1,0,0,0
201320104300,1,4,1,75,11,8.0752,4,5,7,2013,19,5,12,1,0,1,1,1,3,8,2,1,0,1,1,0,0,0
201320104311,1,4,1,75,11,8.0752,2,5,2,2013,15,15,12,1,0,1,1,1,3,2,2,1,0,1,1,0,0,0
201320104359,4,4,1,75,11,347.2336,2,6,2,2013,22,15,12,1,0,2,2,1,0,0,2,1,0,2,1,0,0,0
201320104364,3,4,1,75,11,16.1504,1,5,1,2013,16,0,1,0,0,1,1,1,2,1,2,1,0,1,1,0,0,0
201320104365,1,4,1,75,11,8.0752,2,5,2,2013,11,20,12,6,0,2,1,1,3,3,2,1,0,3,1,0,0,0
201320104384,3,4,2,75,11,16.1504,2,6,1,2013,15,23,1,0,0,1,1,1,2,1,2,3,0,1,1,0,0,0
201320104394,4,4,2,75,11,347.2336,2,6,7,2013,17,0,12,7,0,2,1,1,0,0,2,3,0,2,1,0,0,0
201320104424,3,4,2,75,11,16.1504,1,5,3,2013,17,34,9,0,0,2,1,1,3,1,2,3,0,3,1,0,0,0
201320104432,4,4,5,75,11,351.66284,2,5,6,2013,14,25,12,1,0,1,1,1,1,2,2,3,0,1,1,3,0,0
201320104444,3,4,5,75,11,14.066514,1,5,2,2013,20,21,1,0,0,2,5,1,2,1,2,3,0,3,1,0,0,0
201320104475,3,4,5,75,11,14.066514,1,6,7,2013,23,10,9,0,0,1,3,1,3,1,2,3,0,1,1,0,0,0
201320104479,6,4,5,75,11,210.99771,2,6,5,2013,12,46,12,6,0,4,1,1,0,0,2,3,0,1,1,0,0,0
201320104484,3,4,5,75,11,14.066514,1,6,4,2013,9,20,8,0,1,2,1,1,2,1,2,3,0,2,1,0,0,0
201320104510,4,4,5,75,11,351.66284,2,6,7,2013,17,53,12,6,0,4,1,1,0,0,2,3,0,1,1,0,0,0
201320104511,5,4,5,75,11,84.399086,2,6,5,2013,10,39,12,1,0,1,1,1,2,2,2,3,0,1,1,0,0,0
201320104527,3,4,5,75,11,14.066514,2,6,6,2013,17,12,12,7,0,1,1,1,2,1,2,3,0,1,1,0,0,0
201320104548,3,4,5,75,11,14.066514,1,6,4,2013,8,5,8,0,0,2,1,1,2,1,2,3,0,3,1,0,0,0
201320104571,6,4,5,75,11,210.99771,1,7,4,2013,3,8,20,0,1,5,6,1,0,0,2,3,0,1,4,0,0,0
201320104607,3,4,5,75,11,14.066514,2,7,3,2013,14,44,12,7,0,2,1,1,2,1,2,3,0,2,1,0,0,0
201320104616,5,4,5,75,11,84.399086,1,7,7,2013,15,50,31,0,0,4,1,1,2,1,2,3,0,1,4,0,0,0