CASENUM,STRATUM,REGION,PJ,PSU,PSUSTRAT,WEIGHT,VE_TOTAL,MONTH,WKDY_IM,YEAR,HOUR_IM,MINUTE_IM,EVENT1_IM,MANCOL_IM,RELJCT1_IM,RELJCT2_IM,LGTCON_IM,WEATHR_IM,MAXSEV_IM,NO_INJ_IM,ALCHL_IM,LAND_USE,PVH_INVL,TYP_INT,REL_ROAD,CF1,CF2,CF3
201320104630,3,4,1,75,11,16.1504,1,7,4,2013,15,11,9,0,0,2,1,1,2,1,2,1,0,,1,0,0,0
201320104647,6,4,1,75,11,209.9552,1,7,3,2013,19,37,42,0,0,1,1,1,0,0,2,1,0,1,4,0,0,0
201320104655,4,4,1,75,11,347.2336,2,7,3,2013,9,17,12,1,0,2,1,1,1,1,2,1,0,2,1,0,0,0
201320104658,3,4,1,75,11,16.1504,1,7,2,2013,14,15,15,0,0,2,1,2,2,1,2,1,0,,1,0,0,0
201320104679,5,4,1,75,11,88.8272,2,7,7,2013,18,51,12,2,0,2,1,1,2,2,2,1,0,2,1,0,0,0
201320104682,2,4,1,75,11,56.5264,2,7,1,2013,15,57,12,1,0,1,1,1,0,0,2,1,0,1,1,0,0,0
201320104688,3,4,1,75,11,16.1504,1,7,5,2013,13,45,1,0,0,2,1,1,2,1,2,1,0,3,1,0,0,0
201320104711,4,4,5,75,11,351.66284,3,7,6,2013,14,39,12,1,0,1,1,1,0,0,2,3,0,1,1,0,0,0
201320104713,3,4,5,75,11,14.066514,1,7,5,2013,12,24,9,0,0,2,1,1,3,1,2,3,0,2,1,0,0,0
201320104725,6,4,5,75,11,210.99771,2,7,2,2013,7,12,12,1,1,18,1,1,0,0,2,3,0,1,1,0,0,0
201320104790,3,4,1,75,11,16.1504,1,8,6,2013,14,20,9,0,0,2,1,1,2,1,2,1,0,,1,0,0,0
201320104799,4,4,1,75,11,347.2336,2,7,4,2013,8,0,12,7,0,2,1,1,1,1,2,1,0,2,1,0,0,0
201320104805,5,4,1,75,11,88.8272,1,7,3,2013,21,32,33,0,0,2,3,1,1,1,2,1,0,,3,0,0,0
201320104812,6,4,1,75,11,209.9552,2,7,4,2013,7,20,12,1,0,1,1,1,0,0,2,1,0,1,1,0,0,0
201320104851,3,4,5,75,11,14.066514,1,8,2,2013,17,44,9,0,0,2,1,1,2,1,2,3,0,2,1,16,0,0
201320104862,3,4,5,75,11,14.066514,1,7,2,2013,10,50,9,0,0,2,1,1,2,1,2,3,0,2,1,0,0,0
201320104863,4,4,5,75,11,351.66284,2,7,2,2013,9,10,12,1,0,1,1,1,1,2,2,3,0,1,1,0,0,0
201320104871,3,4,5,75,11,14.066514,2,7,4,2013,11,41,12,1,0,1,1,1,3,1,2,3,0,1,1,0,0,0
201320104892,1,4,1,75,11,8.0752,3,8,1,2013,6,15,12,2,0,1,1,1,4,10,2,1,0,1,1,0,0,0
201320104917,3,4,1,75,11,16.1504,1,8,6,2013,10,47,24,0,0,1,1,1,2,1,2,1,0,1,4,0,0,0
201320104918,1,4,1,75,11,8.0752,1,8,3,2013,23,30,1,0,0,1,3,1,3,2,1,1,0,1,3,0,0,0
201320104930,4,4,1,75,11,347.2336,2,8,4,2013,17,40,12,1,0,2,1,1,0,0,2,1,0,,1,0,0,0
201320104983,5,4,1,75,11,88.8272,1,8,4,2013,13,0,57,0,0,1,1,1,1,2,2,1,0,1,3,0,0,0
201320105008,3,4,1,75,11,16.1504,1,8,1,2013,14,0,1,0,0,1,1,1,3,1,2,1,0,1,4,0,0,0
201320105019,1,4,1,75,11,8.0752,2,6,3,2013,13,26,12,2,0,1,1,1,4,2,2,1,0,1,2,0,0,0
201320105022,2,4,1,75,11,56.5264,1,8,4,2013,12,15,1,0,0,1,1,1,1,1,2,1,0,1,4,0,0,0
201320105023,3,4,1,75,11,16.1504,1,8,5,2013,21,39,35,0,0,1,3,1,3,1,1,1,0,1,4,0,0,0
201320105034,6,4,5,75,11,210.99771,2,8,5,2013,14,37,12,6,0,2,1,1,0,0,2,3,0,3,1,0,0,0
201320105046,1,4,5,75,11,14.066514,1,8,4,2013,23,42,33,0,0,1,2,1,3,1,1,3,0,1,4,0,0,0
201320105056,6,4,1,75,11,209.9552,1,8,7,2013,16,39,42,0,0,1,1,2,0,0,2,1,0,1,3,0,0,0
201320105058,4,4,1,75,11,347.2336,2,8,5,2013,20,52,12,6,0,1,3,1,0,0,2,1,0,1,1,0,0,0
201320105107,5,4,5,75,11,84.399086,3,8,6,2013,14,32,12,1,0,2,1,1,1,1,2,3,0,2,1,0,0,0
201320105108,3,4,5,75,11,14.066514,1,8,5,2013,7,18,9,0,0,2,1,1,2,1,2,3,0,3,1,16,0,0
201320105170,6,4,5,75,11,210.99771,2,9,2,2013,17,44,12,6,0,4,1,1,0,0,2,3,0,1,1,0,0,0
201320105172,4,4,5,75,11,351.66284,2,9,7,2013,15,14,12,7,0,2,1,1,0,0,2,3,0,2,1,0,0,0
201320105176,1,4,5,75,11,14.066514,2,9,6,2013,8,58,12,6,0,2,1,1,3,2,2,3,0,2,1,0,0,0
201320105177,3,4,5,75,11,14.066514,1,9,6,2013,7,42,8,0,0,2,1,1,3,1,2,3,0,2,1,0,0,0
201320105178,3,4,5,75,11,14.066514,1,9,5,2013,10,36,9,0,0,2,1,1,2,1,2,3,0,2,1,0,0,0
201320105186,6,4,1,75,11,209.9552,2,9,2,2013,9,16,12,6,0,2,1,1,0,0,2,1,0,,1,0,0,0
201320105191,3,4,1,75,11,16.1504,1,9,7,2013,12,0,1,0,0,1,1,1,3,1,2,1,0,1,4,0,0,0
201320105216,1,4,5,75,11,14.066514,3,9,3,2013,10,5,12,1,0,2,1,1,3,2,2,3,0,2,1,14,0,0
201320105250,4,4,5,75,11,351.66284,2,9,4,2013,17,1,12,6,0,2,1,1,0,0,2,3,0,2,1,0,0,0
201320105263,3,4,5,75,11,14.066514,1,9,2,2013,11,42,8,0,0,2,1,1,2,1,2,3,0,2,1,16,0,0
201320105300,6,4,1,75,11,209.9552,2,9,3,2013,8,0,12,1,1,5,1,1,0,0,2,1,0,1,1,0,0,0
201320105310,1,4,1,75,11,8.0752,3,9,5,2013,7,20,12,1,0,1,1,1,3,1,2,1,0,1,1,0,0,0
201320105351,5,4,5,75,11,84.399086,2,10,6,2013,8,15,12,6,0,2,1,1,2,2,2,3,0,2,1,0,0,0
201320105354,6,4,5,75,11,210.99771,2,10,5,2013,14,53,12,1,0,1,1,1,1,1,2,3,0,1,1,0,0,0
201320105359,4,4,5,75,11,351.66284,2,10,2,2013,7,53,12,1,0,4,1,1,0,0,2,3,0,1,1,0,0,0
201320105387,3,4,1,75,11,16.1504,2,10,4,2013,18,24,12,6,0,2,3,1,3,1,2,1,0,2,1,0,0,0
201320105400,1,4,1,75,11,8.0752,1,10,3,2013,3,28,31,0,1,5,2,1,4,1,2,1,0,1,8,0,0,0
201320105425,5,4,1,75,11,88.8272,2,10,5,2013,22,20,12,1,0,1,3,1,1,1,1,1,0,1,1,0,0,0
201320105468,4,4,1,75,11,347.2336,2,10,1,2013,12,15,12,1,0,1,1,1,0,0,2,1,0,1,1,0,0,0
201320105498,5,4,1,75,11,88.8272,2,10,5,2013,14,0,12,1,0,2,1,1,1,2,2,1,0,,1,0,0,0
201320105504,2,4,1,75,11,56.5264,2,10,6,2013,6,30,12,8,0,1,4,4,0,0,2,1,0,1,1,0,0,0
201320105521,4,4,5,75,11,351.66284,2,10,3,2013,17,9,12,1,0,2,1,1,0,0,2,3,0,2,1,0,0,0
201320105538,6,4,1,75,11,209.9552,2,11,1,2013,16,43,12,6,0,2,1,1,0,0,1,1,0,,1,0,0,0
201320105545,3,4,1,75,11,16.1504,1,11,7,2013,20,39,1,0,0,2,3,1,2,1,1,1,0,,1,0,0,0
201320105568,1,4,5,75,11,14.066514,2,11,7,2013,18,4,12,1,0,2,3,1,3,1,2,3,0,2,1,0,0,0
201320105571,1,4,5,75,11,14.066514,1,11,6,2013,18,32,21,0,0,1,3,1,3,1,1,3,0,1,4,0,0,0
201320105572,6,4,5,75,11,210.99771,3,11,6,2013,15,55,12,1,0,2,1,1,0,0,1,3,0,,1,0,0,0
201320105579,2,4,5,75,11,56.266056,2,10,3,2013,7,5,12,6,0,2,4,1,0,0,2,3,0,2,1,0,0,0
201320105586,1,4,5,75,11,14.066514,2,10,6,2013,10,39,33,0,0,1,1,1,3,1,1,3,1,1,4,0,0,0
201320105607,5,4,5,75,11,84.399086,2,11,6,2013,13,10,12,7,0,4,1,1,2,2,2,3,0,1,1,0,0,0
201320105652,1,4,5,75,11,14.066514,2,11,4,2013,15,16,12,6,0,2,1,1,3,5,2,3,0,2,1,0,0,0
201320105683,5,4,1,75,11,88.8272,1,11,5,2013,20,50,42,0,0,1,2,3,2,1,2,1,0,1,3,0,0,0
201320105695,6,4,1,75,11,209.9552,1,11,5,2013,2,15,33,0,0,2,2,3,0,0,2,1,0,,4,0,0,0
201320105701,6,4,5,75,11,210.99771,2,11,2,2013,17,26,12,2,0,2,3,1,1,2,2,3,0,,1,0,0,0
201320105705,4,4,5,75,11,351.66284,2,11,7,2013,18,1,12,1,0,2,3,1,0,0,2,3,0,,1,0,0,0
201320105733,4,4,1,75,11,347.2336,1,11,7,2013,11,45,53,0,0,1,1,1,0,0,2,1,0,1,4,0,0,0
201320105752,3,4,1,75,11,16.1504,2,11,1,2013,17,33,12,1,0,1,3,1,4,2,1,1,0,1,1,0,0,0
201320105760,1,4,1,75,11,8.0752,3,11,6,2013,22,28,59,0,0,2,3,1,3,3,1,1,0,,3,0,0,0
201320105865,4,4,4,75,11,347.2336,2,12,5,2013,8,40,12,1,1,2,1,1,0,0,2,2,0,,1,0,0,0
201320105883,5,4,5,75,11,84.399086,3,12,6,2013,15,26,12,1,0,2,1,1,2,2,2,3,0,,1,0,0,0
201320105889,4,4,5,75,11,351.66284,2,12,5,2013,9,23,12,1,0,2,1,1,0,0,2,3,0,,1,0,0,0
201320105942,3,4,1,75,11,16.1504,2,12,5,2013,8,5,12,1,0,1,1,1,2,2,2,1,0,1,1,23,0,0
201320105950,4,4,1,75,11,347.2336,2,12,5,2013,8,34,12,1,0,4,1,1,0,0,2,1,0,1,1,0,0,0
201320105967,6,4,5,75,11,210.99771,1,12,1,2013,15,51,33,0,0,2,1,1,0,0,2,3,0,2,3,0,0,0
201320105987,1,4,1,75,11,8.0752,1,12,5,2013,15,5,31,0,0,1,1,1,4,1,2,1,0,1,4,0,0,0
201320106028,5,4,1,75,11,88.8272,3,12,6,2013,17,0,12,1,0,1,2,1,1,2,2,1,0,1,1,0,0,0
201320106032,6,4,1,75,11,209.9552,1,12,5,2013,15,46,11,0,0,1,1,1,0,0,2,1,0,1,1,0,0,0
201320106076,1,4,1,75,11,8.0752,1,12,4,2013,17,55,38,0,0,1,6,1,4,1,2,1,0,1,5,0,0,0
201320106093,1,4,1,75,11,8.0752,2,12,7,2013,15,40,12,8,0,1,1,1,3,2,2,1,0,1,1,0,0,0
201320106113,4,4,1,75,11,347.2336,2,12,4,2013,8,35,12,1,0,1,1,1,1,1,1,1,0,1,1,0,0,0
201320106118,1,4,1,75,11,8.0752,2,8,5,2013,15,5,12,2,0,1,1,2,4,5,2,1,0,1,1,0,0,0
201320106133,1,4,5,75,11,14.066514,1,12,2,2013,10,1,33,0,0,2,1,1,3,1,2,3,0,2,3,0,0,0
201320106135,5,4,5,75,11,84.399086,4,12,1,2013,10,0,12,1,0,1,1,1,2,2,2,3,0,1,1,0,0,0
201320106137,4,4,5,75,11,351.66284,2,12,7,2013,21,47,12,1,0,1,1,1,0,0,2,3,0,1,1,0,0,0
201320106141,6,4,5,75,11,210.99771,2,12,7,2013,10,36,12,1,0,2,1,1,0,0,2,3,0,2,1,0,0,0
201320106162,1,4,5,75,11,14.066514,2,12,4,2013,18,56,12,1,0,2,3,1,4,3,2,3,0,3,1,0,0,0
201320106507,1,4,1,75,11,8.0752,1,12,4,2013,21,35,24,0,0,1,3,4,4,1,1,1,0,1,3,0,0,0
201320106728,1,4,1,75,11,8.0752,1,12,6,2013,21,30,59,0,0,1,2,1,4,1,1,1,0,1,4,0,0,0
201320519671,6,4,1,76,12,210.5812,1,1,3,2013,0,50,35,0,0,2,2,1,0,0,2,8,0,3,4,0,0,0
201320519717,1,4,18,76,12,105.2906,1,1,5,2013,19,31,1,0,0,5,2,1,3,1,1,8,0,1,4,0,0,0
201320519734,4,4,4,76,12,315.8718,2,1,4,2013,11,53,12,7,0,4,1,1,0,0,2,1,0,1,1,0,0,0
201320519758,5,4,1,76,12,105.2906,1,1,3,2013,21,59,1,0,0,1,2,11,2,1,2,8,0,1,6,0,0,0
201320519760,5,4,1,76,12,105.2906,1,1,7,2013,14,14,18,0,0,1,1,1,1,1,2,8,0,1,1,0,0,0
201320519761,6,4,1,76,12,210.5812,1,1,1,2013,8,46,11,0,0,1,1,1,0,0,2,8,0,1,1,0,0,0
201320519771,6,4,1,76,12,210.5812,1,1,4,2013,16,54,30,0,0,1,1,1,0,0,2,8,0,1,4,0,0,0
201320519772,4,4,1,76,12,315.8718,1,1,4,2013,17,40,2,0,0,1,2,1,0,0,2,8,0,1,1,0,0,0
201320519774,5,4,2,76,12,105.2906,1,1,3,2013,8,58,34,0,0,1,1,1,1,1,2,8,0,1,5,0,0,0
201320519776,4,4,2,76,12,315.8718,2,1,3,2013,22,48,12,1,0,2,3,1,0,0,2,8,0,2,1,0,0,0
201320519777,3,4,3,76,12,105.2906,1,1,4,2013,8,56,9,0,0,4,1,1,2,1,2,1,0,1,1,0,0,0
201320519778,3,4,3,76,12,105.2906,1,1,4,2013,11,59,8,0,0,2,1,1,3,1,2,1,0,2,1,0,0,0
201320519781,5,4,6,76,12,105.2906,1,1,3,2013,12,7,18,0,0,1,1,1,2,1,2,8,0,1,4,0,0,0
201320519783,5,4,6,76,12,105.2906,1,1,6,2013,9,55,35,0,0,1,1,1,2,3,2,8,0,1,4,0,0,0
201320519784,6,4,7,76,12,300.83,2,1,5,2013,9,50,12,2,0,4,1,1,5,2,2,1,0,1,1,0,0,0
201320519785,4,4,7,76,12,300.83,2,1,2,2013,8,2,12,6,0,4,1,1,0,0,2,1,0,1,1,0,0,0
201320519786,4,4,7,76,12,300.83,2,1,1,2013,14,53,12,7,0,1,1,1,0,0,2,1,0,1,1,0,0,0
201320519814,1,4,1,76,12,105.2906,1,1,2,2013,3,1,42,0,0,1,2,1,3,1,2,8,0,1,6,0,0,0
201320519817,4,4,6,76,12,315.8718,2,1,2,2013,7,53,12,6,0,4,1,1,0,0,2,8,0,1,1,0,0,0
201320519831,5,4,1,76,12,105.2906,2,1,5,2013,21,27,12,6,0,2,2,1,1,1,2,8,0,2,1,0,0,0
201320519832,6,4,1,76,12,210.5812,1,1,7,2013,8,1,34,0,0,1,1,2,0,0,2,8,0,1,4,0,0,0
201320519836,6,4,4,76,12,210.5812,2,1,5,2013,6,46,12,6,0,2,4,1,0,0,2,1,0,3,1,0,0,0
201320519837,3,4,4,76,12,105.2906,1,1,6,2013,10,9,8,0,0,2,1,1,2,1,2,1,0,3,1,0,0,0
201320519838,4,4,4,76,12,315.8718,2,1,6,2013,13,50,14,0,0,1,1,1,0,0,2,1,1,1,7,24,0,0
201320519851,6,4,1,76,12,210.5812,1,1,1,2013,19,10,35,0,0,1,2,1,0,0,2,8,0,1,4,0,0,0
201320519853,6,4,1,76,12,210.5812,2,1,5,2013,12,28,12,6,0,2,1,10,0,0,2,8,0,3,1,0,0,0
201320519856,6,4,1,76,12,210.5812,1,1,3,2013,4,5,25,0,0,1,2,1,0,0,2,8,0,1,3,0,0,0
201320519857,4,4,3,76,12,315.8718,1,1,5,2013,17,57,11,0,0,1,2,1,0,0,2,1,0,1,1,0,0,0
201320519860,4,4,3,76,12,315.8718,2,1,6,2013,17,38,12,7,0,1,3,2,0,0,2,1,0,1,1,0,0,0
201320519862,5,4,5,76,12,105.2906,1,1,4,2013,7,58,59,0,0,1,1,1,5,1,2,8,0,1,4,0,0,0
201320519863,6,4,5,76,12,210.5812,2,1,6,2013,13,31,12,6,0,1,1,1,1,4,2,8,0,1,1,0,0,0
201320519864,4,4,5,76,12,315.8718,1,1,7,2013,10,37,1,0,0,1,1,1,0,0,2,8,0,1,5,0,0,0
201320519866,4,4,18,76,12,315.8718,1,1,6,2013,16,14,7,0,0,1,1,1,0,0,2,8,0,1,4,0,0,0
201320519867,2,4,18,76,12,105.2906,2,1,7,2013,4,41,12,2,0,1,2,1,3,3,2,8,0,1,1,0,0,0
201320519868,5,4,18,76,12,105.2906,1,1,4,2013,10,29,1,0,0,2,1,1,2,3,1,8,0,2,1,0,0,0
201320519912,6,4,1,76,12,210.5812,1,1,2,2013,4,43,18,0,0,1,2,2,0,0,2,8,0,1,1,0,0,0
201320519913,2,4,1,76,12,105.2906,1,2,6,2013,12,27,24,0,0,1,1,1,0,0,2,8,0,1,4,0,0,0
201320519914,2,4,1,76,12,105.2906,1,2,1,2013,19,11,51,0,0,1,2,2,0,0,2,8,0,1,1,0,0,0
201320519915,6,4,2,76,12,210.5812,2,1,6,2013,18,56,12,6,0,2,3,1,0,0,2,8,0,2,1,0,0,0
201320519917,6,4,2,76,12,210.5812,2,2,6,2013,15,30,12,7,0,1,1,1,0,0,2,8,0,1,1,0,0,0
201320519919,3,4,5,76,12,105.2906,1,1,7,2013,16,0,1,0,0,1,1,1,3,1,2,8,0,1,1,0,0,0
201320519920,5,4,5,76,12,105.2906,2,1,7,2013,14,51,12,2,0,1,1,10,2,2,2,8,0,1,1,0,0,0
201320519921,6,4,5,76,12,210.5812,1,1,7,2013,17,37,17,0,0,1,2,10,0,0,2,8,0,1,4,0,0,0
201320519924,6,4,18,76,12,210.5812,2,1,3,2013,9,28,12,1,0,1,1,1,0,0,2,8,0,1,1,0,0,0
201320519925,4,4,18,76,12,315.8718,1,1,1,2013,5,30,51,0,0,1,2,5,0,0,2,8,0,1,4,0,0,0
201320519928,4,4,4,76,12,315.8718,1,1,4,2013,18,42,72,0,0,2,3,1,0,0,2,1,0,2,1,0,0,0
201320519931,4,4,4,76,12,315.8718,2,2,2,2013,15,52,12,1,0,1,1,1,0,0,2,1,0,1,1,0,0,0
201320519953,4,4,3,76,12,315.8718,2,2,7,2013,17,47,12,6,0,4,1,1,0,0,2,1,0,1,1,0,0,0
201320519956,5,4,4,76,12,105.2906,2,2,4,2013,13,32,12,6,0,4,1,1,1,1,2,1,0,1,1,0,0,0
201320519958,5,4,5,76,12,105.2906,1,2,6,2013,12,46,42,0,0,1,1,1,4,1,2,8,0,1,4,0,0,0
201320519959,5,4,5,76,12,105.2906,1,2,1,2013,22,5,35,0,0,1,2,10,2,1,2,8,0,1,4,0,0,0
201320519960,6,4,18,76,12,210.5812,2,1,3,2013,15,44,12,8,0,1,1,1,0,0,2,8,0,1,1,0,0,0
201320519971,4,4,1,76,12,315.8718,1,1,5,2013,10,55,31,0,0,1,1,10,0,0,2,8,0,1,4,0,0,0
201320519975,6,4,1,76,12,210.5812,1,2,6,2013,20,35,11,0,0,1,2,1,0,0,2,8,0,1,1,0,0,0
201320519976,4,4,1,76,12,315.8718,1,2,2,2013,13,44,35,0,0,1,1,1,0,0,2,8,0,1,4,0,0,0
201320519978,3,4,1,76,12,105.2906,1,2,7,2013,12,55,1,0,0,1,1,1,2,1,2,8,0,1,1,0,0,0
201320519979,4,4,7,76,12,300.83,1,2,7,2013,13,49,59,0,0,1,1,1,0,0,2,1,0,1,4,0,0,0
201320519980,6,4,7,76,12,300.83,1,2,3,2013,6,53,18,0,0,1,1,1,0,0,2,1,0,1,7,0,0,0
201320519981,4,4,7,76,12,300.83,2,2,5,2013,18,53,12,1,0,1,3,1,1,1,2,1,0,1,1,0,0,0
201320519982,4,4,7,76,12,300.83,2,2,3,2013,7,57,12,8,0,2,1,1,0,0,2,1,0,2,1,0,0,0
201320519983,5,4,18,76,12,105.2906,2,2,5,2013,17,23,54,11,0,1,1,1,1,2,2,8,0,1,1,14,0,0
201320519984,6,4,18,76,12,210.5812,2,2,6,2013,9,26,12,1,0,1,1,1,0,0,2,8,0,1,1,0,0,0
201320519992,6,4,1,76,12,210.5812,1,2,4,2013,10,23,35,0,0,1,1,11,0,0,2,8,0,1,4,0,0,0
201320519995,3,4,2,76,12,105.2906,2,1,5,2013,15,45,1,0,0,4,1,1,2,1,2,8,0,1,1,0,0,0
201320519997,5,4,2,76,12,105.2906,2,2,5,2013,17,18,12,9,0,4,1,1,1,1,2,8,0,1,1,0,0,0
201320519998,4,4,2,76,12,315.8718,2,2,4,2013,12,32,14,0,0,1,1,10,0,0,2,8,1,1,7,0,0,0
201320520001,3,4,3,76,12,105.2906,1,2,4,2013,22,4,1,0,0,2,2,1,2,1,2,1,0,2,4,0,0,0
201320520002,3,4,3,76,12,105.2906,1,2,1,2013,20,42,30,0,0,2,3,4,3,1,1,1,0,2,4,0,0,0
201320520003,4,4,3,76,12,315.8718,2,2,3,2013,7,37,12,2,0,2,1,1,0,0,2,1,0,2,1,0,0,0
201320520006,6,4,3,76,12,210.5812,2,2,3,2013,9,30,12,6,0,2,1,10,2,1,2,1,0,2,1,0,0,0
201320520007,1,4,3,76,12,105.2906,1,2,2,2013,14,20,33,0,0,2,1,1,3,1,2,1,0,6,3,0,0,0
201320520009,6,4,4,76,12,210.5812,1,2,1,2013,6,25,31,0,0,1,4,1,0,0,2,1,0,1,5,0,0,0
201320520012,4,4,6,76,12,315.8718,1,1,7,2013,8,40,34,0,0,1,1,2,0,0,2,8,0,1,4,0,0,0
201320520013,1,4,7,76,12,300.83,1,2,3,2013,13,7,1,0,0,1,1,1,3,2,1,1,0,1,1,0,0,0
201320520014,6,4,7,76,12,300.83,2,2,4,2013,14,19,12,6,0,1,1,4,0,0,2,1,0,1,1,0,0,0
201320520015,4,4,7,76,12,300.83,2,2,2,2013,16,51,12,7,0,2,1,1,0,0,1,1,0,2,1,0,0,0
201320520039,4,4,1,76,12,315.8718,2,2,5,2013,19,7,12,1,0,1,2,1,0,0,2,8,0,1,1,0,0,0
201320520041,3,4,1,76,12,105.2906,1,2,7,2013,16,14,1,0,0,1,1,1,2,1,2,8,0,1,4,0,0,0
201320520042,3,4,1,76,12,105.2906,1,2,7,2013,16,14,38,0,0,1,1,1,2,1,2,8,0,1,5,0,0,0
201320520044,5,4,1,76,12,105.2906,1,2,1,2013,4,21,35,0,0,1,2,4,2,2,1,8,0,1,4,0,0,0
201320520045,6,4,1,76,12,210.5812,2,2,1,2013,7,40,12,1,0,1,1,4,0,0,2,8,0,1,1,0,0,0
201320520046,4,4,4,76,12,315.8718,2,1,2,2013,16,56,12,6,0,4,1,1,0,0,2,1,0,1,1,0,0,0
201320520048,4,4,5,76,12,315.8718,1,2,5,2013,4,7,42,0,0,1,2,1,0,0,2,8,0,1,6,0,0,0
201320520049,5,4,5,76,12,105.2906,1,2,4,2013,23,4,1,0,0,1,2,1,2,1,2,8,0,1,4,0,0,0
201320520050,3,4,5,76,12,105.2906,1,2,1,2013,17,25,1,0,0,1,5,10,3,2,2,8,0,1,1,0,0,0
201320520051,6,4,6,76,12,210.5812,1,2,7,2013,21,3,41,0,0,2,2,1,2,1,2,8,0,3,6,0,0,0
201320520053,5,4,6,76,12,105.2906,1,2,4,2013,15,48,1,0,0,1,1,2,1,1,2,8,0,1,2,0,0,0
201320520073,5,4,1,76,12,105.2906,1,3,3,2013,6,10,52,0,0,1,2,1,1,1,1,8,0,1,4,0,0,0
201320520075,4,4,1,76,12,315.8718,1,3,6,2013,8,15,34,0,0,1,1,4,0,0,2,8,0,1,6,0,0,0
201320520078,6,4,4,76,12,210.5812,2,2,6,2013,19,13,12,6,0,2,3,1,1,1,2,1,0,3,1,0,0,0
201320520080,5,4,5,76,12,105.2906,1,3,7,2013,9,46,1,0,0,1,1,1,1,1,1,8,0,1,6,0,0,0
201320520092,3,4,1,76,12,105.2906,1,2,5,2013,20,20,8,0,0,1,2,1,3,1,2,8,0,1,,0,0,0
201320520095,6,4,1,76,12,210.5812,1,3,5,2013,19,47,11,0,0,1,2,1,0,0,2,8,0,1,1,0,0,0
201320520100,4,4,5,76,12,315.8718,1,3,4,2013,2,40,35,0,0,1,2,1,2,1,1,8,0,1,4,0,0,0
201320520102,5,4,6,76,12,105.2906,1,2,1,2013,4,15,32,0,0,1,2,1,2,1,2,8,0,1,4,0,0,0
201320520104,3,4,6,76,12,105.2906,1,3,4,2013,14,47,5,0,0,1,1,1,2,1,2,8,0,1,1,0,0,0
201320520105,6,4,6,76,12,210.5812,1,3,7,2013,3,59,34,0,0,1,2,1,1,1,2,8,0,1,4,0,0,0
201320520106,4,4,7,76,12,300.83,2,3,2,2013,17,37,12,6,0,4,1,1,1,1,2,1,0,1,1,0,0,0
201320520107,4,4,18,76,12,315.8718,1,3,3,2013,0,12,2,0,0,1,2,1,0,0,2,8,0,1,1,0,0,0
201320520112,6,4,1,76,12,210.5812,1,3,6,2013,16,54,35,0,0,1,1,3,0,0,2,8,0,1,4,0,0,0
201320520115,4,4,1,76,12,315.8718,1,3,4,2013,21,25,34,0,0,7,2,1,0,0,2,8,0,1,3,0,0,0
201320520118,4,4,2,76,12,315.8718,2,3,2,2013,19,14,14,0,0,4,3,1,0,0,2,8,1,1,7,0,0,0
201320520121,4,4,3,76,12,315.8718,2,2,3,2013,14,10,12,1,0,2,1,1,0,0,2,1,0,3,1,0,0,0
201320520122,3,4,3,76,12,105.2906,2,2,5,2013,9,47,12,6,0,2,1,1,2,1,2,1,0,2,1,0,0,0
201320520124,5,4,4,76,12,105.2906,2,2,6,2013,14,58,12,2,0,2,1,1,2,3,2,1,0,3,1,0,0,0
201320520125,4,4,4,76,12,315.8718,2,2,4,2013,15,33,12,1,0,1,1,1,0,0,2,1,0,1,1,0,0,0
201320520127,2,4,4,76,12,105.2906,2,3,6,2013,8,26,12,1,0,1,1,1,4,1,2,1,0,1,1,0,0,0
201320520128,1,4,4,76,12,105.2906,2,3,7,2013,15,19,12,6,0,2,1,1,3,2,2,1,0,3,1,0,0,0
201320520132,6,4,18,76,12,210.5812,1,3,5,2013,7,8,24,0,0,1,1,1,1,1,2,8,0,1,4,0,0,0
201320520151,3,4,1,76,12,105.2906,1,3,5,2013,14,47,35,0,0,1,1,1,3,1,2,8,0,1,4,0,0,0
201320520157,4,4,2,76,12,315.8718,2,3,5,2013,20,33,12,6,0,2,3,1,0,0,2,8,0,,1,0,0,0
201320520158,6,4,2,76,12,210.5812,1,3,3,2013,9,52,30,0,0,1,1,1,0,0,2,8,0,1,4,0,0,0
201320520161,4,4,4,76,12,315.8718,2,3,6,2013,10,28,12,1,0,2,1,1,0,0,2,1,0,3,1,0,0,0
201320520164,4,4,4,76,12,315.8718,2,3,1,2013,15,0,12,1,0,6,1,1,0,0,2,1,0,1,1,0,0,0
201320520167,6,4,5,76,12,210.5812,1,3,6,2013,0,27,11,0,0,1,2,1,0,0,2,8,0,1,1,0,0,0
201320520168,3,4,5,76,12,105.2906,1,3,4,2013,22,12,18,0,0,1,2,1,2,3,2,8,0,1,1,0,0,0
201320520170,4,4,7,76,12,300.83,2,3,3,2013,10,43,12,9,0,1,1,1,0,0,2,1,0,1,1,0,0,0
201320520171,6,4,7,76,12,300.83,2,3,4,2013,15,33,12,1,0,2,1,1,0,0,2,1,0,3,1,0,0,0
201320520172,4,4,7,76,12,300.83,2,3,2,2013,12,7,12,6,0,1,1,1,0,0,2,1,0,1,1,0,0,0