CASENUM,STRATUM,REGION,PJ,PSU,PSUSTRAT,WEIGHT,VE_TOTAL,MONTH,WKDY_IM,YEAR,HOUR_IM,MINUTE_IM,EVENT1_IM,MANCOL_IM,RELJCT1_IM,RELJCT2_IM,LGTCON_IM,WEATHR_IM,MAXSEV_IM,NO_INJ_IM,ALCHL_IM,LAND_USE,PVH_INVL,TYP_INT,REL_ROAD,CF1,CF2,CF3
201320520776,1,4,1,76,12,105.2906,1,8,7,2013,16,40,35,0,0,1,1,2,3,1,2,8,0,1,4,0,0,0
201320520777,1,4,1,76,12,105.2906,1,8,1,2013,8,57,59,0,0,1,1,1,3,1,2,8,0,1,4,0,0,0
201320520778,5,4,2,76,12,105.2906,1,5,5,2013,23,1,59,0,0,2,3,1,2,1,1,8,0,2,4,0,0,0
201320520779,4,4,2,76,12,315.8718,2,7,3,2013,13,24,14,0,0,1,1,1,0,0,2,8,1,1,7,0,0,0
201320520780,6,4,2,76,12,210.5812,2,7,4,2013,21,11,12,6,0,4,3,10,0,0,2,8,0,1,1,0,0,0
201320520784,5,4,6,76,12,105.2906,1,8,7,2013,19,10,1,0,0,1,5,1,2,1,2,8,0,1,4,0,0,0
201320520786,4,4,7,76,12,300.83,2,8,5,2013,12,35,12,7,0,1,1,1,0,0,2,1,0,1,1,0,0,0
201320520787,5,4,7,76,12,300.83,3,8,7,2013,8,59,12,8,0,1,1,1,1,1,2,1,0,1,1,0,0,0
201320520788,5,4,18,76,12,105.2906,1,8,1,2013,2,15,1,0,0,1,2,1,2,1,1,8,0,1,4,0,0,0
201320520790,6,4,18,76,12,210.5812,1,8,2,2013,0,30,35,0,0,1,6,1,0,0,2,8,0,1,4,0,0,0
201320520792,2,4,18,76,12,105.2906,1,8,4,2013,12,39,1,0,0,1,1,1,0,0,2,8,0,1,4,0,0,0
201320520811,6,4,1,76,12,210.5812,1,8,5,2013,20,14,11,0,0,1,2,1,0,0,2,8,0,1,1,0,0,0
201320520812,5,4,1,76,12,105.2906,1,8,5,2013,14,16,24,0,0,1,1,10,1,1,2,8,0,1,3,0,0,0
201320520813,3,4,1,76,12,105.2906,1,8,6,2013,5,42,1,0,0,2,4,10,3,1,2,8,0,2,1,0,0,0
201320520815,5,4,1,76,12,105.2906,1,8,7,2013,19,40,11,0,0,1,2,1,1,1,2,8,0,1,1,0,0,0
201320520817,6,4,2,76,12,210.5812,1,8,1,2013,6,33,33,0,0,2,1,1,0,0,1,8,0,3,4,0,0,0
201320520820,4,4,3,76,12,315.8718,1,8,5,2013,16,45,11,0,0,1,1,1,0,0,2,1,0,1,1,0,0,0
201320520821,6,4,3,76,12,210.5812,2,8,7,2013,17,8,12,6,0,2,1,1,1,2,2,1,0,2,1,0,0,0
201320520823,1,4,3,76,12,105.2906,2,8,1,2013,12,31,12,1,0,1,1,1,3,5,2,1,0,1,1,0,0,0
201320520824,5,4,4,76,12,105.2906,2,4,6,2013,21,4,12,6,0,2,3,1,2,4,2,1,0,2,1,0,0,0
201320520826,6,4,4,76,12,210.5812,2,8,4,2013,12,8,12,6,0,2,1,1,0,0,2,1,0,2,1,0,0,0
201320520828,3,4,5,76,12,105.2906,1,8,6,2013,18,11,42,0,0,1,5,1,4,1,2,8,0,1,4,0,0,0
201320520830,4,4,5,76,12,315.8718,2,8,2,2013,7,36,12,8,0,1,1,1,0,0,2,8,0,1,1,0,0,0
201320520831,6,4,5,76,12,210.5812,1,8,1,2013,17,7,24,0,0,1,1,1,0,0,2,8,0,1,4,0,0,0
201320520832,2,4,18,76,12,105.2906,2,8,3,2013,15,20,12,7,0,1,1,2,0,0,2,8,0,1,1,0,0,0
201320520833,3,4,18,76,12,105.2906,1,8,7,2013,15,52,1,0,0,1,1,1,3,2,2,8,0,1,2,0,0,0
201320520835,4,4,18,76,12,315.8718,2,8,6,2013,13,43,12,8,0,2,1,1,0,0,2,8,0,3,1,0,0,0
201320520851,4,4,1,76,12,315.8718,1,8,7,2013,20,17,73,0,0,1,2,1,0,0,2,8,0,1,1,0,0,0
201320520852,2,4,1,76,12,105.2906,1,8,1,2013,22,0,18,0,0,1,2,2,0,0,2,8,0,1,1,0,0,0
201320520856,1,4,1,76,12,105.2906,1,8,3,2013,21,45,42,0,0,1,2,1,4,1,2,8,0,1,4,0,0,0
201320520858,5,4,1,76,12,105.2906,2,8,4,2013,19,26,12,6,0,2,5,1,2,1,2,8,0,3,1,0,0,0
201320520859,4,4,1,76,12,315.8718,2,8,6,2013,19,50,12,1,0,1,2,10,0,0,2,8,0,1,1,0,0,0
201320520862,3,4,3,76,12,105.2906,1,7,2,2013,12,43,9,0,0,2,1,1,3,1,2,1,0,3,1,0,0,0
201320520863,3,4,3,76,12,105.2906,1,8,5,2013,19,0,15,0,0,2,5,1,3,1,2,1,0,2,1,16,0,0
201320520865,4,4,3,76,12,315.8718,2,8,2,2013,14,33,14,0,0,4,1,1,8,0,2,1,1,1,6,0,0,0
201320520868,6,4,3,76,12,210.5812,1,8,1,2013,7,4,18,0,0,1,6,1,0,0,1,1,0,1,6,0,0,0
201320520870,4,4,3,76,12,315.8718,2,8,5,2013,18,41,12,1,0,1,1,1,1,1,2,1,0,1,1,0,0,0
201320520871,4,4,4,76,12,315.8718,2,8,6,2013,22,58,12,6,0,2,3,1,0,0,2,1,0,2,1,0,0,0
201320520875,5,4,4,76,12,105.2906,2,9,1,2013,22,26,12,6,0,1,2,1,1,2,2,1,0,1,1,0,0,0
201320520876,3,4,5,76,12,105.2906,1,6,1,2013,12,17,43,0,0,1,1,1,3,1,2,8,0,1,4,0,0,0
201320520877,5,4,5,76,12,105.2906,1,7,1,2013,22,30,17,0,0,1,2,1,2,1,1,8,0,1,4,0,0,0
201320520880,1,4,5,76,12,105.2906,1,8,6,2013,16,16,35,0,0,1,1,1,3,2,2,8,0,1,4,0,0,0
201320520881,5,4,6,76,12,105.2906,1,8,3,2013,17,21,34,0,0,2,1,1,2,1,1,8,0,3,4,0,0,0
201320520882,6,4,6,76,12,210.5812,1,8,2,2013,12,43,32,0,0,1,1,1,0,0,2,8,0,1,4,0,0,0
201320520883,4,4,7,76,12,300.83,2,8,6,2013,9,50,12,6,0,1,1,1,0,0,2,1,0,1,1,0,0,0
201320520884,6,4,7,76,12,300.83,2,8,2,2013,9,49,12,1,0,2,1,1,0,0,2,1,0,2,1,0,0,0
201320520885,6,4,7,76,12,300.83,2,8,3,2013,16,10,12,1,0,2,1,1,0,0,2,1,0,2,1,0,0,0
201320520886,4,4,7,76,12,300.83,2,8,4,2013,8,5,12,6,0,4,1,1,0,0,2,1,0,1,1,0,0,0
201320520888,6,4,18,76,12,210.5812,2,8,6,2013,14,50,12,6,0,2,1,1,0,0,2,8,0,2,1,0,0,0
201320520891,6,4,1,76,12,210.5812,1,8,2,2013,1,20,35,0,0,1,2,2,0,0,2,8,0,1,4,0,0,0
201320520892,2,4,1,76,12,105.2906,1,8,5,2013,0,58,11,0,0,1,2,1,0,0,2,8,0,1,1,0,0,0
201320520894,2,4,1,76,12,105.2906,2,8,5,2013,15,40,72,0,0,1,1,1,0,0,2,8,0,1,1,14,0,0
201320520895,6,4,1,76,12,210.5812,1,8,5,2013,22,17,18,0,0,1,2,2,0,0,2,8,0,1,1,0,0,0
201320520896,4,4,1,76,12,315.8718,1,9,1,2013,13,10,11,0,0,1,1,1,0,0,2,8,0,1,1,0,0,0
201320520898,6,4,5,76,12,210.5812,1,8,5,2013,15,0,42,0,0,1,1,1,0,0,2,8,0,1,4,0,0,0
201320520899,5,4,5,76,12,105.2906,1,8,1,2013,14,38,38,0,0,1,1,1,2,1,2,8,0,1,5,0,0,0
201320520900,2,4,5,76,12,105.2906,2,8,5,2013,10,33,12,8,0,1,1,1,0,0,2,8,0,1,1,0,0,0
201320520902,4,4,5,76,12,315.8718,2,8,6,2013,17,4,12,1,0,1,1,1,0,0,2,8,0,1,1,0,0,0
201320520905,5,4,6,76,12,105.2906,1,9,1,2013,20,32,35,0,0,1,2,2,1,2,2,8,0,1,4,0,0,0
201320520906,6,4,18,76,12,210.5812,1,8,7,2013,4,45,11,0,0,1,2,10,0,0,2,8,0,1,1,0,0,0
201320520908,5,4,18,76,12,105.2906,1,8,5,2013,7,57,24,0,0,1,1,2,1,1,2,8,0,1,4,0,0,0
201320520910,6,4,18,76,12,210.5812,1,8,7,2013,16,25,35,0,0,1,1,10,0,0,2,8,0,1,4,0,0,0
201320520913,6,4,1,76,12,210.5812,1,8,5,2013,21,40,18,0,0,1,2,2,0,0,2,8,0,1,1,0,0,0
201320520915,3,4,1,76,12,105.2906,1,9,2,2013,17,23,31,0,0,1,1,10,2,1,2,8,0,1,4,0,0,0
201320520916,4,4,1,76,12,315.8718,1,9,7,2013,10,0,7,0,0,1,1,1,0,0,2,8,0,1,1,0,0,0
201320520918,2,4,1,76,12,105.2906,1,8,4,2013,16,30,24,0,0,1,1,10,0,0,2,8,0,1,4,0,0,0
201320520920,4,4,2,76,12,315.8718,2,9,3,2013,13,13,12,6,0,2,1,1,0,0,2,8,0,3,1,0,0,0
201320520922,6,4,5,76,12,210.5812,1,8,1,2013,0,39,1,0,0,1,2,10,0,0,2,8,0,1,4,0,0,0
201320520923,4,4,7,76,12,300.83,2,8,4,2013,20,50,14,0,0,1,3,10,0,0,2,1,1,1,7,0,0,0
201320520930,5,4,18,76,12,105.2906,1,9,3,2013,7,37,34,0,0,1,1,1,1,1,2,8,0,1,4,0,0,0
201320520932,5,4,18,76,12,105.2906,2,9,6,2013,18,48,12,1,0,2,2,10,2,1,2,8,0,3,1,0,0,0
201320520934,3,4,18,76,12,105.2906,1,9,2,2013,11,41,1,0,0,1,1,10,2,1,2,8,0,1,1,0,0,0
201320520953,4,4,1,76,12,315.8718,1,9,6,2013,13,45,34,0,0,1,1,2,0,0,2,8,0,1,4,0,0,0
201320520954,6,4,1,76,12,210.5812,1,9,2,2013,12,0,18,0,0,1,1,10,0,0,2,8,0,1,1,0,0,0
201320520956,6,4,1,76,12,210.5812,1,8,7,2013,14,7,34,0,0,1,1,2,0,0,2,8,0,1,3,0,0,0
201320520958,5,4,1,76,12,105.2906,1,9,6,2013,14,39,42,0,0,1,1,1,1,1,2,8,0,1,6,0,0,0
201320520960,4,4,2,76,12,315.8718,2,9,2,2013,19,57,14,0,0,1,2,1,0,0,1,8,1,1,7,0,0,0
201320520963,6,4,2,76,12,210.5812,1,9,5,2013,5,45,31,0,0,1,4,1,0,0,1,8,0,1,4,0,0,0
201320520966,4,4,3,76,12,315.8718,1,8,7,2013,20,15,53,0,0,1,2,10,0,0,2,1,0,1,4,0,0,0
201320520968,6,4,3,76,12,210.5812,2,8,3,2013,17,1,12,6,0,2,1,1,0,0,2,1,0,3,1,0,0,0
201320520971,1,4,3,76,12,105.2906,1,9,1,2013,18,9,34,0,0,1,1,10,4,1,1,1,0,1,4,0,0,0
201320520972,5,4,3,76,12,105.2906,2,9,2,2013,13,16,12,6,0,2,1,2,1,2,2,1,0,2,1,0,0,0
201320520973,6,4,3,76,12,210.5812,2,9,5,2013,16,54,12,6,0,4,1,1,0,0,2,1,0,1,1,0,0,0
201320520974,2,4,4,76,12,105.2906,2,9,5,2013,12,23,12,6,0,2,1,1,0,0,2,1,0,2,1,0,0,0
201320520975,4,4,4,76,12,315.8718,1,9,5,2013,14,44,38,0,0,2,1,1,8,0,2,1,0,3,5,0,0,0
201320520979,6,4,5,76,12,210.5812,1,8,7,2013,18,41,42,0,0,1,5,10,0,0,2,8,0,1,4,0,0,0
201320520981,6,4,18,76,12,210.5812,1,9,2,2013,12,4,24,0,0,1,1,10,0,0,2,8,0,1,4,0,0,0
201320520983,5,4,18,76,12,105.2906,1,9,7,2013,8,42,35,0,0,1,1,10,0,0,2,8,0,1,4,0,0,0
201320520991,3,4,1,76,12,105.2906,2,9,3,2013,20,45,12,1,0,1,2,10,2,3,2,8,0,1,1,19,0,0
201320520992,3,4,1,76,12,105.2906,1,9,7,2013,17,35,18,0,0,1,1,10,2,1,2,8,0,1,1,0,0,0
201320520993,5,4,1,76,12,105.2906,1,9,7,2013,22,14,1,0,0,1,2,10,2,1,2,8,0,1,4,0,0,0
201320520995,5,4,4,76,12,105.2906,2,9,4,2013,10,1,12,1,0,2,1,1,1,5,2,1,0,2,1,0,0,0
201320520996,1,4,4,76,12,105.2906,2,9,5,2013,11,57,12,1,0,2,1,1,3,1,2,1,0,2,1,0,0,0
201320520998,3,4,6,76,12,105.2906,2,9,7,2013,6,31,12,8,0,1,1,1,2,1,2,8,0,1,1,0,0,0
201320520999,4,4,7,76,12,300.83,2,9,4,2013,18,7,12,6,0,4,1,1,0,0,2,1,0,1,1,0,0,0
201320521000,6,4,18,76,12,210.5812,1,9,5,2013,9,26,34,0,0,1,1,1,0,0,2,8,0,1,4,0,0,0
201320521002,4,4,18,76,12,315.8718,1,9,7,2013,21,0,11,0,0,1,2,1,0,0,2,8,0,1,1,0,0,0
201320521012,5,4,1,76,12,105.2906,1,9,5,2013,22,38,11,0,0,1,2,1,2,1,2,8,0,1,1,0,0,0
201320521013,6,4,1,76,12,210.5812,1,9,6,2013,15,45,34,0,0,1,1,1,0,0,2,8,0,1,4,0,0,0
201320521015,4,4,1,76,12,315.8718,1,10,4,2013,17,20,11,0,0,1,5,1,0,0,2,8,0,1,1,0,0,0
201320521016,4,4,4,76,12,315.8718,2,9,3,2013,8,42,12,7,0,2,1,1,0,0,2,1,0,3,1,0,0,0
201320521019,4,4,4,76,12,315.8718,2,9,6,2013,11,48,12,1,0,4,1,1,0,0,2,1,0,1,1,0,0,0
201320521021,5,4,4,76,12,105.2906,1,9,1,2013,8,28,34,0,0,1,1,1,2,1,2,1,0,1,4,0,0,0
201320521026,4,4,18,76,12,315.8718,2,9,3,2013,12,45,12,1,0,4,1,1,0,0,2,8,0,1,1,0,0,0
201320521027,3,4,18,76,12,105.2906,1,9,3,2013,15,35,8,0,0,1,1,1,3,1,2,8,0,1,1,0,0,0
201320521031,6,4,1,76,12,210.5812,1,9,2,2013,9,54,24,0,0,1,1,2,0,0,2,8,0,1,3,0,0,0
201320521034,6,4,1,76,12,210.5812,1,9,7,2013,9,11,25,0,0,1,1,1,0,0,2,8,0,1,3,0,0,0
201320521035,3,4,1,76,12,105.2906,1,9,7,2013,8,56,24,0,0,1,1,10,4,1,2,8,0,1,4,0,0,0
201320521038,6,4,1,76,12,210.5812,1,9,7,2013,19,7,11,0,0,1,2,1,0,0,2,8,0,1,1,0,0,0
201320521040,6,4,1,76,12,210.5812,1,10,6,2013,20,0,11,0,0,1,3,1,0,0,2,8,0,1,1,0,0,0
201320521042,4,4,1,76,12,315.8718,1,10,5,2013,7,55,5,0,0,1,1,1,0,0,2,8,0,1,6,0,0,0
201320521043,4,4,2,76,12,315.8718,2,9,5,2013,13,11,12,9,0,4,1,1,0,0,2,8,0,1,1,0,0,0
201320521046,3,4,2,76,12,105.2906,2,10,6,2013,12,53,12,1,0,2,1,1,2,1,2,8,0,2,1,0,0,0
201320521047,5,4,3,76,12,105.2906,2,9,7,2013,16,13,12,6,0,2,1,1,2,2,2,1,0,2,1,0,0,0
201320521048,3,4,3,76,12,105.2906,2,9,4,2013,17,53,12,1,0,2,1,1,2,3,2,1,0,2,1,0,0,0
201320521049,5,4,3,76,12,105.2906,2,10,3,2013,16,52,12,2,0,1,1,1,2,1,2,1,0,1,1,0,0,0
201320521050,4,4,3,76,12,315.8718,1,10,4,2013,21,7,11,0,0,1,2,10,0,0,2,1,0,1,1,0,0,0
201320521053,4,4,4,76,12,315.8718,2,9,6,2013,23,22,14,0,0,1,3,1,0,0,2,1,1,1,7,0,0,0
201320521055,3,4,4,76,12,105.2906,2,9,2,2013,16,1,12,1,0,4,1,1,3,1,2,1,0,1,1,0,0,0
201320521057,4,4,4,76,12,315.8718,2,10,1,2013,9,20,12,1,0,1,1,1,0,0,2,1,0,1,1,0,0,0
201320521058,4,4,5,76,12,315.8718,1,9,7,2013,17,12,30,0,0,1,1,1,0,0,1,8,0,1,4,0,0,0
201320521059,5,4,5,76,12,105.2906,1,9,7,2013,15,16,35,0,0,1,1,1,2,2,2,8,0,1,4,0,0,0
201320521060,5,4,6,76,12,105.2906,1,9,7,2013,19,24,35,0,0,2,2,1,2,1,1,8,0,10,4,0,0,0
201320521071,5,4,1,76,12,105.2906,1,9,4,2013,19,15,11,0,0,1,2,1,2,1,2,8,0,1,1,0,0,0
201320521073,1,4,1,76,12,105.2906,1,9,7,2013,20,18,34,0,0,1,2,1,4,1,1,8,0,1,4,0,0,0
201320521075,4,4,1,76,12,315.8718,1,10,5,2013,15,20,18,0,0,1,1,1,0,0,2,8,0,1,1,0,0,0
201320521076,3,4,3,76,12,105.2906,2,9,4,2013,11,4,54,11,0,1,1,1,2,1,2,1,0,1,1,14,0,0
201320521077,6,4,3,76,12,210.5812,2,10,3,2013,12,21,12,6,0,2,1,1,0,0,2,1,0,2,1,0,0,0
201320521078,3,4,3,76,12,105.2906,1,10,1,2013,12,34,9,0,0,4,1,1,2,1,2,1,0,1,1,0,0,0
201320521079,5,4,5,76,12,105.2906,1,9,3,2013,17,39,35,0,0,1,1,2,1,1,2,8,0,1,4,0,0,0
201320521080,2,4,5,76,12,105.2906,1,10,6,2013,5,45,11,0,0,1,4,1,0,0,2,8,0,1,1,0,0,0
201320521081,6,4,5,76,12,210.5812,1,10,1,2013,2,26,1,0,0,1,2,1,2,1,2,8,0,1,4,0,0,0
201320521082,6,4,7,76,12,300.83,1,10,6,2013,3,51,30,0,0,1,3,1,0,0,2,1,0,1,4,0,0,0
201320521083,4,4,7,76,12,300.83,2,10,6,2013,18,8,12,1,0,2,6,1,1,1,2,1,0,2,1,0,0,0
201320521084,1,4,18,76,12,105.2906,1,9,1,2013,1,39,1,0,0,1,2,1,3,2,1,8,0,1,4,0,0,0
201320521091,6,4,1,76,12,210.5812,1,10,5,2013,15,30,18,0,0,1,1,1,0,0,2,8,0,1,1,0,0,0
201320521094,6,4,1,76,12,210.5812,1,10,5,2013,21,40,52,0,0,1,2,1,1,1,1,8,0,1,4,0,0,0
201320521097,4,4,1,76,12,315.8718,1,10,2,2013,15,30,18,0,0,1,1,10,0,0,2,8,0,1,1,0,0,0
201320521099,4,4,2,76,12,315.8718,2,10,2,2013,19,19,14,0,0,1,2,1,1,1,2,8,1,1,7,0,0,0
201320521102,4,4,2,76,12,315.8718,1,10,1,2013,1,27,46,0,0,2,3,1,0,0,1,8,0,2,4,0,0,0
201320521104,6,4,4,76,12,210.5812,2,10,7,2013,17,38,12,6,0,2,1,1,0,0,2,1,0,2,1,0,0,0
201320521106,4,4,4,76,12,315.8718,2,10,5,2013,13,19,12,1,0,2,1,1,0,0,2,1,0,2,1,0,0,0
201320521109,6,4,4,76,12,210.5812,1,10,5,2013,13,48,39,0,0,1,1,1,0,0,2,1,0,1,4,0,0,0
201320521112,4,4,7,76,12,300.83,2,10,4,2013,10,53,12,9,0,4,1,1,0,0,2,1,0,1,1,0,0,0
201320521113,4,4,7,76,12,300.83,2,10,4,2013,7,53,12,7,0,2,1,1,0,0,2,1,0,2,1,0,0,0
201320521116,4,4,18,76,12,315.8718,2,10,6,2013,12,45,12,1,0,1,1,1,0,0,2,8,0,1,1,0,0,0
201320521132,6,4,1,76,12,210.5812,1,10,4,2013,18,20,18,0,0,1,2,10,0,0,2,8,0,1,1,0,0,0
201320521134,2,4,1,76,12,105.2906,2,10,5,2013,13,58,12,1,0,1,1,10,1,2,2,8,0,1,1,0,0,0
201320521136,4,4,1,76,12,315.8718,1,10,7,2013,19,0,11,0,0,1,2,1,0,0,2,8,0,1,1,0,0,0
201320521137,6,4,1,76,12,210.5812,1,10,2,2013,7,40,11,0,0,1,2,1,0,0,2,8,0,1,1,0,0,0
201320521140,5,4,1,76,12,105.2906,1,10,4,2013,12,22,42,0,0,1,1,10,1,2,2,8,0,1,4,0,0,0
201320521142,4,4,1,76,12,315.8718,1,11,7,2013,7,30,11,0,0,1,1,1,0,0,2,8,0,1,1,0,0,0
201320521143,6,4,5,76,12,210.5812,1,10,1,2013,6,26,42,0,0,1,2,1,2,4,2,8,0,1,4,0,0,0
201320521145,6,4,5,76,12,210.5812,2,10,6,2013,16,42,12,6,0,2,1,1,0,0,2,8,0,3,1,0,0,0
201320521147,6,4,18,76,12,210.5812,2,10,4,2013,19,17,12,6,0,1,2,1,0,0,2,8,0,1,1,0,0,0
201320521151,6,4,1,76,12,210.5812,1,9,3,2013,17,30,42,0,0,1,1,1,2,1,2,8,0,1,6,0,0,0
201320521154,2,4,1,76,12,105.2906,1,11,6,2013,10,25,24,0,0,1,1,1,3,1,2,8,0,1,4,0,0,0
201320521155,4,4,1,76,12,315.8718,2,11,6,2013,0,28,14,0,0,1,3,1,0,0,2,8,1,1,7,0,0,0
201320521157,1,4,1,76,12,105.2906,1,11,2,2013,12,54,1,0,0,1,1,10,3,2,2,8,0,1,4,0,0,0
201320521159,5,4,2,76,12,105.2906,2,10,4,2013,16,16,12,6,0,2,1,10,2,2,2,8,0,2,1,0,0,0
201320521160,4,4,4,76,12,315.8718,2,10,2,2013,15,42,12,1,0,2,1,1,1,1,2,1,0,2,1,0,0,0
201320521171,1,4,1,76,12,105.2906,1,11,7,2013,15,57,34,0,0,1,1,1,3,1,2,8,0,1,4,0,0,0
201320521172,6,4,1,76,12,210.5812,1,11,4,2013,21,0,7,0,0,1,2,1,0,0,2,8,0,1,1,0,0,0
201320521174,4,4,1,76,12,315.8718,1,11,1,2013,3,25,34,0,0,1,2,10,1,2,2,8,0,1,4,0,0,0
201320521176,1,4,3,76,12,105.2906,2,10,2,2013,10,48,12,11,0,2,1,1,4,1,2,1,0,2,1,0,0,0
201320521178,4,4,3,76,12,315.8718,2,11,3,2013,17,21,12,6,0,2,5,1,0,0,2,1,0,2,1,0,0,0
201320521179,6,4,4,76,12,210.5812,2,10,4,2013,5,32,12,1,0,2,3,1,0,0,2,1,0,3,1,0,0,0
201320521180,6,4,5,76,12,210.5812,1,9,6,2013,23,8,11,0,0,1,2,1,0,0,2,8,0,1,1,0,0,0
201320521181,5,4,5,76,12,105.2906,2,10,4,2013,17,20,12,2,0,4,1,1,3,3,2,8,0,1,1,0,0,0
201320521183,6,4,5,76,12,210.5812,1,11,3,2013,2,43,35,0,0,1,2,1,0,0,1,8,0,1,4,0,0,0
201320521192,5,4,1,76,12,105.2906,1,11,6,2013,21,41,43,0,0,1,2,10,2,2,1,8,0,1,3,0,0,0
201320521193,2,4,1,76,12,105.2906,3,11,1,2013,12,4,12,1,0,1,1,10,0,0,2,8,0,1,1,0,0,0
201320521195,5,4,1,76,12,105.2906,1,8,7,2013,0,31,24,0,0,1,2,1,1,3,1,8,0,1,4,0,0,0
201320521196,6,4,1,76,12,210.5812,1,11,3,2013,4,50,52,0,0,1,2,1,0,0,2,8,0,1,4,0,0,0
201320521198,6,4,2,76,12,210.5812,2,11,2,2013,9,1,12,6,0,2,1,1,0,0,2,8,0,2,1,0,0,0
201320521201,5,4,2,76,12,105.2906,1,11,3,2013,13,5,38,0,0,1,1,1,1,1,2,8,0,1,5,0,0,0
201320521204,6,4,3,76,12,210.5812,2,11,1,2013,7,56,12,1,0,1,1,1,0,0,2,1,0,1,1,0,0,0
201320521205,4,4,3,76,12,315.8718,2,11,5,2013,19,53,38,0,0,1,3,1,0,0,2,1,1,1,5,14,0,0
201320521206,4,4,4,76,12,315.8718,2,11,2,2013,23,43,14,0,0,1,3,1,0,0,2,1,1,1,7,20,0,0
201320521210,6,4,7,76,12,300.83,2,11,2,2013,13,28,12,6,0,2,1,1,0,0,2,1,0,,1,0,0,0
201320521211,4,4,7,76,12,300.83,2,11,6,2013,16,1,12,1,0,4,1,1,0,0,2,1,0,1,11,0,0,0
201320521212,5,4,18,76,12,105.2906,3,10,3,2013,6,41,12,1,0,2,1,1,2,24,2,8,0,3,1,0,0,0
201320521213,6,4,18,76,12,210.5812,2,10,4,2013,11,51,12,1,0,1,1,1,0,0,2,8,0,1,1,0,0,0
201320521215,6,4,18,76,12,210.5812,1,11,6,2013,18,30,11,0,0,1,2,1,0,0,2,8,0,1,1,0,0,0
201320521217,5,4,18,76,12,105.2906,3,11,6,2013,13,20,33,0,0,4,1,10,1,3,2,8,0,1,4,0,0,0
201320521232,4,4,1,76,12,315.8718,1,11,6,2013,9,40,18,0,0,1,1,2,0,0,2,8,0,1,1,0,0,0
201320521235,6,4,1,76,12,210.5812,1,11,7,2013,5,37,24,0,0,1,2,2,0,0,2,8,0,1,4,0,0,0
201320521237,6,4,1,76,12,210.5812,1,11,7,2013,9,35,59,0,0,1,1,4,0,0,2,8,0,1,4,0,0,0
201320521239,2,4,1,76,12,105.2906,2,11,1,2013,20,0,12,6,0,1,2,10,2,1,2,8,0,1,1,0,0,0
201320521240,5,4,1,76,12,105.2906,1,11,5,2013,14,45,38,0,0,1,1,1,2,1,2,8,0,1,4,0,0,0
201320521242,4,4,1,76,12,315.8718,1,12,1,2013,18,0,11,0,0,1,2,10,0,0,2,8,0,1,1,0,0,0
201320521243,4,4,2,76,12,315.8718,2,11,7,2013,11,25,12,7,0,1,1,2,0,0,2,8,0,1,1,0,0,0
201320521245,6,4,2,76,12,210.5812,3,11,2,2013,14,40,12,1,0,1,1,1,0,0,2,8,0,1,1,0,0,0
201320521247,2,4,3,76,12,105.2906,2,11,2,2013,12,20,12,7,0,2,1,1,0,0,2,1,0,6,1,0,0,0
201320521250,4,4,7,76,12,300.83,2,11,4,2013,15,44,12,7,0,1,1,10,0,0,2,1,0,1,1,0,0,0
201320521251,2,4,18,76,12,105.2906,1,11,3,2013,7,9,11,0,0,1,1,1,0,0,2,8,0,1,1,0,0,0
201320521252,3,4,18,76,12,105.2906,2,11,5,2013,15,11,12,1,0,1,1,1,2,1,2,8,0,1,1,0,0,0
201320521253,6,4,18,76,12,210.5812,2,11,3,2013,19,23,12,6,0,2,3,1,1,1,2,8,0,2,1,0,0,0
201320521271,6,4,1,76,12,210.5812,1,10,1,2013,20,47,11,0,0,1,2,1,0,0,2,8,0,1,1,0,0,0
201320521274,6,4,1,76,12,210.5812,1,11,3,2013,5,44,11,0,0,1,2,1,0,0,2,8,0,1,1,0,0,0
201320521275,5,4,1,76,12,105.2906,2,11,4,2013,11,50,12,1,0,2,1,1,1,1,2,8,0,3,1,0,0,0
201320521278,3,4,1,76,12,105.2906,1,11,6,2013,17,29,11,0,0,1,2,1,2,2,2,8,0,1,1,0,0,0
201320521279,4,4,1,76,12,315.8718,1,11,7,2013,1,45,11,0,0,1,2,1,0,0,2,8,0,1,1,0,0,0
201320521280,5,4,2,76,12,105.2906,2,11,1,2013,12,0,12,6,0,2,1,10,1,1,2,8,0,3,1,0,0,0
201320521282,6,4,2,76,12,210.5812,2,11,4,2013,15,7,12,6,0,2,1,10,2,1,2,8,0,2,1,0,0,0
201320521284,4,4,3,76,12,315.8718,2,11,6,2013,16,9,12,1,0,2,1,10,0,0,2,1,0,2,1,0,0,0
201320521285,6,4,3,76,12,210.5812,2,11,6,2013,12,31,12,6,0,2,1,10,0,0,2,1,0,3,1,0,0,0
201320521286,5,4,3,76,12,105.2906,1,11,5,2013,9,58,1,0,0,1,1,1,2,1,1,1,0,1,4,0,0,0