CASENUM,STRATUM,REGION,PJ,PSU,PSUSTRAT,WEIGHT,VE_TOTAL,MONTH,WKDY_IM,YEAR,HOUR_IM,MINUTE_IM,EVENT1_IM,MANCOL_IM,RELJCT1_IM,RELJCT2_IM,LGTCON_IM,WEATHR_IM,MAXSEV_IM,NO_INJ_IM,ALCHL_IM,LAND_USE,PVH_INVL,TYP_INT,REL_ROAD,CF1,CF2,CF3
201320933639,4,4,1,78,12,331.9062,2,10,6,2013,16,47,12,1,0,2,1,1,0,0,2,8,0,2,1,0,0,0
201320933646,4,4,1,78,12,331.9062,2,10,7,2013,22,19,12,1,0,2,3,1,0,0,2,8,0,2,1,0,0,0
201320933651,6,4,1,78,12,221.2708,2,10,3,2013,16,41,12,6,0,2,1,1,0,0,2,8,0,2,1,0,0,0
201320933656,4,4,1,78,12,331.9062,2,10,7,2013,13,29,12,1,0,1,1,1,0,0,2,8,0,1,1,0,0,0
201320933660,4,4,2,78,12,331.9062,2,9,5,2013,20,23,12,8,0,2,2,1,0,0,2,8,0,,1,0,0,0
201320933661,5,4,2,78,12,110.6354,2,9,2,2013,20,50,12,6,0,2,3,2,2,1,2,8,0,2,1,0,0,0
201320933663,6,4,2,78,12,221.2708,1,9,7,2013,0,27,34,0,0,1,2,1,0,0,2,8,0,1,4,0,0,0
201320933680,5,4,4,78,12,110.6354,1,9,2,2013,5,13,1,0,0,1,3,1,2,2,2,8,0,1,1,0,0,0
201320933688,3,4,2,78,12,55.3177,1,9,1,2013,2,19,33,0,0,1,3,1,2,1,1,8,0,1,4,,,
201320933690,6,4,2,78,12,221.2708,2,10,7,2013,23,50,12,1,0,2,2,1,2,2,2,8,0,3,1,0,0,0
201320933692,5,4,2,78,12,110.6354,2,10,2,2013,17,20,12,6,0,2,1,1,1,1,2,8,0,2,1,0,0,0
201320933694,4,4,2,78,12,331.9062,2,10,4,2013,5,41,12,6,0,2,4,1,0,0,2,8,0,2,1,0,0,0
201320933698,3,4,1,78,12,55.3177,2,9,7,2013,17,49,12,1,0,2,1,1,4,1,1,8,0,2,1,28,0,0
201320933699,3,4,1,78,12,55.3177,1,9,5,2013,6,15,1,0,0,2,4,1,3,1,2,8,0,2,1,0,0,0
201320933700,5,4,1,78,12,110.6354,2,9,1,2013,19,59,12,1,0,2,3,1,2,2,1,8,0,2,1,0,0,0
201320933704,3,4,1,78,12,55.3177,1,10,2,2013,10,55,8,0,0,2,1,1,3,1,2,8,0,2,1,0,0,0
201320933706,3,4,1,78,12,55.3177,1,10,4,2013,9,22,33,0,0,1,1,1,2,1,2,8,0,1,3,0,0,0
201320933709,3,4,1,78,12,55.3177,2,10,4,2013,12,6,12,2,0,1,1,1,3,1,2,8,0,1,1,0,0,0
201320933710,6,4,1,78,12,221.2708,2,10,4,2013,12,26,12,6,0,2,1,1,0,0,2,8,0,3,1,0,0,0
201320933711,5,4,1,78,12,110.6354,2,10,4,2013,14,7,12,6,0,2,1,1,2,1,2,8,0,2,1,0,0,0
201320933714,4,4,1,78,12,331.9062,2,10,5,2013,6,23,12,6,0,4,4,1,0,0,2,8,0,1,1,0,0,0
201320933722,6,4,1,78,12,221.2708,1,10,6,2013,9,50,33,0,0,2,1,1,0,0,2,8,0,6,3,0,0,0
201320933725,2,4,1,78,12,55.3177,2,10,6,2013,21,39,12,6,0,2,3,1,2,1,2,8,0,2,1,0,0,0
201320933726,4,4,1,78,12,331.9062,2,10,7,2013,10,52,12,6,0,2,1,1,0,0,2,8,0,2,1,0,0,0
201320933741,5,4,3,78,12,110.6354,1,10,2,2013,7,24,1,0,0,1,1,1,2,1,2,8,0,1,4,0,0,0
201320933748,1,4,2,78,12,55.3177,2,10,7,2013,23,16,12,6,0,2,3,1,4,5,2,8,0,3,1,0,0,0
201320933749,2,4,2,78,12,55.3177,2,10,3,2013,6,22,12,6,0,2,4,1,0,0,2,8,0,2,1,0,0,0
201320933750,3,4,2,78,12,55.3177,1,10,3,2013,6,27,8,0,0,1,4,1,3,1,2,8,0,1,1,0,0,0
201320933757,3,4,1,78,12,55.3177,1,10,6,2013,7,24,9,0,0,2,1,1,2,1,2,8,0,2,1,0,0,0
201320933759,4,4,1,78,12,331.9062,2,10,7,2013,22,48,12,8,0,4,3,1,0,0,1,8,0,1,11,0,0,0
201320933763,5,4,1,78,12,110.6354,2,10,4,2013,20,12,12,2,0,2,3,1,2,2,2,8,0,2,1,0,0,0
201320933768,5,4,1,78,12,110.6354,3,10,6,2013,15,11,12,1,0,2,1,1,1,2,2,8,0,3,1,0,0,0
201320933769,6,4,1,78,12,221.2708,2,10,6,2013,16,14,12,1,0,2,1,1,0,0,2,8,0,2,1,28,0,0
201320933770,4,4,1,78,12,331.9062,2,10,7,2013,12,34,12,6,0,4,1,1,0,0,2,8,0,1,1,0,0,0
201320933773,5,4,1,78,12,110.6354,4,10,2,2013,15,34,12,1,0,2,1,1,1,3,2,8,0,2,1,0,0,0
201320933783,3,4,1,78,12,55.3177,2,10,3,2013,17,56,12,6,0,2,5,1,2,2,2,8,0,3,1,0,0,0
201320933786,5,4,1,78,12,110.6354,3,10,3,2013,16,56,12,6,0,2,1,1,2,1,2,8,0,2,1,0,0,0
201320933787,4,4,1,78,12,331.9062,2,10,3,2013,18,45,12,7,0,1,3,1,0,0,2,8,0,1,1,0,0,0
201320933792,6,4,1,78,12,221.2708,2,10,6,2013,15,4,14,0,0,1,1,1,2,1,2,8,1,1,7,0,0,0
201320933795,4,4,1,78,12,331.9062,2,10,7,2013,17,30,12,1,0,2,1,1,0,0,2,8,0,2,1,0,0,0
201320933799,3,4,1,78,12,55.3177,2,10,3,2013,17,28,12,6,0,4,1,1,2,1,2,8,0,1,1,0,0,0
201320933801,3,4,1,78,12,55.3177,1,10,5,2013,7,32,9,0,0,2,1,1,2,1,2,8,0,2,1,0,0,0
201320933806,4,4,1,78,12,331.9062,2,11,6,2013,17,25,12,1,0,2,5,1,0,0,2,8,0,2,1,0,0,0
201320933813,1,4,2,78,12,55.3177,1,10,2,2013,2,25,1,0,0,1,2,1,3,2,1,8,0,1,1,0,0,0
201320933814,6,4,2,78,12,221.2708,2,10,2,2013,20,34,12,6,0,4,3,1,0,0,2,8,0,1,1,0,0,0
201320933819,4,4,3,78,12,331.9062,2,10,1,2013,12,12,12,1,1,2,1,1,0,0,2,8,0,2,1,0,0,0
201320933823,3,4,4,78,12,55.3177,1,9,1,2013,19,20,6,0,0,1,2,1,3,1,2,8,0,1,1,0,0,0
201320933824,6,4,4,78,12,221.2708,2,10,7,2013,15,25,12,6,0,1,1,1,2,1,2,8,0,1,1,0,0,0
201320933825,4,4,4,78,12,331.9062,1,10,4,2013,1,4,18,0,0,1,2,1,0,0,2,8,0,1,2,0,0,0
201320933827,1,4,4,78,12,55.3177,1,10,1,2013,14,45,1,0,1,5,1,1,3,1,1,8,0,1,8,0,0,0
201320933841,3,4,1,78,12,55.3177,2,10,2,2013,17,30,12,1,0,2,1,1,2,1,2,8,0,2,1,0,0,0
201320933842,4,4,1,78,12,331.9062,2,10,7,2013,18,13,12,7,0,2,3,1,0,0,2,8,0,2,1,0,0,0
201320933845,6,4,1,78,12,221.2708,2,10,5,2013,16,24,12,6,0,2,1,1,1,1,2,8,0,2,1,0,0,0
201320933851,5,4,1,78,12,110.6354,2,11,2,2013,9,57,12,2,0,2,1,1,2,3,2,8,0,3,1,0,0,0
201320933852,2,4,1,78,12,55.3177,2,11,2,2013,10,29,12,6,1,2,1,10,2,1,2,8,0,2,1,0,0,0
201320933853,4,4,1,78,12,331.9062,2,11,2,2013,11,40,12,6,0,2,1,1,0,0,2,8,0,2,1,0,0,0
201320933860,4,4,1,78,12,331.9062,2,11,4,2013,8,1,12,7,0,2,1,1,0,0,2,8,0,2,1,0,0,0
201320933866,5,4,1,78,12,110.6354,2,11,6,2013,11,56,12,6,0,2,1,1,2,2,2,8,0,2,1,0,0,0
201320933869,4,4,1,78,12,331.9062,2,11,6,2013,14,1,12,1,0,2,1,1,0,0,2,8,0,2,1,0,0,0
201320933870,6,4,1,78,12,221.2708,2,11,6,2013,14,59,12,6,0,2,1,1,1,1,2,8,0,2,1,0,0,0
201320933871,3,4,1,78,12,55.3177,3,11,2,2013,10,39,12,1,0,2,1,1,2,2,2,8,0,2,1,0,0,0
201320933873,4,4,2,78,12,331.9062,1,10,2,2013,19,30,39,0,0,1,2,1,0,0,2,8,0,1,4,0,0,0
201320933875,3,4,2,78,12,55.3177,2,10,7,2013,16,31,12,6,0,2,1,1,3,1,2,8,0,2,1,0,0,0
201320933879,5,4,2,78,12,110.6354,1,11,3,2013,20,20,34,0,0,1,2,1,1,1,2,8,0,1,5,0,0,0
201320933880,2,4,2,78,12,55.3177,2,11,4,2013,14,11,12,6,0,2,1,1,0,0,2,8,0,2,1,0,0,0
201320933887,1,4,3,78,12,55.3177,1,11,5,2013,7,25,1,0,0,1,1,1,3,2,2,8,0,1,4,0,0,0
201320933889,1,4,4,78,12,55.3177,2,9,3,2013,10,55,12,6,0,2,1,1,3,4,2,8,0,2,1,0,0,0
201320933892,5,4,4,78,12,110.6354,1,10,2,2013,8,35,1,0,0,1,1,1,3,3,2,8,0,1,3,0,0,0
201320933893,2,4,4,78,12,55.3177,2,10,4,2013,16,20,12,6,0,2,1,10,2,1,2,8,0,3,1,0,0,0
201320933894,2,4,4,78,12,55.3177,3,10,5,2013,13,46,12,1,1,2,1,1,0,0,2,8,0,,1,0,0,0
201320933895,3,4,4,78,12,55.3177,1,10,2,2013,11,45,38,0,0,1,1,1,2,1,2,8,0,1,4,0,0,0
201320933898,2,4,4,78,12,55.3177,2,10,6,2013,14,29,12,7,1,2,1,1,0,0,2,8,0,,1,0,0,0
201320933902,6,4,4,78,12,221.2708,1,11,7,2013,3,33,52,0,0,1,2,1,2,1,2,8,0,1,3,0,0,0
201320933904,2,4,4,78,12,55.3177,2,11,2,2013,18,43,12,1,0,1,2,1,0,0,2,8,0,1,1,0,0,0
201320933923,3,4,1,78,12,55.3177,1,11,5,2013,19,12,8,0,0,1,2,10,4,1,1,8,0,1,1,0,0,0
201320933927,4,4,1,78,12,331.9062,2,11,7,2013,19,33,12,1,0,2,3,1,0,0,2,8,0,2,1,0,0,0
201320933934,4,4,1,78,12,331.9062,2,11,3,2013,6,59,12,6,0,2,1,1,0,0,2,8,0,2,1,0,0,0
201320933942,4,4,1,78,12,331.9062,2,11,4,2013,18,12,12,6,0,2,3,1,0,0,2,8,0,2,1,0,0,0
201320933943,6,4,1,78,12,221.2708,2,11,5,2013,16,1,12,6,0,2,3,1,0,0,2,8,0,2,1,0,0,0
201320933945,3,4,2,78,12,55.3177,2,9,4,2013,20,55,12,6,0,2,3,1,3,1,2,8,0,2,1,0,0,0
201320933947,6,4,2,78,12,221.2708,2,10,7,2013,17,26,12,6,0,4,1,1,1,1,2,8,0,1,1,0,0,0
201320933950,5,4,2,78,12,110.6354,2,11,1,2013,2,3,12,8,0,1,2,1,2,2,1,8,0,1,1,0,0,0
201320933951,4,4,2,78,12,331.9062,1,11,6,2013,11,5,53,0,0,1,1,1,0,0,2,8,0,1,4,0,0,0
201320933958,2,4,3,78,12,55.3177,2,10,5,2013,20,38,12,7,0,1,2,1,2,2,2,8,0,1,1,0,0,0
201320933959,3,4,3,78,12,55.3177,2,10,2,2013,8,21,12,11,1,2,4,1,2,1,2,8,0,2,1,23,0,0
201320933960,4,4,3,78,12,331.9062,1,11,2,2013,5,35,38,0,0,1,2,1,0,0,2,8,0,1,5,0,0,0
201320933983,2,4,4,78,12,55.3177,2,10,4,2013,13,31,12,2,0,1,1,1,2,1,2,8,0,1,1,0,0,0
201320933984,2,4,4,78,12,55.3177,2,11,5,2013,15,18,12,1,0,1,1,1,0,0,2,8,0,1,1,0,0,0
201320933985,2,4,4,78,12,55.3177,2,11,5,2013,18,39,12,6,0,1,2,1,0,0,2,8,0,1,1,0,0,0
201320933986,2,4,4,78,12,55.3177,2,11,1,2013,7,22,12,7,0,1,1,1,1,1,1,8,0,1,1,0,0,0
201320933990,6,4,3,78,12,221.2708,1,11,6,2013,18,43,35,0,0,1,2,2,0,0,2,8,0,1,4,0,0,0
201320933993,3,4,2,78,12,55.3177,1,10,6,2013,19,13,8,0,0,2,2,1,4,1,1,8,0,2,1,0,0,0
201320933994,3,4,2,78,12,55.3177,2,10,3,2013,19,37,12,6,0,2,3,1,2,1,2,8,0,3,1,0,0,0
201320933995,6,4,2,78,12,221.2708,2,11,7,2013,9,50,12,6,1,2,1,1,0,0,2,8,0,2,1,0,0,0
201320933998,5,4,1,78,12,110.6354,1,11,7,2013,3,18,38,0,0,2,3,1,0,0,1,8,0,3,4,0,0,0
201320933999,3,4,1,78,12,55.3177,1,11,4,2013,19,43,8,0,0,2,3,1,2,1,2,8,0,3,1,0,0,0
201320934000,3,4,1,78,12,55.3177,1,11,7,2013,19,5,8,0,0,2,3,1,3,1,2,8,0,2,1,0,0,0
201320934002,3,4,1,78,12,55.3177,1,11,2,2013,1,4,35,0,0,1,2,1,2,1,1,8,0,1,4,0,0,0
201320934009,6,4,1,78,12,221.2708,1,11,6,2013,9,8,38,0,0,2,1,10,0,0,2,8,0,3,4,0,0,0
201320934011,4,4,1,78,12,331.9062,2,11,6,2013,20,46,12,6,0,2,3,1,0,0,2,8,0,2,1,0,0,0
201320934018,3,4,1,78,12,55.3177,2,11,4,2013,12,10,12,6,0,2,1,1,3,1,2,8,0,2,1,0,0,0
201320934021,6,4,1,78,12,221.2708,3,11,5,2013,19,11,12,6,0,2,3,1,0,0,2,8,0,2,1,0,0,0
201320934023,5,4,1,78,12,110.6354,2,11,2,2013,22,43,12,6,0,2,3,1,1,1,2,8,0,2,1,0,0,0
201320934042,1,4,1,78,12,55.3177,2,11,2,2013,7,26,12,6,0,2,1,10,3,3,2,8,0,2,1,0,0,0
201320934048,4,4,1,78,12,331.9062,2,11,4,2013,12,51,12,1,0,2,1,1,1,2,2,8,0,2,1,0,0,0
201320934052,5,4,1,78,12,110.6354,2,11,5,2013,5,39,12,6,0,2,3,10,2,3,2,8,0,2,1,0,0,0
201320934056,4,4,1,78,12,331.9062,2,11,6,2013,14,30,12,1,0,1,1,10,1,1,2,8,0,1,1,0,0,0
201320934064,4,4,1,78,12,331.9062,2,11,2,2013,9,59,12,6,0,2,1,1,1,1,2,8,0,3,1,0,0,0
201320934065,5,4,1,78,12,110.6354,2,11,2,2013,16,54,12,6,0,2,1,1,1,2,2,8,0,2,1,0,0,0
201320934066,6,4,1,78,12,221.2708,3,11,2,2013,18,19,12,1,0,2,3,1,0,0,2,8,0,2,1,0,0,0
201320934067,2,4,1,78,12,55.3177,2,11,3,2013,6,6,12,6,0,2,3,1,2,1,2,8,0,2,1,0,0,0
201320934077,3,4,1,78,12,55.3177,2,11,6,2013,11,49,12,1,0,2,1,1,2,2,2,8,0,3,1,0,0,0
201320934078,4,4,1,78,12,331.9062,2,11,6,2013,12,22,12,1,0,2,1,1,1,1,2,8,0,2,1,0,0,0
201320934079,6,4,1,78,12,221.2708,2,11,6,2013,14,2,12,6,0,2,1,1,0,0,2,8,0,2,1,0,0,0
201320934086,3,4,2,78,12,55.3177,2,11,4,2013,11,41,12,7,0,2,1,10,2,1,2,8,0,2,1,0,0,0
201320934087,4,4,2,78,12,331.9062,2,11,1,2013,8,21,12,1,0,2,1,1,0,0,2,8,0,2,1,0,0,0
201320934093,3,4,2,78,12,55.3177,2,11,5,2013,10,15,12,6,0,2,1,1,2,1,2,8,0,2,1,0,0,0
201320934097,6,4,3,78,12,221.2708,1,11,6,2013,8,35,42,0,0,1,1,2,2,1,2,8,0,1,4,0,0,0
201320934098,5,4,3,78,12,110.6354,1,11,6,2013,12,22,1,0,0,1,1,2,2,4,2,8,0,1,3,0,0,0
201320934101,2,4,4,78,12,55.3177,2,10,1,2013,19,6,12,7,0,1,3,1,3,2,2,8,0,1,1,0,0,0
201320934102,1,4,4,78,12,55.3177,1,11,6,2013,13,47,1,0,0,1,1,1,3,1,2,8,0,1,4,0,0,0
201320934120,4,4,5,78,12,398.28745,1,12,7,2013,12,54,59,0,0,1,1,1,0,0,1,8,0,1,3,0,0,0
201320934125,5,4,3,78,12,110.6354,1,11,1,2013,21,57,1,0,0,1,2,1,2,1,2,8,0,1,4,0,0,0
201320934127,3,4,3,78,12,55.3177,2,11,5,2013,18,28,12,1,0,2,2,1,2,2,2,8,0,2,1,0,0,0
201320934130,3,4,3,78,12,55.3177,1,12,2,2013,11,0,35,0,0,1,1,1,3,1,2,8,0,1,4,0,0,0
201320934131,5,4,3,78,12,110.6354,1,12,3,2013,5,1,1,0,0,1,4,1,2,1,2,8,0,1,4,0,0,0
201320934133,1,4,2,78,12,55.3177,2,10,4,2013,19,5,12,6,0,2,2,1,4,2,2,8,0,2,1,0,0,0
201320934136,4,4,2,78,12,331.9062,2,11,6,2013,17,0,12,6,0,2,1,1,0,0,2,8,0,2,1,0,0,0
201320934138,3,4,2,78,12,55.3177,1,11,7,2013,17,44,1,0,0,1,3,1,3,1,2,8,0,1,4,0,0,0
201320934145,5,4,1,78,12,110.6354,3,11,6,2013,18,4,12,7,0,2,3,1,1,2,2,8,0,2,1,0,0,0
201320934148,3,4,1,78,12,55.3177,1,11,7,2013,20,38,8,0,0,2,3,1,2,2,2,8,0,2,1,,,
201320934149,6,4,1,78,12,221.2708,2,11,7,2013,23,14,12,2,0,2,3,1,0,0,2,8,0,2,1,0,0,0
201320934152,4,4,1,78,12,331.9062,2,12,2,2013,16,4,12,1,0,2,1,1,0,0,2,8,0,2,1,0,0,0
201320934160,4,4,1,78,12,331.9062,3,12,4,2013,15,49,12,1,0,1,1,1,1,1,2,8,0,1,1,0,0,0
201320934180,3,4,1,78,12,55.3177,1,11,6,2013,18,51,9,0,0,2,5,1,2,1,2,8,0,2,1,0,0,0
201320934181,5,4,1,78,12,110.6354,2,11,5,2013,12,33,12,6,0,2,1,1,1,2,2,8,0,2,1,0,0,0
201320934184,4,4,1,78,12,331.9062,2,11,4,2013,12,58,12,1,0,2,1,1,1,1,2,8,0,3,1,0,0,0
201320934186,5,4,1,78,12,110.6354,2,12,2,2013,7,1,12,2,0,2,4,10,2,3,2,8,0,2,1,0,0,0
201320934191,4,4,1,78,12,331.9062,2,12,4,2013,16,17,12,7,0,4,1,1,0,0,2,8,0,1,1,0,0,0
201320934194,6,4,1,78,12,221.2708,2,12,5,2013,14,38,12,6,0,2,1,1,0,0,2,8,0,2,1,0,0,0
201320934200,5,4,1,78,12,110.6354,2,12,6,2013,16,40,12,1,0,2,1,1,1,1,2,8,0,2,1,0,0,0
201320934202,4,4,1,78,12,331.9062,1,12,6,2013,19,40,8,0,0,1,3,1,1,2,2,8,0,1,1,0,0,0
201320934207,6,4,1,78,12,221.2708,2,12,1,2013,12,41,12,1,0,1,1,1,0,0,2,8,0,1,1,0,0,0
201320934208,5,4,1,78,12,110.6354,2,12,1,2013,17,50,12,6,0,2,5,1,2,5,2,8,0,2,1,0,0,0
201320934213,6,4,3,78,12,221.2708,1,12,1,2013,2,53,1,0,0,1,2,1,0,0,2,8,0,1,4,0,0,0
201320934214,4,4,3,78,12,331.9062,2,12,1,2013,19,43,12,7,0,1,2,1,0,0,2,8,0,1,1,0,0,0
201320934215,2,4,3,78,12,55.3177,2,12,2,2013,13,48,12,7,0,1,1,1,0,0,2,8,0,1,1,0,0,0
201320934219,6,4,2,78,12,221.2708,2,11,6,2013,6,28,12,1,0,2,2,10,0,0,2,8,0,2,1,19,0,0
201320934220,5,4,2,78,12,110.6354,2,11,3,2013,18,44,12,2,0,2,5,1,1,1,2,8,0,2,1,0,0,0
201320934221,3,4,2,78,12,55.3177,1,12,4,2013,6,30,8,0,0,1,2,1,2,1,2,8,0,1,1,0,0,0
201320934243,3,4,1,78,12,55.3177,2,12,2,2013,12,17,12,1,0,2,1,1,3,1,2,8,0,2,1,28,0,0
201320934244,4,4,1,78,12,331.9062,2,12,3,2013,15,27,12,7,0,1,1,1,0,0,2,8,0,1,1,0,0,0
201320934245,3,4,1,78,12,55.3177,2,12,3,2013,8,6,1,0,0,2,1,1,3,2,2,8,0,3,1,0,0,0
201320934248,3,4,1,78,12,55.3177,2,12,5,2013,15,46,12,1,0,1,1,1,2,1,2,8,0,1,1,0,0,0
201320934252,4,4,1,78,12,331.9062,2,12,6,2013,11,44,12,6,0,4,1,1,0,0,2,8,0,1,1,0,0,0
201320934253,3,4,1,78,12,55.3177,2,12,6,2013,13,13,12,6,0,2,1,1,2,1,2,8,0,2,1,0,0,0
201320934260,4,4,1,78,12,331.9062,2,12,7,2013,15,7,12,1,0,2,1,1,0,0,2,8,0,2,1,0,0,0
201320934266,5,4,1,78,12,110.6354,2,12,5,2013,7,2,12,6,0,1,4,10,1,2,2,8,0,1,1,0,0,0
201320934271,3,4,2,78,12,55.3177,2,11,5,2013,9,32,12,6,0,2,1,1,2,1,2,8,0,2,1,0,0,0
201320934272,5,4,2,78,12,110.6354,2,11,6,2013,12,32,12,6,0,1,1,2,1,2,2,8,0,1,1,0,0,0
201320934273,3,4,2,78,12,55.3177,2,11,2,2013,11,35,12,6,0,2,1,1,2,1,2,8,0,2,1,0,0,0
201320934276,3,4,2,78,12,55.3177,2,12,7,2013,14,19,12,1,0,2,1,1,2,1,2,8,0,2,1,0,0,0
201320934279,1,4,3,78,12,55.3177,1,10,6,2013,5,0,31,0,0,1,2,1,4,4,2,8,0,1,3,0,0,0
201320934284,3,4,3,78,12,55.3177,1,12,5,2013,6,25,38,0,0,1,2,1,2,1,2,8,0,1,5,0,0,0
201320934286,5,4,4,78,12,110.6354,2,11,7,2013,17,36,12,6,0,1,2,1,2,1,2,8,0,1,1,0,0,0
201320934300,5,4,1,78,12,110.6354,2,12,1,2013,2,9,14,0,0,1,3,1,2,1,1,8,1,1,7,0,0,0
201320934301,4,4,1,78,12,331.9062,2,12,2,2013,14,59,12,1,0,2,1,1,0,0,2,8,0,2,1,0,0,0
201320934309,4,4,1,78,12,331.9062,2,12,2,2013,13,20,12,1,0,1,1,1,0,0,2,8,0,1,1,0,0,0
201320934315,2,4,1,78,12,55.3177,2,12,4,2013,15,0,14,0,0,1,1,1,1,1,2,8,1,1,7,0,0,0
201320934317,3,4,1,78,12,55.3177,2,12,4,2013,16,40,12,6,0,2,1,10,2,1,2,8,0,2,1,0,0,0
201320934318,2,4,1,78,12,55.3177,4,12,5,2013,12,8,12,7,0,1,1,1,2,2,2,8,0,1,1,14,0,0
201320934319,4,4,1,78,12,331.9062,2,12,5,2013,12,50,12,6,0,1,1,1,0,0,2,8,0,1,1,0,0,0
201320934325,4,4,1,78,12,331.9062,2,12,7,2013,11,46,12,6,1,4,1,1,1,1,2,8,0,1,1,0,0,0
201320934331,4,4,1,78,12,331.9062,2,12,3,2013,10,43,12,6,0,2,1,1,0,0,2,8,0,2,1,0,0,0
201320934337,5,4,2,78,12,110.6354,1,11,7,2013,4,45,30,0,0,1,2,1,2,2,1,8,0,1,4,0,0,0
201320934341,6,4,2,78,12,221.2708,2,11,7,2013,7,33,43,0,0,1,1,1,2,1,2,8,1,1,5,0,0,0
201320934344,2,4,2,78,12,55.3177,2,11,4,2013,16,3,12,6,0,4,1,1,0,0,2,8,0,1,1,0,0,0
201320934345,3,4,2,78,12,55.3177,2,11,5,2013,14,40,12,6,0,2,1,1,2,2,2,8,0,2,1,0,0,0
201320934346,2,4,2,78,12,55.3177,2,12,5,2013,10,35,12,6,1,2,1,1,0,0,2,8,0,2,1,0,0,0
201320934348,4,4,2,78,12,331.9062,2,12,3,2013,9,45,12,2,0,2,1,1,0,0,2,8,0,2,1,0,0,0
201320934356,2,4,4,78,12,55.3177,2,10,2,2013,5,59,12,6,0,1,4,1,4,2,1,8,0,1,1,0,0,0
201320934359,1,4,4,78,12,55.3177,2,11,1,2013,22,28,12,1,0,1,2,1,3,1,1,8,0,1,1,0,0,0
201320934360,5,4,4,78,12,110.6354,1,11,2,2013,8,24,1,0,0,1,1,1,2,1,2,8,0,1,4,0,0,0
201320934362,2,4,4,78,12,55.3177,2,11,2,2013,17,10,12,6,0,2,1,1,0,0,2,8,0,3,1,0,0,0
201320934363,4,4,4,78,12,331.9062,1,11,3,2013,1,50,1,0,0,1,3,1,1,1,2,8,0,1,3,0,0,0
201320934364,3,4,4,78,12,55.3177,2,11,4,2013,20,26,12,1,1,2,3,1,2,1,2,8,0,,1,0,0,0
201320934366,2,4,4,78,12,55.3177,2,12,3,2013,3,54,12,7,0,1,2,1,2,1,2,8,0,1,1,0,0,0
201320934368,3,4,4,78,12,55.3177,2,12,5,2013,21,14,11,0,0,1,2,1,0,0,2,8,0,1,1,0,0,0
201320934370,5,4,4,78,12,110.6354,7,12,1,2013,11,55,12,1,0,1,1,1,1,1,2,8,0,1,1,19,0,0
201320934384,4,4,1,78,12,331.9062,2,12,2,2013,18,13,12,7,0,1,3,1,0,0,2,8,0,1,1,0,0,0
201320934390,4,4,1,78,12,331.9062,2,12,6,2013,8,15,12,11,0,2,1,2,1,1,2,8,0,,1,0,0,0
201320934392,6,4,1,78,12,221.2708,2,12,7,2013,15,47,12,6,0,2,1,1,2,1,2,8,0,2,1,0,0,0
201320934398,5,4,1,78,12,110.6354,2,12,3,2013,16,44,12,1,0,4,1,1,1,1,2,8,0,1,1,0,0,0
201320934401,4,4,1,78,12,331.9062,2,12,6,2013,12,34,12,7,0,2,1,1,0,0,2,8,0,2,1,0,0,0
201320934402,5,4,1,78,12,110.6354,2,12,7,2013,13,53,12,6,0,2,1,1,1,1,2,8,0,2,1,0,0,0
201320934405,3,4,2,78,12,55.3177,2,11,2,2013,13,31,12,6,0,1,1,1,2,1,2,8,0,1,1,0,0,0
201320934406,6,4,2,78,12,221.2708,1,11,7,2013,23,20,8,0,0,1,2,1,4,1,2,8,0,1,1,0,0,0
201320934409,2,4,2,78,12,55.3177,2,12,7,2013,19,10,12,2,0,2,2,1,1,1,2,8,0,2,1,0,0,0
201320934410,4,4,2,78,12,331.9062,1,12,1,2013,22,5,39,0,0,4,3,1,0,0,2,8,0,1,5,0,0,0
201320934414,3,4,2,78,12,55.3177,2,12,1,2013,9,55,12,6,0,2,1,1,2,2,2,8,0,2,1,0,0,0
201320934417,2,4,2,78,12,55.3177,2,12,2,2013,15,45,12,6,0,2,1,1,3,1,2,8,0,2,1,0,0,0
201320934420,2,4,3,78,12,55.3177,2,12,7,2013,19,51,12,1,0,2,3,1,0,0,2,8,0,2,1,0,0,0
201320934423,1,4,4,78,12,55.3177,1,12,6,2013,16,53,1,0,0,1,1,1,3,1,2,8,0,1,3,0,0,0
201320934424,2,4,4,78,12,55.3177,3,12,3,2013,13,30,1,0,0,1,1,1,3,1,2,8,2,1,4,14,0,0
201320934425,6,4,4,78,12,221.2708,2,12,4,2013,18,52,12,1,0,1,2,1,0,0,2,8,0,1,1,0,0,0
201320934427,2,4,4,78,12,55.3177,2,12,6,2013,0,24,12,7,0,1,2,2,0,0,2,8,0,1,1,0,0,0
201320934441,2,4,1,78,12,55.3177,5,12,1,2013,13,56,12,6,0,2,1,1,2,7,2,8,0,2,1,0,0,0
201320934445,1,4,1,78,12,55.3177,2,12,5,2013,7,55,12,6,0,2,4,1,3,2,2,8,0,3,1,0,0,0