CASENUM,STRATUM,REGION,PJ,PSU,PSUSTRAT,WEIGHT,VE_TOTAL,MONTH,WKDY_IM,YEAR,HOUR_IM,MINUTE_IM,EVENT1_IM,MANCOL_IM,RELJCT1_IM,RELJCT2_IM,LGTCON_IM,WEATHR_IM,MAXSEV_IM,NO_INJ_IM,ALCHL_IM,LAND_USE,PVH_INVL,TYP_INT,REL_ROAD,CF1,CF2,CF3
201322360123,4,4,1,82,10,350.208,2,6,6,2013,10,8,14,0,0,2,1,1,0,0,2,3,1,,7,0,0,0
201322360198,6,4,1,82,10,207.936,2,6,2,2013,12,58,14,0,0,2,1,1,0,0,1,3,1,3,7,0,0,0
201322360200,3,4,1,82,10,21.888,1,6,6,2013,17,55,9,0,0,2,1,1,2,1,2,3,0,,1,0,0,0
201322360208,2,4,1,82,10,60.192,2,6,3,2013,8,55,12,6,0,2,1,2,0,0,2,3,0,,1,0,0,0
201322360217,3,4,1,82,10,21.888,1,6,4,2013,13,36,8,0,0,2,1,2,2,1,2,3,0,2,1,0,0,0
201322360229,1,4,1,82,10,5.472,2,6,1,2013,2,7,12,6,0,2,3,1,3,3,1,3,0,2,1,0,0,0
201322360238,4,4,1,82,10,350.208,2,6,6,2013,19,30,14,0,0,1,1,10,0,0,2,3,1,1,7,0,0,0
201322360304,5,4,1,82,10,87.552,2,6,6,2013,20,38,12,1,1,19,5,1,1,2,2,3,0,1,2,24,0,0
201322360309,3,4,1,82,10,21.888,1,6,6,2013,9,25,8,0,0,4,1,1,2,1,2,3,0,1,1,0,0,0
201322360339,4,4,2,82,10,350.208,2,6,4,2013,17,39,12,7,1,5,1,1,0,0,2,3,0,1,1,0,0,0
201322360422,4,4,2,82,10,350.208,2,5,1,2013,12,27,12,1,0,1,1,10,0,0,2,3,0,1,1,0,0,0
201322360430,1,4,2,82,10,5.472,1,5,5,2013,12,24,25,0,0,1,1,10,3,1,2,3,0,1,4,0,0,0
201322360441,3,4,2,82,10,21.888,2,5,5,2013,16,2,12,1,0,1,1,1,2,1,2,3,0,1,1,0,0,0
201322360452,6,4,2,82,10,207.936,1,5,2,2013,9,18,25,0,1,5,1,2,0,0,2,3,0,1,4,0,0,0
201322360457,2,4,2,82,10,60.192,2,6,2,2013,9,55,12,7,0,1,1,1,0,0,2,3,0,1,1,0,0,0
201322360507,4,4,1,82,10,350.208,2,7,2,2013,22,8,14,0,0,1,1,1,0,0,2,3,1,1,7,,,
201322360571,4,4,1,82,10,350.208,2,7,2,2013,15,31,14,0,0,1,1,1,0,0,2,3,1,1,7,,,
201322360635,4,4,1,82,10,350.208,2,7,1,2013,12,0,14,0,0,1,1,1,0,0,2,3,1,1,7,,,
201322360646,1,4,1,82,10,5.472,1,7,5,2013,12,0,42,0,0,1,1,1,3,2,2,3,0,1,6,0,0,0
201322360647,1,4,1,82,10,5.472,2,7,2,2013,19,23,12,6,0,2,1,1,3,2,2,3,0,2,1,0,0,0
201322360650,6,4,1,82,10,207.936,2,7,4,2013,9,47,12,6,0,2,1,1,0,0,2,3,0,2,1,0,0,0
201322360671,3,4,1,82,10,21.888,1,7,7,2013,14,14,8,0,0,2,1,1,2,1,2,3,0,2,1,0,0,0
201322360683,3,4,1,82,10,21.888,1,7,1,2013,9,15,8,0,0,2,1,1,2,1,2,3,0,,1,0,0,0
201322360687,5,4,1,82,10,87.552,2,7,7,2013,0,2,12,2,0,2,3,1,1,1,2,3,0,2,1,0,0,0
201322360705,3,4,1,82,10,21.888,2,7,2,2013,15,35,12,6,0,2,1,1,3,1,2,3,0,4,1,0,0,0
201322360721,6,4,1,82,10,207.936,2,7,2,2013,9,7,12,1,0,2,1,1,0,0,2,3,0,3,1,0,0,0
201322360722,3,4,1,82,10,21.888,2,7,2,2013,7,48,12,6,0,2,1,1,2,1,2,3,0,2,1,0,0,0
201322360760,6,4,2,82,10,207.936,1,7,6,2013,23,6,25,0,0,1,2,1,0,0,1,3,0,1,4,0,0,0
201322360825,4,4,1,82,10,350.208,2,7,6,2013,14,30,14,0,0,1,1,1,0,0,2,3,1,1,7,0,0,0
201322360874,2,4,1,82,10,60.192,2,7,3,2013,8,59,12,7,0,4,1,10,1,1,2,3,0,1,1,0,0,0
201322360878,3,4,1,82,10,21.888,1,7,2,2013,18,0,8,0,0,1,1,10,2,1,2,3,0,1,1,0,0,0
201322360973,5,4,2,82,10,87.552,1,7,6,2013,0,25,25,0,0,1,3,1,2,1,2,3,0,1,4,0,0,0
201322361007,4,4,1,82,10,350.208,2,7,3,2013,7,0,14,0,0,1,1,1,0,0,2,3,1,1,7,0,0,0
201322361072,4,4,1,82,10,350.208,2,7,7,2013,13,37,12,6,0,4,1,1,0,0,2,3,0,1,1,0,0,0
201322361137,4,4,1,82,10,350.208,2,7,1,2013,0,30,12,6,0,2,3,1,0,0,2,3,0,2,1,0,0,0
201322361169,3,4,1,82,10,21.888,2,7,5,2013,23,7,12,6,0,2,3,1,3,1,2,3,0,2,1,0,0,0
201322361182,3,4,1,82,10,21.888,2,7,7,2013,13,25,12,6,0,1,1,1,3,1,2,3,0,1,1,0,0,0
201322361185,1,4,1,82,10,5.472,1,7,6,2013,11,28,18,0,0,1,1,1,3,1,2,3,0,1,4,0,0,0
201322361200,5,4,1,82,10,87.552,2,7,4,2013,12,25,12,7,0,2,1,1,1,1,2,3,0,2,1,0,0,0
201322361207,3,4,1,82,10,21.888,2,7,1,2013,12,44,12,1,0,2,1,1,2,1,2,3,0,4,1,0,0,0
201322361210,6,4,1,82,10,207.936,2,7,6,2013,22,51,12,2,0,1,3,1,1,1,1,3,0,1,1,0,0,0
201322361221,3,4,1,82,10,21.888,1,7,5,2013,15,35,8,0,0,2,1,1,2,1,2,3,0,2,1,0,0,0
201322361231,3,4,1,82,10,21.888,1,7,7,2013,16,52,9,0,0,2,1,1,2,1,2,3,0,10,1,0,0,0
201322361240,3,4,1,82,10,21.888,1,7,4,2013,16,14,9,0,0,2,1,1,2,1,2,3,0,3,1,16,0,0
201322361257,3,4,1,82,10,21.888,1,7,3,2013,19,23,9,0,0,2,1,1,2,1,2,3,0,3,1,0,0,0
201322361284,4,4,2,82,10,350.208,3,6,6,2013,16,52,12,1,0,1,1,1,1,2,2,3,0,1,1,0,0,0
201322361349,4,4,2,82,10,350.208,3,7,4,2013,21,30,12,1,0,1,3,1,0,0,2,3,0,1,1,3,0,0
201322361376,6,4,2,82,10,207.936,2,7,6,2013,6,38,12,1,0,1,1,1,0,0,2,3,0,1,1,0,0,0
201322361417,4,4,1,82,10,350.208,2,7,7,2013,22,36,12,1,0,2,3,1,0,0,2,3,0,2,1,0,0,0
201322361481,4,4,1,82,10,350.208,2,7,3,2013,13,32,12,1,0,4,1,1,0,0,2,3,0,1,1,0,0,0
201322361545,4,4,1,82,10,350.208,2,7,5,2013,16,20,12,1,0,2,1,1,0,0,2,3,0,7,1,0,0,0
201322361568,6,4,1,82,10,207.936,2,7,4,2013,18,30,12,1,0,2,1,1,0,0,1,3,0,2,1,0,0,0
201322361570,3,4,1,82,10,21.888,1,7,4,2013,16,48,9,0,0,2,1,1,2,1,2,3,0,2,1,0,0,0
201322361602,3,4,1,82,10,21.888,1,7,1,2013,11,40,9,0,0,2,1,1,2,1,2,3,0,2,1,16,0,0
201322361607,5,4,1,82,10,87.552,2,7,7,2013,10,42,12,6,0,2,1,1,2,2,2,3,0,2,1,0,0,0
201322361613,3,4,1,82,10,21.888,1,7,7,2013,13,8,9,0,0,2,1,1,2,1,2,3,0,2,1,0,0,0
201322361623,3,4,1,82,10,21.888,3,7,5,2013,18,45,12,6,0,2,1,1,2,2,2,3,0,2,1,0,0,0
201322361628,1,4,1,82,10,5.472,1,7,4,2013,15,49,30,0,0,1,1,1,3,1,2,3,0,1,4,0,0,0
201322361629,1,4,1,82,10,5.472,2,7,7,2013,21,11,12,6,0,2,3,1,4,4,1,3,0,3,1,0,0,0
201322361717,4,4,1,82,10,350.208,2,7,4,2013,17,11,12,1,0,1,1,1,1,2,2,3,0,1,1,0,0,0
201322361784,4,4,1,82,10,350.208,2,8,5,2013,19,55,12,6,0,2,1,10,0,0,2,3,0,2,1,0,0,0
201322361801,6,4,1,82,10,207.936,3,8,6,2013,13,38,12,1,0,1,1,2,0,0,2,3,1,1,1,0,0,0
201322361807,3,4,1,82,10,21.888,1,8,5,2013,8,51,9,0,0,1,1,10,2,1,2,3,0,1,1,0,0,0
201322361819,3,4,1,82,10,21.888,1,7,6,2013,8,15,9,0,0,2,1,1,2,1,2,3,0,3,1,0,0,0
201322361833,3,4,1,82,10,21.888,2,7,2,2013,16,14,12,2,0,2,1,1,2,2,2,3,0,2,1,0,0,0
201322361841,3,4,1,82,10,21.888,2,8,7,2013,11,54,12,6,0,2,1,1,2,1,2,3,0,,1,0,0,0
201322361855,5,4,1,82,10,87.552,2,7,3,2013,12,30,12,2,0,2,1,1,1,3,2,3,0,2,1,0,0,0
201322361856,1,4,1,82,10,5.472,2,7,4,2013,18,45,12,6,0,2,1,1,3,2,2,3,0,2,1,0,0,0
201322361984,4,4,1,82,10,350.208,2,8,6,2013,12,0,14,0,0,1,1,1,0,0,2,3,1,1,7,,,
201322362050,4,4,1,82,10,350.208,2,8,3,2013,15,0,12,7,0,1,1,1,0,0,2,3,0,1,1,0,0,0
201322362096,6,4,1,82,10,207.936,1,8,7,2013,2,13,42,0,0,2,3,2,0,0,2,3,0,7,4,0,0,0
201322362098,3,4,1,82,10,21.888,2,8,7,2013,15,34,12,6,0,2,1,1,3,1,2,3,0,2,1,0,0,0
201322362122,3,4,1,82,10,21.888,2,8,3,2013,12,57,12,6,0,2,1,1,3,1,2,3,0,2,1,0,0,0
201322362135,3,4,1,82,10,21.888,1,8,5,2013,16,52,9,0,0,2,1,1,2,1,2,3,0,2,1,0,0,0
201322362141,3,4,1,82,10,21.888,2,8,2,2013,18,18,12,1,0,2,1,1,2,1,2,3,0,,1,0,0,0
201322362151,3,4,1,82,10,21.888,2,8,4,2013,15,46,12,1,0,2,1,1,2,2,2,3,0,,1,0,0,0
201322362168,1,4,1,82,10,5.472,2,8,1,2013,16,50,14,0,0,1,1,1,4,1,2,3,1,1,7,0,0,0
201322362213,4,4,1,82,10,350.208,2,8,3,2013,12,30,14,0,0,1,1,1,0,0,2,3,1,1,7,0,0,0
201322362278,4,4,1,82,10,350.208,2,8,7,2013,8,52,14,0,0,1,1,1,0,0,2,3,1,1,7,14,0,0
201322362311,6,4,1,82,10,207.936,2,8,6,2013,17,51,12,6,0,2,1,1,0,0,2,3,0,2,1,0,0,0
201322362317,5,4,1,82,10,87.552,2,8,1,2013,14,13,12,2,0,2,1,1,2,3,2,3,0,7,1,0,0,0
201322362323,3,4,1,82,10,21.888,1,8,3,2013,18,45,9,0,0,2,1,1,2,1,2,3,0,2,1,0,0,0
201322362325,2,4,1,82,10,60.192,2,8,6,2013,16,32,12,6,0,2,1,1,1,1,2,3,0,2,1,0,0,0
201322362350,3,4,1,82,10,21.888,3,8,4,2013,7,55,12,1,0,2,1,10,2,1,2,3,0,,1,0,0,0
201322362376,1,4,1,82,10,5.472,1,8,1,2013,0,47,30,0,0,1,3,1,3,2,1,3,0,1,4,0,0,0
201322362377,1,4,1,82,10,5.472,1,8,1,2013,3,3,31,0,0,1,3,1,3,1,2,3,0,1,6,0,0,0
201322362392,4,4,2,82,10,350.208,2,8,3,2013,14,54,12,1,0,1,1,1,0,0,2,3,0,1,1,0,0,0
201322362410,2,4,2,82,10,60.192,2,7,6,2013,9,22,12,1,0,1,1,1,0,0,2,3,0,1,1,0,0,0
201322362418,3,4,2,82,10,21.888,2,8,2,2013,23,50,12,1,0,1,2,1,2,3,2,3,0,1,1,0,0,0
201322362466,4,4,1,82,10,350.208,2,8,2,2013,21,19,14,0,0,1,3,1,1,1,2,3,1,1,7,0,0,0
201322362532,4,4,1,82,10,350.208,2,8,7,2013,16,24,12,7,0,1,1,1,1,1,2,3,0,1,1,0,0,0
201322362552,6,4,1,82,10,207.936,1,8,1,2013,11,51,59,0,0,1,1,1,0,0,2,3,0,1,4,0,0,0
201322362554,3,4,1,82,10,21.888,1,8,4,2013,18,36,8,0,0,2,1,1,2,1,2,3,0,2,1,0,0,0
201322362577,3,4,1,82,10,21.888,3,8,4,2013,10,3,12,1,0,4,1,1,2,2,2,3,0,1,1,0,0,0
201322362595,5,4,1,82,10,87.552,2,8,7,2013,14,48,12,6,0,2,1,1,1,1,2,3,0,2,1,0,0,0
201322362605,3,4,1,82,10,21.888,1,8,3,2013,17,15,1,0,0,4,1,1,2,1,2,3,0,1,4,0,0,0
201322362607,1,4,1,82,10,5.472,2,8,1,2013,13,27,12,2,0,1,1,1,3,4,1,3,0,1,1,0,0,0
201322362608,1,4,1,82,10,5.472,4,8,6,2013,10,34,14,0,0,1,1,1,3,2,2,3,3,1,7,14,0,0
201322362646,6,4,2,82,10,207.936,2,8,6,2013,11,58,12,1,1,5,1,1,1,1,2,3,0,1,1,0,0,0
201322362719,4,4,1,82,10,350.208,2,8,4,2013,8,53,12,11,0,4,1,1,0,0,2,3,0,1,1,0,0,0
201322362751,6,4,1,82,10,207.936,1,8,7,2013,6,17,30,0,0,2,1,10,4,1,2,3,0,3,4,0,0,0
201322362766,3,4,1,82,10,21.888,2,8,2,2013,17,16,12,1,0,2,1,2,2,2,2,3,0,2,1,0,0,0
201322362782,3,4,1,82,10,21.888,2,8,5,2013,8,7,12,1,0,1,1,2,2,1,2,3,0,1,1,0,0,0
201322362831,4,4,1,82,10,350.208,2,9,1,2013,19,18,12,6,0,2,1,1,0,0,2,3,0,2,1,0,0,0
201322362897,4,4,1,82,10,350.208,2,8,3,2013,17,36,14,0,0,2,5,1,0,0,2,3,1,,7,0,0,0
201322362952,6,4,1,82,10,207.936,3,9,1,2013,1,36,14,0,0,1,3,1,0,0,2,3,2,1,7,0,0,0
201322362963,3,4,1,82,10,21.888,1,9,1,2013,13,13,9,0,0,1,1,1,2,2,2,3,0,1,1,0,0,0
201322362968,3,4,1,82,10,21.888,1,9,1,2013,15,43,1,0,0,1,1,1,2,1,2,3,0,1,11,0,0,0
201322362977,5,4,1,82,10,87.552,3,8,7,2013,12,26,12,1,0,1,1,1,1,4,2,3,0,1,1,0,0,0
201322362996,3,4,1,82,10,21.888,1,9,4,2013,17,24,9,0,0,2,1,1,2,1,2,3,0,3,1,0,0,0
201322363065,4,4,1,82,10,350.208,2,9,7,2013,21,2,12,7,0,2,3,1,1,1,2,3,0,2,1,0,0,0
201322363129,4,4,1,82,10,350.208,2,9,2,2013,17,25,12,1,0,1,1,1,0,0,2,3,0,1,1,0,0,0
201322363162,3,4,1,82,10,21.888,1,9,3,2013,16,30,9,0,0,2,1,1,2,1,2,3,0,3,1,0,0,0
201322363178,6,4,1,82,10,207.936,2,9,7,2013,17,50,12,7,0,2,1,1,1,1,2,3,0,2,1,0,0,0
201322363187,3,4,1,82,10,21.888,1,9,1,2013,1,26,8,0,0,2,3,10,2,2,1,3,0,2,1,0,0,0
201322363199,3,4,1,82,10,21.888,2,9,3,2013,18,4,12,1,0,2,1,1,2,3,2,3,0,2,1,0,0,0
201322363204,2,4,1,82,10,60.192,2,9,5,2013,7,36,12,1,0,4,1,2,2,1,2,3,0,1,1,0,0,0
201322363216,3,4,1,82,10,21.888,2,9,3,2013,19,40,12,6,0,4,5,1,2,1,2,3,0,1,1,0,0,0
201322363225,1,4,1,82,10,5.472,1,9,6,2013,0,45,25,0,0,1,3,2,3,1,1,3,0,1,4,0,0,0
201322363235,4,4,2,82,10,350.208,2,8,4,2013,6,39,12,6,0,1,1,1,0,0,2,3,0,1,1,0,0,0
201322363300,4,4,2,82,10,350.208,2,9,5,2013,17,35,12,7,0,1,1,1,0,0,2,3,0,1,1,0,0,0
201322363325,3,4,2,82,10,21.888,1,9,6,2013,5,4,20,0,1,19,3,2,2,1,1,3,0,1,8,0,0,0
201322363329,6,4,2,82,10,207.936,3,9,6,2013,15,9,12,1,0,1,1,1,1,1,2,3,0,1,1,0,0,0
201322363391,4,4,1,82,10,350.208,2,8,4,2013,8,0,14,0,0,1,1,1,0,0,2,3,1,1,7,0,0,0
201322363455,4,4,1,82,10,350.208,2,9,7,2013,12,35,12,7,0,2,1,1,0,0,2,3,0,2,1,0,0,0
201322363511,3,4,1,82,10,21.888,1,9,5,2013,16,28,9,0,0,1,1,1,2,1,2,3,0,1,1,0,0,0
201322363517,6,4,1,82,10,207.936,1,9,7,2013,11,39,42,0,0,1,1,1,0,0,2,3,0,1,4,0,0,0
201322363532,5,4,1,82,10,87.552,2,9,5,2013,15,22,14,0,0,1,1,1,1,1,2,3,1,1,7,0,0,0
201322363533,3,4,1,82,10,21.888,1,9,5,2013,14,50,8,0,0,1,1,1,2,1,2,3,0,1,1,16,0,0
201322363562,3,4,1,82,10,21.888,1,9,2,2013,17,30,9,0,0,2,1,1,2,1,2,3,0,2,1,0,0,0
201322363711,4,4,1,82,10,350.208,2,9,6,2013,20,18,12,1,0,2,2,10,0,0,2,3,0,2,1,0,0,0
201322363766,6,4,1,82,10,207.936,3,9,5,2013,18,51,12,1,0,2,5,1,2,1,2,3,0,2,1,0,0,0
201322363767,3,4,1,82,10,21.888,1,9,5,2013,15,55,9,0,0,2,1,1,2,2,2,3,0,2,1,15,0,0
201322363784,3,4,1,82,10,21.888,1,9,7,2013,19,49,9,0,0,1,3,1,3,1,2,3,0,1,1,0,0,0
201322363809,5,4,1,82,10,87.552,2,9,7,2013,12,40,12,6,0,2,1,10,1,1,2,3,0,2,1,0,0,0
201322363815,1,4,1,82,10,5.472,1,9,7,2013,3,10,30,0,0,1,3,10,4,3,1,3,0,1,4,0,0,0
201322363816,1,4,1,82,10,5.472,2,9,1,2013,2,57,42,0,0,1,2,1,3,1,2,3,1,1,5,0,0,0
201322363817,1,4,1,82,10,5.472,1,9,1,2013,5,19,30,0,0,1,3,10,3,1,1,3,0,1,4,0,0,0
201322363832,4,4,2,82,10,350.208,2,8,3,2013,18,3,12,1,0,1,1,10,0,0,2,3,0,1,1,0,0,0
201322363892,3,4,2,82,10,21.888,2,9,6,2013,16,30,12,1,0,1,1,1,2,3,2,3,0,1,1,0,0,0
201322363894,2,4,2,82,10,60.192,4,9,4,2013,12,45,12,1,0,1,1,1,2,3,2,3,0,1,1,0,0,0
201322363909,5,4,2,82,10,87.552,1,9,4,2013,14,18,25,0,0,1,1,1,2,1,2,3,0,1,4,0,0,0
201322363911,6,4,2,82,10,207.936,2,9,5,2013,8,15,12,1,0,1,1,1,0,0,2,3,0,1,1,0,0,0
201322363944,4,4,1,82,10,350.208,2,9,3,2013,8,6,12,6,0,2,1,1,0,0,2,3,0,2,1,0,0,0
201322364015,3,4,1,82,10,21.888,1,9,4,2013,7,51,9,0,0,2,1,10,2,1,2,3,0,2,1,16,0,0
201322364023,6,4,1,82,10,207.936,2,9,5,2013,7,48,12,1,0,1,1,10,0,0,2,3,0,1,1,0,0,0
201322364027,3,4,1,82,10,21.888,1,9,5,2013,8,16,8,0,0,2,1,1,3,1,2,3,0,2,1,0,0,0
201322364029,1,4,1,82,10,5.472,1,9,3,2013,11,8,31,0,0,1,1,1,3,1,2,3,0,1,4,0,0,0
201322364052,3,4,1,82,10,21.888,1,10,4,2013,15,26,9,0,0,2,1,10,2,1,2,3,0,2,1,0,0,0
201322364067,2,4,1,82,10,60.192,2,9,5,2013,16,49,12,6,0,2,1,1,1,1,2,3,0,2,1,0,0,0
201322364082,3,4,1,82,10,21.888,2,9,7,2013,12,45,12,1,0,2,1,2,2,1,2,3,0,2,1,0,0,0
201322364098,3,4,1,82,10,21.888,1,9,5,2013,15,43,9,0,0,2,1,1,3,1,2,3,0,2,1,0,0,0
201322364100,6,4,1,82,10,207.936,1,9,1,2013,3,32,30,0,0,1,3,2,1,1,1,3,0,1,4,0,0,0
201322364111,3,4,1,82,10,21.888,1,10,3,2013,13,45,9,0,0,4,1,1,2,1,2,3,0,1,1,0,0,0
201322364123,5,4,1,82,10,87.552,2,9,1,2013,17,48,12,2,0,1,1,2,2,5,2,3,0,1,1,0,0,0
201322364156,6,4,1,82,10,207.936,2,10,7,2013,23,3,12,2,0,2,3,1,0,0,2,3,0,2,1,0,0,0
201322364157,3,4,1,82,10,21.888,1,10,7,2013,22,41,8,0,0,1,3,1,3,1,2,3,0,1,,0,0,0
201322364182,4,4,1,82,10,350.208,2,9,7,2013,16,7,12,1,0,1,1,2,0,0,2,3,0,1,1,0,0,0
201322364248,4,4,1,82,10,350.208,2,9,7,2013,2,44,12,6,0,2,3,2,0,0,2,3,0,2,1,0,0,0
201322364278,3,4,1,82,10,21.888,1,10,3,2013,15,8,9,0,0,4,1,1,2,1,2,3,0,1,1,0,0,0
201322364282,1,4,1,82,10,5.472,2,10,3,2013,11,39,14,0,0,1,1,10,3,2,2,3,1,1,2,0,0,0
201322364334,4,4,1,82,10,350.208,2,10,1,2013,15,34,12,7,0,1,1,1,0,0,2,3,0,1,1,0,0,0
201322364400,4,4,1,82,10,350.208,2,10,3,2013,16,40,12,7,0,2,1,1,0,0,2,3,0,2,1,0,0,0
201322364477,4,4,2,82,10,350.208,2,9,6,2013,8,12,1,0,0,1,1,2,1,1,2,3,0,1,1,0,0,0
201322364541,4,4,2,82,10,350.208,2,10,7,2013,10,30,12,1,0,1,1,1,0,0,2,3,0,1,1,0,0,0
201322364586,6,4,2,82,10,207.936,3,9,1,2013,19,41,12,1,0,1,3,2,0,0,2,3,0,1,1,0,0,0
201322364598,3,4,2,82,10,21.888,1,10,4,2013,13,24,25,0,1,5,1,2,2,1,2,3,0,1,4,0,0,0
201322364608,4,4,1,82,10,350.208,2,10,5,2013,1,34,14,0,0,1,3,1,0,0,2,3,1,1,7,0,0,0
201322364673,4,4,1,82,10,350.208,2,10,1,2013,15,21,12,1,0,1,1,1,0,0,2,3,0,1,1,23,0,0
201322364737,4,4,1,82,10,350.208,2,10,2,2013,12,0,14,0,0,1,1,1,0,0,2,3,1,1,7,0,0,0
201322364767,6,4,1,82,10,207.936,2,10,5,2013,16,47,12,6,0,2,1,10,0,0,2,3,0,2,1,0,0,0
201322364791,3,4,1,82,10,21.888,1,10,7,2013,19,49,9,0,0,2,3,1,2,1,2,3,0,2,1,16,0,0
201322364808,3,4,1,82,10,21.888,1,10,2,2013,19,0,9,0,0,2,2,1,2,1,2,3,0,7,1,16,0,0
201322364818,3,4,1,82,10,21.888,1,10,1,2013,18,0,9,0,0,2,2,1,2,1,2,3,0,2,1,0,0,0
201322364825,6,4,1,82,10,207.936,2,10,4,2013,19,2,12,1,1,5,3,1,0,0,2,3,0,1,1,0,0,0
201322364836,3,4,1,82,10,21.888,1,10,4,2013,13,40,8,0,0,2,1,1,3,1,2,3,0,2,1,0,0,0
201322364838,1,4,1,82,10,5.472,3,10,7,2013,1,11,30,0,0,4,3,1,3,1,2,3,2,1,4,14,0,0
201322364839,1,4,1,82,10,5.472,1,10,4,2013,0,15,42,0,0,1,3,10,4,2,1,3,0,1,4,0,0,0
201322364899,4,4,2,82,10,350.208,2,9,1,2013,17,55,12,1,0,1,1,1,0,0,2,3,0,1,1,19,0,0
201322364935,2,4,2,82,10,60.192,3,10,4,2013,13,3,12,1,0,1,1,1,2,1,2,3,0,1,1,0,0,0
201322364946,3,4,2,82,10,21.888,1,9,4,2013,5,3,39,0,1,5,2,2,2,1,2,3,0,1,4,0,0,0
201322364949,6,4,2,82,10,207.936,2,9,4,2013,16,43,12,1,0,1,1,1,0,0,2,3,0,1,1,0,0,0
201322365055,4,4,1,82,10,350.208,2,10,7,2013,10,33,12,7,0,1,1,1,0,0,2,3,0,1,1,0,0,0
201322365121,4,4,1,82,10,350.208,2,10,4,2013,16,15,12,7,0,1,1,1,0,0,2,3,0,1,1,0,0,0
201322365178,5,4,1,82,10,87.552,2,10,5,2013,7,31,12,6,0,2,4,1,1,5,2,3,0,2,1,0,0,0
201322365184,3,4,1,82,10,21.888,1,10,2,2013,17,43,8,0,0,2,1,1,2,1,2,3,0,2,1,0,0,0
201322365217,3,4,1,82,10,21.888,1,10,6,2013,9,26,8,0,0,1,1,1,2,1,2,3,0,1,1,0,0,0
201322365221,6,4,1,82,10,207.936,3,10,4,2013,15,30,12,1,0,1,1,10,0,0,2,3,0,1,1,0,0,0
201322365230,1,4,1,82,10,5.472,2,10,3,2013,19,9,12,1,0,2,3,1,3,2,2,3,0,2,1,0,0,0
201322365232,1,4,1,82,10,5.472,2,10,7,2013,3,46,12,1,0,2,3,5,4,4,1,3,0,,1,0,0,0
201322365233,1,4,1,82,10,5.472,2,10,4,2013,17,20,12,8,0,2,1,10,3,2,1,3,0,2,1,0,0,0
201322365285,4,4,1,82,10,350.208,2,10,4,2013,23,30,14,0,0,2,6,1,0,0,2,3,1,,7,,,
201322365351,4,4,1,82,10,350.208,2,10,5,2013,22,20,12,6,0,4,3,1,0,0,2,3,0,1,1,0,0,0
201322365411,3,4,1,82,10,21.888,1,10,4,2013,7,42,8,0,0,1,4,1,3,1,2,3,0,1,1,0,0,0
201322365430,3,4,1,82,10,21.888,1,10,6,2013,21,4,1,0,0,2,3,1,2,1,2,3,0,2,1,0,0,0
201322365446,3,4,1,82,10,21.888,1,10,1,2013,16,6,8,0,0,2,1,1,2,1,2,3,0,2,1,0,0,0
201322365447,6,4,1,82,10,207.936,2,10,1,2013,0,17,12,6,0,2,3,1,0,0,2,3,0,2,1,0,0,0
201322365461,3,4,1,82,10,21.888,1,10,2,2013,9,40,9,0,0,2,1,1,2,1,2,3,0,2,1,0,0,0
201322365471,5,4,1,82,10,87.552,2,10,3,2013,11,30,12,6,0,2,1,1,1,1,2,3,0,2,1,0,0,0
201322365472,2,4,1,82,10,60.192,3,10,3,2013,11,15,12,6,0,2,1,1,2,2,2,3,1,2,1,14,0,0
201322365474,3,4,1,82,10,21.888,1,10,3,2013,7,1,8,0,0,2,3,10,3,1,2,3,0,2,1,0,0,0
201322365491,1,4,1,82,10,5.472,3,10,2,2013,0,7,14,0,0,1,3,1,3,1,1,3,2,1,7,0,0,0
201322365531,4,4,1,82,10,350.208,2,10,5,2013,15,50,12,6,0,2,1,10,0,0,2,3,0,2,1,,,
201322365595,4,4,1,82,10,350.208,2,11,7,2013,1,40,12,1,0,2,3,2,1,2,2,3,0,,1,0,0,0
201322365645,3,4,1,82,10,21.888,2,11,7,2013,14,35,12,11,0,2,1,10,2,1,2,3,0,2,1,0,0,0
201322365662,6,4,1,82,10,207.936,1,11,1,2013,1,18,30,0,0,1,3,1,0,0,2,3,0,1,4,0,0,0
201322365674,3,4,1,82,10,21.888,1,11,4,2013,23,0,15,0,0,1,3,2,2,1,2,3,0,1,1,0,0,0
201322365684,5,4,1,82,10,87.552,1,11,3,2013,22,15,30,0,0,1,3,1,1,2,2,3,0,1,4,0,0,0
201322365697,3,4,1,82,10,21.888,1,11,5,2013,8,37,9,0,0,1,1,2,2,1,2,3,0,1,1,0,0,0
201322365721,3,4,1,82,10,21.888,1,11,5,2013,17,20,9,0,0,2,1,2,2,1,2,3,0,2,1,0,0,0
201322365761,4,4,1,82,10,350.208,2,11,3,2013,22,50,14,0,0,1,3,2,0,0,2,3,1,1,7,,,
201322365763,1,4,1,82,10,5.472,1,11,7,2013,22,35,25,0,1,5,3,10,3,1,2,3,0,1,4,0,0,0
201322365899,4,4,1,82,10,350.208,2,11,4,2013,15,0,14,0,0,1,1,10,0,0,2,3,1,1,7,,,
201322365966,4,4,1,82,10,350.208,1,11,5,2013,10,57,30,0,0,1,1,2,0,0,2,3,0,1,4,0,0,0