CASENUM,STRATUM,REGION,PJ,PSU,PSUSTRAT,WEIGHT,VE_TOTAL,MONTH,WKDY_IM,YEAR,HOUR_IM,MINUTE_IM,EVENT1_IM,MANCOL_IM,RELJCT1_IM,RELJCT2_IM,LGTCON_IM,WEATHR_IM,MAXSEV_IM,NO_INJ_IM,ALCHL_IM,LAND_USE,PVH_INVL,TYP_INT,REL_ROAD,CF1,CF2,CF3
201326637037,4,1,1,26,2,347.9998,1,6,5,2013,8,29,8,0,0,2,1,10,1,1,2,3,0,3,1,0,0,0
201326637044,6,1,1,26,2,207.9511,1,6,6,2013,13,47,35,0,0,1,1,2,0,0,2,3,0,1,3,0,0,0
201326637053,5,1,1,26,2,89.1219,1,6,7,2013,9,39,42,0,0,1,1,10,2,2,2,3,0,1,4,0,0,0
201326637060,4,1,7,26,2,347.6485,2,5,7,2013,23,28,12,6,0,2,3,10,0,0,2,3,0,2,1,0,0,0
201326637065,3,1,7,26,2,15.802204,1,5,4,2013,11,57,9,0,0,1,1,1,2,1,2,3,0,1,1,0,0,0
201326637071,6,1,7,26,2,205.42865,1,5,7,2013,21,19,11,0,0,1,3,1,0,0,2,3,0,1,1,0,0,0
201326637077,5,1,7,26,2,94.813225,2,5,4,2013,14,11,12,2,0,1,1,10,1,2,2,3,0,1,1,0,0,0
201326637100,4,1,7,26,2,347.6485,2,6,5,2013,12,25,12,6,0,4,1,2,0,0,2,3,0,1,1,0,0,0
201326637115,6,1,7,26,2,205.42865,1,6,5,2013,18,4,30,0,0,4,1,1,0,0,2,3,0,1,4,0,0,0
201326637134,4,1,7,26,2,347.6485,2,6,1,2013,13,23,12,6,0,2,1,10,0,0,2,3,0,2,1,0,0,0
201326637139,3,1,3,26,2,16.661213,2,6,1,2013,11,52,12,2,0,2,1,1,2,1,2,3,0,,1,0,0,0
201326637143,1,1,3,26,2,8.330606,2,6,7,2013,15,19,12,6,0,2,1,1,3,2,2,3,0,3,1,0,0,0
201326637170,6,1,3,26,2,208.26515,2,6,5,2013,16,54,12,1,0,2,1,1,0,0,2,3,0,,1,0,0,0
201326637177,4,1,3,26,2,349.88544,2,6,2,2013,12,21,12,7,0,1,1,10,0,0,2,3,0,1,1,0,0,0
201326637181,1,1,13,26,2,33.326668,2,6,3,2013,20,23,12,2,0,1,1,10,3,3,2,1,0,1,1,0,0,0
201326637183,1,1,13,26,2,33.326668,1,6,6,2013,18,30,38,0,0,1,1,1,3,2,2,1,0,1,4,0,0,0
201326637189,6,1,13,26,2,199.96,3,6,4,2013,16,40,12,1,0,1,1,1,1,1,2,1,0,1,1,0,0,0
201326637196,1,1,1,26,2,4.2439,1,6,2,2013,11,25,42,0,0,1,1,10,3,2,2,3,0,1,4,0,0,0
201326637287,3,1,1,26,2,21.2195,1,7,5,2013,12,54,1,0,0,1,1,1,3,1,2,3,0,1,1,0,0,0
201326637300,6,1,13,26,2,199.96,2,7,1,2013,14,0,12,7,0,2,1,1,0,0,2,1,0,,1,0,0,0
201326637301,4,1,13,26,2,366.59335,2,7,5,2013,18,15,12,1,0,4,1,1,0,0,2,1,0,1,1,0,0,0
201326637360,3,1,3,26,2,16.661213,1,7,5,2013,14,12,1,0,0,1,1,1,2,1,2,3,0,1,4,0,0,0
201326637380,3,1,7,26,2,15.802204,1,7,6,2013,13,52,9,0,0,2,1,10,2,1,2,3,0,2,1,0,0,0
201326637383,3,1,7,26,2,15.802204,1,7,3,2013,19,30,9,0,0,2,1,1,2,1,2,3,0,2,1,0,0,0
201326637387,6,1,7,26,2,205.42865,1,7,7,2013,13,15,24,0,0,1,1,2,0,0,2,3,0,1,3,0,0,0
201326637440,6,1,3,26,2,208.26515,3,8,7,2013,12,2,12,1,0,2,1,1,1,1,2,3,0,,1,0,0,0
201326637448,4,1,3,26,2,349.88544,2,7,4,2013,15,8,12,1,0,2,1,10,0,0,2,3,0,,1,0,0,0
201326637449,3,1,3,26,2,16.661213,1,7,4,2013,8,1,9,0,0,1,1,1,2,1,2,3,0,1,2,0,0,0
201326637457,3,1,3,26,2,16.661213,2,7,3,2013,13,4,12,6,0,2,1,1,2,3,2,3,0,,1,0,0,0
201326637463,1,1,7,26,2,15.802204,2,8,3,2013,12,41,12,2,0,2,1,1,3,2,2,3,0,3,1,0,0,0
201326637477,5,1,7,26,2,94.813225,2,7,5,2013,10,58,12,2,0,2,1,1,3,1,2,3,0,,1,0,0,0
201326637479,4,1,7,26,2,347.6485,2,7,4,2013,13,57,12,6,0,2,1,1,0,0,2,3,0,3,1,0,0,0
201326637541,6,1,1,26,2,207.9511,2,7,5,2013,14,57,12,6,0,4,1,10,0,0,2,3,0,1,1,0,0,0
201326637552,4,1,1,26,2,347.9998,1,7,7,2013,23,28,24,0,0,1,2,10,0,0,2,3,0,1,3,0,0,0
201326637586,3,1,1,26,2,21.2195,2,8,7,2013,17,0,12,1,0,2,1,1,3,1,2,3,0,,1,0,0,0
201326637590,5,1,1,26,2,89.1219,2,8,1,2013,14,30,12,2,0,2,1,1,2,1,1,3,0,,1,0,0,0
201326637613,1,1,1,26,2,4.2439,2,7,3,2013,7,43,12,6,0,2,1,10,4,2,2,3,0,2,1,0,0,0
201326637622,2,1,13,26,2,66.653336,1,7,6,2013,7,30,1,0,0,1,1,1,0,0,2,1,0,1,4,0,0,0
201326637623,6,1,13,26,2,199.96,2,7,5,2013,12,0,12,6,0,4,1,1,0,0,2,1,0,1,1,0,0,0
201326637630,3,1,13,26,2,33.326668,1,8,5,2013,23,50,8,0,0,1,2,1,2,1,2,1,0,1,1,0,0,0
201326637645,2,1,2,26,2,59.4146,2,6,4,2013,9,30,12,6,0,2,1,1,0,0,2,3,0,3,1,0,0,0
201326637647,1,1,2,26,2,4.2439,2,6,4,2013,14,44,12,1,0,2,1,1,3,1,2,3,0,,1,0,0,0
201326637654,5,1,2,26,2,89.1219,1,6,6,2013,7,44,24,0,0,1,1,2,1,1,2,3,0,1,3,0,0,0
201326637665,6,1,2,26,2,207.9511,2,7,3,2013,15,20,12,6,0,2,1,1,0,0,2,3,0,2,1,0,0,0
201326637667,1,1,2,26,2,4.2439,2,7,4,2013,14,20,12,6,0,2,1,1,3,2,2,3,0,2,1,0,0,0
201326637709,4,1,2,26,2,347.9998,2,7,4,2013,15,45,12,1,0,1,1,1,1,1,2,3,0,1,1,0,0,0
201326637743,3,1,9,26,2,25.016687,1,7,6,2013,14,53,9,0,0,2,1,10,2,1,2,1,0,2,1,0,0,0
201326637748,1,1,9,26,2,12.508344,3,7,3,2013,8,29,12,8,0,1,1,1,4,2,2,1,0,1,1,14,0,0
201326637749,4,1,9,26,2,350.23364,2,7,4,2013,21,33,12,2,0,2,3,1,0,0,2,1,0,,1,0,0,0
201326637777,1,1,9,26,2,12.508344,2,8,4,2013,15,11,14,0,0,1,1,1,3,1,1,1,1,1,7,0,0,0
201326637800,1,1,1,26,2,4.2439,2,6,4,2013,14,58,12,2,0,1,1,1,4,2,2,3,0,1,1,0,0,0
201326637856,6,1,1,26,2,207.9511,2,8,7,2013,10,57,12,7,0,2,1,1,0,0,2,3,0,,1,0,0,0
201326637909,6,1,13,26,2,199.96,2,8,5,2013,12,24,12,7,0,1,1,1,0,0,2,1,0,1,1,0,0,0
201326637913,3,1,13,26,2,33.326668,1,8,4,2013,17,10,30,0,0,1,1,10,2,1,2,1,0,1,4,0,0,0
201326637914,4,1,13,26,2,366.59335,2,8,6,2013,7,49,12,1,0,2,1,1,1,1,2,1,0,4,1,0,0,0
201326637959,5,1,3,26,2,91.636665,3,8,5,2013,18,10,12,1,0,1,1,1,1,1,2,3,0,1,1,0,0,0
201326638024,1,1,1,26,2,4.2439,2,8,5,2013,20,5,12,2,0,2,3,1,3,1,2,3,0,2,1,0,0,0
201326638042,4,1,1,26,2,347.9998,2,8,6,2013,16,21,12,1,0,2,1,1,0,0,2,3,0,,1,0,0,0
201326638058,6,1,1,26,2,207.9511,2,9,3,2013,16,22,12,6,0,4,1,10,0,0,2,3,0,1,1,0,0,0
201326638075,3,1,1,26,2,21.2195,1,9,5,2013,17,34,8,0,0,2,1,1,3,1,2,3,0,2,1,0,0,0
201326638079,5,1,1,26,2,89.1219,2,9,6,2013,10,59,12,1,0,1,1,1,1,2,2,3,0,1,1,0,0,0
201326638143,6,1,9,26,2,212.64185,2,8,2,2013,10,53,12,6,0,4,1,1,0,0,2,1,0,1,1,0,0,0
201326638144,4,1,9,26,2,350.23364,2,8,3,2013,16,21,12,7,0,1,1,1,0,0,2,1,0,1,1,0,0,0
201326638167,3,1,7,26,2,15.802204,2,8,3,2013,1,0,14,0,0,1,3,10,2,1,2,3,1,1,7,0,0,0
201326638168,2,1,7,26,2,63.208817,2,8,3,2013,9,53,12,1,0,2,1,10,0,0,2,3,0,,1,0,0,0
201326638174,6,1,7,26,2,205.42865,2,8,6,2013,17,13,12,1,0,1,1,1,0,0,2,3,0,1,1,0,0,0
201326638175,4,1,7,26,2,347.6485,2,8,6,2013,17,15,12,1,0,1,1,1,0,0,2,3,0,1,1,0,0,0
201326638188,3,1,7,26,2,15.802204,1,8,6,2013,9,10,35,0,0,2,1,1,2,1,2,3,0,3,4,0,0,0
201326638209,4,1,7,26,2,347.6485,2,9,6,2013,22,20,14,0,0,1,2,10,0,0,2,3,1,1,7,0,0,0
201326638238,6,1,3,26,2,208.26515,1,9,7,2013,20,0,11,0,0,1,3,1,0,0,2,3,0,1,1,0,0,0
201326638261,4,1,3,26,2,349.88544,2,9,5,2013,19,33,12,1,0,2,5,1,0,0,2,3,0,,1,0,0,0
201326638279,6,1,13,26,2,199.96,5,8,3,2013,16,50,12,1,0,2,1,1,2,1,2,1,0,,1,0,0,0
201326638280,3,1,13,26,2,33.326668,1,8,3,2013,20,28,1,0,0,1,3,10,2,1,2,1,0,1,4,0,0,0
201326638300,3,1,1,26,2,21.2195,1,9,7,2013,19,46,8,0,0,2,5,1,2,1,2,3,0,3,1,0,0,0
201326638332,6,1,1,26,2,207.9511,2,9,4,2013,20,36,12,6,0,2,3,1,0,0,2,3,0,,1,0,0,0
201326638410,1,1,1,26,2,4.2439,1,9,7,2013,11,25,59,0,0,1,1,1,3,1,2,3,0,1,3,0,0,0
201326638430,6,1,7,26,2,205.42865,1,9,2,2013,0,5,11,0,0,1,3,10,0,0,2,3,0,1,1,0,0,0
201326638431,4,1,7,26,2,347.6485,1,9,2,2013,20,5,11,0,0,1,3,1,0,0,2,3,0,1,1,0,0,0
201326638434,3,1,7,26,2,15.802204,2,9,3,2013,16,58,12,1,0,2,1,1,2,1,2,3,0,2,1,0,0,0
201326638453,5,1,7,26,2,94.813225,2,10,2,2013,13,5,12,2,0,2,1,10,2,2,2,3,0,,1,0,0,0
201326638488,1,1,3,26,2,8.330606,3,9,5,2013,14,5,12,6,0,2,1,1,3,2,2,3,1,,1,0,0,0
201326638503,5,1,3,26,2,91.636665,2,9,6,2013,14,10,12,6,0,2,1,1,1,1,2,3,0,,1,0,0,0
201326638512,4,1,13,26,2,366.59335,2,9,2,2013,8,15,12,6,0,2,1,10,0,0,2,1,0,2,1,0,0,0
201326638514,5,1,13,26,2,99.98,1,9,6,2013,15,15,53,0,0,1,1,1,1,1,2,1,0,1,4,0,0,0
201326638523,5,1,13,26,2,99.98,2,9,6,2013,7,10,12,6,0,2,4,1,1,2,2,1,0,2,1,0,0,0
201326638526,6,1,13,26,2,199.96,2,9,1,2013,17,25,12,6,0,2,3,10,2,1,2,1,0,,1,0,0,0
201326638555,1,1,2,26,2,4.2439,1,8,7,2013,17,26,34,0,0,1,1,1,4,1,2,3,0,1,4,0,0,0
201326638556,5,1,2,26,2,89.1219,1,8,7,2013,19,15,34,0,0,4,1,1,1,1,1,3,0,1,4,0,0,0
201326638560,3,1,2,26,2,21.2195,2,8,2,2013,19,0,12,6,0,2,1,1,3,2,2,3,0,,1,0,0,0
201326638568,1,1,2,26,2,4.2439,2,8,5,2013,19,8,12,6,0,2,1,1,3,1,2,3,0,2,1,0,0,0
201326638572,6,1,2,26,2,207.9511,1,8,6,2013,14,14,11,0,0,1,1,1,0,0,2,3,0,1,1,0,0,0
201326638591,1,1,2,26,2,4.2439,3,9,2,2013,6,19,12,6,0,2,1,1,3,5,2,3,0,2,1,0,0,0
201326638647,1,1,2,26,2,4.2439,1,9,2,2013,1,45,34,0,0,1,2,10,3,3,2,3,0,1,4,0,0,0
201326638687,4,1,9,26,2,350.23364,2,9,2,2013,15,43,12,6,0,4,1,1,1,3,2,1,0,1,1,0,0,0
201326638705,4,1,1,26,2,347.9998,2,10,3,2013,12,45,12,7,0,1,1,1,0,0,2,3,0,1,1,0,0,0
201326638716,2,1,1,26,2,59.4146,1,10,5,2013,12,36,1,0,0,1,1,10,0,0,2,3,0,1,4,0,0,0
201326638739,6,1,1,26,2,207.9511,1,10,2,2013,1,22,11,0,0,1,2,10,0,0,2,3,0,1,1,0,0,0
201326638757,1,1,1,26,2,4.2439,2,10,3,2013,8,10,12,2,0,2,1,1,3,2,2,3,0,,1,0,0,0
201326638779,5,1,1,26,2,89.1219,3,10,6,2013,16,14,12,1,0,1,1,1,1,2,2,3,0,1,1,0,0,0
201326638871,6,1,1,26,2,207.9511,2,10,4,2013,6,49,12,6,0,2,4,10,0,0,2,3,0,,1,0,0,0
201326638899,4,1,1,26,2,347.9998,2,10,4,2013,8,0,12,1,0,1,1,1,0,0,2,3,0,1,1,0,0,0
201326638932,1,1,3,26,2,8.330606,2,11,6,2013,9,40,12,6,0,2,1,10,4,2,2,3,0,,1,0,0,0
201326638937,6,1,3,26,2,208.26515,2,10,2,2013,7,58,12,6,0,2,1,10,0,0,2,3,0,3,1,0,0,0
201326638948,4,1,3,26,2,349.88544,2,10,5,2013,13,0,12,1,0,6,1,1,0,0,2,3,0,1,1,0,0,0
201326638960,2,1,3,26,2,58.314243,3,10,3,2013,7,58,12,1,0,1,1,10,1,1,2,3,1,1,1,0,0,0
201326638986,4,1,7,26,2,347.6485,3,10,3,2013,11,14,12,1,0,2,1,1,1,1,2,3,0,2,1,0,0,0
201326639005,6,1,7,26,2,205.42865,1,10,3,2013,4,35,11,0,0,1,3,1,0,0,2,3,0,1,1,0,0,0
201326639021,3,1,7,26,2,15.802204,1,10,2,2013,19,0,8,0,0,2,1,10,3,1,2,3,0,2,1,0,0,0
201326639022,2,1,7,26,2,63.208817,2,10,3,2013,10,30,12,6,0,1,1,10,0,0,2,3,0,1,1,0,0,0
201326639034,4,1,7,26,2,347.6485,2,10,2,2013,11,44,12,7,0,2,1,10,0,0,2,3,0,,1,0,0,0
201326639037,6,1,7,26,2,205.42865,1,10,3,2013,6,54,11,0,0,1,2,1,1,1,2,3,0,1,1,0,0,0
201326639054,4,1,13,26,2,366.59335,2,10,7,2013,19,50,12,7,0,2,3,1,0,0,2,1,0,2,1,0,0,0
201326639055,1,1,13,26,2,33.326668,1,10,1,2013,10,45,59,0,0,1,1,1,3,2,2,1,0,1,4,0,0,0
201326639063,5,1,13,26,2,99.98,2,10,2,2013,14,40,12,6,0,2,1,1,1,1,2,1,0,3,1,0,0,0
201326639067,6,1,13,26,2,199.96,2,10,6,2013,14,11,12,1,0,1,1,1,0,0,1,1,0,1,1,0,0,0
201326639071,4,1,13,26,2,366.59335,2,10,3,2013,17,30,12,1,0,1,1,1,0,0,2,1,0,1,1,0,0,0
201326639111,3,1,1,26,2,21.2195,2,10,4,2013,16,25,12,1,0,2,1,1,3,1,2,3,0,,1,0,0,0
201326639121,1,1,1,26,2,4.2439,2,11,6,2013,8,57,12,2,0,2,1,10,3,2,2,3,0,,1,0,0,0
201326639149,6,1,1,26,2,207.9511,2,11,4,2013,16,38,12,1,0,1,5,10,0,0,2,3,0,1,1,0,0,0
201326639182,5,1,1,26,2,89.1219,2,11,1,2013,10,1,12,2,0,2,1,10,1,3,2,3,0,2,1,0,0,0
201326639258,6,1,9,26,2,212.64185,1,10,7,2013,15,47,59,0,0,2,1,2,1,1,2,1,0,2,4,0,0,0
201326639273,4,1,9,26,2,350.23364,4,11,3,2013,14,56,12,1,0,1,1,10,0,0,2,1,0,1,1,0,0,0
201326639280,3,1,9,26,2,25.016687,2,11,3,2013,13,56,12,8,0,1,1,10,3,1,2,1,0,1,1,0,0,0
201326639290,5,1,7,26,2,94.813225,2,11,2,2013,18,52,12,1,0,2,3,10,1,1,2,3,0,2,1,0,0,0
201326639294,1,1,7,26,2,15.802204,3,11,3,2013,8,38,12,6,0,2,1,1,3,2,2,3,0,2,1,0,0,0
201326639310,4,1,7,26,2,347.6485,1,11,6,2013,10,32,11,0,0,1,1,10,0,0,2,3,0,1,1,0,0,0
201326639319,6,1,7,26,2,205.42865,1,11,3,2013,0,20,57,0,0,1,2,4,0,0,2,3,0,1,4,0,0,0
201326639337,3,1,7,26,2,15.802204,3,11,1,2013,17,14,12,1,0,1,2,10,3,1,2,3,0,1,1,0,0,0
201326639352,1,1,3,26,2,8.330606,2,11,7,2013,1,24,12,2,0,2,3,1,3,2,1,3,0,,1,0,0,0
201326639381,6,1,3,26,2,208.26515,1,11,3,2013,22,58,42,0,0,1,3,1,0,0,2,3,0,1,4,0,0,0
201326639384,4,1,3,26,2,349.88544,1,11,2,2013,20,32,11,0,0,1,3,10,0,0,2,3,0,1,1,0,0,0
201326639404,6,1,13,26,2,199.96,3,11,6,2013,14,15,12,1,0,2,1,10,1,3,2,1,0,,1,0,0,0
201326639406,3,1,13,26,2,33.326668,1,11,2,2013,11,10,30,0,0,1,1,10,2,1,2,1,0,1,4,0,0,0
201326639413,4,1,13,26,2,366.59335,1,11,2,2013,19,42,11,0,0,1,2,1,0,0,2,1,0,1,1,0,0,0
201326639482,4,1,3,26,2,349.88544,2,11,5,2013,15,46,12,1,0,1,1,10,0,0,2,3,0,1,1,0,0,0
201326639484,6,1,3,26,2,208.26515,3,11,5,2013,6,46,12,6,0,1,4,10,0,0,2,3,0,1,1,0,0,0
201326639492,4,1,7,26,2,347.6485,2,11,4,2013,15,4,12,1,0,2,1,10,1,1,2,3,0,,1,0,0,0
201326639505,6,1,7,26,2,205.42865,1,11,3,2013,20,32,59,0,0,1,3,4,0,0,2,3,0,1,4,0,0,0
201326639525,5,1,7,26,2,94.813225,2,12,2,2013,17,37,12,2,0,2,3,10,1,3,2,3,0,2,1,0,0,0
201326639530,4,1,7,26,2,347.6485,1,12,5,2013,17,29,11,0,0,1,3,1,0,0,2,3,0,1,1,0,0,0
201326639554,1,1,2,26,2,4.2439,3,10,7,2013,13,47,12,6,0,2,1,1,3,3,2,3,0,2,1,0,0,0
201326639558,6,1,2,26,2,207.9511,2,10,1,2013,10,20,12,1,0,1,1,2,0,0,2,3,0,1,1,0,0,0
201326639563,1,1,2,26,2,4.2439,1,10,4,2013,22,2,53,0,0,1,3,10,3,1,2,3,0,1,4,0,0,0
201326639643,4,1,1,26,2,347.9998,2,11,6,2013,17,29,12,7,0,1,3,2,0,0,2,3,0,1,1,0,0,0
201326639656,6,1,1,26,2,207.9511,2,11,1,2013,16,53,12,2,0,1,5,10,0,0,2,3,0,1,1,0,0,0
201326639663,1,1,1,26,2,4.2439,2,11,2,2013,12,8,12,6,0,2,1,1,3,3,2,3,0,2,1,0,0,0
201326639751,6,1,1,26,2,207.9511,1,12,7,2013,4,25,33,0,0,2,3,10,0,0,1,3,0,3,4,0,0,0
201326639789,6,1,13,26,2,199.96,2,11,2,2013,17,5,12,1,0,1,3,10,0,0,2,1,0,1,1,0,0,0
201326639793,4,1,13,26,2,366.59335,2,11,1,2013,0,10,12,6,0,2,3,4,0,0,2,1,0,,1,0,0,0
201326639849,5,1,1,26,2,89.1219,2,12,5,2013,15,5,12,2,0,2,1,1,1,1,2,3,0,3,1,0,0,0
201326639873,4,1,1,26,2,347.9998,2,12,7,2013,15,54,12,9,0,4,1,4,0,0,2,3,0,1,1,0,0,0
201326639876,3,1,1,26,2,21.2195,1,12,1,2013,11,34,11,0,0,1,1,10,2,1,2,3,0,1,1,0,0,0
201326639884,6,1,1,26,2,207.9511,1,12,7,2013,12,36,31,0,0,1,1,4,0,0,2,3,0,1,4,0,0,0
201326639943,1,1,1,26,2,4.2439,1,12,1,2013,0,38,30,0,0,2,3,3,3,2,1,3,0,2,4,0,0,0
201326640025,1,1,13,26,2,33.326668,2,12,3,2013,14,53,12,6,0,4,1,4,3,2,2,1,0,1,1,0,0,0
201326640027,6,1,13,26,2,199.96,2,12,6,2013,14,50,12,1,0,1,1,2,0,0,2,1,0,1,1,0,0,0
201326640041,4,1,13,26,2,366.59335,2,12,6,2013,12,32,12,1,0,2,1,4,0,0,2,1,0,3,1,0,0,0
201326640043,6,1,13,26,2,199.96,4,12,6,2013,16,30,12,8,0,2,1,4,3,1,2,1,0,2,1,0,0,0
201326640044,2,1,13,26,2,66.653336,2,12,5,2013,15,56,12,1,0,1,1,3,1,1,2,1,0,1,1,0,0,0
201326640062,6,1,7,26,2,205.42865,1,12,6,2013,18,24,30,0,0,1,3,4,1,1,2,3,0,1,4,0,0,0
201326640075,4,1,7,26,2,347.6485,1,12,4,2013,17,33,11,0,0,1,3,10,0,0,2,3,0,1,1,0,0,0
201326640095,1,1,7,26,2,15.802204,2,12,3,2013,10,2,12,6,0,2,1,10,3,2,2,3,0,,1,0,0,0
201326640103,6,1,7,26,2,205.42865,3,12,6,2013,15,1,12,1,0,1,1,1,1,1,2,3,0,1,1,0,0,0
201326640109,3,1,7,26,2,15.802204,2,12,7,2013,11,47,12,6,0,2,1,1,3,1,2,3,0,2,1,0,0,0
201326640113,4,1,7,26,2,347.6485,1,12,3,2013,11,5,24,0,0,1,1,4,0,0,2,3,0,1,4,0,0,0
201326640117,3,1,7,26,2,15.802204,2,12,2,2013,14,19,12,1,0,2,1,10,3,1,2,3,0,,1,0,0,0
201326640167,5,1,3,26,2,91.636665,1,12,7,2013,13,32,30,0,0,1,1,1,1,3,2,3,0,1,4,0,0,0
201326640191,3,1,3,26,2,16.661213,1,12,6,2013,8,43,9,0,0,2,1,2,3,1,2,3,0,3,1,0,0,0
201326640211,1,1,3,26,2,8.330606,1,12,1,2013,1,10,59,0,0,1,3,2,4,1,2,3,0,1,4,0,0,0
201326640227,5,1,9,26,2,87.55841,3,12,2,2013,15,8,12,6,0,2,1,2,1,2,2,1,0,2,1,0,0,0
201326640235,2,1,9,26,2,62.54172,2,12,6,2013,6,45,12,7,0,2,3,10,0,0,2,1,0,3,1,0,0,0
201326640242,4,1,9,26,2,350.23364,2,12,3,2013,8,47,12,1,0,1,1,10,0,0,2,1,0,1,1,0,0,0
201326640251,6,1,9,26,2,212.64185,2,12,1,2013,23,8,12,6,0,2,3,10,0,0,2,1,0,2,1,0,0,0
201326640415,6,1,1,26,2,207.9511,2,12,2,2013,16,28,12,6,0,2,1,1,1,2,2,3,0,,1,0,0,0
201326640419,4,1,1,26,2,347.9998,2,12,6,2013,22,30,12,2,0,2,3,2,0,0,2,3,0,,1,0,0,0
201326640469,6,1,13,26,2,199.96,1,12,3,2013,22,30,33,0,0,2,3,4,0,0,2,1,0,3,4,0,0,0
201326640576,1,1,2,26,2,4.2439,2,11,3,2013,16,56,12,6,0,2,5,10,3,1,2,3,0,2,1,0,0,0
201326640596,1,1,2,26,2,4.2439,3,11,2,2013,11,28,12,2,0,2,1,10,3,2,2,3,0,2,1,0,0,0
201326640597,1,1,2,26,2,4.2439,2,11,1,2013,9,35,12,6,0,2,1,1,3,1,2,3,0,2,1,0,0,0
201326640602,6,1,2,26,2,207.9511,2,11,7,2013,18,45,12,1,0,1,3,2,0,0,2,3,0,1,1,0,0,0
201326640603,1,1,2,26,2,4.2439,2,11,5,2013,12,21,12,6,0,2,1,1,3,1,2,3,0,,1,0,0,0
201326640617,1,1,2,26,2,4.2439,2,11,4,2013,12,16,12,6,0,2,1,10,3,1,2,3,0,2,1,0,0,0
201326640627,1,1,2,26,2,4.2439,1,11,1,2013,1,0,24,0,0,2,3,2,3,2,1,3,0,3,4,0,0,0
201326640636,1,1,2,26,2,4.2439,3,11,2,2013,11,27,12,2,0,2,1,10,3,2,2,3,0,2,1,0,0,0
201326640665,1,1,2,26,2,4.2439,2,11,7,2013,18,15,12,6,0,2,1,1,3,2,2,3,0,2,1,0,0,0
201326640667,5,1,2,26,2,89.1219,1,12,2,2013,12,53,34,0,0,1,1,10,1,1,2,3,0,1,4,0,0,0
201326640669,1,1,2,26,2,4.2439,1,12,4,2013,18,45,30,0,0,1,2,10,3,1,2,3,0,1,4,0,0,0
201326640680,6,1,2,26,2,207.9511,1,12,2,2013,3,1,30,0,0,1,3,4,0,0,2,3,0,1,4,0,0,0
201326640685,1,1,2,26,2,4.2439,2,12,4,2013,11,59,12,6,0,2,1,3,3,1,2,3,0,3,1,0,0,0
201326640690,1,1,2,26,2,4.2439,2,12,5,2013,9,30,12,6,0,2,1,1,3,2,2,3,0,,1,0,0,0
201326640704,4,1,2,26,2,347.9998,1,12,7,2013,18,20,59,0,0,1,2,4,0,0,2,3,0,1,4,0,0,0
201326640709,1,1,2,26,2,4.2439,2,12,7,2013,9,28,12,6,0,1,1,4,3,3,2,3,0,1,1,0,0,0
201326640787,1,1,2,26,2,4.2439,2,12,7,2013,11,45,12,6,0,4,1,1,4,2,2,3,0,1,1,0,0,0
201326640788,6,1,2,26,2,207.9511,2,12,7,2013,23,0,14,0,0,1,2,1,0,0,2,3,1,1,2,0,0,0
201327222675,5,1,9,24,1,85.33828,4,1,4,2013,17,28,12,1,0,1,3,1,1,2,2,3,0,1,1,0,0,0
201327222681,4,1,9,24,1,341.35312,2,1,4,2013,19,10,12,1,0,2,3,1,1,1,2,3,0,,1,0,0,0
201327222691,4,1,12,24,1,359.75845,2,1,5,2013,16,0,12,6,0,1,3,1,0,0,2,3,0,1,1,0,0,0
201327222692,6,1,12,24,1,199.86581,1,1,5,2013,23,45,59,0,0,1,3,1,0,0,2,3,0,1,4,0,0,0
201327222738,4,1,6,25,1,365.52213,2,1,4,2013,12,48,12,7,0,2,1,1,0,0,2,3,0,,1,0,0,0
201327222748,4,1,7,25,1,361.37888,2,1,5,2013,10,30,12,7,0,2,1,1,0,0,2,3,0,2,1,0,0,0
201327222802,5,1,7,24,1,86.94524,2,1,2,2013,18,45,12,1,0,1,3,1,1,2,2,3,0,1,1,0,0,0
201327222804,4,1,7,24,1,347.78094,2,1,2,2013,20,5,12,1,0,2,3,1,0,0,2,3,0,,1,0,0,0
201327222829,3,1,5,24,1,17.102034,2,1,6,2013,16,7,12,7,0,1,1,1,3,1,2,3,0,1,1,0,0,0
201327222837,4,1,5,24,1,342.04068,2,1,6,2013,10,37,14,0,0,1,1,1,0,0,2,3,1,1,7,0,0,0
201327222869,3,1,2,25,1,24.1404,1,1,7,2013,21,45,9,0,0,2,3,1,2,1,2,3,0,2,1,0,0,0
201327222872,4,1,2,25,1,350.0358,1,1,1,2013,12,52,43,0,0,1,1,1,0,0,2,3,0,1,1,0,0,0
201327222924,4,1,1,25,1,350.0358,2,1,5,2013,14,30,12,7,0,1,1,1,0,0,2,3,0,1,1,0,0,0
201327222928,3,1,3,25,1,24.1404,1,1,6,2013,13,35,9,0,0,2,1,3,3,1,2,3,0,2,1,0,0,0
201327222933,4,1,3,25,1,350.0358,1,1,6,2013,18,56,8,0,0,1,5,2,1,1,2,3,0,1,1,0,0,0
201327222954,5,1,3,25,1,84.4914,2,1,7,2013,18,0,12,1,0,1,3,1,1,3,2,3,0,1,1,0,0,0
201327222956,4,1,6,25,1,365.52213,2,1,2,2013,10,20,14,0,0,1,1,10,0,0,2,3,1,1,7,0,0,0