CASENUM,STRATUM,REGION,PJ,PSU,PSUSTRAT,WEIGHT,VE_TOTAL,MONTH,WKDY_IM,YEAR,HOUR_IM,MINUTE_IM,EVENT1_IM,MANCOL_IM,RELJCT1_IM,RELJCT2_IM,LGTCON_IM,WEATHR_IM,MAXSEV_IM,NO_INJ_IM,ALCHL_IM,LAND_USE,PVH_INVL,TYP_INT,REL_ROAD,CF1,CF2,CF3
201327222961,4,1,14,25,1,321.27783,3,1,4,2013,7,0,14,0,0,2,1,4,8,0,2,3,2,,7,0,0,0
201327222964,4,1,14,25,1,321.27783,2,1,4,2013,20,15,12,6,0,1,3,1,0,0,2,3,0,1,1,0,0,0
201327222966,6,1,7,24,1,208.66856,4,1,6,2013,4,37,12,1,0,2,3,1,0,0,1,3,2,,1,14,0,0
201327222988,4,1,7,24,1,347.78094,2,1,6,2013,11,45,12,7,0,2,1,10,1,1,2,3,0,,1,0,0,0
201327222993,6,1,9,24,1,199.12267,3,1,2,2013,4,20,14,0,0,1,3,2,0,0,2,3,2,1,7,14,0,0
201327222994,4,1,9,24,1,341.35312,2,1,2,2013,5,10,12,6,0,2,1,5,0,0,2,3,0,2,1,0,0,0
201327222997,5,1,9,24,1,85.33828,2,1,2,2013,9,20,12,1,0,2,1,10,1,1,2,3,0,,1,0,0,0
201327223008,4,1,9,24,1,341.35312,2,1,2,2013,18,30,12,1,0,5,3,4,0,0,2,3,0,1,1,0,0,0
201327223013,5,1,12,24,1,79.94633,1,1,3,2013,2,40,43,0,0,2,3,2,2,1,2,3,0,3,4,0,0,0
201327223015,4,1,12,24,1,359.75845,2,1,3,2013,13,43,14,0,0,1,1,10,0,0,2,3,1,1,7,0,0,0
201327223102,3,1,2,24,1,16.671057,1,1,5,2013,18,50,8,0,0,1,3,1,4,1,2,3,0,1,1,0,0,0
201327223115,6,1,5,24,1,205.22441,2,1,5,2013,7,0,12,6,0,2,1,1,0,0,2,3,0,,1,0,0,0
201327223118,4,1,5,24,1,342.04068,2,1,5,2013,16,40,12,2,0,2,1,10,1,1,2,3,0,,1,0,0,0
201327223146,4,1,14,25,1,321.27783,2,1,3,2013,17,10,12,7,0,1,1,4,0,0,2,3,0,1,1,0,0,0
201327223154,4,1,6,25,1,365.52213,3,1,7,2013,10,55,12,7,0,1,1,1,0,0,2,3,0,1,1,0,0,0
201327223212,4,1,7,25,1,361.37888,2,1,6,2013,9,0,12,7,0,1,1,10,0,0,2,3,0,1,1,0,0,0
201327223223,4,1,1,24,1,351.1368,2,1,2,2013,17,0,12,6,0,2,5,2,1,2,2,3,0,,1,0,0,0
201327223244,3,1,7,24,1,17.389048,1,1,5,2013,6,50,8,0,0,2,3,10,2,1,2,3,0,2,1,0,0,0
201327223262,4,1,9,24,1,341.35312,2,1,6,2013,16,25,12,1,0,1,1,1,0,0,2,3,0,1,1,0,0,0
201327223275,4,1,9,24,1,341.35312,2,1,1,2013,5,30,12,7,0,1,3,1,0,0,2,3,0,1,1,0,0,0
201327223290,4,1,9,24,1,341.35312,2,1,1,2013,11,15,12,2,0,2,1,1,0,0,2,3,0,2,1,0,0,0
201327223303,4,1,12,24,1,359.75845,11,1,2,2013,5,0,14,0,0,1,3,1,0,0,2,3,10,1,7,14,0,0
201327223313,4,1,12,24,1,359.75845,2,1,6,2013,0,5,12,9,0,4,3,1,0,0,2,3,0,1,1,0,0,0
201327223322,4,1,12,24,1,359.75845,2,1,6,2013,22,45,12,1,0,4,3,4,0,0,2,3,0,1,1,0,0,0
201327223331,4,1,12,24,1,359.75845,2,1,7,2013,19,40,12,1,0,1,3,1,0,0,2,3,0,1,1,0,0,0
201327223335,2,1,12,24,1,79.94633,1,1,7,2013,12,20,8,0,0,2,1,10,2,1,2,3,0,,1,0,0,0
201327223337,5,1,12,24,1,79.94633,2,1,7,2013,17,0,12,2,0,2,3,1,1,3,2,3,0,2,1,0,0,0
201327223344,4,1,12,24,1,359.75845,2,1,1,2013,14,30,12,6,0,2,1,1,0,0,2,3,0,2,1,0,0,0
201327223404,4,1,5,24,1,342.04068,2,2,3,2013,14,48,12,1,0,2,1,10,0,0,2,3,0,2,1,0,0,0
201327223419,4,1,9,24,1,341.35312,2,2,5,2013,8,0,12,1,0,1,1,1,1,1,2,3,0,1,1,0,0,0
201327223432,5,1,9,24,1,85.33828,3,2,5,2013,22,24,12,1,0,1,3,1,3,1,2,3,0,1,1,0,0,0
201327223433,4,1,9,24,1,341.35312,2,2,5,2013,18,20,12,6,0,2,1,1,0,0,2,3,0,2,1,0,0,0
201327223467,5,1,5,24,1,85.51017,2,2,2,2013,14,10,12,6,0,2,1,2,1,5,2,3,0,,1,0,0,0
201327223473,3,1,5,24,1,17.102034,1,2,2,2013,23,0,8,0,0,2,3,2,2,1,2,3,0,2,1,0,0,0
201327223478,4,1,7,24,1,347.78094,2,2,3,2013,9,8,14,0,0,2,1,1,0,0,2,3,1,,7,0,0,0
201327223487,3,1,9,24,1,28.446095,1,2,4,2013,8,40,8,0,0,2,1,1,3,1,2,3,0,,1,0,0,0
201327223490,4,1,9,24,1,341.35312,2,2,4,2013,14,45,14,0,0,1,1,1,0,0,2,3,1,1,7,0,0,0
201327223491,6,1,9,24,1,199.12267,2,2,4,2013,8,50,12,6,0,2,1,1,0,0,2,3,0,2,1,0,0,0
201327223499,4,1,12,24,1,359.75845,2,2,5,2013,9,20,12,7,0,1,1,1,0,0,2,3,0,1,1,0,0,0
201327223508,4,1,12,24,1,359.75845,2,2,5,2013,23,50,14,0,0,1,3,10,0,0,2,3,1,1,7,0,0,0
201327223516,4,1,1,24,1,351.1368,2,2,5,2013,9,0,12,1,0,2,1,1,0,0,2,3,0,,1,0,0,0
201327223529,4,1,5,24,1,342.04068,2,2,6,2013,10,15,12,7,0,1,1,1,0,0,2,3,0,1,1,0,0,0
201327223556,4,1,9,24,1,341.35312,2,2,3,2013,14,22,14,0,0,2,1,1,0,0,2,3,1,2,7,0,0,0
201327223562,5,1,9,24,1,85.33828,1,2,3,2013,19,55,1,0,0,1,3,2,2,1,2,3,0,1,1,0,0,0
201327223576,4,1,12,24,1,359.75845,2,2,4,2013,18,0,12,1,0,1,1,1,0,0,2,3,0,1,1,0,0,0
201327223580,3,1,1,25,1,24.1404,2,2,2,2013,0,53,12,1,0,2,3,1,3,1,2,3,0,,1,0,0,0
201327223586,4,1,1,25,1,350.0358,2,2,2,2013,11,10,14,0,0,1,1,1,0,0,2,3,1,1,7,0,0,0
201327223596,4,1,3,25,1,350.0358,2,2,4,2013,9,20,12,7,0,2,1,1,0,0,2,3,0,,1,0,0,0
201327223601,4,1,6,25,1,365.52213,2,2,5,2013,10,10,12,7,0,2,1,1,0,0,2,3,0,,1,0,0,0
201327223605,3,1,6,25,1,40.613567,1,2,5,2013,16,0,8,0,0,2,1,10,2,1,2,3,0,2,1,0,0,0
201327223630,3,1,2,25,1,24.1404,1,2,2,2013,8,5,8,0,0,2,1,2,2,1,2,3,0,2,1,0,0,0
201327223647,4,1,6,25,1,365.52213,2,2,4,2013,14,0,12,7,0,1,1,1,0,0,2,3,0,1,1,0,0,0
201327223650,4,1,7,25,1,361.37888,2,1,7,2013,4,5,12,7,0,2,3,10,0,0,2,3,0,,1,0,0,0
201327223657,4,1,2,25,1,350.0358,2,2,1,2013,17,5,12,1,0,2,1,10,0,0,2,3,0,,1,0,0,0
201327223668,3,1,2,25,1,24.1404,1,2,1,2013,21,30,8,0,0,1,6,1,2,1,2,3,0,1,1,0,0,0
201327223683,4,1,6,25,1,365.52213,2,2,3,2013,10,15,14,0,0,1,1,1,0,0,2,3,1,1,7,0,0,0
201327223691,4,1,7,25,1,361.37888,2,2,4,2013,19,45,12,7,0,1,3,1,0,0,2,3,0,1,1,0,0,0
201327223733,4,1,2,24,1,350.09216,2,2,2,2013,3,8,14,0,0,1,3,1,0,0,2,3,1,1,7,0,0,0
201327223758,4,1,2,24,1,350.09216,2,2,6,2013,17,20,14,0,0,1,5,3,0,0,2,3,1,1,7,0,0,0
201327223760,6,1,2,24,1,216.72372,2,2,7,2013,1,25,12,1,0,1,3,4,0,0,2,3,0,1,1,0,0,0
201327223798,4,1,7,24,1,347.78094,2,2,7,2013,22,27,12,1,0,1,2,2,0,0,2,3,0,1,1,0,0,0
201327223814,4,1,9,24,1,341.35312,2,2,2,2013,1,2,12,6,0,2,1,1,0,0,2,3,0,2,1,0,0,0
201327223832,4,1,12,24,1,359.75845,2,2,3,2013,11,15,14,0,0,1,1,10,0,0,2,3,1,1,7,0,0,0
201327223834,5,1,12,24,1,79.94633,3,2,3,2013,14,11,14,0,0,1,1,1,1,1,2,3,2,1,7,0,0,0
201327223837,3,1,12,24,1,39.973164,1,2,3,2013,20,20,9,0,0,2,3,2,3,1,2,3,0,3,1,0,0,0
201327223844,3,1,1,25,1,24.1404,1,2,5,2013,20,0,9,0,0,2,3,1,3,1,2,3,0,,1,0,0,0
201327223862,4,1,3,25,1,350.0358,2,2,7,2013,10,50,12,7,0,1,1,10,0,0,2,3,0,1,1,0,0,0
201327223879,3,1,7,25,1,45.17236,1,2,3,2013,8,0,8,0,0,2,1,1,2,1,2,3,0,2,1,0,0,0
201327223921,4,1,2,24,1,350.09216,2,3,4,2013,8,20,12,2,0,2,1,10,0,0,2,3,0,,1,0,0,0
201327223925,5,1,2,24,1,83.35528,2,3,4,2013,12,19,12,2,0,2,1,10,2,1,2,3,0,3,1,0,0,0
201327223934,4,1,9,24,1,341.35312,2,3,6,2013,9,0,12,6,0,1,1,1,0,0,2,3,0,1,1,0,0,0
201327223946,4,1,9,24,1,341.35312,2,3,7,2013,7,15,12,6,0,2,1,1,0,0,2,3,0,,1,0,0,0
201327223951,3,1,9,24,1,28.446095,1,3,6,2013,18,35,8,0,0,2,3,1,3,1,2,3,0,2,1,0,0,0
201327223961,4,1,9,24,1,341.35312,2,3,1,2013,6,14,12,1,0,1,1,1,0,0,2,3,0,1,1,0,0,0
201327223962,6,1,9,24,1,199.12267,2,3,7,2013,19,9,12,1,0,1,3,1,0,0,2,3,0,1,1,0,0,0
201327223976,4,1,9,24,1,341.35312,2,3,1,2013,17,0,12,6,0,1,1,1,0,0,2,3,0,1,1,0,0,0
201327223983,4,1,12,24,1,359.75845,3,3,2,2013,6,30,14,0,0,1,1,1,0,0,2,3,2,1,7,14,0,0
201327223984,4,1,1,25,1,350.0358,2,3,4,2013,10,45,12,1,0,2,1,10,0,0,2,3,0,,1,0,0,0
201327224003,4,1,7,25,1,361.37888,3,3,2,2013,14,10,12,6,0,2,1,1,0,0,2,3,0,2,1,0,0,0
201327224008,2,1,6,25,1,40.613567,2,3,6,2013,9,20,12,7,0,2,1,10,0,0,2,3,0,,1,0,0,0
201327224012,4,1,6,25,1,365.52213,2,3,6,2013,12,5,12,7,0,1,1,1,0,0,2,3,0,1,1,0,0,0
201327224013,3,1,6,25,1,40.613567,1,3,6,2013,12,35,8,0,0,2,1,1,2,1,2,3,0,2,1,0,0,0
201327224022,4,1,6,25,1,365.52213,2,3,7,2013,10,10,12,1,0,1,1,1,0,0,2,3,0,1,7,0,0,0
201327224031,4,1,6,25,1,365.52213,2,3,1,2013,20,20,12,6,0,2,3,1,0,0,2,3,0,2,1,0,0,0
201327224046,4,1,2,25,1,350.0358,2,3,4,2013,23,59,14,0,0,1,3,1,0,0,2,3,1,1,7,0,0,0
201327224058,6,1,7,25,1,225.8618,2,3,7,2013,9,54,12,6,0,1,1,1,0,0,2,3,0,1,1,0,0,0
201327224060,4,1,7,25,1,361.37888,2,3,7,2013,14,30,14,0,0,1,1,1,0,0,2,3,1,1,7,0,0,0
201327224066,5,1,7,25,1,90.34472,2,3,1,2013,11,30,1,0,0,1,1,1,1,4,2,3,0,1,1,0,0,0
201327224069,4,1,14,25,1,321.27783,2,2,7,2013,17,30,12,6,0,2,5,1,0,0,2,3,0,2,1,0,0,0
201327224070,5,1,14,25,1,107.092606,2,2,7,2013,17,45,12,6,0,2,2,1,1,2,2,3,0,,1,0,0,0
201327224074,4,1,14,25,1,321.27783,3,2,1,2013,13,30,12,1,0,2,1,1,0,0,2,3,0,,1,0,0,0
201327224077,4,1,14,25,1,321.27783,2,2,1,2013,1,40,14,0,0,1,3,4,0,0,2,3,1,1,7,0,0,0
201327224080,4,1,14,25,1,321.27783,2,2,5,2013,18,40,12,7,0,1,3,1,0,0,2,3,0,1,1,0,0,0
201327224083,4,1,14,25,1,321.27783,2,2,4,2013,18,30,12,7,0,1,3,1,0,0,2,3,0,1,1,0,0,0
201327224085,5,1,14,25,1,107.092606,2,3,3,2013,6,0,12,6,0,2,4,1,3,1,2,3,0,,1,0,0,0
201327224087,4,1,14,25,1,321.27783,2,3,3,2013,15,0,12,6,0,1,1,1,0,0,2,3,0,1,1,0,0,0
201327224090,6,1,14,25,1,214.18521,2,3,2,2013,12,14,12,1,0,1,1,10,0,0,2,3,0,1,1,0,0,0
201327224091,4,1,14,25,1,321.27783,2,3,2,2013,11,56,14,0,0,1,1,1,0,0,2,3,1,1,7,0,0,0
201327224132,4,1,14,25,1,321.27783,2,3,6,2013,15,15,14,0,0,1,1,1,0,0,2,3,1,1,7,0,0,0
201327224135,4,1,14,25,1,321.27783,2,3,6,2013,16,25,12,1,0,1,1,3,0,0,2,3,0,1,1,0,0,0
201327224138,4,1,14,25,1,321.27783,2,3,7,2013,15,7,12,1,0,1,1,4,1,1,2,3,0,1,1,0,0,0
201327224141,4,1,14,25,1,321.27783,2,3,1,2013,20,0,12,1,0,4,1,10,0,0,2,3,0,1,1,0,0,0
201327224149,5,1,1,24,1,91.9644,2,3,2,2013,9,21,12,6,0,2,1,10,1,2,2,3,0,2,1,0,0,0
201327224153,4,1,1,24,1,351.1368,2,3,2,2013,21,10,12,1,0,1,5,1,0,0,2,3,0,1,1,0,0,0
201327224178,4,1,5,24,1,342.04068,2,3,4,2013,8,15,12,7,0,1,1,1,0,0,2,3,0,1,1,0,0,0
201327224195,6,1,5,24,1,205.22441,2,3,4,2013,22,30,12,1,0,1,3,1,0,0,1,3,0,1,1,0,0,0
201327224212,4,1,12,24,1,359.75845,2,3,6,2013,13,50,14,0,0,1,1,4,0,0,2,3,1,1,7,0,0,0
201327224222,5,1,12,24,1,79.94633,2,3,7,2013,16,30,12,6,0,2,1,1,0,0,2,3,0,,1,0,0,0
201327224224,3,1,12,24,1,39.973164,1,3,7,2013,21,0,9,0,0,2,3,1,3,1,2,3,0,,1,0,0,0
201327224225,4,1,12,24,1,359.75845,2,3,1,2013,0,56,12,1,0,2,3,1,0,0,2,3,0,3,1,0,0,0
201327224266,3,1,3,25,1,24.1404,1,3,4,2013,16,43,8,0,0,2,1,1,2,1,2,3,0,2,1,0,0,0
201327224289,6,1,1,24,1,209.01,2,3,6,2013,19,5,14,0,0,1,1,1,1,1,2,3,1,1,7,0,0,0
201327224321,4,1,1,24,1,351.1368,2,3,1,2013,15,30,12,7,0,1,1,1,1,1,2,3,0,1,1,0,0,0
201327224327,4,1,2,24,1,350.09216,2,3,2,2013,16,44,12,1,0,1,1,3,0,0,2,3,0,1,1,0,0,0
201327224334,5,1,5,24,1,85.51017,1,3,3,2013,19,45,42,0,0,5,3,4,1,1,2,3,0,1,4,0,0,0
201327224340,4,1,5,24,1,342.04068,2,3,3,2013,11,0,14,0,0,1,1,2,0,0,2,3,1,1,7,0,0,0
201327224355,4,1,7,24,1,347.78094,2,3,4,2013,14,13,12,6,0,1,1,1,0,0,2,3,0,1,1,0,0,0
201327224378,4,1,2,24,1,350.09216,2,3,7,2013,5,55,12,1,0,1,3,1,0,0,2,3,0,1,1,0,0,0
201327224394,3,1,2,24,1,16.671057,1,3,1,2013,8,39,8,0,0,2,1,1,3,1,2,3,0,,1,0,0,0
201327224398,3,1,2,24,1,16.671057,2,3,1,2013,23,0,12,6,0,2,3,1,2,1,2,3,0,3,1,0,0,0
201327224412,4,1,5,24,1,342.04068,2,3,2,2013,17,15,12,6,0,2,1,2,0,0,2,3,0,,1,0,0,0
201327224420,4,1,12,24,1,359.75845,2,3,5,2013,2,0,12,6,0,1,3,1,0,0,2,3,0,1,1,0,0,0
201327224429,4,1,12,24,1,359.75845,2,3,5,2013,10,25,12,9,0,4,1,1,0,0,2,3,0,1,1,0,0,0
201327224438,4,1,1,25,1,350.0358,2,3,6,2013,13,45,12,1,0,1,1,1,0,0,2,3,0,1,1,0,0,0
201327224456,2,1,1,25,1,60.351,1,3,1,2013,19,0,9,0,0,1,1,1,3,1,2,3,0,1,1,0,0,0
201327224457,3,1,1,25,1,24.1404,1,3,1,2013,20,10,8,0,0,2,3,1,3,1,2,3,0,2,1,0,0,0
201327224462,4,1,3,25,1,350.0358,2,3,3,2013,9,20,14,0,0,1,1,10,0,0,2,3,1,1,2,0,0,0
201327224472,4,1,6,25,1,365.52213,2,3,4,2013,14,26,12,7,0,2,1,1,0,0,2,3,0,,1,0,0,0
201327224479,4,1,7,25,1,361.37888,2,3,5,2013,13,25,12,7,0,1,1,1,0,0,2,3,0,1,1,0,0,0
201327224502,4,1,7,25,1,361.37888,2,4,4,2013,15,40,12,7,0,1,1,1,0,0,2,3,0,1,7,0,0,0
201327224509,4,1,6,25,1,365.52213,1,4,3,2013,16,40,18,0,0,1,1,1,0,0,2,3,0,1,4,0,0,0
201327224556,4,1,12,24,1,359.75845,2,4,4,2013,17,40,14,0,0,1,1,1,0,0,2,3,1,1,7,0,0,0
201327224592,4,1,1,25,1,350.0358,2,4,5,2013,9,0,12,7,0,1,1,10,0,0,2,3,0,1,1,0,0,0
201327224606,3,1,2,25,1,24.1404,1,3,7,2013,0,25,8,0,0,2,3,1,3,1,2,3,0,2,1,0,0,0
201327224639,4,1,3,25,1,350.0358,2,4,7,2013,22,30,12,7,0,2,3,1,0,0,2,3,0,2,1,0,0,0
201327224655,4,1,6,25,1,365.52213,2,4,2,2013,8,30,14,0,0,1,1,1,0,0,2,3,1,1,7,0,0,0
201327224663,4,1,14,25,1,321.27783,2,4,5,2013,7,42,12,6,0,4,1,1,0,0,2,3,0,1,1,0,0,0
201327224667,4,1,14,25,1,321.27783,2,4,5,2013,10,3,14,0,0,1,1,1,0,0,2,3,1,1,7,0,0,0
201327224669,3,1,14,25,1,107.092606,1,4,5,2013,15,52,8,0,0,2,1,1,3,1,2,3,0,,1,0,0,0
201327224671,4,1,14,25,1,321.27783,2,4,4,2013,0,45,12,6,0,1,3,1,0,0,2,3,0,1,1,0,0,0
201327224672,6,1,14,25,1,214.18521,2,4,4,2013,22,20,25,0,0,1,3,2,1,1,2,3,0,1,4,0,0,0
201327224689,4,1,2,25,1,350.0358,2,4,5,2013,10,45,12,6,0,2,1,1,0,0,2,3,0,,1,0,0,0
201327224703,4,1,6,25,1,365.52213,2,4,6,2013,15,11,12,1,0,2,1,2,0,0,2,3,0,,1,0,0,0
201327224712,4,1,6,25,1,365.52213,2,4,7,2013,17,8,12,6,0,2,1,1,0,0,2,3,0,,1,0,0,0
201327224721,6,1,6,25,1,203.06784,3,4,1,2013,23,17,12,2,0,2,3,1,0,0,2,3,1,,1,0,0,0
201327224728,4,1,14,25,1,321.27783,3,4,3,2013,9,8,12,7,0,2,1,10,1,1,2,3,1,,1,0,0,0
201327224730,3,1,14,25,1,107.092606,1,4,3,2013,19,10,8,0,0,1,1,1,2,1,2,3,0,1,1,0,0,0
201327224732,4,1,14,25,1,321.27783,2,4,3,2013,21,27,12,6,0,2,3,1,0,0,2,3,0,2,1,0,0,0
201327224766,4,1,7,24,1,347.78094,2,4,7,2013,12,50,12,9,0,4,1,1,0,0,2,3,0,1,1,0,0,0
201327224790,4,1,9,24,1,341.35312,2,3,5,2013,19,36,12,6,0,2,3,10,0,0,2,3,0,2,1,0,0,0
201327224801,6,1,9,24,1,199.12267,3,3,4,2013,20,40,12,1,0,1,3,1,0,0,2,3,0,1,1,0,0,0
201327224807,5,1,9,24,1,85.33828,2,4,3,2013,14,20,12,6,0,2,1,1,1,2,2,3,0,,1,0,0,0
201327224808,4,1,9,24,1,341.35312,2,4,3,2013,16,0,12,7,0,1,1,1,0,0,2,3,0,1,1,0,0,0
201327224823,4,1,9,24,1,341.35312,2,4,2,2013,12,0,12,6,0,2,1,1,0,0,2,3,0,2,1,0,0,0
201327224835,4,1,9,24,1,341.35312,2,4,2,2013,21,5,12,7,0,2,3,1,0,0,2,3,0,2,1,0,0,0
201327224841,4,1,12,24,1,359.75845,1,4,3,2013,16,40,30,0,0,1,1,1,1,1,2,3,0,1,4,0,0,0
201327224889,4,1,7,25,1,361.37888,2,4,1,2013,5,10,12,7,0,2,3,1,0,0,2,3,0,3,1,0,0,0
201327224895,4,1,14,25,1,321.27783,2,4,2,2013,7,15,14,0,0,1,4,1,0,0,2,3,1,1,7,0,0,0
201327224898,4,1,14,25,1,321.27783,2,4,2,2013,21,0,14,0,0,1,3,1,0,0,2,3,1,1,4,0,0,0
201327224910,4,1,1,24,1,351.1368,2,4,3,2013,16,7,12,6,0,2,1,1,0,0,2,3,0,,1,0,0,0
201327224923,4,1,2,24,1,350.09216,2,4,5,2013,9,45,12,7,0,1,1,1,0,0,2,3,0,1,1,0,0,0
201327224948,4,1,12,24,1,359.75845,2,4,2,2013,17,30,12,6,0,2,1,1,0,0,2,3,0,2,1,0,0,0
201327224950,5,1,12,24,1,79.94633,2,4,2,2013,12,50,12,1,0,1,1,1,1,1,2,3,0,1,1,0,0,0
201327224963,4,1,9,24,1,341.35312,2,4,7,2013,11,15,12,9,0,1,1,1,0,0,2,3,0,1,1,0,0,0
201327224976,5,1,9,24,1,85.33828,2,4,1,2013,14,35,12,6,0,2,1,1,1,2,2,3,0,2,1,0,0,0
201327224977,3,1,9,24,1,28.446095,1,4,1,2013,17,15,6,0,0,1,1,1,3,1,2,3,0,1,1,0,0,0
201327224979,4,1,9,24,1,341.35312,2,4,1,2013,10,20,12,6,0,2,1,1,0,0,2,3,0,2,1,0,0,0
201327225023,3,1,2,24,1,16.671057,1,4,3,2013,11,50,8,0,0,1,1,1,3,2,2,3,0,1,1,0,0,0
201327225026,4,1,2,24,1,350.09216,1,4,3,2013,20,41,9,0,0,2,3,1,1,1,2,3,0,2,1,0,0,0
201327225041,4,1,5,24,1,342.04068,2,4,5,2013,10,0,12,6,0,2,1,1,0,0,2,3,0,,1,0,0,0
201327225044,5,1,5,24,1,85.51017,2,4,4,2013,9,5,12,7,0,1,1,1,1,1,2,3,0,1,1,0,0,0
201327225073,3,1,12,24,1,39.973164,1,4,7,2013,3,45,8,0,0,1,3,10,2,1,2,3,0,1,1,0,0,0
201327225075,4,1,12,24,1,359.75845,2,4,7,2013,11,0,12,1,0,2,1,10,0,0,2,3,0,2,1,0,0,0
201327225082,6,1,12,24,1,199.86581,2,4,1,2013,19,50,12,6,0,2,3,1,0,0,2,3,0,2,1,0,0,0
201327225101,4,1,1,24,1,351.1368,2,4,6,2013,16,30,14,0,0,4,1,1,0,0,2,3,1,1,7,0,0,0
201327225162,2,1,5,24,1,68.408134,2,4,3,2013,8,10,12,7,0,1,1,1,0,0,2,3,0,1,1,0,0,0
201327225165,4,1,5,24,1,342.04068,2,4,3,2013,15,30,12,1,0,1,1,1,0,0,2,3,0,1,1,0,0,0
201327225176,6,1,9,24,1,199.12267,4,5,5,2013,10,59,12,1,0,1,1,1,0,0,2,3,0,1,1,0,0,0
201327225182,4,1,9,24,1,341.35312,2,5,5,2013,16,40,12,1,0,2,1,1,0,0,2,3,0,,1,0,0,0
201327225221,3,1,3,25,1,24.1404,1,5,4,2013,0,30,1,0,0,1,3,1,2,2,2,3,0,1,1,0,0,0
201327225228,4,1,6,25,1,365.52213,2,5,5,2013,2,30,14,0,0,1,3,1,0,0,2,3,1,1,7,0,0,0
201327225237,4,1,6,25,1,365.52213,2,5,5,2013,18,45,12,7,0,2,1,1,0,0,2,3,0,,1,0,0,0
201327225246,4,1,1,25,1,350.0358,2,5,6,2013,8,1,14,0,0,1,1,1,0,0,2,3,1,1,7,0,0,0
201327225265,6,1,1,25,1,205.1934,2,5,7,2013,15,30,12,6,0,2,1,1,0,0,2,3,0,5,1,0,0,0
201327225277,4,1,1,25,1,350.0358,2,5,1,2013,17,17,12,7,0,2,1,1,0,0,2,3,0,,1,0,0,0
201327225284,4,1,2,25,1,350.0358,3,5,2,2013,17,22,12,1,0,2,1,1,0,0,2,3,0,2,1,0,0,0
201327225292,4,1,6,25,1,365.52213,2,5,4,2013,15,7,12,7,0,2,1,1,0,0,2,3,0,,1,0,0,0
201327225301,4,1,2,24,1,350.09216,2,5,6,2013,13,0,14,0,0,1,1,1,0,0,2,3,1,1,7,0,0,0
201327225314,5,1,2,24,1,83.35528,2,5,1,2013,7,50,12,6,0,2,1,1,1,3,2,3,0,2,1,0,0,0
201327225330,5,1,9,24,1,85.33828,2,5,4,2013,18,40,12,7,0,1,3,10,1,2,2,3,0,1,1,0,0,0
201327225331,4,1,9,24,1,341.35312,2,5,4,2013,17,26,12,8,0,1,1,1,0,0,2,3,0,1,1,0,0,0
201327225346,4,1,7,24,1,347.78094,2,5,3,2013,11,0,12,7,0,2,1,1,0,0,2,3,0,,1,0,0,0
201327225370,4,1,1,24,1,351.1368,2,5,5,2013,18,0,12,1,0,2,1,1,0,0,2,3,0,,1,0,0,0
201327225384,4,1,5,24,1,342.04068,2,5,6,2013,11,10,14,0,0,1,1,1,0,0,2,3,1,1,7,0,0,0
201327225400,5,1,5,24,1,85.51017,1,5,1,2013,13,15,30,0,0,1,1,1,1,1,2,3,0,1,4,0,0,0
201327225401,6,1,5,24,1,205.22441,2,5,1,2013,12,50,12,1,0,2,1,1,0,0,2,3,0,,1,0,0,0
201327225417,4,1,12,24,1,359.75845,2,5,5,2013,12,45,12,7,0,1,1,2,0,0,2,3,0,1,1,0,0,0
201327225424,6,1,12,24,1,199.86581,2,5,5,2013,20,48,12,1,0,2,3,1,0,0,2,3,0,,1,0,0,0
201327225431,4,1,12,24,1,359.75845,2,5,4,2013,9,0,14,0,0,1,1,1,0,0,2,3,1,1,7,0,0,0
201327225440,4,1,12,24,1,359.75845,2,5,4,2013,10,45,12,1,0,2,1,1,0,0,2,3,0,2,1,0,0,0
201327225471,4,1,2,25,1,350.0358,2,5,6,2013,18,0,12,7,0,1,1,1,0,0,2,3,0,1,1,0,0,0
201327225477,3,1,2,25,1,24.1404,1,5,1,2013,22,52,1,0,0,1,5,1,2,1,2,3,0,1,1,0,0,0
201327225484,4,1,3,25,1,350.0358,2,5,2,2013,9,32,12,7,0,1,1,1,0,0,2,3,0,1,1,0,0,0
201327225493,4,1,6,25,1,365.52213,2,5,3,2013,9,0,12,6,0,2,1,1,0,0,2,3,0,,1,0,0,0
201327225496,4,1,7,25,1,361.37888,2,5,4,2013,9,50,12,7,0,1,1,1,0,0,2,3,0,1,1,0,0,0
201327225507,3,1,3,25,1,24.1404,2,5,5,2013,18,45,12,7,0,1,1,1,2,1,2,3,0,1,1,0,0,0
201327225534,4,1,6,25,1,365.52213,2,5,2,2013,14,43,14,0,0,1,1,10,0,0,2,3,1,1,7,0,0,0
201327225536,3,1,7,25,1,45.17236,2,5,3,2013,22,30,12,1,0,2,3,1,2,1,2,3,0,,1,0,0,0
201327225542,5,1,14,25,1,107.092606,2,4,6,2013,19,41,12,1,0,1,1,1,1,1,2,3,0,1,1,0,0,0
201327225544,4,1,14,25,1,321.27783,2,4,7,2013,10,5,12,8,0,1,1,1,0,0,2,3,0,1,1,0,0,0