CASENUM,STRATUM,REGION,PJ,PSU,PSUSTRAT,WEIGHT,VE_TOTAL,MONTH,WKDY_IM,YEAR,HOUR_IM,MINUTE_IM,EVENT1_IM,MANCOL_IM,RELJCT1_IM,RELJCT2_IM,LGTCON_IM,WEATHR_IM,MAXSEV_IM,NO_INJ_IM,ALCHL_IM,LAND_USE,PVH_INVL,TYP_INT,REL_ROAD,CF1,CF2,CF3
201327225547,4,1,14,25,1,321.27783,2,4,7,2013,19,2,12,7,0,1,1,1,0,0,2,3,0,1,1,0,0,0
201327225549,5,1,14,25,1,107.092606,2,4,1,2013,3,45,12,2,0,2,3,1,1,2,2,3,0,,1,0,0,0
201327225551,4,1,14,25,1,321.27783,2,4,1,2013,13,30,12,1,0,2,1,1,0,0,2,3,0,,1,0,0,0
201327225554,4,1,14,25,1,321.27783,2,4,1,2013,13,45,14,0,0,1,5,1,0,0,2,3,1,1,7,0,0,0
201327225557,4,1,14,25,1,321.27783,2,5,5,2013,21,48,14,0,0,1,1,1,0,0,2,3,1,1,7,0,0,0
201327225560,4,1,14,25,1,321.27783,1,5,5,2013,17,30,8,0,0,2,1,1,1,1,2,3,0,,1,0,0,0
201327225563,4,1,14,25,1,321.27783,2,5,4,2013,12,9,14,0,0,1,1,1,0,0,2,3,1,1,7,0,0,0
201327225568,5,1,1,24,1,91.9644,4,5,4,2013,17,0,12,7,0,1,1,1,1,2,2,3,1,1,1,0,0,0
201327225588,5,1,7,24,1,86.94524,4,5,6,2013,10,0,12,6,0,2,1,1,1,2,2,3,2,,1,0,0,0
201327225590,4,1,7,24,1,347.78094,2,5,6,2013,19,5,12,6,0,2,1,1,1,1,2,3,0,,1,0,0,0
201327225606,3,1,7,24,1,17.389048,1,5,7,2013,20,40,9,0,0,2,3,10,2,1,2,3,0,2,1,0,0,0
201327225608,6,1,7,24,1,208.66856,2,5,1,2013,12,30,12,9,0,5,1,2,0,0,2,3,0,1,1,0,0,0
201327225623,3,1,12,24,1,39.973164,1,5,3,2013,15,15,15,0,0,2,1,1,2,1,2,3,0,,1,0,0,0
201327225624,4,1,12,24,1,359.75845,2,5,3,2013,19,45,14,0,0,2,5,1,0,0,2,3,1,,4,0,0,0
201327225647,3,1,12,24,1,39.973164,1,5,2,2013,18,20,9,0,0,2,1,1,2,1,1,3,0,2,1,0,0,0
201327225648,4,1,12,24,1,359.75845,2,5,2,2013,21,20,12,1,0,1,3,1,0,0,2,3,0,1,1,0,0,0
201327225653,4,1,2,24,1,350.09216,2,5,5,2013,14,30,12,7,0,1,1,10,0,0,2,3,0,1,1,0,0,0
201327225678,4,1,5,24,1,342.04068,2,5,5,2013,18,5,14,0,0,1,6,1,0,0,2,3,1,1,7,0,0,0
201327225694,4,1,9,24,1,341.35312,2,5,3,2013,15,0,12,7,0,1,1,1,0,0,2,3,0,1,1,0,0,0
201327225706,4,1,9,24,1,341.35312,1,5,2,2013,8,30,8,0,0,1,1,10,1,1,2,3,0,1,1,0,0,0
201327225715,3,1,9,24,1,28.446095,1,5,2,2013,19,40,9,0,0,2,1,1,3,1,2,3,0,2,1,0,0,0
201327225721,4,1,9,24,1,341.35312,2,5,2,2013,17,15,12,1,0,2,1,1,0,0,2,3,0,,1,0,0,0
201327225734,4,1,9,24,1,341.35312,1,5,6,2013,17,15,8,0,0,2,1,2,1,1,2,3,0,2,1,0,0,0
201327225740,5,1,9,24,1,85.33828,2,5,6,2013,20,55,12,6,0,2,3,10,1,2,2,3,0,2,1,0,0,0
201327225749,4,1,9,24,1,341.35312,2,5,7,2013,13,0,12,7,0,2,1,10,0,0,2,3,0,,1,0,0,0
201327225763,4,1,9,24,1,341.35312,2,5,1,2013,12,35,12,6,0,2,1,1,0,0,2,3,0,,1,0,0,0
201327225765,6,1,9,24,1,199.12267,3,5,1,2013,15,40,12,6,0,2,1,10,2,2,2,3,0,2,1,0,0,0
201327225768,5,1,9,24,1,85.33828,2,5,1,2013,18,0,12,6,0,2,1,1,1,3,2,3,0,2,1,0,0,0
201327225806,4,1,6,25,1,365.52213,2,5,7,2013,23,55,12,7,0,1,3,2,0,0,2,3,0,1,1,0,0,0
201327225815,4,1,6,25,1,365.52213,2,5,1,2013,15,58,12,7,0,1,1,1,0,0,2,3,0,1,1,0,0,0
201327225818,4,1,7,25,1,361.37888,2,5,2,2013,18,40,12,7,0,1,1,1,0,0,2,3,0,1,1,0,0,0
201327225819,3,1,7,25,1,45.17236,1,5,2,2013,20,0,9,0,0,1,1,1,2,1,2,3,0,1,1,0,0,0
201327225821,4,1,14,25,1,321.27783,2,5,3,2013,1,0,12,7,0,1,3,1,0,0,2,3,0,1,1,0,0,0
201327225824,4,1,14,25,1,321.27783,2,5,3,2013,14,43,12,6,0,4,1,2,0,0,1,3,0,1,1,0,0,0
201327225840,3,1,1,25,1,24.1404,1,6,3,2013,19,20,9,0,0,2,1,1,2,1,2,3,0,3,1,0,0,0
201327225842,4,1,1,25,1,350.0358,2,6,3,2013,23,5,12,7,0,1,3,1,0,0,2,3,0,1,1,0,0,0
201327225860,5,1,2,25,1,84.4914,2,6,4,2013,21,48,12,6,0,2,3,1,1,2,2,3,0,,1,0,0,0
201327225864,4,1,3,25,1,350.0358,2,6,5,2013,4,30,12,1,0,2,1,1,0,0,2,3,0,,1,0,0,0
201327225875,4,1,7,25,1,361.37888,2,6,7,2013,8,50,12,1,0,1,1,1,0,0,2,3,0,1,1,0,0,0
201327225878,5,1,7,25,1,90.34472,3,6,7,2013,11,8,12,7,0,1,1,1,1,1,2,3,1,1,1,0,0,0
201327225885,4,1,7,25,1,361.37888,1,6,1,2013,23,45,38,0,0,2,3,2,0,0,2,3,0,2,5,0,0,0
201327225887,4,1,14,25,1,321.27783,2,6,2,2013,8,36,12,6,0,4,1,2,0,0,2,3,0,1,1,0,0,0
201327225890,4,1,14,25,1,321.27783,2,6,2,2013,12,35,12,1,0,1,1,10,0,0,2,3,0,1,1,0,0,0
201327225893,4,1,14,25,1,321.27783,2,6,2,2013,20,31,14,0,0,1,3,10,0,0,2,3,1,1,7,0,0,0
201327225957,6,1,2,24,1,216.72372,2,6,3,2013,19,0,12,1,0,1,1,1,1,1,2,3,0,1,1,0,0,0
201327225961,4,1,2,24,1,350.09216,2,6,3,2013,18,0,12,1,0,1,1,1,0,0,2,3,0,1,1,0,0,0
201327225978,3,1,5,24,1,17.102034,1,6,4,2013,17,15,15,0,0,2,1,1,2,1,2,3,0,,1,0,0,0
201327225985,4,1,7,24,1,347.78094,2,6,5,2013,10,30,12,1,0,2,1,1,1,1,2,3,0,,1,0,0,0
201327226000,2,1,12,24,1,79.94633,2,5,6,2013,6,30,12,6,0,2,1,1,1,1,2,3,0,2,1,0,0,0
201327226001,4,1,12,24,1,359.75845,2,5,6,2013,11,9,14,0,0,1,1,1,0,0,2,3,1,1,7,0,0,0
201327226011,4,1,12,24,1,359.75845,2,5,6,2013,21,8,12,6,0,1,1,1,0,0,2,3,0,1,1,0,0,0
201327226020,4,1,12,24,1,359.75845,1,5,6,2013,22,0,9,0,0,1,3,1,1,1,2,3,0,1,1,0,0,0
201327226029,4,1,12,24,1,359.75845,2,6,1,2013,21,30,14,0,0,1,3,1,0,0,2,3,1,1,7,0,0,0
201327226032,4,1,1,24,1,351.1368,1,6,6,2013,0,30,25,0,0,1,3,2,0,0,2,3,0,1,3,0,0,0
201327226076,6,1,1,24,1,209.01,2,6,1,2013,18,30,12,1,0,1,1,1,0,0,2,3,0,1,1,0,0,0
201327226083,4,1,1,24,1,351.1368,2,6,1,2013,11,35,14,0,0,2,1,1,0,0,2,3,1,,,0,0,0
201327226106,4,1,5,24,1,342.04068,2,6,3,2013,18,15,12,1,0,1,1,10,1,1,2,3,0,1,1,0,0,0
201327226116,3,1,7,24,1,17.389048,1,6,4,2013,3,55,9,0,0,2,3,10,2,1,2,3,0,,1,0,0,0
201327226119,5,1,7,24,1,86.94524,2,6,4,2013,17,15,12,7,0,1,1,1,1,2,2,3,0,1,1,0,0,0
201327226143,4,1,14,25,1,321.27783,2,6,6,2013,22,0,12,9,0,1,3,2,0,0,2,3,0,1,1,0,0,0
201327226144,5,1,14,25,1,107.092606,2,6,6,2013,18,30,12,1,0,2,1,2,1,3,2,3,0,,1,0,0,0
201327226145,6,1,14,25,1,214.18521,2,6,6,2013,20,0,12,6,0,2,1,2,1,1,2,3,0,,1,0,0,0
201327226149,4,1,14,25,1,321.27783,2,6,7,2013,1,5,12,1,0,2,3,2,0,0,2,3,0,,1,0,0,0
201327226151,6,1,14,25,1,214.18521,1,6,7,2013,19,20,24,0,0,1,1,1,0,0,2,3,0,1,4,0,0,0
201327226153,4,1,14,25,1,321.27783,2,6,1,2013,1,30,12,7,0,1,3,1,0,0,2,3,0,1,1,0,0,0
201327226156,4,1,14,25,1,321.27783,2,6,1,2013,16,45,12,7,0,2,1,1,0,0,2,3,0,,1,0,0,0
201327226159,4,1,14,25,1,321.27783,2,6,1,2013,19,10,12,1,0,2,1,1,0,0,2,3,0,,1,0,0,0
201327226164,3,1,2,24,1,16.671057,2,6,6,2013,8,10,12,1,0,1,1,10,2,1,2,3,0,1,1,0,0,0
201327226165,4,1,2,24,1,350.09216,2,6,6,2013,8,51,12,6,0,2,1,1,0,0,2,3,0,2,1,0,0,0
201327226189,4,1,2,24,1,350.09216,2,6,1,2013,23,0,12,7,0,1,3,1,0,0,2,3,0,1,1,0,0,0
201327226196,5,1,5,24,1,85.51017,2,6,2,2013,9,30,12,6,0,1,1,1,1,1,2,3,0,1,1,0,0,0
201327226212,4,1,7,24,1,347.78094,2,6,3,2013,17,5,12,9,0,2,1,2,0,0,1,3,0,2,1,0,0,0
201327226224,4,1,9,24,1,341.35312,3,6,5,2013,12,30,14,0,0,2,1,10,0,0,2,3,2,,7,0,0,0
201327226228,3,1,9,24,1,28.446095,1,6,5,2013,21,0,8,0,0,2,3,2,3,1,2,3,0,2,1,0,0,0
201327226239,4,1,9,24,1,341.35312,2,6,4,2013,21,0,12,6,0,2,3,1,0,0,2,3,0,,1,0,0,0
201327226254,4,1,12,24,1,359.75845,2,6,5,2013,22,50,12,7,0,1,3,1,0,0,2,3,0,1,1,0,0,0
201327226293,4,1,1,25,1,350.0358,2,6,6,2013,17,40,12,1,0,2,1,2,0,0,2,3,0,,1,0,0,0
201327226311,3,1,1,25,1,24.1404,1,6,1,2013,21,51,8,0,0,2,3,1,2,1,2,3,0,2,1,0,0,0
201327226320,4,1,2,25,1,350.0358,3,6,2,2013,17,40,12,6,0,1,1,1,0,0,2,3,1,1,1,0,0,0
201327226352,3,1,2,25,1,24.1404,1,6,7,2013,1,25,8,0,0,1,3,1,2,2,2,3,0,1,1,0,0,0
201327226369,4,1,2,25,1,350.0358,2,6,1,2013,20,43,12,1,0,2,3,1,0,0,2,3,0,,1,0,0,0
201327226383,4,1,14,25,1,321.27783,1,6,5,2013,17,15,9,0,0,2,1,1,1,1,2,3,0,2,1,0,0,0
201327226394,5,1,1,24,1,91.9644,2,6,5,2013,17,20,12,6,0,2,1,1,1,1,2,3,0,,1,0,0,0
201327226408,4,1,5,24,1,342.04068,2,6,6,2013,22,55,12,1,0,2,3,1,0,0,2,3,0,3,1,0,0,0
201327226421,6,1,5,24,1,205.22441,3,6,7,2013,22,0,12,8,0,1,3,1,1,1,2,3,0,1,1,0,0,0
201327226423,3,1,5,24,1,17.102034,1,6,1,2013,9,45,24,0,0,1,1,1,4,1,2,3,0,1,3,0,0,0
201327226441,4,1,9,24,1,341.35312,2,6,3,2013,10,50,12,7,0,1,1,1,0,0,2,3,0,1,1,0,0,0
201327226454,4,1,9,24,1,341.35312,2,6,3,2013,19,0,12,6,0,2,1,1,1,1,2,3,0,,1,0,0,0
201327226462,4,1,12,24,1,359.75845,2,6,4,2013,17,5,12,6,0,2,1,1,0,0,2,3,0,2,1,0,0,0
201327226494,3,1,7,24,1,17.389048,1,6,6,2013,18,10,8,0,0,2,1,1,3,1,2,3,0,,1,0,0,0
201327226512,4,1,7,24,1,347.78094,2,6,7,2013,15,18,12,7,0,1,1,1,0,0,2,3,0,1,1,0,0,0
201327226516,5,1,7,24,1,86.94524,2,6,1,2013,0,5,12,6,0,2,3,1,1,2,2,3,0,,1,0,0,0
201327226536,4,1,12,24,1,359.75845,2,7,3,2013,22,5,12,1,0,1,3,2,0,0,2,3,0,1,1,0,0,0
201327226555,4,1,14,25,1,321.27783,2,7,4,2013,16,5,12,6,0,1,1,10,0,0,2,3,0,1,1,0,0,0
201327226566,4,1,1,24,1,351.1368,2,7,3,2013,18,30,14,0,0,1,6,1,0,0,2,3,1,1,7,0,0,0
201327226587,3,1,2,24,1,16.671057,1,7,4,2013,14,0,24,0,0,1,1,2,3,1,2,3,0,1,4,0,0,0
201327226598,4,1,9,24,1,341.35312,2,7,6,2013,10,0,12,8,0,1,1,1,0,0,2,3,0,1,1,0,0,0
201327226611,4,1,9,24,1,341.35312,2,7,6,2013,16,10,12,1,0,2,1,1,1,1,2,3,0,2,1,0,0,0
201327226625,5,1,9,24,1,85.33828,3,7,7,2013,12,0,12,1,0,2,1,1,1,1,2,3,0,,1,0,0,0
201327226629,6,1,9,24,1,199.12267,1,7,1,2013,7,0,30,0,0,2,1,1,0,0,1,3,0,2,4,0,0,0
201327226647,5,1,12,24,1,79.94633,3,7,2,2013,16,9,12,1,0,2,1,1,3,2,2,3,1,2,1,0,0,0
201327226651,4,1,12,24,1,359.75845,2,7,2,2013,12,15,12,6,0,4,1,1,0,0,2,3,0,1,1,0,0,0
201327226661,4,1,1,25,1,350.0358,2,7,4,2013,7,15,14,0,0,1,1,1,0,0,2,3,1,1,1,0,0,0
201327226671,3,1,6,25,1,40.613567,2,7,6,2013,4,10,12,1,0,2,3,1,2,1,2,3,0,,1,0,0,0
201327226679,4,1,6,25,1,365.52213,2,7,6,2013,23,41,12,6,0,2,3,10,1,1,2,3,0,2,1,0,0,0
201327226689,4,1,7,25,1,361.37888,2,7,2,2013,21,32,12,6,0,2,3,10,0,0,2,3,0,2,1,0,0,0
201327226691,4,1,14,25,1,321.27783,2,7,3,2013,15,6,12,7,0,1,1,1,0,0,2,3,0,1,1,0,0,0
201327226694,3,1,14,25,1,107.092606,1,7,3,2013,21,55,8,0,0,2,3,1,3,1,2,3,0,,1,0,0,0
201327226712,4,1,7,25,1,361.37888,2,7,7,2013,17,50,12,7,0,1,1,10,0,0,1,3,0,1,1,0,0,0
201327226720,4,1,7,25,1,361.37888,2,7,6,2013,13,27,12,7,0,2,1,2,0,0,1,3,0,,1,0,0,0
201327226723,4,1,14,25,1,321.27783,2,7,2,2013,2,0,12,1,0,1,2,1,0,0,2,3,0,1,1,0,0,0
201327226726,4,1,14,25,1,321.27783,2,7,2,2013,19,5,14,0,0,1,1,1,1,1,2,3,1,1,7,0,0,0
201327226750,4,1,2,24,1,350.09216,2,7,3,2013,10,10,12,6,0,2,1,1,0,0,2,3,0,10,1,0,0,0
201327226760,5,1,2,24,1,83.35528,2,7,3,2013,17,0,12,1,0,2,1,1,1,2,2,3,0,2,1,0,0,0
201327226766,4,1,5,24,1,342.04068,2,7,4,2013,16,14,14,0,0,1,1,1,0,0,2,3,1,1,7,0,0,0
201327226787,4,1,12,24,1,359.75845,2,7,6,2013,18,30,14,0,0,1,6,1,0,0,2,3,1,1,7,0,0,0
201327226791,6,1,12,24,1,199.86581,2,7,7,2013,3,0,12,7,0,1,3,2,0,0,2,3,0,1,1,0,0,0
201327226800,4,1,12,24,1,359.75845,4,7,7,2013,22,50,14,0,0,1,3,10,0,0,2,3,3,1,7,14,0,0
201327226804,5,1,12,24,1,79.94633,2,7,1,2013,12,10,12,6,0,2,1,1,1,1,2,3,0,2,1,0,0,0
201327226806,3,1,12,24,1,39.973164,2,7,1,2013,10,15,12,6,0,2,1,1,3,1,2,3,0,2,1,0,0,0
201327226831,4,1,1,25,1,350.0358,2,7,2,2013,11,40,14,0,0,1,1,10,0,0,2,3,1,1,7,0,0,0
201327226849,6,1,3,25,1,205.1934,3,6,4,2013,9,15,12,1,0,1,1,1,1,2,2,3,0,1,1,0,0,0
201327226860,4,1,3,25,1,350.0358,2,6,6,2013,16,20,12,7,0,2,1,10,0,0,2,3,0,3,1,0,0,0
201327226868,3,1,3,25,1,24.1404,1,6,7,2013,23,10,8,0,0,2,3,1,3,1,2,3,0,2,1,0,0,0
201327226895,4,1,6,25,1,365.52213,2,7,5,2013,17,5,12,7,0,1,1,1,0,0,2,3,0,1,1,0,0,0
201327226897,2,1,6,25,1,40.613567,2,7,5,2013,12,10,12,7,0,1,1,2,3,1,2,3,0,1,1,0,0,0
201327226902,4,1,14,25,1,321.27783,2,7,7,2013,19,45,12,7,0,2,1,1,0,0,2,3,0,,1,0,0,0
201327226905,4,1,14,25,1,321.27783,2,7,1,2013,14,0,12,1,0,1,1,10,0,0,2,3,0,1,1,0,0,0
201327226908,4,1,14,25,1,321.27783,2,7,1,2013,23,20,12,6,0,1,3,1,0,0,2,3,0,1,1,0,0,0
201327226931,4,1,3,25,1,350.0358,3,7,3,2013,16,30,12,1,0,2,1,10,0,0,2,3,0,,1,0,0,0
201327226932,2,1,6,25,1,40.613567,1,7,4,2013,11,0,8,0,0,1,1,1,2,1,2,3,0,1,7,0,0,0
201327226934,5,1,6,25,1,81.227135,2,7,4,2013,4,53,12,7,0,1,3,1,3,3,1,3,0,1,1,0,0,0
201327226940,4,1,6,25,1,365.52213,2,7,4,2013,21,26,12,7,0,2,3,1,0,0,2,3,0,,1,0,0,0
201327226973,3,1,1,24,1,16.7208,1,7,1,2013,4,0,30,0,0,1,3,1,2,1,2,3,0,1,4,0,0,0
201327226974,4,1,1,24,1,351.1368,2,7,7,2013,16,0,12,1,0,2,1,1,1,1,2,3,0,,1,0,0,0
201327227008,4,1,5,24,1,342.04068,2,7,3,2013,17,40,12,7,0,1,1,1,0,0,2,3,0,1,1,0,0,0
201327227017,3,1,7,24,1,17.389048,1,7,4,2013,7,0,9,0,0,2,1,1,3,1,2,3,0,,1,0,0,0
201327227023,4,1,2,24,1,350.09216,2,7,3,2013,9,57,12,6,0,2,1,1,0,0,2,3,0,7,1,0,0,0
201327227046,4,1,2,24,1,350.09216,2,7,1,2013,19,30,12,6,0,4,1,10,1,1,2,3,0,1,1,0,0,0
201327227061,3,1,7,24,1,17.389048,1,7,3,2013,5,30,18,0,0,1,4,1,3,1,2,3,0,1,1,0,0,0
201327227066,4,1,7,24,1,347.78094,2,7,3,2013,18,40,12,7,0,1,1,1,0,0,2,3,0,1,1,0,0,0
201327227068,4,1,9,24,1,341.35312,3,7,4,2013,8,40,12,6,0,2,1,1,1,1,2,3,1,2,1,0,0,0
201327227069,3,1,9,24,1,28.446095,1,7,4,2013,19,23,8,0,0,2,1,1,4,2,2,3,0,2,1,0,0,0
201327227081,3,1,9,24,1,28.446095,1,7,4,2013,12,25,8,0,0,2,1,1,2,1,2,3,0,2,1,0,0,0
201327227090,4,1,12,24,1,359.75845,2,8,5,2013,13,0,12,6,0,2,1,2,0,0,2,3,0,2,1,0,0,0
201327227101,5,1,1,24,1,91.9644,2,8,5,2013,17,35,12,6,0,2,1,1,2,3,2,3,0,,1,0,0,0
201327227118,5,1,5,24,1,85.51017,2,8,6,2013,14,30,12,6,0,2,1,1,1,4,2,3,0,2,1,0,0,0
201327227124,4,1,5,24,1,342.04068,2,8,6,2013,8,30,12,6,0,1,1,1,0,0,2,3,0,1,1,0,0,0
201327227148,4,1,9,24,1,341.35312,2,8,3,2013,8,50,12,1,0,2,1,1,0,0,2,3,0,,1,0,0,0
201327227160,4,1,12,24,1,359.75845,2,8,4,2013,12,40,14,0,0,1,1,10,0,0,2,3,1,1,7,0,0,0
201327227171,4,1,2,25,1,350.0358,2,8,6,2013,11,40,14,0,0,1,1,1,0,0,2,3,1,1,7,0,0,0
201327227182,3,1,3,25,1,24.1404,1,8,2,2013,1,35,9,0,0,1,3,1,3,1,1,3,0,1,1,0,0,0
201327227191,3,1,6,25,1,40.613567,1,8,3,2013,8,30,8,0,0,2,1,1,3,1,2,3,0,2,1,0,0,0
201327227197,4,1,6,25,1,365.52213,2,8,3,2013,9,52,12,1,0,2,1,1,0,0,2,3,0,,1,0,0,0
201327227236,3,1,1,24,1,16.7208,1,8,4,2013,19,30,9,0,0,2,1,1,2,1,2,3,0,,1,0,0,0
201327227238,4,1,1,24,1,351.1368,2,8,4,2013,17,49,12,1,0,2,1,1,1,1,2,3,0,,1,0,0,0
201327227260,4,1,7,24,1,347.78094,2,8,1,2013,18,25,12,7,0,1,5,1,0,0,2,3,0,1,1,0,0,0
201327227272,4,1,9,24,1,341.35312,2,8,2,2013,18,15,14,0,0,1,1,1,0,0,2,3,1,1,7,0,0,0
201327227277,2,1,9,24,1,56.89219,3,8,2,2013,13,30,12,1,1,5,1,1,1,3,2,3,0,1,1,0,0,0
201327227285,4,1,9,24,1,341.35312,2,8,2,2013,16,40,12,1,0,2,1,1,0,0,2,3,0,3,1,0,0,0
201327227292,4,1,1,25,1,350.0358,2,8,5,2013,17,50,12,6,0,1,1,1,0,0,2,3,0,1,1,0,0,0
201327227331,4,1,7,25,1,361.37888,2,8,3,2013,7,25,12,1,0,1,1,2,1,1,2,3,0,1,1,0,0,0
201327227336,3,1,6,25,1,40.613567,1,8,2,2013,3,50,8,0,0,1,2,1,3,1,2,3,0,1,1,0,0,0
201327227341,4,1,6,25,1,365.52213,2,8,2,2013,11,46,12,1,0,1,1,1,0,0,2,3,0,1,1,0,0,0
201327227350,5,1,14,25,1,107.092606,1,8,5,2013,8,8,25,0,0,1,1,10,1,1,2,3,0,1,3,0,0,0
201327227352,4,1,14,25,1,321.27783,2,8,4,2013,19,20,12,6,0,2,1,1,0,0,2,3,0,,1,0,0,0
201327227381,3,1,2,24,1,16.671057,1,8,5,2013,1,40,24,0,0,1,3,1,2,1,2,3,0,1,4,0,0,0
201327227389,1,1,2,24,1,16.671057,2,8,4,2013,14,15,12,6,0,2,1,1,3,4,2,3,0,4,1,0,0,0
201327227399,4,1,5,24,1,342.04068,2,8,5,2013,19,4,12,8,0,1,1,1,0,0,2,3,0,1,1,0,0,0
201327227413,3,1,1,25,1,24.1404,1,8,4,2013,16,14,9,0,0,1,1,1,3,1,2,3,0,1,1,0,0,0
201327227427,3,1,2,25,1,24.1404,1,8,5,2013,11,20,9,0,0,2,1,10,3,1,2,3,0,,1,0,0,0
201327227438,4,1,6,25,1,365.52213,2,8,6,2013,13,56,12,1,0,1,1,1,0,0,2,3,0,1,1,0,0,0
201327227445,3,1,6,25,1,40.613567,1,8,6,2013,18,18,8,0,0,1,1,1,2,1,2,3,0,1,1,0,0,0
201327227448,4,1,6,25,1,365.52213,2,8,6,2013,22,2,12,7,0,2,1,1,0,0,2,3,0,,1,0,0,0
201327227457,4,1,6,25,1,365.52213,2,8,7,2013,19,6,14,0,0,1,1,1,0,0,2,3,1,1,7,0,0,0
201327227463,4,1,14,25,1,321.27783,2,8,3,2013,15,37,12,1,0,1,1,1,0,0,2,3,0,1,1,0,0,0
201327227466,4,1,1,25,1,350.0358,2,8,3,2013,9,55,12,1,0,2,1,10,0,0,2,3,0,,1,0,0,0
201327227479,3,1,2,25,1,24.1404,1,8,4,2013,4,0,8,0,0,2,3,1,3,3,2,3,0,,1,0,0,0
201327227489,4,1,3,25,1,350.0358,3,6,2,2013,8,30,12,7,0,2,1,1,0,0,2,3,0,,1,0,0,0
201327227518,4,1,14,25,1,321.27783,1,8,2,2013,19,0,9,0,0,4,1,10,0,0,2,3,0,1,1,0,0,0
201327227521,4,1,14,25,1,321.27783,2,8,2,2013,15,0,12,7,0,2,1,1,0,0,2,3,0,,1,0,0,0
201327227523,4,1,12,24,1,359.75845,1,8,2,2013,10,30,9,0,0,1,1,1,0,0,2,3,0,1,1,0,0,0
201327227533,4,1,12,24,1,359.75845,2,8,6,2013,13,0,14,0,0,1,1,1,0,0,2,3,1,1,7,0,0,0
201327227535,6,1,12,24,1,199.86581,2,8,6,2013,14,15,14,0,0,1,1,1,0,0,2,3,1,1,7,0,0,0
201327227545,3,1,12,24,1,39.973164,2,8,7,2013,12,20,12,2,0,2,1,1,2,1,2,3,0,,1,0,0,0
201327227546,4,1,12,24,1,359.75845,2,8,7,2013,15,0,12,6,0,1,1,1,0,0,2,3,0,1,1,0,0,0
201327227562,4,1,2,24,1,350.09216,2,8,3,2013,16,45,14,0,0,1,1,1,0,0,2,3,1,1,7,0,0,0
201327227566,5,1,2,24,1,83.35528,2,8,3,2013,17,54,12,6,0,4,1,1,1,1,2,3,0,1,1,0,0,0
201327227585,4,1,5,24,1,342.04068,2,8,4,2013,22,0,12,1,0,1,3,1,1,1,2,3,0,1,1,0,0,0
201327227597,4,1,9,24,1,341.35312,2,7,5,2013,22,0,14,0,0,1,5,1,0,0,2,3,1,1,7,0,0,0
201327227598,6,1,9,24,1,199.12267,2,7,5,2013,17,58,12,2,0,2,1,1,0,0,2,3,0,,1,0,0,0
201327227610,4,1,9,24,1,341.35312,2,8,6,2013,15,25,12,1,0,5,1,1,0,0,2,3,0,1,1,0,0,0
201327227622,4,1,9,24,1,341.35312,2,8,7,2013,22,40,12,6,0,2,3,1,1,1,2,3,0,2,1,0,0,0
201327227631,1,1,9,24,1,28.446095,1,8,1,2013,12,55,59,0,0,1,1,1,3,2,2,3,0,1,4,0,0,0
201327227632,5,1,9,24,1,85.33828,5,8,1,2013,14,0,12,6,0,2,1,10,2,5,2,3,3,2,1,14,0,0
201327227641,4,1,9,24,1,341.35312,2,8,1,2013,13,0,12,1,0,2,1,10,0,0,2,3,0,,1,0,0,0
201327227704,4,1,1,24,1,351.1368,2,8,7,2013,18,35,14,0,0,1,1,1,0,0,2,3,1,1,7,0,0,0
201327227712,5,1,1,24,1,91.9644,1,9,1,2013,8,25,25,0,0,1,1,1,2,2,2,3,0,1,3,0,0,0
201327227722,6,1,1,24,1,209.01,2,9,1,2013,18,0,14,0,0,1,1,10,0,0,2,3,1,1,7,0,0,0
201327227772,4,1,2,25,1,350.0358,2,8,6,2013,11,30,12,1,0,2,1,1,0,0,2,3,0,,1,0,0,0
201327227774,3,1,2,25,1,24.1404,1,8,7,2013,12,50,8,0,0,2,1,2,3,1,2,3,0,,1,0,0,0
201327227783,4,1,3,25,1,350.0358,2,9,4,2013,8,30,12,6,0,2,1,1,0,0,2,3,0,,1,0,0,0
201327227793,4,1,7,25,1,361.37888,2,8,6,2013,16,0,12,6,0,2,1,1,0,0,2,3,0,2,1,0,0,0
201327227800,3,1,14,25,1,107.092606,1,8,6,2013,0,5,15,0,0,2,3,1,2,1,2,3,0,,1,0,0,0
201327227803,6,1,14,25,1,214.18521,2,8,6,2013,12,45,12,8,0,2,1,10,1,1,2,3,0,3,1,0,0,0
201327227805,4,1,14,25,1,321.27783,4,8,6,2013,3,0,14,0,0,1,3,1,0,0,1,3,3,1,4,14,0,0
201327227808,4,1,14,25,1,321.27783,2,8,7,2013,17,20,12,1,0,2,1,1,0,0,2,3,0,2,1,0,0,0
201327227811,4,1,14,25,1,321.27783,2,9,1,2013,1,32,14,0,0,1,3,1,0,0,2,3,1,1,4,0,0,0
201327227814,5,1,14,25,1,107.092606,2,9,1,2013,22,45,12,1,0,1,3,1,1,1,2,3,0,1,1,0,0,0
201327227820,3,1,2,24,1,16.671057,1,9,6,2013,0,10,8,0,0,2,3,1,2,1,2,3,0,2,1,0,0,0