CASENUM,STRATUM,REGION,PJ,PSU,PSUSTRAT,WEIGHT,VE_TOTAL,MONTH,WKDY_IM,YEAR,HOUR_IM,MINUTE_IM,EVENT1_IM,MANCOL_IM,RELJCT1_IM,RELJCT2_IM,LGTCON_IM,WEATHR_IM,MAXSEV_IM,NO_INJ_IM,ALCHL_IM,LAND_USE,PVH_INVL,TYP_INT,REL_ROAD,CF1,CF2,CF3
201327227833,4,1,2,24,1,350.09216,2,9,7,2013,11,30,12,6,0,2,1,1,0,0,2,3,0,,1,0,0,0
201327227856,4,1,12,24,1,359.75845,2,9,5,2013,6,30,12,7,0,2,1,1,0,0,2,3,0,2,1,0,0,0
201327227866,4,1,12,24,1,359.75845,2,9,5,2013,12,0,12,7,0,2,1,1,1,1,2,3,0,,1,0,0,0
201327227885,3,1,5,24,1,17.102034,1,9,2,2013,7,45,8,0,0,1,1,1,2,1,2,3,0,1,1,0,0,0
201327227890,5,1,5,24,1,85.51017,2,9,2,2013,10,55,12,6,0,2,1,1,1,2,2,3,0,,1,0,0,0
201327227898,2,1,5,24,1,68.408134,2,9,6,2013,7,10,12,1,0,1,1,1,0,0,2,3,0,1,1,0,0,0
201327227899,4,1,5,24,1,342.04068,2,9,6,2013,10,20,12,7,0,1,1,1,0,0,2,3,0,1,1,0,0,0
201327227905,6,1,5,24,1,205.22441,2,9,6,2013,15,10,12,1,0,1,1,1,0,0,2,3,0,1,1,0,0,0
201327227925,4,1,5,24,1,342.04068,2,9,7,2013,16,0,12,1,0,1,1,1,0,0,2,3,0,1,1,0,0,0
201327227943,4,1,7,24,1,347.78094,2,9,2,2013,16,28,14,0,0,1,1,10,0,0,2,3,1,1,7,0,0,0
201327227946,4,1,9,24,1,341.35312,2,9,4,2013,8,40,12,9,0,4,1,1,0,0,2,3,0,1,1,0,0,0
201327227960,4,1,9,24,1,341.35312,2,9,3,2013,9,15,12,7,0,1,1,1,0,0,2,3,0,1,1,0,0,0
201327227972,6,1,12,24,1,199.86581,2,9,4,2013,3,11,12,6,0,2,3,1,0,0,2,3,0,2,1,0,0,0
201327227976,4,1,12,24,1,359.75845,2,9,4,2013,19,30,14,0,0,1,1,1,0,0,2,3,1,1,7,0,0,0
201327227977,3,1,12,24,1,39.973164,1,9,4,2013,14,30,8,0,0,2,1,1,2,1,2,3,0,,1,0,0,0
201327228012,1,1,1,25,1,12.0702,1,9,1,2013,3,8,26,0,0,1,3,10,4,1,2,3,0,1,3,0,0,0
201327228014,4,1,1,25,1,350.0358,2,9,7,2013,20,45,12,6,0,2,3,1,0,0,2,3,0,2,1,0,0,0
201327228053,4,1,6,25,1,365.52213,2,9,4,2013,16,0,12,6,0,1,1,1,0,0,2,3,0,1,1,0,0,0
201327228063,4,1,7,25,1,361.37888,2,9,5,2013,11,53,12,1,0,2,1,10,0,0,2,3,0,,1,0,0,0
201327228101,4,1,3,25,1,350.0358,2,9,2,2013,10,25,12,6,0,1,1,10,0,0,2,3,0,1,1,0,0,0
201327228103,4,1,6,25,1,365.52213,2,9,3,2013,13,20,12,7,0,1,1,1,0,0,2,3,0,1,1,0,0,0
201327228144,3,1,7,24,1,17.389048,1,9,6,2013,7,50,8,0,0,1,1,1,2,1,2,3,0,1,1,0,0,0
201327228164,6,1,7,24,1,208.66856,3,9,1,2013,1,30,14,0,0,1,3,2,0,0,2,3,1,1,7,0,0,0
201327228169,4,1,7,24,1,347.78094,2,9,1,2013,12,30,12,1,0,1,1,1,0,0,2,3,0,1,1,0,0,0
201327228178,6,1,9,24,1,199.12267,3,9,2,2013,8,30,12,6,0,2,1,1,0,0,2,3,0,,1,0,0,0
201327228182,4,1,9,24,1,341.35312,2,9,2,2013,7,40,12,1,0,1,1,1,0,0,2,3,0,1,1,0,0,0
201327228189,5,1,9,24,1,85.33828,1,9,2,2013,22,25,30,0,0,2,3,1,1,1,2,3,0,,4,0,0,0
201327228192,4,1,12,24,1,359.75845,1,9,3,2013,8,25,8,0,0,1,1,1,1,1,2,3,0,1,1,0,0,0
201327228201,4,1,12,24,1,359.75845,2,9,3,2013,9,52,12,7,0,1,1,1,0,0,2,3,0,1,1,0,0,0
201327228212,4,1,1,25,1,350.0358,2,9,5,2013,20,30,12,1,0,1,5,1,0,0,2,3,0,1,1,0,0,0
201327228246,4,1,6,25,1,365.52213,2,9,2,2013,9,0,12,7,0,1,1,1,0,0,2,3,0,1,1,0,0,0
201327228248,4,1,7,25,1,361.37888,2,9,3,2013,11,35,12,7,0,1,1,1,0,0,2,3,0,1,1,0,0,0
201327228256,4,1,7,25,1,361.37888,2,9,3,2013,16,55,14,0,0,1,1,1,0,0,2,3,1,1,7,0,0,0
201327228257,3,1,7,25,1,45.17236,1,9,3,2013,19,0,8,0,0,2,1,1,2,1,2,3,0,2,1,0,0,0
201327228262,4,1,1,24,1,351.1368,2,10,3,2013,11,0,12,7,0,1,1,1,0,0,2,3,0,1,1,0,0,0
201327228271,4,1,2,24,1,350.09216,2,10,4,2013,18,0,12,1,0,1,5,1,0,0,2,3,0,1,1,0,0,0
201327228282,4,1,9,24,1,341.35312,2,9,6,2013,13,33,12,7,0,1,1,10,0,0,2,3,0,1,1,0,0,0
201327228297,4,1,9,24,1,341.35312,2,9,7,2013,9,45,12,6,0,2,1,1,0,0,2,3,0,3,1,0,0,0
201327228299,6,1,9,24,1,199.12267,3,9,6,2013,15,8,12,1,0,1,1,10,1,4,2,3,0,1,1,0,0,0
201327228314,4,1,9,24,1,341.35312,2,9,1,2013,11,0,12,6,0,2,1,1,0,0,2,3,0,,1,0,0,0
201327228326,4,1,9,24,1,341.35312,2,9,1,2013,18,45,14,0,0,1,5,1,0,0,2,3,1,1,7,0,0,0
201327228344,4,1,12,24,1,359.75845,2,9,2,2013,15,30,14,0,0,1,1,1,0,0,2,3,1,1,7,0,0,0
201327228350,4,1,5,24,1,342.04068,2,10,5,2013,15,0,12,6,0,2,1,1,0,0,2,3,0,,1,0,0,0
201327228363,4,1,2,25,1,350.0358,2,10,5,2013,13,55,12,1,0,2,1,1,0,0,2,3,0,,1,0,0,0
201327228381,4,1,6,25,1,365.52213,2,9,7,2013,16,12,12,6,0,2,1,1,0,0,2,3,0,,1,0,0,0
201327228390,4,1,6,25,1,365.52213,2,9,1,2013,12,15,12,6,0,2,1,1,0,0,2,3,0,,1,0,0,0
201327228454,4,1,12,24,1,359.75845,2,10,6,2013,22,35,14,0,0,1,3,1,0,0,2,3,1,1,7,0,0,0
201327228463,4,1,12,24,1,359.75845,2,10,7,2013,18,15,12,6,0,4,5,1,0,0,2,3,0,1,1,0,0,0
201327228472,4,1,12,24,1,359.75845,2,10,1,2013,5,20,12,1,0,1,3,1,0,0,1,3,0,1,1,0,0,0
201327228475,3,1,12,24,1,39.973164,1,10,1,2013,12,0,8,0,0,2,1,10,2,1,2,3,0,2,1,0,0,0
201327228501,3,1,1,24,1,16.7208,1,10,7,2013,18,40,8,0,0,2,3,10,2,1,2,3,0,2,1,0,0,0
201327228509,4,1,1,24,1,351.1368,2,10,1,2013,11,30,12,2,0,1,1,1,0,0,2,3,0,1,1,0,0,0
201327228534,4,1,5,24,1,342.04068,2,10,3,2013,14,0,12,7,0,1,1,1,0,0,2,3,0,1,1,0,0,0
201327228549,5,1,7,24,1,86.94524,2,10,4,2013,6,40,12,1,0,1,4,10,1,1,2,3,0,1,1,0,0,0
201327228570,3,1,1,25,1,24.1404,1,10,3,2013,21,25,8,0,0,1,3,1,2,1,2,3,0,1,7,0,0,0
201327228581,4,1,7,25,1,361.37888,2,10,7,2013,20,20,12,7,0,1,3,1,0,0,2,3,0,1,1,0,0,0
201327228589,4,1,7,25,1,361.37888,2,10,1,2013,19,49,12,7,0,2,3,1,0,0,1,3,0,,1,0,0,0
201327228591,4,1,14,25,1,321.27783,2,9,5,2013,8,40,12,7,0,1,1,1,0,0,2,3,0,1,1,0,0,0
201327228594,4,1,14,25,1,321.27783,1,9,4,2013,10,10,8,0,0,2,1,1,1,1,2,3,0,,1,0,0,0
201327228597,4,1,14,25,1,321.27783,2,9,4,2013,13,29,12,1,0,1,1,1,1,1,2,3,0,1,1,0,0,0
201327228600,5,1,14,25,1,107.092606,2,10,3,2013,20,5,12,2,0,1,3,1,1,1,2,3,0,1,1,0,0,0
201327228601,4,1,14,25,1,321.27783,2,10,2,2013,7,15,12,1,0,2,1,1,0,0,2,3,0,,1,0,0,0
201327228604,4,1,14,25,1,321.27783,1,10,2,2013,12,15,8,0,0,1,1,1,1,1,2,3,0,1,7,0,0,0
201327228645,4,1,2,24,1,350.09216,2,10,6,2013,12,45,12,6,0,2,1,1,0,0,2,3,0,,1,0,0,0
201327228658,5,1,2,24,1,83.35528,1,10,7,2013,23,30,26,0,0,1,3,2,1,1,2,3,0,1,3,0,0,0
201327228664,6,1,2,24,1,216.72372,1,10,7,2013,13,35,26,0,0,1,1,1,0,0,2,3,0,1,3,0,0,0
201327228666,3,1,5,24,1,17.102034,1,10,2,2013,8,45,8,0,0,2,1,1,2,1,2,3,0,2,1,0,0,0
201327228690,4,1,7,24,1,347.78094,2,10,3,2013,16,12,14,0,0,1,1,10,0,0,2,3,1,1,7,0,0,0
201327228693,4,1,9,24,1,341.35312,2,10,5,2013,18,0,12,6,0,1,1,1,1,1,2,3,0,1,1,0,0,0
201327228702,5,1,9,24,1,85.33828,3,10,4,2013,7,0,12,6,0,2,1,1,1,2,2,3,1,2,1,0,0,0
201327228708,4,1,9,24,1,341.35312,2,10,4,2013,16,5,12,1,0,1,1,1,0,0,2,3,0,1,1,0,0,0
201327228714,3,1,9,24,1,28.446095,1,10,4,2013,20,20,8,0,1,2,3,1,2,2,2,3,0,,1,0,0,0
201327228726,6,1,12,24,1,199.86581,2,10,5,2013,10,30,12,1,0,2,1,1,0,0,2,3,0,,1,0,0,0
201327228731,4,1,12,24,1,359.75845,2,10,5,2013,13,10,12,1,0,2,1,1,0,0,2,3,0,2,1,0,0,0
201327228754,3,1,5,24,1,17.102034,1,10,6,2013,9,35,8,0,0,2,1,1,2,3,2,3,0,2,1,0,0,0
201327228768,6,1,5,24,1,205.22441,2,10,7,2013,11,30,12,1,0,1,1,1,0,0,2,3,0,1,1,0,0,0
201327228771,4,1,5,24,1,342.04068,2,10,7,2013,15,10,12,1,0,1,1,1,0,0,2,3,0,1,1,0,0,0
201327228776,3,1,5,24,1,17.102034,1,10,7,2013,17,30,8,0,0,2,5,1,3,1,2,3,0,,1,0,0,0
201327228783,5,1,5,24,1,85.51017,2,10,1,2013,11,35,12,6,0,2,1,1,1,1,2,3,0,2,1,0,0,0
201327228801,4,1,9,24,1,341.35312,2,10,3,2013,22,50,12,6,0,2,3,1,0,0,2,3,0,2,1,0,0,0
201327228814,4,1,9,24,1,341.35312,3,10,3,2013,9,0,12,1,0,1,1,1,0,0,2,3,0,1,1,0,0,0
201327228820,4,1,12,24,1,359.75845,2,10,4,2013,13,15,14,0,0,1,1,1,0,0,2,3,1,1,7,0,0,0
201327228851,3,1,7,24,1,17.389048,3,11,7,2013,11,40,12,1,0,2,1,1,3,2,2,3,0,,1,0,0,0
201327228857,4,1,7,24,1,347.78094,2,11,7,2013,18,6,12,6,0,2,1,1,1,1,1,3,0,,1,0,0,0
201327228883,6,1,9,24,1,199.12267,2,11,2,2013,17,4,12,6,0,2,5,1,1,1,2,3,0,2,1,0,0,0
201327228884,4,1,9,24,1,341.35312,2,11,2,2013,8,45,12,7,0,1,1,1,0,0,2,3,0,1,1,0,0,0
201327228899,4,1,12,24,1,359.75845,1,11,3,2013,21,30,8,0,0,2,3,1,1,1,2,3,0,3,1,0,0,0
201327228919,3,1,3,25,1,24.1404,1,10,5,2013,10,4,8,0,0,2,1,2,3,1,2,3,0,,1,0,0,0
201327228921,4,1,3,25,1,350.0358,1,10,5,2013,14,15,8,0,0,1,1,10,1,1,2,3,0,1,1,0,0,0
201327228954,4,1,14,25,1,321.27783,2,10,6,2013,9,50,14,0,0,1,1,10,0,0,2,3,1,1,7,0,0,0
201327228957,5,1,14,25,1,107.092606,2,10,6,2013,15,10,12,6,0,2,1,1,1,2,2,3,0,,1,0,0,0
201327228958,4,1,14,25,1,321.27783,2,10,6,2013,12,30,14,0,0,1,1,1,0,0,2,3,1,1,1,0,0,0
201327228961,4,1,14,25,1,321.27783,2,10,7,2013,12,20,12,7,0,1,1,1,1,1,2,3,0,1,1,0,0,0
201327228964,4,1,14,25,1,321.27783,1,10,7,2013,22,30,8,0,0,2,3,1,0,0,2,3,0,,1,0,0,0
201327228970,4,1,1,25,1,350.0358,2,10,6,2013,1,45,12,7,0,2,3,1,0,0,2,3,0,,1,0,0,0
201327229004,4,1,1,25,1,350.0358,1,10,1,2013,16,50,8,0,0,2,1,1,1,1,2,3,0,2,1,0,0,0
201327229022,4,1,6,25,1,365.52213,2,10,4,2013,8,50,12,7,0,2,1,10,0,0,2,3,0,,1,0,0,0
201327229041,3,1,2,25,1,24.1404,1,10,7,2013,14,30,8,0,0,2,1,1,2,1,2,3,0,,1,0,0,0
201327229045,4,1,2,25,1,350.0358,2,10,7,2013,22,0,12,2,0,2,3,1,0,0,2,3,0,,1,0,0,0
201327229055,4,1,3,25,1,350.0358,2,10,2,2013,8,40,12,7,0,2,1,1,0,0,2,3,0,,1,0,0,0
201327229062,5,1,3,25,1,84.4914,2,10,2,2013,18,30,12,7,0,2,3,1,1,1,2,3,0,,1,0,0,0
201327229066,2,1,3,25,1,60.351,2,10,2,2013,14,18,12,7,0,2,1,1,0,0,2,3,0,2,1,0,0,0
201327229069,4,1,6,25,1,365.52213,2,10,3,2013,8,43,12,7,0,2,1,1,1,3,2,3,0,2,1,0,0,0
201327229079,4,1,6,25,1,365.52213,2,10,3,2013,20,0,12,7,0,2,3,1,0,0,2,3,0,,1,0,0,0
201327229084,2,1,7,25,1,45.17236,2,10,4,2013,13,10,12,1,0,2,1,1,0,0,2,3,0,,1,0,0,0
201327229088,4,1,7,25,1,361.37888,1,10,4,2013,19,25,9,0,0,2,3,1,1,1,2,3,0,3,1,0,0,0
201327229089,4,1,14,25,1,321.27783,2,10,5,2013,6,15,14,0,0,1,3,1,0,0,2,3,1,1,7,0,0,0
201327229118,4,1,3,25,1,350.0358,2,11,1,2013,11,50,12,7,0,2,1,10,0,0,2,3,0,,1,0,0,0
201327229141,4,1,14,25,1,321.27783,1,11,4,2013,14,11,43,0,0,2,1,1,0,0,2,3,0,,4,0,0,0
201327229155,4,1,1,24,1,351.1368,2,11,3,2013,11,45,12,6,0,2,1,10,1,1,2,3,0,,1,0,0,0
201327229165,5,1,12,24,1,79.94633,2,11,2,2013,10,45,12,1,0,2,1,1,3,1,2,3,0,,1,0,0,0
201327229172,3,1,9,24,1,28.446095,1,11,6,2013,11,15,8,0,0,2,1,1,3,1,2,3,0,3,1,0,0,0
201327229175,4,1,9,24,1,341.35312,1,11,6,2013,12,45,8,0,0,2,1,10,1,1,2,3,0,2,1,0,0,0
201327229176,5,1,9,24,1,85.33828,2,11,6,2013,13,40,12,6,0,2,1,10,1,1,2,3,0,2,1,0,0,0
201327229189,4,1,9,24,1,341.35312,2,11,7,2013,2,45,14,0,0,1,1,1,0,0,2,3,1,1,7,0,0,0
201327229202,4,1,9,24,1,341.35312,2,11,7,2013,20,45,12,6,0,2,3,1,0,0,2,3,0,3,1,0,0,0
201327229205,3,1,9,24,1,28.446095,1,11,1,2013,9,15,8,0,0,2,1,1,3,1,2,3,0,,1,0,0,0
201327229224,4,1,1,25,1,350.0358,2,11,4,2013,11,39,12,6,0,2,1,1,0,0,2,3,0,,1,0,0,0
201327229238,3,1,2,25,1,24.1404,1,11,5,2013,17,19,8,0,0,2,3,1,2,1,2,3,0,2,1,0,0,0
201327229241,2,1,7,25,1,45.17236,2,11,3,2013,1,29,45,0,0,1,3,1,3,2,2,3,1,1,1,0,0,0
201327229248,2,1,7,25,1,45.17236,1,11,2,2013,1,8,8,0,0,2,3,1,1,1,2,3,0,,1,0,0,0
201327229250,4,1,7,25,1,361.37888,3,11,2,2013,13,30,12,7,0,1,1,10,0,0,2,3,1,1,1,0,0,0
201327229285,6,1,7,25,1,225.8618,3,11,6,2013,0,40,12,7,0,2,3,1,0,0,2,3,0,2,1,0,0,0
201327229289,4,1,7,25,1,361.37888,1,11,6,2013,8,4,8,0,0,2,1,1,1,1,2,3,0,,1,0,0,0
201327229297,4,1,7,25,1,361.37888,2,11,7,2013,18,0,12,7,0,1,3,1,0,0,2,3,0,1,1,0,0,0
201327229303,5,1,7,25,1,90.34472,2,11,1,2013,19,25,12,1,0,2,3,10,1,1,2,3,0,,1,0,0,0
201327229333,4,1,2,24,1,350.09216,2,11,5,2013,16,15,14,0,0,1,1,10,0,0,2,3,1,1,7,0,0,0
201327229361,4,1,5,24,1,342.04068,2,11,4,2013,16,25,12,1,0,1,1,1,0,0,2,3,0,1,1,0,0,0
201327229374,4,1,12,24,1,359.75845,2,11,6,2013,8,40,12,7,0,1,1,1,0,0,2,3,0,1,1,0,0,0
201327229383,6,1,12,24,1,199.86581,1,11,7,2013,5,55,39,0,0,1,3,2,1,1,2,3,0,1,4,0,0,0
201327229386,4,1,12,24,1,359.75845,2,11,6,2013,16,30,12,1,0,1,5,1,0,0,2,3,0,1,1,0,0,0
201327229395,4,1,12,24,1,359.75845,2,11,6,2013,19,45,12,7,0,1,3,1,0,0,2,3,0,1,1,0,0,0
201327229401,3,1,12,24,1,39.973164,1,11,1,2013,17,0,8,0,0,2,3,10,2,1,2,3,0,,1,0,0,0
201327229430,5,1,1,24,1,91.9644,2,11,6,2013,17,52,12,6,0,2,3,1,1,2,2,3,0,2,1,0,0,0
201327229435,4,1,1,24,1,351.1368,2,11,6,2013,13,40,12,1,0,2,1,1,0,0,2,3,0,,1,0,0,0
201327229461,6,1,1,24,1,209.01,2,11,1,2013,13,0,12,6,0,2,1,1,0,0,2,3,0,,1,0,0,0
201327229494,4,1,7,24,1,347.78094,2,11,4,2013,12,15,12,6,0,2,1,2,1,2,2,3,0,,1,0,0,0
201327229496,4,1,9,24,1,341.35312,2,11,5,2013,4,20,12,7,0,1,3,1,0,0,2,3,0,1,1,0,0,0
201327229505,6,1,9,24,1,199.12267,2,11,5,2013,21,43,12,1,0,1,3,1,1,1,2,3,0,1,1,0,0,0
201327229536,4,1,2,25,1,350.0358,1,11,3,2013,14,15,9,0,0,2,1,2,1,1,2,3,0,,1,0,0,0
201327229555,4,1,6,25,1,365.52213,2,11,6,2013,14,0,12,7,0,2,1,10,0,0,2,3,0,2,1,0,0,0
201327229564,4,1,6,25,1,365.52213,2,11,7,2013,18,35,12,7,0,2,3,1,0,0,2,3,0,,1,0,0,0
201327229575,4,1,6,25,1,365.52213,2,11,5,2013,6,0,12,1,0,2,3,1,0,0,2,3,0,,1,0,0,0
201327229584,4,1,6,25,1,365.52213,2,11,5,2013,11,30,12,7,0,2,1,1,0,0,2,3,0,2,1,0,0,0
201327229586,4,1,14,25,1,321.27783,1,11,3,2013,7,5,33,0,0,1,1,2,0,0,2,3,0,1,4,0,0,0
201327229588,5,1,14,25,1,107.092606,2,11,3,2013,20,20,12,6,0,2,3,1,1,4,2,3,0,2,1,0,0,0
201327229594,4,1,14,25,1,321.27783,2,11,2,2013,9,30,12,1,0,1,1,1,0,0,2,3,0,1,1,0,0,0
201327229597,4,1,14,25,1,321.27783,2,11,6,2013,16,45,12,7,0,1,3,10,0,0,2,3,0,1,1,0,0,0
201327229600,4,1,14,25,1,321.27783,2,11,7,2013,8,45,14,0,0,1,1,1,2,2,2,3,1,1,7,0,0,0
201327229603,4,1,14,25,1,321.27783,2,11,7,2013,20,15,12,1,0,1,3,4,0,0,2,3,0,1,1,0,0,0
201327229606,4,1,14,25,1,321.27783,2,11,7,2013,1,46,12,1,0,2,6,1,0,0,2,3,0,,1,0,0,0
201327229609,4,1,14,25,1,321.27783,2,11,1,2013,2,45,12,7,0,1,6,1,0,0,2,3,0,1,1,0,0,0
201327229625,4,1,2,24,1,350.09216,2,11,2,2013,16,30,12,6,0,4,1,1,0,0,2,3,0,1,1,0,0,0
201327229649,4,1,2,24,1,350.09216,2,12,1,2013,15,0,12,6,0,2,1,1,0,0,2,3,0,,1,0,0,0
201327229663,3,1,5,24,1,17.102034,1,12,2,2013,20,55,8,0,0,1,3,1,2,1,2,3,0,1,7,0,0,0
201327229679,4,1,9,24,1,341.35312,2,12,4,2013,8,50,14,0,0,1,1,1,0,0,2,3,1,1,7,0,0,0
201327229684,4,1,12,24,1,359.75845,2,12,5,2013,16,15,14,0,0,1,3,10,0,0,2,3,1,1,1,0,0,0
201327229706,4,1,5,24,1,342.04068,2,12,6,2013,9,15,12,6,0,1,1,2,0,0,2,3,0,1,1,0,0,0
201327229716,3,1,5,24,1,17.102034,1,12,7,2013,1,0,8,0,0,2,3,2,2,2,2,3,0,2,1,0,0,0
201327229744,2,1,12,24,1,79.94633,2,12,4,2013,17,0,12,6,0,2,2,1,0,0,2,3,0,2,1,0,0,0
201327229745,4,1,12,24,1,359.75845,2,12,4,2013,15,40,12,2,0,2,1,1,0,0,2,3,0,2,1,0,0,0
201327229749,4,1,1,24,1,351.1368,1,12,4,2013,6,30,8,0,0,2,5,10,1,1,2,3,0,,1,0,0,0
201327229763,3,1,1,24,1,16.7208,1,12,4,2013,19,2,8,0,0,1,3,1,3,1,2,3,0,1,1,0,0,0
201327229801,4,1,7,24,1,347.78094,3,12,6,2013,19,49,12,1,0,1,3,1,0,0,2,3,0,1,1,0,0,0
201327229824,4,1,12,24,1,359.75845,2,12,3,2013,16,25,14,0,0,4,3,4,0,0,2,3,1,1,7,0,0,0
201327229835,4,1,1,25,1,350.0358,2,11,6,2013,22,20,12,7,0,2,3,1,0,0,2,3,0,,1,0,0,0
201327229839,5,1,1,25,1,84.4914,1,11,7,2013,7,10,19,0,0,2,1,1,1,1,2,3,0,2,4,0,0,0
201327229862,4,1,3,25,1,350.0358,2,12,3,2013,23,40,12,1,0,1,3,1,0,0,2,3,0,1,1,0,0,0
201327229874,4,1,6,25,1,365.52213,2,12,4,2013,20,10,14,0,0,1,3,1,0,0,2,3,1,1,7,0,0,0
201327229889,3,1,2,25,1,24.1404,1,12,1,2013,4,15,8,0,0,2,3,1,3,1,2,3,0,,1,0,0,0
201327229920,4,1,7,25,1,361.37888,2,12,4,2013,13,11,12,7,0,2,1,4,0,0,2,3,0,,1,0,0,0
201327229922,2,1,7,25,1,45.17236,2,12,4,2013,15,55,12,6,0,2,5,1,0,0,2,3,0,,1,0,0,0
201327229926,2,1,14,25,1,107.092606,2,12,5,2013,23,55,12,7,0,2,3,1,1,1,2,3,0,,1,0,0,0
201327229927,4,1,14,25,1,321.27783,2,12,5,2013,10,50,14,0,0,1,1,1,0,0,2,3,1,1,7,0,0,0
201327229946,4,1,3,25,1,350.0358,2,12,1,2013,1,55,12,6,0,4,3,2,0,0,2,3,0,1,1,0,0,0
201327229955,4,1,6,25,1,365.52213,1,12,2,2013,12,5,8,0,0,1,1,1,1,1,2,3,0,1,7,0,0,0
201327229964,4,1,14,25,1,321.27783,2,12,4,2013,20,20,12,1,0,1,3,1,1,2,2,3,0,1,1,0,0,0
201327229979,5,1,1,24,1,91.9644,2,12,3,2013,20,35,12,1,0,1,3,10,1,4,2,3,0,1,1,0,0,0
201327229989,4,1,5,24,1,342.04068,3,12,5,2013,16,0,12,1,0,1,1,1,0,0,2,3,0,1,1,0,0,0
201327229997,4,1,12,24,1,359.75845,2,12,2,2013,15,50,12,1,0,1,1,2,0,0,2,3,0,1,1,0,0,0
201327229999,5,1,12,24,1,79.94633,2,12,2,2013,1,2,14,0,0,1,3,1,2,1,2,3,1,1,7,0,0,0
201327230008,4,1,12,24,1,359.75845,2,12,2,2013,19,15,12,1,0,2,3,2,0,0,2,3,0,2,1,0,0,0
201327230025,3,1,1,25,1,24.1404,1,12,5,2013,12,45,8,0,0,2,1,1,2,1,2,3,0,,1,0,0,0
201327230039,4,1,7,25,1,361.37888,2,12,2,2013,11,30,12,7,0,1,1,2,0,0,2,3,0,1,1,0,0,0
201327230050,4,1,14,25,1,321.27783,2,12,3,2013,11,23,12,6,0,1,1,1,1,1,2,3,0,1,1,0,0,0
201327230053,4,1,14,25,1,321.27783,2,12,3,2013,22,45,12,2,0,2,3,1,1,2,2,3,0,,1,0,0,0
201327230071,4,1,12,24,1,359.75845,2,12,6,2013,20,14,12,1,0,1,3,10,0,0,2,3,0,1,1,0,0,0
201327230080,4,1,12,24,1,359.75845,2,12,7,2013,21,20,12,6,0,2,3,1,0,0,2,3,0,2,1,0,0,0
201327230090,4,1,12,24,1,359.75845,2,12,1,2013,12,30,12,6,0,2,1,2,0,0,2,3,0,,1,0,0,0
201327230101,4,1,2,25,1,350.0358,1,12,5,2013,20,0,33,0,0,1,3,1,0,0,2,3,0,1,4,0,0,0
201327230142,4,1,7,24,1,347.78094,2,12,2,2013,11,24,12,6,0,1,1,2,0,0,2,3,0,1,1,0,0,0
201327230240,4,1,1,25,1,350.0358,2,12,3,2013,13,30,14,0,0,1,1,10,0,0,2,3,1,1,7,0,0,0
201327230256,4,1,14,25,1,321.27783,2,12,2,2013,1,51,12,6,0,2,5,1,0,0,2,3,0,2,1,0,0,0
201327230366,4,1,6,25,1,365.52213,2,12,6,2013,19,20,12,7,0,1,3,1,0,0,2,3,0,1,1,0,0,0
201327230375,4,1,6,25,1,365.52213,3,12,7,2013,18,15,12,1,0,2,3,1,0,0,2,3,0,,1,0,0,0
201327230384,4,1,6,25,1,365.52213,2,12,1,2013,16,35,12,1,0,2,3,1,0,0,2,3,0,2,1,0,0,0
201327230483,4,1,9,24,1,341.35312,2,12,6,2013,12,0,12,8,0,1,1,1,0,0,2,3,0,1,1,0,0,0
201327230492,5,1,9,24,1,85.33828,2,12,6,2013,13,25,12,7,0,1,1,1,1,2,2,3,0,1,1,0,0,0
201327230496,4,1,9,24,1,341.35312,2,12,6,2013,18,0,12,6,0,2,3,1,0,0,2,3,0,,1,0,0,0
201327230508,4,1,9,24,1,341.35312,1,12,6,2013,17,25,8,0,0,1,3,1,1,1,2,3,0,1,7,0,0,0
201327230511,3,1,9,24,1,28.446095,1,12,7,2013,13,45,8,0,0,2,1,1,3,1,2,3,0,,1,0,0,0
201327230523,4,1,9,24,1,341.35312,2,12,7,2013,18,55,12,1,0,1,3,1,0,0,2,3,0,1,1,0,0,0
201327230538,4,1,9,24,1,341.35312,2,12,1,2013,22,0,12,7,0,1,3,10,0,0,2,3,0,1,1,25,0,0
201328002811,1,3,1,28,9,161.6211,1,1,4,2013,3,45,24,0,0,1,2,2,3,1,2,3,0,1,4,0,0,0
201328002813,5,3,1,28,9,161.6211,2,1,4,2013,14,30,12,6,0,2,1,10,2,3,2,3,0,3,1,0,0,0
201328002814,4,3,1,28,9,323.2422,1,1,6,2013,17,43,35,0,0,1,2,10,1,1,2,3,0,1,4,0,0,0
201328002815,5,3,1,28,9,161.6211,1,1,6,2013,19,30,42,0,0,1,2,1,2,1,2,3,0,1,4,0,0,0
201328002824,4,3,1,28,9,323.2422,1,1,4,2013,17,0,24,0,0,1,1,2,0,0,2,3,0,1,4,0,0,0
201328002826,4,3,1,28,9,323.2422,1,1,1,2013,22,0,18,0,0,1,2,2,0,0,2,3,0,1,1,0,0,0