CASENUM,STRATUM,REGION,PJ,PSU,PSUSTRAT,WEIGHT,VE_TOTAL,MONTH,WKDY_IM,YEAR,HOUR_IM,MINUTE_IM,EVENT1_IM,MANCOL_IM,RELJCT1_IM,RELJCT2_IM,LGTCON_IM,WEATHR_IM,MAXSEV_IM,NO_INJ_IM,ALCHL_IM,LAND_USE,PVH_INVL,TYP_INT,REL_ROAD,CF1,CF2,CF3
201328003450,2,3,3,28,9,161.6211,2,7,4,2013,10,10,12,8,0,1,1,1,1,1,2,8,0,1,1,0,0,0
201328003451,4,3,3,28,9,323.2422,2,8,5,2013,16,0,12,8,0,1,1,10,0,0,2,8,0,1,1,0,0,0
201328003452,5,3,3,28,9,161.6211,2,8,7,2013,8,0,12,1,0,4,1,1,1,1,2,8,0,1,1,0,0,0
201328003460,1,3,1,28,9,161.6211,2,8,2,2013,21,53,12,6,0,2,2,10,3,2,2,3,0,2,1,0,0,0
201328003461,1,3,1,28,9,161.6211,1,8,4,2013,3,45,35,0,0,1,2,10,3,1,2,3,0,1,4,0,0,0
201328003462,4,3,1,28,9,323.2422,2,8,4,2013,10,48,12,1,0,1,1,10,0,0,2,3,0,1,1,0,0,0
201328003463,5,3,1,28,9,161.6211,2,8,5,2013,12,0,24,0,0,1,1,2,2,5,2,3,0,1,4,0,0,0
201328003464,5,3,1,28,9,161.6211,1,8,5,2013,13,45,35,0,0,1,1,2,1,2,2,3,0,1,4,0,0,0
201328003466,4,3,3,28,9,323.2422,2,8,2,2013,7,55,12,1,0,2,1,5,1,1,2,8,0,3,1,0,0,0
201328003467,5,3,3,28,9,161.6211,2,8,2,2013,10,15,12,6,0,2,1,10,2,2,2,8,0,3,1,0,0,0
201328003480,4,3,1,28,9,323.2422,2,8,5,2013,11,30,12,1,0,1,1,2,0,0,2,3,0,1,1,0,0,0
201328003484,4,3,1,28,9,323.2422,2,8,2,2013,14,30,12,9,0,2,1,1,0,0,2,3,0,3,1,0,0,0
201328003485,6,3,3,28,9,161.6211,2,8,6,2013,9,17,12,7,0,2,1,10,0,0,2,8,0,,1,0,0,0
201328003486,6,3,3,28,9,161.6211,1,8,3,2013,4,55,42,0,0,1,2,2,0,0,2,8,0,1,4,0,0,0
201328003487,6,3,3,28,9,161.6211,3,8,4,2013,17,30,12,1,0,1,1,1,0,0,2,8,0,1,1,0,0,0
201328003488,5,3,3,28,9,161.6211,2,8,4,2013,22,5,12,2,0,1,2,1,2,3,2,8,0,1,1,0,0,0
201328003490,6,3,3,28,9,161.6211,1,8,6,2013,15,52,35,0,0,1,1,1,0,0,2,8,0,1,4,0,0,0
201328003491,4,3,3,28,9,323.2422,2,8,6,2013,16,45,12,7,0,2,1,1,0,0,2,8,0,,1,0,0,0
201328003500,3,3,1,28,9,161.6211,1,8,5,2013,2,21,31,0,0,1,2,10,3,1,2,3,0,1,4,0,0,0
201328003502,4,3,1,28,9,323.2422,2,8,7,2013,15,21,12,8,0,1,1,1,0,0,2,3,0,1,1,0,0,0
201328003503,5,3,3,28,9,161.6211,2,8,4,2013,11,51,12,1,0,1,1,1,2,1,2,8,0,1,1,0,0,0
201328003504,6,3,3,28,9,161.6211,1,8,5,2013,7,30,35,0,0,1,1,10,0,0,2,8,0,1,4,0,0,0
201328003521,5,3,1,28,9,161.6211,1,9,1,2013,0,58,38,0,0,1,2,2,1,1,2,3,0,1,5,0,0,0
201328003522,4,3,1,28,9,323.2422,1,9,1,2013,9,19,35,0,0,1,1,2,0,0,2,3,0,1,4,0,0,0
201328003524,5,3,1,28,9,161.6211,2,9,1,2013,10,40,12,2,0,1,1,10,2,2,2,3,0,1,1,0,0,0
201328003525,4,3,1,28,9,323.2422,1,9,1,2013,12,40,35,0,0,1,1,10,0,0,2,3,0,1,6,0,0,0
201328003526,3,3,1,28,9,161.6211,1,9,1,2013,20,17,1,0,0,1,2,1,2,1,2,3,0,1,1,0,0,0
201328003528,4,3,1,28,9,323.2422,2,9,3,2013,19,26,12,6,0,4,1,1,0,0,2,3,0,1,1,0,0,0
201328003530,5,3,1,28,9,161.6211,1,9,3,2013,12,32,35,0,0,4,1,1,1,1,2,3,0,1,4,0,0,0
201328003531,3,3,1,28,9,161.6211,1,9,4,2013,13,40,24,0,0,1,1,2,2,1,2,3,0,1,6,0,0,0
201328003532,5,3,1,28,9,161.6211,1,9,4,2013,19,37,34,0,0,1,5,10,1,2,2,3,0,1,4,0,0,0
201328003533,6,3,3,28,9,161.6211,2,8,4,2013,7,44,12,6,0,2,1,1,0,0,2,8,0,2,1,0,0,0
201328003535,5,3,3,28,9,161.6211,1,8,7,2013,9,35,34,0,0,1,1,10,1,1,2,8,0,1,4,0,0,0
201328003536,4,3,3,28,9,323.2422,2,8,7,2013,20,32,12,1,0,1,2,10,0,0,2,8,0,1,1,0,0,0
201328003537,5,3,3,28,9,161.6211,1,9,1,2013,10,13,34,0,0,1,1,2,1,1,2,8,0,1,4,0,0,0
201328003538,6,3,3,28,9,161.6211,1,9,4,2013,21,38,11,0,0,1,2,10,0,0,2,8,0,1,1,0,0,0
201328003539,5,3,3,28,9,161.6211,1,9,6,2013,8,0,34,0,0,1,1,10,1,1,2,8,0,1,4,0,0,0
201328003541,5,3,3,28,9,161.6211,1,9,5,2013,14,6,34,0,0,1,1,1,1,1,2,8,0,1,4,0,0,0
201328003560,1,3,1,28,9,161.6211,1,8,5,2013,15,0,1,0,0,1,1,1,4,1,1,3,0,1,4,0,0,0
201328003561,6,3,1,28,9,161.6211,2,9,5,2013,14,45,12,1,0,1,1,1,0,0,2,3,0,1,1,0,0,0
201328003562,3,3,1,28,9,161.6211,1,9,3,2013,18,26,5,0,0,1,1,1,4,1,2,3,0,1,1,0,0,0
201328003563,5,3,1,28,9,161.6211,1,9,1,2013,20,1,38,0,0,1,2,1,1,1,2,3,0,1,5,0,0,0
201328003564,6,3,1,28,9,161.6211,1,9,2,2013,12,50,35,0,0,1,1,2,0,0,2,3,0,1,4,0,0,0
201328003565,6,3,1,28,9,161.6211,1,9,2,2013,18,0,35,0,0,1,1,10,0,0,2,3,0,1,4,0,0,0
201328003566,4,3,1,28,9,323.2422,1,9,7,2013,21,30,34,0,0,1,2,1,0,0,2,3,0,1,4,0,0,0
201328003568,5,3,3,28,9,161.6211,2,8,4,2013,5,53,12,8,0,1,4,10,1,1,2,8,0,1,1,0,0,0
201328003569,4,3,3,28,9,323.2422,2,9,3,2013,14,35,12,8,0,1,1,1,0,0,2,8,0,1,1,0,0,0
201328003570,6,3,3,28,9,161.6211,2,9,6,2013,17,0,12,6,0,2,1,1,0,0,2,8,0,,1,0,0,0
201328003572,4,3,3,28,9,323.2422,2,9,6,2013,21,40,12,8,0,1,2,1,0,0,2,8,0,1,1,0,0,0
201328003580,6,3,1,28,9,161.6211,1,9,7,2013,8,49,35,0,0,1,1,2,0,0,2,3,0,1,4,0,0,0
201328003582,6,3,1,28,9,161.6211,1,9,3,2013,7,30,42,0,0,1,1,1,0,0,1,3,0,1,4,0,0,0
201328003583,5,3,1,28,9,161.6211,1,9,4,2013,12,0,34,0,0,1,1,2,1,1,2,3,0,1,4,0,0,0
201328003584,4,3,1,28,9,323.2422,1,9,7,2013,20,28,11,0,0,1,2,1,0,0,2,3,0,1,1,0,0,0
201328003586,4,3,1,28,9,323.2422,1,9,1,2013,10,30,11,0,0,1,1,10,0,0,2,3,0,1,1,0,0,0
201328003588,6,3,3,28,9,161.6211,1,9,4,2013,18,0,1,0,0,1,1,10,0,0,2,8,0,1,6,0,0,0
201328003589,5,3,3,28,9,161.6211,1,9,7,2013,8,30,35,0,0,1,1,2,1,1,2,8,0,1,6,0,0,0
201328003591,5,3,3,28,9,161.6211,1,9,6,2013,2,26,24,0,0,1,2,1,1,1,2,8,0,1,4,0,0,0
201328003592,4,3,3,28,9,323.2422,1,9,6,2013,19,56,11,0,0,1,2,1,0,0,2,8,0,1,1,0,0,0
201328003600,4,3,1,28,9,323.2422,1,10,6,2013,23,0,38,0,0,1,2,1,0,0,1,3,0,1,5,0,0,0
201328003601,3,3,1,28,9,161.6211,1,10,1,2013,3,26,11,0,0,1,2,5,3,1,1,3,0,1,1,0,0,0
201328003603,1,3,3,28,9,161.6211,1,9,2,2013,14,26,42,0,0,1,1,10,3,2,2,8,0,1,4,0,0,0
201328003604,4,3,3,28,9,323.2422,1,10,5,2013,0,30,11,0,0,1,2,1,0,0,2,8,0,1,1,0,0,0
201328003605,5,3,3,28,9,161.6211,1,10,6,2013,7,25,35,0,0,1,4,5,1,1,2,8,0,1,4,0,0,0
201328003621,4,3,1,28,9,323.2422,2,10,3,2013,17,45,12,7,0,1,1,1,0,0,2,3,0,1,1,,,
201328003622,6,3,1,28,9,161.6211,1,10,5,2013,20,40,1,0,0,1,2,1,0,0,2,3,0,1,4,0,0,0
201328003624,4,3,1,28,9,323.2422,1,10,2,2013,5,31,11,0,0,1,2,1,0,0,2,3,0,1,1,0,0,0
201328003625,3,3,1,28,9,161.6211,1,10,2,2013,19,55,1,0,0,1,2,1,2,1,2,3,0,1,1,0,0,0
201328003626,6,3,1,28,9,161.6211,1,10,4,2013,15,30,35,0,0,1,1,10,0,0,2,3,0,1,4,0,0,0
201328003628,5,3,1,28,9,161.6211,2,10,1,2013,13,30,12,1,0,2,1,1,1,3,2,3,0,3,1,0,0,0
201328003629,5,3,3,28,9,161.6211,1,9,6,2013,17,4,38,0,0,1,1,1,1,1,1,8,0,1,5,0,0,0
201328003630,1,3,3,28,9,161.6211,1,10,1,2013,1,42,24,0,0,1,2,5,3,1,2,8,0,1,4,0,0,0
201328003631,6,3,3,28,9,161.6211,2,10,2,2013,10,5,12,8,0,1,1,1,0,0,2,8,0,1,1,0,0,0
201328003632,6,3,3,28,9,161.6211,1,10,5,2013,19,25,30,0,0,1,5,1,0,0,2,8,0,1,4,0,0,0
201328003633,6,3,3,28,9,161.6211,1,10,1,2013,3,20,34,0,0,1,3,1,0,0,1,8,0,1,4,0,0,0
201328003640,4,3,1,28,9,323.2422,2,10,2,2013,14,0,12,2,0,2,1,1,0,0,2,3,0,,1,0,0,0
201328003642,4,3,1,28,9,323.2422,1,10,3,2013,5,50,24,0,0,1,2,2,0,0,2,3,0,1,4,0,0,0
201328003643,6,3,1,28,9,161.6211,2,10,3,2013,16,1,12,2,0,1,1,10,0,0,2,3,0,1,1,0,0,0
201328003645,4,3,1,28,9,323.2422,1,10,5,2013,6,30,11,0,0,1,2,10,0,0,2,3,0,1,1,0,0,0
201328003646,5,3,1,28,9,161.6211,1,10,5,2013,17,50,24,0,0,1,1,10,1,1,2,3,0,1,4,0,0,0
201328003648,4,3,2,28,9,323.2422,1,10,4,2013,22,0,11,0,0,1,2,5,0,0,2,8,0,1,1,0,0,0
201328003650,5,3,3,28,9,161.6211,1,10,2,2013,23,48,52,0,0,1,2,1,2,1,1,8,0,1,4,0,0,0
201328003651,4,3,3,28,9,323.2422,2,10,4,2013,9,0,12,8,0,1,1,10,0,0,2,8,0,1,1,0,0,0
201328003652,5,3,3,28,9,161.6211,2,10,4,2013,16,21,12,6,0,2,1,2,1,2,2,8,0,2,1,0,0,0
201328003661,6,3,1,28,9,161.6211,1,10,5,2013,16,38,35,0,0,1,1,10,0,0,2,3,0,1,4,0,0,0
201328003662,4,3,1,28,9,323.2422,1,10,7,2013,21,49,59,0,0,1,2,10,0,0,2,3,0,1,4,0,0,0
201328003665,4,3,1,28,9,323.2422,1,10,2,2013,10,15,11,0,0,1,1,1,0,0,2,3,0,1,1,21,0,0
201328003666,2,3,1,28,9,161.6211,2,10,2,2013,12,40,12,8,0,1,1,10,0,0,2,3,0,1,1,0,0,0
201328003668,4,3,1,28,9,323.2422,2,11,7,2013,0,47,14,0,0,1,2,10,0,0,1,3,1,1,7,0,0,0
201328003670,6,3,3,28,9,161.6211,1,8,7,2013,9,0,19,0,0,1,1,2,0,0,2,8,0,1,5,0,0,0
201328003671,6,3,3,28,9,161.6211,1,10,1,2013,23,27,38,0,0,1,2,1,0,0,2,8,0,1,5,0,0,0
201328003681,2,3,1,28,9,161.6211,1,11,6,2013,11,20,24,0,0,1,2,2,0,0,2,3,0,1,4,0,0,0
201328003682,5,3,1,28,9,161.6211,1,11,2,2013,14,29,35,0,0,1,1,1,1,1,2,3,0,1,6,0,0,0
201328003683,4,3,1,28,9,323.2422,2,11,2,2013,15,0,12,7,0,1,1,1,0,0,2,3,0,1,1,0,0,0
201328003684,6,3,1,28,9,161.6211,1,11,5,2013,10,48,35,0,0,1,1,10,0,0,2,3,0,1,4,0,0,0
201328003686,3,3,3,28,9,161.6211,1,10,5,2013,15,21,34,0,0,1,1,2,2,1,2,8,0,1,4,0,0,0
201328003687,4,3,3,28,9,323.2422,1,10,3,2013,21,59,34,0,0,1,2,10,0,0,2,8,0,1,4,0,0,0
201328003688,1,3,3,28,9,161.6211,2,10,5,2013,14,26,12,1,0,4,1,10,3,2,1,8,0,1,1,0,0,0
201328003689,3,3,3,28,9,161.6211,2,11,3,2013,17,14,12,6,0,4,1,1,3,1,1,8,0,1,1,0,0,0
201328003700,6,3,1,28,9,161.6211,2,11,6,2013,13,20,12,8,0,1,1,1,0,0,2,3,0,1,1,0,0,0
201328003702,5,3,1,28,9,161.6211,3,11,1,2013,11,38,12,1,0,4,1,1,2,3,2,3,0,1,1,0,0,0
201328003703,4,3,1,28,9,323.2422,1,11,3,2013,17,55,11,0,0,1,2,10,0,0,2,3,0,1,1,0,0,0
201328003705,6,3,1,28,9,161.6211,1,11,6,2013,17,30,11,0,0,1,5,2,0,0,2,3,0,1,1,0,0,0
201328003706,6,3,1,28,9,161.6211,1,11,6,2013,22,40,24,0,0,1,2,2,0,0,2,3,0,1,4,0,0,0
201328003707,4,3,1,28,9,323.2422,1,11,7,2013,12,59,24,0,0,1,1,10,0,0,2,3,0,1,4,0,0,0
201328003708,6,3,1,28,9,161.6211,1,11,1,2013,18,19,42,0,0,1,2,2,0,0,2,3,0,1,4,0,0,0
201328003709,6,3,3,28,9,161.6211,1,11,3,2013,20,20,11,0,0,1,2,1,0,0,2,8,0,1,1,0,0,0
201328003710,5,3,3,28,9,161.6211,1,11,1,2013,0,10,34,0,0,1,2,1,2,1,2,8,0,1,4,0,0,0
201328003720,5,3,1,28,9,161.6211,1,10,4,2013,14,0,35,0,0,1,1,10,1,1,1,3,0,1,4,0,0,0
201328003721,5,3,1,28,9,161.6211,1,11,3,2013,17,45,1,0,0,1,2,11,1,1,1,3,0,1,4,0,0,0
201328003723,4,3,1,28,9,323.2422,1,11,7,2013,13,30,11,0,0,1,1,1,0,0,2,3,0,1,1,0,0,0
201328003724,5,3,1,28,9,161.6211,1,11,2,2013,20,15,1,0,0,1,2,4,2,1,2,3,0,1,4,0,0,0
201328003726,5,3,1,28,9,161.6211,1,11,3,2013,18,6,8,0,0,1,3,2,3,2,2,3,0,1,1,0,0,0
201328003727,4,3,1,28,9,323.2422,1,11,4,2013,18,20,11,0,0,1,2,11,0,0,2,3,0,1,1,0,0,0
201328003729,4,3,1,28,9,323.2422,1,11,7,2013,19,13,11,0,0,1,2,1,0,0,2,3,0,1,1,0,0,0
201328003730,5,3,1,28,9,161.6211,2,12,1,2013,17,43,12,1,0,1,5,1,2,1,2,3,0,1,1,0,0,0
201328003732,6,3,2,28,9,161.6211,1,10,3,2013,9,45,30,0,0,1,1,2,0,0,2,8,0,1,4,0,0,0
201328003734,5,3,2,28,9,161.6211,2,11,6,2013,11,0,12,6,0,2,1,1,1,5,2,8,0,,1,0,0,0
201328003735,5,3,2,28,9,161.6211,1,11,3,2013,7,5,1,0,0,1,4,10,2,1,2,8,0,1,4,0,0,0
201328003736,4,3,2,28,9,323.2422,1,11,3,2013,22,15,19,0,0,1,2,4,0,0,1,8,0,1,5,0,0,0
201328003737,3,3,3,28,9,161.6211,2,11,2,2013,11,15,12,2,0,1,1,1,2,1,2,8,0,1,1,0,0,0
201328003738,1,3,3,28,9,161.6211,1,11,3,2013,15,19,30,0,0,1,1,10,3,1,2,8,0,1,4,0,0,0
201328003739,6,3,3,28,9,161.6211,2,11,1,2013,13,50,54,11,0,1,1,1,0,0,2,8,0,1,1,14,0,0
201328003740,5,3,3,28,9,161.6211,1,11,3,2013,13,22,42,0,0,1,1,10,2,1,2,8,0,1,4,0,0,0
201328003741,4,3,3,28,9,323.2422,2,11,4,2013,19,13,12,8,0,1,6,1,0,0,2,8,0,1,1,0,0,0
201328003742,6,3,3,28,9,161.6211,1,11,5,2013,10,30,30,0,0,1,1,1,0,0,2,8,0,1,4,0,0,0
201328003744,5,3,3,28,9,161.6211,1,11,6,2013,15,30,24,0,0,1,1,10,1,1,2,8,0,1,4,0,0,0
201328003745,4,3,3,28,9,323.2422,1,11,1,2013,12,13,34,0,0,1,1,10,2,1,2,8,0,1,4,0,0,0
201328003746,6,3,3,28,9,161.6211,1,11,2,2013,0,39,24,0,0,1,2,10,0,0,2,8,0,1,4,0,0,0
201328003748,6,3,3,28,9,161.6211,2,11,5,2013,1,46,14,0,0,1,2,1,0,0,1,8,1,1,5,0,0,0
201328003749,6,3,3,28,9,161.6211,1,11,5,2013,19,30,18,0,0,1,2,10,0,0,2,8,0,1,4,0,0,0
201328003750,2,3,3,28,9,161.6211,2,11,6,2013,13,49,12,8,0,1,1,2,0,0,2,8,0,1,1,0,0,0
201328003751,4,3,3,28,9,323.2422,1,11,6,2013,15,0,38,0,0,1,1,2,0,0,2,8,0,1,5,0,0,0
201328003752,6,3,3,28,9,161.6211,2,11,7,2013,10,20,12,6,0,2,1,10,0,0,2,8,0,2,1,0,0,0
201328003754,4,3,3,28,9,323.2422,1,11,5,2013,18,15,11,0,0,1,2,1,0,0,2,8,0,1,1,0,0,0
201328003756,6,3,3,28,9,161.6211,1,12,1,2013,16,10,42,0,0,1,1,1,0,0,2,8,0,1,4,0,0,0
201328003760,4,3,1,28,9,323.2422,1,10,2,2013,8,0,1,0,0,1,1,1,0,0,1,3,0,1,1,0,0,0
201328003762,4,3,1,28,9,323.2422,1,11,4,2013,16,20,23,0,0,1,1,4,1,1,2,3,0,1,4,,,
201328003764,6,3,1,28,9,161.6211,1,12,4,2013,19,15,11,0,0,1,2,1,0,0,2,3,0,1,1,0,0,0
201328003765,4,3,1,28,9,323.2422,1,12,5,2013,7,20,38,0,0,1,2,1,0,0,2,3,0,1,5,,,
201328003767,6,3,1,28,9,161.6211,1,12,7,2013,17,20,11,0,0,1,2,10,0,0,2,3,0,1,1,0,0,0
201328003768,5,3,1,28,9,161.6211,1,12,1,2013,19,40,30,0,0,1,2,2,1,1,2,3,0,1,4,0,0,0
201328003769,5,3,1,28,9,161.6211,1,12,2,2013,12,20,35,0,0,1,1,1,2,1,2,3,0,1,4,0,0,0
201328003770,6,3,2,28,9,161.6211,1,11,6,2013,8,0,11,0,0,1,1,1,0,0,2,8,0,1,1,0,0,0
201328003772,4,3,2,28,9,323.2422,1,12,3,2013,20,0,11,0,0,1,1,10,0,0,2,8,0,1,1,0,0,0
201328003773,6,3,2,28,9,161.6211,1,12,3,2013,21,10,43,0,0,1,2,1,0,0,2,8,0,1,4,0,0,0
201328003774,5,3,3,28,9,161.6211,1,12,4,2013,9,26,35,0,0,1,1,7,2,2,2,8,0,1,4,0,0,0
201328003780,4,3,1,28,9,323.2422,2,12,5,2013,16,2,12,8,0,1,1,2,0,0,2,3,0,1,1,0,0,0
201328003782,4,3,1,28,9,323.2422,1,12,6,2013,10,20,11,0,0,1,2,1,0,0,2,3,0,1,1,0,0,0
201328003783,6,3,1,28,9,161.6211,1,12,1,2013,22,45,35,0,0,1,2,1,0,0,2,3,0,1,4,0,0,0
201328003784,6,3,2,28,9,161.6211,1,9,6,2013,20,30,34,0,0,1,5,1,0,0,2,8,0,1,4,0,0,0
201328003786,4,3,2,28,9,323.2422,1,10,5,2013,21,50,11,0,0,1,2,1,0,0,2,8,0,1,1,0,0,0
201328003787,5,3,2,28,9,161.6211,1,10,2,2013,23,43,34,0,0,1,2,10,1,1,2,8,0,1,4,0,0,0
201328003788,5,3,2,28,9,161.6211,1,11,2,2013,18,35,42,0,0,1,2,1,1,5,2,8,0,1,4,0,0,0
201328003790,6,3,3,28,9,161.6211,1,11,5,2013,8,15,42,0,0,1,1,1,0,0,2,8,0,1,6,0,0,0
201328003791,4,3,3,28,9,323.2422,1,12,3,2013,22,0,24,0,0,1,2,1,0,0,2,8,0,1,4,0,0,0
201328003800,6,3,1,28,9,161.6211,1,12,5,2013,5,15,11,0,0,1,2,1,0,0,2,3,0,1,1,0,0,0
201328003801,5,3,1,28,9,161.6211,2,12,5,2013,7,28,12,2,0,1,4,1,1,3,2,3,0,1,1,0,0,0
201328003802,5,3,1,28,9,161.6211,2,12,4,2013,15,0,12,7,0,1,1,1,1,2,2,3,0,1,1,0,0,0
201328003804,4,3,3,28,9,323.2422,1,12,5,2013,8,58,52,0,0,1,1,10,0,0,2,8,0,1,4,0,0,0
201328003820,4,3,1,28,9,323.2422,1,12,6,2013,6,0,11,0,0,1,2,1,0,0,2,3,0,1,1,0,0,0
201328003821,4,3,3,28,9,323.2422,1,12,2,2013,19,20,11,0,0,1,2,1,0,0,2,8,0,1,1,0,0,0
201328003822,6,3,3,28,9,161.6211,1,12,5,2013,19,0,1,0,0,1,2,1,0,0,2,8,0,1,5,0,0,0
201328003823,5,3,3,28,9,161.6211,1,12,6,2013,16,28,30,0,0,1,1,1,1,1,2,8,0,1,4,0,0,0
201328003841,4,3,1,28,9,323.2422,2,12,6,2013,12,19,54,11,0,1,1,1,1,1,2,3,0,1,1,14,0,0
201328003842,6,3,1,28,9,161.6211,1,12,6,2013,23,56,38,0,0,1,2,1,0,0,2,3,0,1,5,0,0,0
201328003843,6,3,1,28,9,161.6211,1,12,2,2013,8,30,35,0,0,1,1,5,0,0,2,3,0,1,4,0,0,0
201328003844,1,3,3,28,9,161.6211,2,12,6,2013,10,10,14,0,0,1,1,1,3,1,1,8,1,1,4,0,0,0
201328003845,1,3,3,28,9,161.6211,2,12,1,2013,18,37,12,6,0,2,2,10,3,2,2,8,0,3,1,0,0,0
201328003846,5,3,3,28,9,161.6211,2,12,2,2013,11,12,12,6,0,4,1,10,1,2,2,8,0,1,1,0,0,0
201328109995,4,2,5,29,5,351.78748,1,1,3,2013,20,21,11,0,0,1,3,1,0,0,2,1,0,1,1,0,0,0
201328109999,5,2,5,29,5,87.94687,1,1,2,2013,13,48,1,0,0,4,1,10,1,1,2,1,0,1,4,0,0,0
201328110006,4,2,10,29,5,364.81876,2,1,4,2013,12,10,12,1,0,1,1,1,0,0,2,8,0,1,1,0,0,0
201328110010,6,2,10,29,5,243.21251,2,1,6,2013,9,33,12,6,0,2,1,1,0,0,2,8,0,2,1,0,0,0
201328110011,4,2,10,29,5,364.81876,2,1,6,2013,14,58,12,7,0,2,1,1,0,0,2,8,0,2,1,0,0,0
201328110015,4,2,10,29,5,364.81876,2,1,2,2013,13,4,12,1,0,2,1,1,0,0,2,8,0,3,1,0,0,0
201328110018,6,2,10,29,5,243.21251,2,1,4,2013,20,20,12,1,0,2,2,1,2,1,1,8,0,2,1,0,0,0
201328110019,4,2,10,29,5,364.81876,2,1,5,2013,20,1,12,6,0,2,2,2,0,0,2,8,0,2,1,0,0,0
201328110020,1,2,10,29,5,121.606255,2,1,5,2013,14,30,12,1,0,1,1,10,3,1,2,8,0,1,1,0,0,0
201328110024,4,2,10,29,5,364.81876,2,1,6,2013,14,27,12,1,0,4,1,10,0,0,2,8,0,1,1,0,0,0
201328110028,4,2,10,29,5,364.81876,1,1,1,2013,10,50,11,0,0,1,1,2,0,0,2,8,0,1,1,0,0,0
201328110032,4,2,10,29,5,364.81876,2,1,2,2013,18,46,12,7,0,2,2,1,0,0,2,8,0,2,1,0,0,0
201328110033,5,2,10,29,5,121.606255,2,1,5,2013,11,21,12,1,0,2,1,10,1,2,2,8,0,3,1,0,0,0
201328110036,4,2,10,29,5,364.81876,2,1,7,2013,21,48,12,1,0,2,3,1,0,0,2,8,0,2,1,0,0,0
201328110039,6,2,10,29,5,243.21251,2,1,7,2013,21,46,12,8,0,2,3,1,0,0,2,8,0,2,1,0,0,0
201328110042,6,2,10,29,5,243.21251,2,1,1,2013,16,17,12,6,0,2,1,1,1,1,2,8,0,2,1,0,0,0
201328110044,2,2,10,29,5,121.606255,2,1,2,2013,11,32,12,1,0,1,1,4,0,0,2,8,0,1,1,19,0,0
201328110047,4,2,10,29,5,364.81876,2,1,6,2013,7,43,12,7,0,2,4,2,0,0,2,8,0,3,1,0,0,0
201328110048,1,2,2,31,6,61.5243,1,1,3,2013,2,47,41,0,0,1,2,4,3,2,1,8,0,1,5,0,0,0
201328110052,6,2,2,31,6,184.5729,2,1,4,2013,8,42,12,6,0,4,1,1,0,0,2,8,0,1,1,0,0,0
201328110058,6,2,2,31,6,184.5729,1,1,7,2013,5,45,59,0,0,1,2,1,0,0,1,8,0,1,4,0,0,0
201328110061,4,2,2,31,6,369.1458,1,1,4,2013,7,20,11,0,0,1,4,10,0,0,2,8,0,1,1,0,0,0
201328110068,4,2,2,31,6,369.1458,1,1,4,2013,1,36,11,0,0,1,2,1,0,0,2,8,0,1,1,0,0,0
201328110069,6,2,2,31,6,184.5729,3,1,5,2013,17,16,12,6,0,2,1,1,1,1,2,8,0,2,1,0,0,0
201328110082,4,2,3,31,6,369.1458,1,1,6,2013,16,57,33,0,0,1,1,10,0,0,2,1,0,1,4,0,0,0
201328110086,6,2,3,31,6,184.5729,2,1,2,2013,9,18,12,6,0,2,1,1,0,0,2,1,0,2,1,0,0,0
201328110092,4,2,3,31,6,369.1458,2,1,5,2013,17,34,12,1,1,2,3,1,0,0,2,1,0,2,1,0,0,0
201328110095,6,2,3,31,6,184.5729,2,1,5,2013,23,50,14,0,0,2,3,1,0,0,1,1,1,3,5,0,0,0
201328110096,2,2,3,31,6,61.5243,2,1,6,2013,1,17,12,6,0,4,3,1,0,0,2,1,0,1,1,0,0,0
201328110099,1,2,3,31,6,61.5243,1,1,7,2013,1,0,19,0,0,1,2,10,3,3,1,1,0,1,5,0,0,0
201328110101,4,2,3,31,6,369.1458,3,1,7,2013,10,30,12,1,0,2,1,10,0,0,2,1,1,2,1,19,0,0
201328110108,4,2,3,31,6,369.1458,2,1,5,2013,13,23,12,6,0,4,1,1,0,0,2,1,0,1,1,0,0,0
201328110112,6,2,4,31,6,184.5729,1,1,4,2013,10,56,34,0,0,1,1,1,0,0,2,8,0,1,4,0,0,0
201328110116,6,2,4,31,6,184.5729,1,1,1,2013,1,27,1,0,0,1,2,1,0,0,1,8,0,1,4,0,0,0
201328110118,5,2,4,31,6,61.5243,2,1,4,2013,19,16,12,1,0,2,3,10,2,5,2,8,0,3,1,0,0,0
201328110121,5,2,4,31,6,61.5243,1,1,2,2013,16,36,34,0,0,1,1,1,2,1,2,8,0,1,4,0,0,0
201328110125,4,2,4,31,6,369.1458,1,1,6,2013,6,27,11,0,0,1,2,1,0,0,2,8,0,1,1,0,0,0
201328110128,6,2,4,31,6,184.5729,1,1,2,2013,20,3,11,0,0,1,2,10,0,0,2,8,0,1,1,0,0,0
201328110131,4,2,6,31,6,354.81924,1,1,6,2013,3,0,59,0,0,2,3,1,0,0,1,8,0,2,4,0,0,0
201328110132,4,2,6,31,6,354.81924,2,1,6,2013,18,54,12,11,0,2,3,2,0,0,2,8,0,2,1,0,0,0