CASENUM,STRATUM,REGION,PJ,PSU,PSUSTRAT,WEIGHT,VE_TOTAL,MONTH,WKDY_IM,YEAR,HOUR_IM,MINUTE_IM,EVENT1_IM,MANCOL_IM,RELJCT1_IM,RELJCT2_IM,LGTCON_IM,WEATHR_IM,MAXSEV_IM,NO_INJ_IM,ALCHL_IM,LAND_USE,PVH_INVL,TYP_INT,REL_ROAD,CF1,CF2,CF3
201328110133,4,2,6,31,6,354.81924,1,1,7,2013,19,53,30,0,0,1,2,1,0,0,2,8,0,1,4,0,0,0
201328110140,4,2,2,31,6,369.1458,2,1,2,2013,19,34,12,7,0,2,6,10,1,1,2,8,0,2,1,0,0,0
201328110141,6,2,2,31,6,184.5729,4,1,4,2013,5,56,12,1,0,1,3,1,0,0,2,8,0,1,1,0,0,0
201328110147,6,2,2,31,6,184.5729,2,1,1,2013,9,2,12,6,0,6,1,1,1,1,2,8,0,1,1,0,0,0
201328110150,5,2,2,31,6,61.5243,1,1,5,2013,6,34,30,0,0,1,2,4,1,1,2,8,0,1,4,0,0,0
201328110152,4,2,2,31,6,369.1458,1,2,6,2013,0,6,11,0,0,1,2,1,0,0,2,8,0,1,1,0,0,0
201328110158,5,2,2,31,6,61.5243,2,2,4,2013,12,43,12,6,0,2,1,1,1,2,2,8,0,3,1,0,0,0
201328110160,6,2,2,31,6,184.5729,1,2,1,2013,4,55,1,0,0,1,2,1,0,0,2,8,0,1,4,0,0,0
201328110161,5,2,2,31,6,61.5243,1,2,2,2013,21,57,53,0,0,1,2,1,2,1,1,8,0,1,4,0,0,0
201328110164,4,2,2,31,6,369.1458,1,2,4,2013,18,39,11,0,0,1,2,10,0,0,2,8,0,1,1,0,0,0
201328110168,5,2,2,31,6,61.5243,1,2,3,2013,6,20,1,0,0,1,4,11,2,1,2,8,0,1,4,0,0,0
201328110170,1,2,2,31,6,61.5243,1,2,3,2013,23,25,35,0,0,1,2,4,3,1,2,8,0,1,4,0,0,0
201328110174,4,2,3,31,6,369.1458,2,1,6,2013,15,17,12,6,0,4,1,10,0,0,2,1,0,1,1,0,0,0
201328110176,6,2,3,31,6,184.5729,2,1,1,2013,9,1,14,0,0,1,1,1,0,0,2,1,1,1,7,0,0,0
201328110177,5,2,3,31,6,61.5243,2,1,1,2013,13,50,12,2,0,2,1,10,1,1,2,1,0,2,1,0,0,0
201328110181,6,2,3,31,6,184.5729,1,1,3,2013,12,38,24,0,0,1,1,10,2,1,2,1,0,1,3,0,0,0
201328110187,4,2,3,31,6,369.1458,2,2,6,2013,14,37,12,6,0,4,1,1,0,0,2,1,0,1,1,0,0,0
201328110189,1,2,3,31,6,61.5243,1,2,6,2013,23,31,42,0,0,1,2,1,3,2,1,1,0,1,4,0,0,0
201328110192,6,2,3,31,6,184.5729,2,2,2,2013,15,45,12,6,0,2,1,10,0,0,2,1,0,3,1,0,0,0
201328110197,2,2,3,31,6,61.5243,2,2,7,2013,18,58,12,6,1,2,3,1,0,0,2,1,0,2,1,0,0,0
201328110198,4,2,3,31,6,369.1458,2,2,7,2013,22,11,14,0,0,1,2,1,0,0,2,1,1,1,7,0,0,0
201328110202,6,2,3,31,6,184.5729,2,2,3,2013,13,34,12,6,0,2,1,1,0,0,2,1,0,3,1,0,0,0
201328110206,6,2,3,31,6,184.5729,2,2,4,2013,22,9,30,0,0,1,3,1,0,0,2,1,1,1,4,0,0,0
201328110208,4,2,3,31,6,369.1458,2,2,6,2013,14,14,12,9,0,1,1,10,0,0,2,1,0,1,1,0,0,0
201328110212,6,2,3,31,6,184.5729,2,2,4,2013,13,11,12,6,0,2,1,10,0,0,2,1,0,2,1,0,0,0
201328110213,5,2,4,31,6,61.5243,1,1,6,2013,7,13,34,0,0,1,4,4,2,1,2,8,0,1,4,0,0,0
201328110215,4,2,4,31,6,369.1458,1,1,6,2013,9,59,59,0,0,1,1,4,0,0,2,8,0,1,4,0,0,0
201328110217,2,2,4,31,6,61.5243,2,1,6,2013,12,53,12,1,0,2,1,10,1,1,2,8,0,3,1,0,0,0
201328110220,2,2,4,31,6,61.5243,2,1,7,2013,20,39,12,7,0,2,2,1,2,2,2,8,0,2,1,0,0,0
201328110222,1,2,4,31,6,61.5243,1,1,1,2013,3,0,34,0,0,1,2,1,4,1,1,8,0,1,4,0,0,0
201328110225,5,2,4,31,6,61.5243,1,1,5,2013,10,31,1,0,0,1,1,4,1,1,2,8,0,1,4,0,0,0
201328110226,6,2,4,31,6,184.5729,1,2,7,2013,12,12,21,0,0,1,1,4,0,0,2,8,0,1,4,0,0,0
201328110230,4,2,4,31,6,369.1458,2,2,1,2013,19,42,12,7,0,1,2,10,0,0,2,8,0,1,1,0,0,0
201328110231,6,2,4,31,6,184.5729,2,2,1,2013,23,30,14,0,0,1,2,10,0,0,1,8,1,1,5,0,0,0
201328110238,4,2,4,31,6,369.1458,1,2,2,2013,19,53,11,0,0,1,3,3,0,0,2,8,0,1,1,0,0,0
201328110240,5,2,4,31,6,61.5243,1,2,3,2013,5,53,42,0,0,1,2,1,1,1,2,8,0,1,4,0,0,0
201328110243,6,2,4,31,6,184.5729,1,2,2,2013,19,7,34,0,0,1,2,10,0,0,2,8,0,1,4,0,0,0
201328110249,4,2,4,31,6,369.1458,1,2,1,2013,19,14,11,0,0,1,2,10,0,0,2,8,0,1,1,0,0,0
201328110254,6,2,4,31,6,184.5729,1,2,3,2013,12,47,34,0,0,1,1,4,0,0,2,8,0,1,4,0,0,0
201328110255,5,2,4,31,6,61.5243,2,2,2,2013,14,21,12,1,0,2,1,4,2,2,2,8,0,3,1,0,0,0
201328110257,4,2,4,31,6,369.1458,1,2,3,2013,22,0,42,0,0,1,2,4,0,0,2,8,0,1,5,0,0,0
201328110258,4,2,6,31,6,354.81924,2,1,6,2013,10,40,12,6,0,2,1,4,0,0,2,8,0,2,1,0,0,0
201328110263,1,2,4,29,5,38.981457,1,1,4,2013,12,15,34,0,0,1,1,1,3,1,2,8,0,1,4,0,0,0
201328110264,6,2,4,29,5,194.90729,1,1,7,2013,2,33,24,0,0,1,2,1,0,0,2,8,0,1,4,0,0,0
201328110274,6,2,4,29,5,194.90729,1,1,7,2013,7,2,42,0,0,1,4,10,0,0,2,8,0,1,6,0,0,0
201328110275,1,2,4,29,5,38.981457,1,1,6,2013,14,45,53,0,0,1,1,10,3,1,2,8,0,1,4,0,0,0
201328110278,4,2,4,29,5,350.8331,1,1,2,2013,6,45,53,0,0,1,4,2,0,0,2,8,0,1,4,0,0,0
201328110283,4,2,5,29,5,351.78748,2,1,6,2013,11,46,14,0,0,1,1,4,0,0,2,1,1,1,7,,,
201328110286,6,2,5,29,5,219.86719,1,1,7,2013,2,30,30,0,0,1,3,4,0,0,2,1,0,1,4,0,0,0
201328110294,4,2,5,29,5,351.78748,2,1,5,2013,20,26,12,6,0,2,3,4,0,0,2,1,0,2,1,0,0,0
201328110298,6,2,5,29,5,219.86719,1,2,7,2013,10,11,24,0,0,1,1,4,0,0,2,1,0,1,4,0,0,0
201328110307,4,2,5,29,5,351.78748,1,2,4,2013,19,51,11,0,0,1,2,1,0,0,2,1,0,1,1,0,0,0
201328110321,6,2,10,29,5,243.21251,1,1,5,2013,9,36,38,0,0,1,1,1,0,0,2,8,0,1,5,0,0,0
201328110326,4,2,10,29,5,364.81876,1,1,7,2013,18,48,11,0,0,1,2,1,0,0,2,8,0,1,1,0,0,0
201328110330,6,2,10,29,5,243.21251,1,1,1,2013,5,0,53,0,0,1,2,1,0,0,2,8,0,1,4,0,0,0
201328110334,6,2,10,29,5,243.21251,1,1,3,2013,17,36,42,0,0,1,5,10,0,0,2,8,0,1,6,0,0,0
201328110335,4,2,10,29,5,364.81876,1,1,3,2013,21,39,35,0,0,2,2,1,0,0,2,8,0,3,4,0,0,0
201328110338,4,2,10,29,5,364.81876,1,1,5,2013,22,0,24,0,0,1,2,4,0,0,2,8,0,1,4,0,0,0
201328110342,1,2,10,29,5,121.606255,1,1,5,2013,22,40,34,0,0,1,3,4,3,1,2,8,0,1,4,0,0,0
201328110343,4,2,10,29,5,364.81876,1,1,5,2013,21,19,59,0,0,2,2,4,0,0,2,8,0,3,4,0,0,0
201328110345,6,2,10,29,5,243.21251,2,1,5,2013,13,18,12,6,0,2,1,10,0,0,2,8,0,2,1,0,0,0
201328110348,6,2,10,29,5,243.21251,2,2,6,2013,9,30,12,1,0,2,1,1,1,2,2,8,0,2,1,0,0,0
201328110350,4,2,10,29,5,364.81876,2,2,7,2013,11,12,12,6,0,4,1,4,0,0,2,8,0,1,1,0,0,0
201328110351,6,2,10,29,5,243.21251,1,2,7,2013,9,50,42,0,0,1,1,4,2,1,2,8,0,1,6,0,0,0
201328110354,6,2,10,29,5,243.21251,1,2,2,2013,16,2,30,0,0,2,1,4,0,0,2,8,0,5,4,0,0,0
201328110356,4,2,10,29,5,364.81876,2,2,3,2013,15,7,12,1,0,2,1,10,0,0,2,8,0,2,1,0,0,0
201328110360,4,2,10,29,5,364.81876,2,2,5,2013,13,40,12,11,0,4,1,1,0,0,2,8,0,1,1,0,0,0
201328110361,6,2,10,29,5,243.21251,2,2,5,2013,8,36,12,1,0,2,1,1,0,0,2,8,0,2,1,0,0,0
201328110365,4,2,10,29,5,364.81876,1,2,7,2013,15,0,11,0,0,1,1,1,0,0,2,8,0,1,1,0,0,0
201328110366,6,2,10,29,5,243.21251,2,2,2,2013,9,32,34,0,0,1,1,10,2,1,2,8,0,1,4,14,0,0
201328110369,4,2,10,29,5,364.81876,2,2,3,2013,7,9,12,7,0,1,1,1,0,0,2,8,0,1,1,0,0,0
201328110372,6,2,10,29,5,243.21251,1,2,4,2013,12,27,34,0,0,1,1,4,0,0,2,8,0,1,4,0,0,0
201328110374,6,2,10,29,5,243.21251,1,2,5,2013,15,15,34,0,0,1,1,1,0,0,2,8,0,1,4,0,0,0
201328110376,4,2,10,29,5,364.81876,1,2,6,2013,16,28,53,0,0,1,1,1,0,0,2,8,0,1,4,0,0,0
201328110379,6,2,10,29,5,243.21251,2,2,7,2013,10,56,12,6,0,2,1,10,0,0,2,8,0,2,1,0,0,0
201328110381,6,2,10,29,5,243.21251,1,2,3,2013,5,37,34,0,0,1,2,4,0,0,2,8,0,1,4,0,0,0
201328110400,2,2,2,31,6,61.5243,2,2,4,2013,9,5,12,6,0,2,1,4,0,0,2,8,0,2,1,0,0,0
201328110401,6,2,2,31,6,184.5729,1,2,1,2013,1,24,59,0,0,1,3,10,0,0,2,8,0,1,4,0,0,0
201328110404,5,2,2,31,6,61.5243,1,2,5,2013,7,20,34,0,0,1,4,4,2,1,2,8,0,1,4,0,0,0
201328110405,4,2,2,31,6,369.1458,1,2,5,2013,7,45,34,0,0,1,1,4,0,0,2,8,0,1,4,0,0,0
201328110407,6,2,2,31,6,184.5729,1,2,5,2013,8,14,34,0,0,1,1,4,0,0,2,8,0,1,4,0,0,0
201328110412,6,2,2,31,6,184.5729,1,3,3,2013,2,43,34,0,0,1,2,4,0,0,2,8,0,1,4,0,0,0
201328110417,2,2,2,31,6,61.5243,2,3,4,2013,3,22,12,9,0,4,2,1,0,0,2,8,0,1,1,0,0,0
201328110418,6,2,2,31,6,184.5729,1,3,4,2013,12,8,48,0,0,1,1,10,0,0,2,8,0,1,4,0,0,0
201328110420,4,2,2,31,6,369.1458,2,3,5,2013,16,39,12,1,0,1,1,1,0,0,2,8,0,1,1,0,0,0
201328110421,5,2,2,31,6,61.5243,2,3,5,2013,17,50,12,6,0,2,1,10,2,2,2,8,0,2,1,0,0,0
201328110429,4,2,2,31,6,369.1458,1,3,4,2013,5,21,11,0,0,1,2,10,0,0,2,8,0,1,1,0,0,0
201328110435,4,2,2,31,6,369.1458,1,3,1,2013,22,5,11,0,0,1,2,10,0,0,2,8,0,1,1,0,0,0
201328110441,4,2,3,31,6,369.1458,2,2,4,2013,7,38,12,2,0,2,1,2,0,0,2,1,0,2,1,0,0,0
201328110448,4,2,3,31,6,369.1458,2,3,7,2013,20,16,14,0,0,1,3,1,0,0,2,1,1,1,7,0,0,0
201328110453,5,2,3,31,6,61.5243,2,3,5,2013,11,37,12,6,0,2,1,10,2,1,2,1,0,2,1,0,0,0
201328110454,6,2,3,31,6,184.5729,2,3,6,2013,16,4,12,6,0,2,1,1,0,0,2,1,0,2,1,0,0,0
201328110457,4,2,3,31,6,369.1458,2,3,1,2013,12,48,12,1,0,2,1,1,0,0,2,1,0,2,1,0,0,0
201328110460,3,2,3,31,6,61.5243,1,3,2,2013,11,51,8,0,0,2,1,10,2,1,2,1,0,,1,0,0,0
201328110464,4,2,3,31,6,369.1458,2,3,4,2013,6,32,12,1,0,2,4,4,0,0,2,1,0,2,1,0,0,0
201328110466,2,2,3,31,6,61.5243,2,3,4,2013,22,53,12,6,0,4,1,1,0,0,2,1,0,1,1,0,0,0
201328110472,4,2,3,31,6,369.1458,2,3,4,2013,13,44,12,1,0,2,1,1,0,0,2,1,0,2,1,0,0,0
201328110477,1,2,4,31,6,61.5243,2,2,7,2013,11,42,12,6,0,2,1,10,3,3,2,8,0,2,1,0,0,0
201328110481,6,2,4,31,6,184.5729,1,2,4,2013,18,50,11,0,0,1,2,4,0,0,2,8,0,1,1,0,0,0
201328110482,5,2,4,31,6,61.5243,2,2,5,2013,4,32,12,6,0,1,2,4,2,2,2,8,0,1,1,0,0,0
201328110483,2,2,4,31,6,61.5243,2,2,5,2013,4,49,12,7,0,1,2,4,0,0,2,8,0,1,1,0,0,0
201328110484,4,2,4,31,6,369.1458,2,3,7,2013,6,51,12,1,0,1,2,10,0,0,2,8,0,1,1,0,0,0
201328110500,1,2,4,29,5,38.981457,1,1,6,2013,14,55,23,0,0,1,1,10,4,2,2,8,0,1,4,0,0,0
201328110504,5,2,4,29,5,77.96291,1,1,5,2013,19,27,30,0,0,1,2,4,2,1,2,8,0,1,4,0,0,0
201328110512,4,2,4,29,5,350.8331,1,2,6,2013,11,54,18,0,0,1,1,1,0,0,2,8,0,1,5,0,0,0
201328110513,6,2,4,29,5,194.90729,2,2,1,2013,14,36,12,6,0,2,1,10,2,1,2,8,0,2,1,0,0,0
201328110515,2,2,4,29,5,77.96291,1,2,3,2013,9,40,52,0,0,1,1,2,0,0,2,8,0,1,4,0,0,0
201328110524,4,2,5,29,5,351.78748,2,3,7,2013,1,5,12,1,0,2,3,1,0,0,2,1,0,2,1,0,0,0
201328110527,6,2,5,29,5,219.86719,2,3,2,2013,13,42,12,6,0,1,1,1,0,0,2,1,0,1,1,0,0,0
201328110535,4,2,5,29,5,351.78748,2,3,5,2013,18,27,14,0,0,1,1,1,0,0,2,1,1,1,7,0,0,0
201328110540,6,2,5,29,5,219.86719,1,3,2,2013,15,7,30,0,0,1,1,10,0,0,2,1,0,1,4,0,0,0
201328110543,5,2,10,29,5,121.606255,3,2,5,2013,17,35,12,1,0,2,1,10,1,1,2,8,0,,1,0,0,0
201328110544,6,2,10,29,5,243.21251,2,2,5,2013,22,55,12,6,0,1,2,3,0,0,2,8,0,1,1,0,0,0
201328110546,6,2,10,29,5,243.21251,2,2,6,2013,21,23,12,6,0,2,1,10,0,0,2,8,0,3,1,0,0,0
201328110547,4,2,10,29,5,364.81876,1,2,6,2013,12,30,53,0,0,1,1,1,0,0,2,8,0,1,4,0,0,0
201328110551,4,2,10,29,5,364.81876,2,2,6,2013,15,30,12,9,0,4,1,10,0,0,2,8,0,1,1,0,0,0
201328110552,5,2,10,29,5,121.606255,1,2,7,2013,20,40,42,0,0,1,2,1,2,1,1,8,0,1,4,0,0,0
201328110555,6,2,10,29,5,243.21251,1,2,7,2013,23,8,34,0,0,4,2,1,0,0,1,8,0,1,4,0,0,0
201328110557,6,2,10,29,5,243.21251,2,2,1,2013,13,56,12,6,0,2,1,1,0,0,2,8,0,3,1,0,0,0
201328110558,4,2,10,29,5,364.81876,2,2,2,2013,8,7,12,6,0,2,1,1,0,0,2,8,0,3,1,0,0,0
201328110561,4,2,10,29,5,364.81876,2,2,3,2013,12,9,12,6,0,2,1,2,0,0,2,8,0,2,1,0,0,0
201328110564,4,2,10,29,5,364.81876,2,2,4,2013,18,49,12,1,0,4,3,4,0,0,2,8,0,1,1,0,0,0
201328110565,5,2,10,29,5,121.606255,2,2,4,2013,7,2,12,6,0,4,1,10,2,2,2,8,0,1,1,21,0,0
201328110566,5,2,10,29,5,121.606255,1,2,5,2013,8,23,24,0,0,1,1,2,2,1,2,8,0,1,4,0,0,0
201328110568,6,2,10,29,5,243.21251,2,3,6,2013,14,33,12,6,0,2,1,10,0,0,2,8,0,2,1,0,0,0
201328110572,6,2,10,29,5,243.21251,2,3,1,2013,19,50,12,6,0,4,3,1,0,0,2,8,0,1,1,0,0,0
201328110574,4,2,10,29,5,364.81876,1,3,2,2013,11,30,31,0,0,4,1,1,0,0,2,8,0,1,4,0,0,0
201328110575,6,2,10,29,5,243.21251,1,3,2,2013,15,10,38,0,0,1,1,1,0,0,2,8,0,1,5,0,0,0
201328110579,4,2,10,29,5,364.81876,1,3,3,2013,19,50,53,0,0,1,2,4,0,0,2,8,0,1,4,0,0,0
201328110582,6,2,10,29,5,243.21251,1,3,4,2013,4,20,43,0,0,1,3,4,0,0,2,8,0,1,4,0,0,0
201328110583,4,2,10,29,5,364.81876,2,3,4,2013,3,1,12,7,0,1,2,4,0,0,2,8,0,1,1,0,0,0
201328110586,4,2,10,29,5,364.81876,1,3,5,2013,19,25,11,0,0,1,2,1,0,0,2,8,0,1,1,0,0,0
201328110588,5,2,10,29,5,121.606255,2,3,6,2013,17,29,12,1,0,4,1,1,2,3,1,8,0,1,1,0,0,0
201328110590,4,2,10,29,5,364.81876,3,3,6,2013,15,48,12,1,0,2,1,1,0,0,2,8,0,3,1,0,0,0
201328110592,6,2,10,29,5,243.21251,1,3,6,2013,21,40,35,0,0,1,2,10,1,1,2,8,0,1,4,0,0,0
201328110593,3,2,10,29,5,121.606255,1,3,7,2013,17,41,35,0,0,1,1,1,2,1,2,8,0,1,4,0,0,0
201328110596,4,2,10,29,5,364.81876,1,3,2,2013,22,30,34,0,0,1,2,10,0,0,2,8,0,1,4,0,0,0
201328110599,4,2,10,29,5,364.81876,2,3,3,2013,5,42,12,1,0,4,3,1,0,0,2,8,0,1,1,0,0,0
201328110603,4,2,10,29,5,364.81876,2,3,4,2013,13,0,12,1,0,1,1,10,0,0,2,8,0,1,1,0,0,0
201328110605,5,2,10,29,5,121.606255,1,3,4,2013,10,17,34,0,0,1,1,4,2,1,2,8,0,1,4,0,0,0
201328110606,6,2,10,29,5,243.21251,1,3,4,2013,20,32,33,0,0,1,2,1,0,0,1,8,0,1,4,0,0,0
201328110608,4,2,10,29,5,364.81876,1,3,5,2013,7,25,24,0,0,1,1,1,0,0,2,8,0,1,4,0,0,0
201328110609,5,2,10,29,5,121.606255,1,3,5,2013,9,32,24,0,0,1,1,1,1,1,2,8,0,1,4,0,0,0
201328110613,6,2,10,29,5,243.21251,1,3,1,2013,6,24,42,0,0,1,3,10,2,1,2,8,0,1,4,0,0,0
201328110615,4,2,10,29,5,364.81876,2,3,2,2013,8,21,14,0,0,1,1,1,0,0,2,8,1,1,7,0,0,0
201328110618,4,2,10,29,5,364.81876,2,3,2,2013,17,56,12,1,0,2,1,10,0,0,2,8,0,2,1,0,0,0
201328110620,6,2,10,29,5,243.21251,2,3,3,2013,13,56,12,6,0,4,1,1,2,1,2,8,0,1,1,0,0,0
201328110641,6,2,2,31,6,184.5729,1,3,5,2013,5,39,1,0,0,1,2,4,1,1,2,8,0,1,4,0,0,0
201328110644,1,2,2,31,6,61.5243,2,3,6,2013,8,50,12,2,0,2,1,1,3,2,2,8,0,3,1,0,0,0
201328110646,5,2,2,31,6,61.5243,3,3,1,2013,11,42,12,1,0,1,1,4,1,1,2,8,0,1,1,0,0,0
201328110649,6,2,2,31,6,184.5729,1,3,1,2013,12,20,59,0,0,2,1,4,0,0,2,8,0,2,4,0,0,0
201328110651,4,2,2,31,6,369.1458,1,3,1,2013,12,45,24,0,0,1,1,1,0,0,2,8,0,1,4,0,0,0
201328110656,6,2,2,31,6,184.5729,2,3,2,2013,7,47,12,1,0,1,1,4,0,0,2,8,0,1,1,0,0,0
201328110657,2,2,2,31,6,61.5243,1,3,2,2013,8,8,30,0,0,1,1,10,0,0,2,8,0,1,4,0,0,0
201328110659,5,2,2,31,6,61.5243,1,3,3,2013,7,1,30,0,0,1,1,1,2,1,2,8,0,1,4,0,0,0
201328110661,5,2,2,31,6,61.5243,2,3,3,2013,7,28,12,6,0,1,1,10,2,2,2,8,0,1,1,0,0,0
201328110665,4,2,2,31,6,369.1458,1,3,5,2013,6,13,11,0,0,1,2,1,0,0,2,8,0,1,1,0,0,0
201328110671,1,2,2,31,6,61.5243,2,4,5,2013,13,23,12,6,0,2,1,1,3,2,2,8,0,2,1,0,0,0
201328110672,4,2,2,31,6,369.1458,2,4,6,2013,16,0,12,8,0,1,1,1,0,0,2,8,0,1,1,0,0,0
201328110674,3,2,2,31,6,61.5243,1,4,7,2013,1,45,1,0,0,1,2,1,2,4,2,8,0,1,4,0,0,0
201328110676,5,2,2,31,6,61.5243,2,4,7,2013,14,21,12,11,0,2,1,10,2,2,2,8,0,2,1,0,0,0
201328110679,6,2,2,31,6,184.5729,1,4,2,2013,19,37,11,0,0,1,1,1,0,0,2,8,0,1,1,0,0,0
201328110680,1,2,2,31,6,61.5243,2,4,3,2013,17,28,12,8,0,1,1,1,3,2,2,8,0,1,1,0,0,0
201328110684,4,2,2,31,6,369.1458,1,4,1,2013,2,48,34,0,0,1,2,1,0,0,2,8,0,1,5,0,0,0
201328110687,2,2,2,31,6,61.5243,2,4,2,2013,5,48,12,1,0,4,1,1,2,1,2,8,0,1,1,0,0,0
201328110688,5,2,2,31,6,61.5243,2,4,2,2013,13,35,12,6,0,2,1,1,2,2,2,8,0,3,1,0,0,0
201328110693,4,2,2,31,6,369.1458,1,4,3,2013,21,28,11,0,0,1,2,1,0,0,2,8,0,1,1,0,0,0
201328110698,5,2,3,31,6,61.5243,2,3,1,2013,17,10,12,6,0,2,1,10,1,4,2,1,0,2,1,0,0,0
201328110700,4,2,3,31,6,369.1458,2,3,1,2013,23,23,14,0,0,1,3,4,0,0,2,1,1,1,7,0,0,0
201328110703,6,2,3,31,6,184.5729,2,3,3,2013,6,16,12,7,0,1,3,4,0,0,2,1,0,1,1,0,0,0
201328110707,5,2,3,31,6,61.5243,1,3,3,2013,16,16,50,0,0,1,1,1,1,2,2,1,0,1,4,0,0,0
201328110708,4,2,3,31,6,369.1458,2,3,3,2013,16,19,14,0,0,1,1,1,0,0,2,1,1,1,7,0,0,0
201328110711,3,2,3,31,6,61.5243,1,3,5,2013,15,16,1,0,0,1,1,1,2,1,2,1,0,1,1,0,0,0
201328110713,5,2,3,31,6,61.5243,4,3,6,2013,15,9,12,1,0,1,1,1,2,2,2,1,0,1,1,0,0,0
201328110716,4,2,3,31,6,369.1458,2,4,2,2013,11,30,12,11,0,2,1,1,0,0,2,1,0,2,1,0,0,0
201328110720,3,2,3,31,6,61.5243,2,4,6,2013,14,49,12,1,0,1,1,1,2,1,2,1,0,1,1,0,0,0
201328110721,3,2,3,31,6,61.5243,1,4,1,2013,15,29,1,0,0,4,1,1,2,1,2,1,0,1,1,0,0,0
201328110724,4,2,3,31,6,369.1458,2,4,5,2013,8,31,14,0,0,2,1,2,0,0,2,1,1,3,7,0,0,0
201328110732,4,2,3,31,6,369.1458,1,4,5,2013,14,15,30,0,0,4,1,1,0,0,2,1,0,1,4,,,
201328110735,3,2,3,31,6,61.5243,2,4,2,2013,17,14,12,1,0,1,1,1,2,1,2,1,0,1,1,0,0,0
201328110742,6,2,4,31,6,184.5729,2,3,3,2013,20,59,12,1,0,1,2,4,0,0,2,8,0,1,1,0,0,0
201328110745,2,2,4,31,6,61.5243,2,3,5,2013,9,9,12,1,0,1,1,10,1,1,2,8,0,1,1,0,0,0
201328110746,5,2,4,31,6,61.5243,2,3,6,2013,7,42,12,6,0,2,1,1,2,1,2,8,0,2,1,0,0,0
201328110749,4,2,4,31,6,369.1458,1,3,2,2013,8,15,11,0,0,1,4,2,0,0,2,8,0,1,1,0,0,0
201328110752,3,2,4,31,6,61.5243,1,3,4,2013,2,47,21,0,0,1,2,1,2,1,2,8,0,1,3,0,0,0
201328110754,5,2,4,31,6,61.5243,2,3,4,2013,7,52,12,8,0,1,1,4,1,1,2,8,0,1,1,0,0,0
201328110757,6,2,4,31,6,184.5729,1,3,5,2013,23,55,18,0,0,1,2,1,0,0,2,8,0,1,5,0,0,0
201328110760,4,2,4,31,6,369.1458,1,3,7,2013,20,55,11,0,0,1,2,1,0,0,2,8,0,1,1,0,0,0
201328110764,5,2,4,31,6,61.5243,2,3,2,2013,17,40,12,1,0,2,1,10,2,2,2,8,0,2,1,0,0,0
201328110765,5,2,4,31,6,61.5243,1,3,2,2013,21,40,34,0,0,2,2,10,2,2,2,8,0,3,4,0,0,0
201328110766,6,2,4,31,6,184.5729,2,3,3,2013,5,51,12,6,0,1,1,1,0,0,2,8,0,1,1,0,0,0
201328110771,6,2,4,31,6,184.5729,1,3,6,2013,14,38,31,0,0,1,1,1,0,0,2,8,0,1,4,0,0,0
201328110772,5,2,4,31,6,61.5243,1,3,7,2013,16,5,34,0,0,1,1,1,2,1,2,8,0,1,4,0,0,0
201328110774,4,2,4,31,6,369.1458,2,3,2,2013,6,18,34,0,0,2,2,1,0,0,2,8,0,2,4,0,0,0
201328110779,5,2,4,31,6,61.5243,1,3,7,2013,11,4,31,0,0,1,1,1,2,1,2,8,0,1,4,0,0,0
201328110782,5,2,4,31,6,61.5243,2,4,3,2013,11,19,12,6,0,2,1,1,2,1,1,8,0,3,1,0,0,0
201328110783,4,2,4,31,6,369.1458,1,4,2,2013,20,30,11,0,0,1,2,1,0,0,2,8,0,1,1,0,0,0
201328110786,6,2,4,31,6,184.5729,2,4,6,2013,11,16,12,6,0,2,1,10,0,0,2,8,0,2,1,0,0,0
201328110788,5,2,4,31,6,61.5243,2,4,7,2013,14,31,12,6,0,2,1,1,2,1,2,8,0,2,1,0,0,0
201328110792,5,2,4,31,6,61.5243,2,4,4,2013,10,13,12,1,0,2,1,1,1,1,2,8,0,2,1,0,0,0
201328110794,6,2,6,31,6,354.81924,1,3,1,2013,23,34,30,0,0,1,3,4,0,0,2,8,0,1,3,0,0,0
201328110799,4,2,5,29,5,351.78748,1,3,5,2013,7,9,34,0,0,1,4,4,1,1,2,1,0,1,4,0,0,0
201328110802,5,2,5,29,5,87.94687,2,3,2,2013,12,30,12,8,0,4,1,10,2,1,2,1,0,1,1,0,0,0
201328110806,5,2,5,29,5,87.94687,1,4,2,2013,20,31,34,0,0,1,3,1,1,3,2,1,0,1,4,0,0,0
201328110812,4,2,5,29,5,351.78748,2,4,2,2013,15,15,12,9,0,4,1,10,0,0,2,1,0,1,1,0,0,0
201328110821,4,2,5,29,5,351.78748,2,4,6,2013,16,34,12,1,0,1,1,1,0,0,2,1,0,1,1,0,0,0
201328110824,5,2,10,29,5,121.606255,2,3,5,2013,8,49,45,0,0,1,1,4,2,1,2,8,1,1,4,0,0,0
201328110825,4,2,10,29,5,364.81876,2,3,5,2013,6,44,12,1,0,1,1,4,0,0,2,8,0,1,1,0,0,0
201328110826,6,2,10,29,5,243.21251,2,3,5,2013,7,8,12,6,0,1,4,4,0,0,2,8,0,1,4,0,0,0
201328110829,4,2,10,29,5,364.81876,2,3,6,2013,7,37,12,1,0,2,4,1,0,0,2,8,0,2,1,0,0,0
201328110833,4,2,10,29,5,364.81876,1,3,1,2013,21,24,34,0,0,2,2,4,0,0,2,8,0,3,4,0,0,0