CASENUM,STRATUM,REGION,PJ,PSU,PSUSTRAT,WEIGHT,VE_TOTAL,MONTH,WKDY_IM,YEAR,HOUR_IM,MINUTE_IM,EVENT1_IM,MANCOL_IM,RELJCT1_IM,RELJCT2_IM,LGTCON_IM,WEATHR_IM,MAXSEV_IM,NO_INJ_IM,ALCHL_IM,LAND_USE,PVH_INVL,TYP_INT,REL_ROAD,CF1,CF2,CF3
201328111463,5,2,10,29,5,121.606255,3,6,7,2013,10,30,12,1,0,4,1,1,2,3,2,8,0,1,1,0,0,0
201328111466,6,2,10,29,5,243.21251,2,6,7,2013,12,29,12,6,0,2,1,10,0,0,2,8,0,2,1,0,0,0
201328111480,3,2,4,29,5,38.981457,1,6,1,2013,20,0,34,0,0,1,5,2,3,1,2,8,0,1,4,0,0,0
201328111483,4,2,4,29,5,350.8331,2,6,7,2013,15,0,12,6,0,2,1,10,1,1,2,8,0,2,1,0,0,0
201328111489,5,2,4,29,5,77.96291,1,7,7,2013,23,32,34,0,0,1,2,1,1,1,2,8,0,1,4,0,0,0
201328111492,6,2,4,29,5,194.90729,1,7,4,2013,15,40,34,0,0,1,1,2,0,0,2,8,0,1,4,0,0,0
201328111496,1,2,4,29,5,38.981457,1,7,1,2013,0,13,53,0,0,1,2,10,2,1,2,8,0,1,4,0,0,0
201328111500,5,2,3,31,6,61.5243,1,6,2,2013,22,39,30,0,0,1,3,1,1,1,2,1,0,1,4,0,0,0
201328111501,6,2,3,31,6,184.5729,2,6,3,2013,16,6,12,6,0,4,1,1,0,0,2,1,0,1,1,0,0,0
201328111505,4,2,3,31,6,369.1458,2,6,6,2013,12,58,12,7,0,1,1,1,1,1,2,1,0,1,1,0,0,0
201328111509,2,2,3,31,6,61.5243,4,6,3,2013,9,55,12,1,0,1,1,1,1,1,2,1,1,1,1,0,0,0
201328111512,4,2,3,31,6,369.1458,2,6,4,2013,11,42,14,0,0,2,1,1,0,0,2,1,1,2,7,0,0,0
201328111518,4,2,3,31,6,369.1458,2,6,6,2013,17,53,12,7,0,1,1,1,0,0,2,1,0,1,1,0,0,0
201328111521,6,2,3,31,6,184.5729,2,7,2,2013,11,16,12,2,0,4,1,10,1,2,2,1,0,1,1,0,0,0
201328111526,1,2,3,31,6,61.5243,2,7,7,2013,3,38,14,0,0,1,3,10,3,1,1,1,1,1,7,0,0,0
201328111527,5,2,3,31,6,61.5243,2,7,4,2013,12,58,12,6,0,2,1,1,2,2,2,1,0,2,1,0,0,0
201328111529,6,2,3,31,6,184.5729,2,7,6,2013,13,1,12,6,0,2,1,1,0,0,2,1,0,2,1,0,0,0
201328111531,4,2,3,31,6,369.1458,2,7,1,2013,18,32,14,0,0,1,1,10,0,0,2,1,1,1,7,0,0,0
201328111539,5,2,3,31,6,61.5243,2,7,4,2013,15,45,12,6,0,2,1,10,2,2,2,1,0,2,1,0,0,0
201328111540,6,2,3,31,6,184.5729,1,7,4,2013,23,49,33,0,0,1,2,10,0,0,2,1,0,1,4,0,0,0
201328111541,4,2,3,31,6,369.1458,2,7,6,2013,11,41,12,7,0,1,1,1,0,0,2,1,0,1,1,0,0,0
201328111543,5,2,3,31,6,61.5243,2,7,2,2013,7,40,12,6,0,2,1,1,1,1,2,1,0,3,1,0,0,0
201328111545,5,2,3,31,6,61.5243,1,7,2,2013,18,31,30,0,0,1,1,1,1,1,2,1,0,1,4,0,0,0
201328111547,3,2,3,31,6,61.5243,1,7,4,2013,16,59,9,0,0,2,1,1,2,1,2,1,0,2,1,16,0,0
201328111551,4,2,3,31,6,369.1458,2,7,2,2013,13,30,12,1,0,2,1,10,0,0,2,1,0,2,1,0,0,0
201328111560,5,2,4,31,6,61.5243,2,6,6,2013,20,1,12,6,0,2,1,1,2,3,2,8,0,2,1,0,0,0
201328111561,3,2,4,31,6,61.5243,2,6,1,2013,17,6,12,11,0,2,1,1,2,1,2,8,0,3,1,0,0,0
201328111562,4,2,4,31,6,369.1458,2,6,2,2013,16,24,12,6,0,2,1,1,0,0,2,8,0,2,1,0,0,0
201328111568,1,2,4,31,6,61.5243,2,6,7,2013,11,57,12,6,0,2,1,10,3,6,2,8,0,2,1,0,0,0
201328111571,5,2,4,31,6,61.5243,2,6,1,2013,14,17,12,6,0,2,1,2,1,2,2,8,0,2,1,0,0,0
201328111572,6,2,4,31,6,184.5729,1,7,2,2013,2,30,35,0,0,1,2,10,0,0,2,8,0,1,4,0,0,0
201328111574,4,2,4,31,6,369.1458,2,7,5,2013,20,26,12,6,0,2,1,2,0,0,2,8,0,2,1,0,0,0
201328111577,2,2,4,31,6,61.5243,2,7,6,2013,15,9,12,8,0,1,1,10,0,0,2,8,0,1,1,0,0,0
201328111578,3,2,4,31,6,61.5243,1,7,6,2013,15,41,34,0,0,1,1,1,3,1,2,8,0,1,4,0,0,0
201328111584,6,2,4,31,6,184.5729,1,7,2,2013,5,15,34,0,0,2,2,2,0,0,2,8,0,3,5,0,0,0
201328111585,4,2,4,31,6,369.1458,1,7,4,2013,4,0,11,0,0,1,2,1,0,0,2,8,0,1,1,0,0,0
201328111593,4,2,4,31,6,369.1458,1,7,1,2013,6,49,34,0,1,19,4,10,0,0,2,8,0,1,4,0,0,0
201328111595,6,2,4,31,6,184.5729,2,7,2,2013,7,32,12,9,0,1,1,2,0,0,2,8,0,1,1,0,0,0
201328111598,4,2,2,31,6,369.1458,2,6,1,2013,15,10,12,1,0,2,1,1,0,0,2,8,0,2,1,0,0,0
201328111599,5,2,2,31,6,61.5243,1,6,2,2013,6,58,34,0,0,1,1,1,2,1,2,8,0,1,4,0,0,0
201328111602,5,2,2,31,6,61.5243,2,6,5,2013,10,53,12,8,0,1,1,1,1,1,2,8,0,1,1,0,0,0
201328111603,5,2,2,31,6,61.5243,1,6,5,2013,15,50,34,0,0,1,1,1,2,4,2,8,0,1,4,0,0,0
201328111604,5,2,2,31,6,61.5243,1,6,5,2013,18,8,34,0,0,2,1,10,2,3,2,8,0,2,4,0,0,0
201328111606,5,2,2,31,6,61.5243,2,6,1,2013,16,8,12,6,0,2,1,1,2,3,2,8,0,2,1,0,0,0
201328111608,6,2,2,31,6,184.5729,1,6,4,2013,6,59,32,0,0,1,1,1,0,0,2,8,0,1,4,0,0,0
201328111611,6,2,2,31,6,184.5729,1,6,6,2013,22,29,11,0,0,1,2,10,0,0,2,8,0,1,1,0,0,0
201328111612,1,2,2,31,6,61.5243,1,6,7,2013,14,21,24,0,0,1,1,10,3,3,2,8,0,1,4,0,0,0
201328111617,5,2,2,31,6,61.5243,1,7,4,2013,12,33,35,0,0,1,1,1,2,1,2,8,0,1,4,0,0,0
201328111618,4,2,2,31,6,369.1458,2,7,1,2013,16,25,12,1,0,4,1,10,0,0,2,8,0,1,1,0,0,0
201328111623,4,2,5,29,5,351.78748,2,6,4,2013,18,0,12,1,0,2,1,1,0,0,2,1,0,2,1,0,0,0
201328111629,6,2,5,29,5,219.86719,3,6,7,2013,11,29,12,6,0,4,1,1,1,1,2,1,0,1,1,0,0,0
201328111632,5,2,5,29,5,87.94687,2,6,3,2013,14,25,12,2,0,2,1,1,1,1,2,1,0,2,1,0,0,0
201328111636,4,2,5,29,5,351.78748,3,6,7,2013,14,34,12,1,0,2,1,2,1,1,2,1,0,2,1,0,0,0
201328111644,5,2,5,29,5,87.94687,1,7,3,2013,8,21,30,0,0,1,1,1,2,2,2,1,0,1,4,0,0,0
201328111647,4,2,5,29,5,351.78748,2,7,5,2013,17,35,12,1,0,2,1,1,0,0,2,1,0,2,1,0,0,0
201328111654,3,2,5,29,5,43.973434,1,7,7,2013,9,49,9,0,0,2,1,1,3,1,1,1,0,2,1,16,0,0
201328111663,4,2,10,29,5,364.81876,2,6,2,2013,14,25,12,1,0,2,1,1,0,0,2,8,0,2,1,0,0,0
201328111665,6,2,10,29,5,243.21251,1,6,3,2013,6,15,25,0,0,1,1,2,0,0,2,8,0,1,3,0,0,0
201328111667,4,2,10,29,5,364.81876,2,6,3,2013,16,10,12,1,0,2,1,10,0,0,2,8,0,2,1,0,0,0
201328111669,6,2,10,29,5,243.21251,2,6,4,2013,8,40,12,6,0,4,1,1,0,0,2,8,0,1,1,0,0,0
201328111672,4,2,10,29,5,364.81876,2,6,4,2013,18,53,12,7,0,1,1,1,0,0,2,8,0,1,1,0,0,0
201328111676,4,2,10,29,5,364.81876,2,6,6,2013,16,16,12,6,0,4,1,1,0,0,2,8,0,1,1,0,0,0
201328111677,3,2,10,29,5,121.606255,1,6,6,2013,18,13,1,0,0,1,1,1,2,1,2,8,0,1,1,0,0,0
201328111681,4,2,10,29,5,364.81876,1,6,6,2013,19,55,53,0,0,1,1,1,0,0,1,8,0,1,4,0,0,0
201328111682,5,2,10,29,5,121.606255,3,6,6,2013,20,0,12,1,0,2,1,1,1,1,1,8,0,3,1,0,0,0
201328111685,6,2,10,29,5,243.21251,1,6,7,2013,0,46,3,0,0,2,3,1,0,0,2,8,0,3,5,0,0,0
201328111686,4,2,10,29,5,364.81876,2,6,7,2013,12,0,12,1,0,2,1,1,0,0,2,8,0,3,1,0,0,0
201328111688,5,2,10,29,5,121.606255,2,6,1,2013,15,38,12,1,0,4,1,1,1,1,2,8,0,1,1,0,0,0
201328111691,4,2,10,29,5,364.81876,2,6,2,2013,15,19,12,6,0,2,1,1,1,1,2,8,0,3,1,0,0,0
201328111693,6,2,10,29,5,243.21251,2,6,2,2013,15,51,12,1,0,2,1,1,0,0,2,8,0,3,1,0,0,0
201328111695,4,2,10,29,5,364.81876,2,6,2,2013,17,26,12,7,0,1,1,10,0,0,2,8,0,1,1,0,0,0
201328111698,4,2,10,29,5,364.81876,2,6,4,2013,15,45,12,6,0,2,1,10,0,0,2,8,0,2,1,0,0,0
201328111702,5,2,10,29,5,121.606255,2,6,5,2013,20,31,12,6,0,2,1,1,1,2,2,8,0,3,1,0,0,0
201328111703,6,2,10,29,5,243.21251,3,6,6,2013,18,46,12,1,0,1,1,10,0,0,2,8,0,1,1,0,0,0
201328111704,4,2,10,29,5,364.81876,2,6,6,2013,18,8,12,1,0,2,1,2,0,0,2,8,0,3,1,0,0,0
201328111721,6,2,10,29,5,243.21251,1,6,7,2013,18,19,35,0,0,1,1,2,2,1,2,8,0,1,4,0,0,0
201328111722,4,2,10,29,5,364.81876,2,6,7,2013,15,39,14,0,0,1,1,1,0,0,2,8,1,1,7,0,0,0
201328111725,6,2,10,29,5,243.21251,1,6,1,2013,1,58,31,0,0,1,2,1,0,0,1,8,0,1,4,0,0,0
201328111728,5,2,10,29,5,121.606255,1,7,2,2013,20,42,52,0,0,1,1,1,2,2,1,8,0,1,4,0,0,0
201328111729,6,2,10,29,5,243.21251,1,8,7,2013,16,44,30,0,0,1,1,10,2,1,1,8,0,1,4,0,0,0
201328111731,4,2,10,29,5,364.81876,2,7,3,2013,19,41,12,1,0,2,1,1,0,0,2,8,0,2,1,0,0,0
201328111732,3,2,10,29,5,121.606255,1,7,3,2013,20,12,1,0,0,1,1,1,2,1,2,8,0,1,1,0,0,0
201328111734,5,2,10,29,5,121.606255,1,7,5,2013,16,22,30,0,0,1,1,2,2,1,1,8,0,1,4,0,0,0
201328111736,4,2,10,29,5,364.81876,1,7,5,2013,9,22,35,0,0,1,1,2,1,1,2,8,0,1,4,0,0,0
201328111739,6,2,10,29,5,243.21251,1,7,6,2013,10,58,34,0,0,1,1,10,1,1,2,8,0,1,4,0,0,0
201328111741,4,2,10,29,5,364.81876,2,7,7,2013,12,34,12,1,0,2,1,2,1,1,2,8,0,2,1,0,0,0
201328111743,6,2,10,29,5,243.21251,1,7,1,2013,22,43,53,0,0,1,6,1,2,1,1,8,0,1,4,0,0,0
201328111744,5,2,10,29,5,121.606255,2,7,2,2013,10,25,12,6,0,2,1,1,1,2,2,8,0,2,1,0,0,0
201328111747,6,2,10,29,5,243.21251,2,7,2,2013,17,41,12,6,0,2,1,1,0,0,2,8,0,3,1,0,0,0
201328111748,2,2,10,29,5,121.606255,2,7,3,2013,18,51,12,7,0,1,1,2,0,0,2,8,0,1,1,0,0,0
201328111750,4,2,10,29,5,364.81876,2,7,3,2013,17,21,12,1,0,2,1,10,0,0,2,8,0,2,1,0,0,0
201328111754,4,2,10,29,5,364.81876,2,7,3,2013,19,28,12,1,0,2,1,10,0,0,2,8,0,2,1,0,0,0
201328111756,6,2,10,29,5,243.21251,2,7,4,2013,20,34,12,6,0,2,1,1,0,0,2,8,0,2,1,0,0,0
201328111757,5,2,10,29,5,121.606255,2,7,5,2013,19,12,12,1,0,1,1,1,1,1,2,8,0,1,1,0,0,0
201328111759,6,2,10,29,5,243.21251,2,7,5,2013,17,14,12,6,0,2,1,1,0,0,2,8,0,2,1,0,0,0
201328111760,5,2,10,29,5,121.606255,3,7,5,2013,8,52,12,6,0,2,1,1,2,1,2,8,0,3,1,0,0,0
201328111762,5,2,10,29,5,121.606255,2,7,5,2013,21,32,12,6,0,2,3,1,2,1,1,8,0,2,1,0,0,0
201328111763,4,2,10,29,5,364.81876,2,7,6,2013,11,34,12,1,0,2,1,1,0,0,2,8,0,2,1,0,0,0
201328111766,3,2,10,29,5,121.606255,1,7,7,2013,12,45,1,0,0,1,1,1,3,1,2,8,0,1,4,0,0,0
201328111767,6,2,10,29,5,243.21251,1,7,7,2013,20,31,42,0,0,2,1,1,2,1,2,8,0,3,5,0,0,0
201328111769,4,2,10,29,5,364.81876,2,7,1,2013,18,13,12,1,0,1,1,1,0,0,2,8,0,1,1,0,0,0
201328111771,6,2,10,29,5,243.21251,1,7,1,2013,15,15,24,0,0,1,1,1,0,0,2,8,0,1,4,0,0,0
201328111774,4,2,10,29,5,364.81876,2,7,2,2013,10,25,12,6,0,4,1,10,1,1,2,8,0,1,1,0,0,0
201328111776,6,2,10,29,5,243.21251,1,7,2,2013,23,46,53,0,0,1,3,1,0,0,1,8,0,1,4,0,0,0
201328111780,6,2,10,29,5,243.21251,1,7,4,2013,16,50,34,0,0,1,1,1,0,0,2,8,0,1,4,0,0,0
201328111782,6,2,10,29,5,243.21251,3,7,4,2013,16,18,12,1,0,1,1,1,1,1,2,8,0,1,1,0,0,0
201328111783,4,2,10,29,5,364.81876,2,7,6,2013,22,4,12,7,0,1,3,10,0,0,2,8,0,1,1,0,0,0
201328111786,5,2,10,29,5,121.606255,1,7,7,2013,0,46,42,0,0,2,2,1,2,2,2,8,0,10,5,0,0,0
201328111787,4,2,10,29,5,364.81876,1,7,7,2013,16,40,59,0,0,2,1,2,0,0,2,8,0,3,4,5,0,0
201328111790,4,2,10,29,5,364.81876,2,7,1,2013,16,47,12,7,0,4,1,1,0,0,2,8,0,1,1,0,0,0
201328111794,6,2,10,29,5,243.21251,1,7,2,2013,5,0,34,0,0,1,2,2,0,0,2,8,0,1,4,0,0,0
201328111795,4,2,10,29,5,364.81876,2,7,2,2013,12,44,12,1,0,4,1,2,0,0,2,8,0,1,1,0,0,0
201328111797,6,2,10,29,5,243.21251,3,7,2,2013,13,32,12,6,0,2,1,2,0,0,2,8,0,2,1,0,0,0
201328111802,5,2,10,29,5,121.606255,2,7,3,2013,16,20,12,1,0,2,1,10,1,2,2,8,0,2,1,0,0,0
201328111804,4,2,10,29,5,364.81876,2,7,4,2013,16,33,12,1,0,4,1,1,0,0,2,8,0,1,1,14,0,0
201328111807,4,2,10,29,5,364.81876,2,7,5,2013,11,51,12,1,0,2,1,1,0,0,2,8,0,2,1,0,0,0
201328111810,5,2,10,29,5,121.606255,2,7,5,2013,15,31,12,6,0,4,1,1,1,1,2,8,0,1,1,0,0,0
201328111811,4,2,10,29,5,364.81876,2,7,5,2013,14,21,12,1,0,4,1,1,0,0,2,8,0,1,1,0,0,0
201328111812,5,2,10,29,5,121.606255,1,7,5,2013,8,7,30,0,0,2,1,1,1,1,1,8,0,2,4,0,0,0
201328111813,6,2,10,29,5,243.21251,2,7,6,2013,10,0,12,2,0,2,1,1,0,0,2,8,0,3,1,0,0,0
201328111817,6,2,10,29,5,243.21251,1,7,7,2013,14,12,35,0,0,1,1,10,0,0,2,8,0,1,4,0,0,0
201328111819,4,2,10,29,5,364.81876,2,7,7,2013,12,45,12,1,0,2,1,2,0,0,2,8,0,2,1,0,0,0
201328111820,5,2,10,29,5,121.606255,2,7,1,2013,18,32,12,6,0,4,1,1,2,1,2,8,0,1,1,0,0,0
201328111821,6,2,10,29,5,243.21251,2,7,1,2013,3,40,14,0,0,1,3,1,0,0,2,8,1,1,7,0,0,0
201328111825,6,2,10,29,5,243.21251,2,7,2,2013,18,40,12,1,0,2,1,1,1,2,2,8,0,3,1,0,0,0
201328111827,6,2,10,29,5,243.21251,2,7,2,2013,8,4,12,6,0,4,1,1,1,1,2,8,0,1,1,0,0,0
201328111828,4,2,10,29,5,364.81876,3,7,3,2013,16,18,12,8,0,2,1,10,0,0,2,8,0,2,1,0,0,0
201328111831,4,2,10,29,5,364.81876,2,7,4,2013,17,13,12,1,0,2,1,10,0,0,2,8,0,2,1,0,0,0
201328111835,6,2,10,29,5,243.21251,2,8,5,2013,16,42,12,8,0,2,1,1,0,0,2,8,0,2,1,0,0,0
201328111836,5,2,10,29,5,121.606255,2,8,6,2013,6,3,12,1,0,2,4,1,1,1,2,8,0,2,1,0,0,0
201328111837,4,2,10,29,5,364.81876,2,8,7,2013,16,48,12,8,0,2,1,10,0,0,2,8,0,2,1,0,0,0
201328111839,5,2,10,29,5,121.606255,2,8,2,2013,18,41,12,6,0,2,1,1,1,2,2,8,0,2,1,0,0,0
201328111842,6,2,10,29,5,243.21251,2,8,3,2013,18,3,12,7,0,2,1,1,0,0,2,8,0,2,1,0,0,0
201328111843,4,2,10,29,5,364.81876,2,8,3,2013,15,35,12,1,0,2,1,1,0,0,2,8,0,2,1,0,0,0
201328111847,5,2,10,29,5,121.606255,2,8,6,2013,11,56,12,6,0,2,1,10,1,1,2,8,0,2,1,0,0,0
201328111848,4,2,10,29,5,364.81876,2,8,6,2013,10,13,12,1,0,4,1,2,0,0,2,8,0,1,1,0,0,0
201328111849,6,2,10,29,5,243.21251,1,8,7,2013,8,42,59,0,0,1,1,10,0,0,2,8,0,1,4,0,0,0
201328111860,1,2,4,29,5,38.981457,2,7,1,2013,12,3,12,6,0,2,1,1,3,3,2,8,0,3,1,0,0,0
201328111863,4,2,4,29,5,350.8331,1,7,2,2013,18,10,42,0,0,1,1,2,0,0,2,8,0,1,4,0,0,0
201328111866,5,2,4,29,5,77.96291,1,8,6,2013,0,58,24,0,0,1,2,1,2,1,1,8,0,1,4,0,0,0
201328111872,4,2,5,29,5,351.78748,2,7,3,2013,11,9,12,1,0,2,1,1,0,0,2,1,0,2,1,0,0,0
201328111881,5,2,5,29,5,87.94687,4,7,2,2013,19,14,12,6,0,2,1,1,2,2,2,1,0,2,1,0,0,0
201328111883,1,2,5,29,5,43.973434,2,8,7,2013,22,46,12,2,0,2,3,1,3,2,2,1,0,2,1,0,0,0
201328111884,4,2,5,29,5,351.78748,2,8,4,2013,19,21,12,1,0,1,1,1,0,0,2,1,0,1,1,0,0,0
201328111889,6,2,5,29,5,219.86719,1,8,7,2013,5,48,38,0,0,1,3,10,0,0,2,1,0,1,4,0,0,0
201328111891,2,2,5,29,5,43.973434,2,8,2,2013,17,10,12,1,0,1,1,10,2,1,2,1,0,1,1,0,0,0
201328111893,3,2,5,29,5,43.973434,1,8,5,2013,22,29,8,0,0,2,3,1,3,2,1,1,0,3,1,0,0,0
201328111896,4,2,5,29,5,351.78748,2,8,7,2013,12,18,54,11,1,5,1,1,0,0,2,1,0,1,1,14,0,0
201328111902,6,2,2,31,6,184.5729,1,7,4,2013,2,39,18,0,0,1,2,10,0,0,2,8,0,1,1,0,0,0
201328111905,1,2,2,31,6,61.5243,1,7,5,2013,14,31,42,0,0,1,1,1,3,1,2,8,0,1,4,0,0,0
201328111908,1,2,2,31,6,61.5243,2,7,3,2013,12,18,12,6,0,2,1,1,3,3,2,8,0,2,1,0,0,0
201328111909,4,2,2,31,6,369.1458,1,7,4,2013,4,20,11,0,0,1,2,1,0,0,2,8,0,1,1,0,0,0
201328111910,6,2,2,31,6,184.5729,1,7,4,2013,8,52,53,0,0,1,1,1,0,0,2,8,0,1,4,0,0,0
201328111914,5,2,2,31,6,61.5243,1,7,2,2013,6,42,34,0,0,1,4,2,2,1,2,8,0,1,4,0,0,0
201328111917,5,2,2,31,6,61.5243,1,7,5,2013,0,14,53,0,0,1,2,1,2,2,1,8,0,1,4,0,0,0
201328111918,6,2,2,31,6,184.5729,3,7,5,2013,15,14,12,6,0,2,1,1,0,0,2,8,0,2,1,0,0,0
201328111921,4,2,2,31,6,369.1458,1,7,2,2013,6,7,53,0,0,1,2,1,0,0,2,8,0,1,4,0,0,0
201328111926,6,2,2,31,6,184.5729,1,8,5,2013,0,1,18,0,0,1,2,10,2,1,2,8,0,1,2,0,0,0
201328111931,4,2,2,31,6,369.1458,1,8,6,2013,7,22,11,0,0,1,1,2,0,0,2,8,0,1,1,0,0,0
201328111933,6,2,2,31,6,184.5729,1,8,6,2013,9,37,11,0,0,1,1,10,0,0,2,8,0,1,1,0,0,0
201328111935,5,2,2,31,6,61.5243,1,8,7,2013,17,36,30,0,0,1,1,10,1,2,2,8,0,1,4,0,0,0
201328111940,2,2,2,31,6,61.5243,2,8,3,2013,18,31,12,7,0,4,1,10,0,0,2,8,0,1,1,0,0,0
201328111941,5,2,2,31,6,61.5243,2,8,4,2013,10,18,12,6,0,2,1,1,2,2,2,8,0,2,1,0,0,0
201328111947,3,2,3,31,6,61.5243,2,7,7,2013,15,0,12,7,0,2,1,1,2,2,2,1,0,2,1,0,0,0
201328111948,3,2,3,31,6,61.5243,1,7,2,2013,15,11,9,0,0,2,1,1,2,1,2,1,0,2,1,0,0,0
201328111949,4,2,3,31,6,369.1458,2,7,3,2013,14,5,12,1,0,2,1,10,0,0,2,1,0,2,1,0,0,0
201328111957,6,2,3,31,6,184.5729,2,8,3,2013,6,4,12,6,0,2,4,1,1,1,2,1,0,2,1,0,0,0
201328111959,4,2,3,31,6,369.1458,2,8,4,2013,18,34,12,1,0,2,1,10,0,0,2,1,0,2,1,0,0,0
201328111965,6,2,3,31,6,184.5729,2,8,7,2013,23,5,12,6,0,4,3,10,0,0,2,1,0,1,1,0,0,0
201328111968,4,2,3,31,6,369.1458,2,8,2,2013,11,13,12,6,0,2,1,1,0,0,2,1,0,2,1,0,0,0
201328111974,4,2,3,31,6,369.1458,2,8,2,2013,10,48,14,0,0,1,1,1,0,0,2,1,1,1,7,0,0,0
201328111978,2,2,4,31,6,61.5243,3,7,5,2013,13,45,12,1,0,2,1,1,2,2,2,8,0,2,1,0,0,0
201328111982,4,2,4,31,6,369.1458,1,7,1,2013,23,11,11,0,0,1,2,1,0,0,2,8,0,1,1,0,0,0
201328111984,6,2,4,31,6,184.5729,2,7,3,2013,5,40,12,1,0,1,2,1,1,1,2,8,0,1,1,0,0,0
201328111986,5,2,4,31,6,61.5243,1,7,4,2013,14,25,53,0,0,1,1,10,1,1,2,8,0,1,4,0,0,0
201328111990,3,2,4,31,6,61.5243,1,8,5,2013,13,34,1,0,0,1,1,10,3,1,2,8,0,1,1,0,0,0
201328111992,4,2,4,31,6,369.1458,1,8,4,2013,6,48,11,0,0,1,1,1,0,0,2,8,0,1,1,0,0,0
201328111993,3,2,4,31,6,61.5243,1,8,4,2013,10,49,9,0,0,1,1,10,3,2,2,8,0,1,2,0,0,0
201328111994,3,2,4,31,6,61.5243,1,8,5,2013,5,29,11,0,0,1,2,1,2,1,2,8,0,1,1,0,0,0
201328111995,3,2,4,31,6,61.5243,2,8,7,2013,16,28,12,1,0,2,1,1,3,2,2,8,0,3,1,0,0,0
201328112024,3,2,4,29,5,38.981457,1,9,4,2013,13,45,9,0,0,1,1,10,2,1,2,8,0,1,1,0,0,0
201328112026,6,2,4,29,5,194.90729,2,9,7,2013,15,6,12,1,0,2,1,1,0,0,2,8,0,3,1,0,0,0
201328112028,3,2,4,29,5,38.981457,1,9,3,2013,23,34,11,0,0,1,2,1,3,1,2,8,0,1,1,0,0,0
201328112037,6,2,3,31,6,184.5729,2,8,6,2013,14,47,12,1,0,2,1,10,0,0,2,1,0,,1,0,0,0
201328112039,5,2,3,31,6,61.5243,3,8,7,2013,20,44,14,0,0,1,3,1,1,1,2,1,2,1,5,14,0,0
201328112043,4,2,3,31,6,369.1458,2,8,4,2013,20,29,14,0,0,1,5,1,0,0,2,1,1,1,5,0,0,0
201328112048,6,2,3,31,6,184.5729,2,8,7,2013,21,17,14,0,0,1,3,1,2,1,2,1,1,1,7,0,0,0
201328112050,4,2,3,31,6,369.1458,2,9,3,2013,16,24,12,9,0,1,1,1,0,0,2,1,0,1,1,0,0,0
201328112051,3,2,3,31,6,61.5243,1,9,4,2013,17,53,8,0,0,1,1,1,2,1,1,1,0,1,1,,,
201328112056,1,2,3,31,6,61.5243,2,9,6,2013,5,59,14,0,0,1,2,1,3,1,2,1,1,1,7,0,0,0
201328112059,4,2,3,31,6,369.1458,2,9,6,2013,13,28,14,0,0,1,1,1,0,0,2,1,1,1,7,0,0,0
201328112065,4,2,3,31,6,369.1458,2,9,4,2013,16,16,12,6,0,4,1,1,0,0,2,1,0,1,1,0,0,0
201328112072,4,2,3,31,6,369.1458,2,9,2,2013,9,23,12,1,0,2,1,1,0,0,2,1,0,2,1,0,0,0
201328112078,4,2,3,31,6,369.1458,3,9,4,2013,17,27,12,1,0,2,1,1,0,0,2,1,0,2,1,0,0,0
201328112081,5,2,3,31,6,61.5243,2,9,5,2013,11,36,12,6,0,2,1,10,1,1,2,1,0,2,1,0,0,0
201328112082,5,2,3,31,6,61.5243,2,9,5,2013,17,28,12,6,0,4,1,2,1,1,2,1,0,1,1,0,0,0
201328112085,4,2,4,31,6,369.1458,1,8,3,2013,6,45,11,0,0,1,1,1,0,0,2,8,0,1,1,0,0,0
201328112091,4,2,4,31,6,369.1458,3,8,6,2013,12,20,12,1,0,4,1,10,0,0,2,8,0,1,1,0,0,0
201328112093,6,2,4,31,6,184.5729,1,9,4,2013,4,6,53,0,0,1,1,1,0,0,2,8,0,1,4,0,0,0
201328112096,3,2,4,31,6,61.5243,1,9,1,2013,5,0,34,0,0,1,2,1,3,2,1,8,0,1,4,0,0,0
201328112101,5,2,4,31,6,61.5243,1,9,6,2013,22,22,34,0,0,1,2,2,2,1,1,8,0,1,4,0,0,0
201328112102,4,2,4,31,6,369.1458,2,9,3,2013,7,50,12,1,0,1,4,1,0,0,2,8,0,1,1,0,0,0
201328112104,6,2,4,31,6,184.5729,1,9,5,2013,20,56,42,0,0,1,2,10,0,0,2,8,0,1,6,0,0,0
201328112121,5,2,2,31,6,61.5243,2,8,7,2013,16,23,12,6,0,2,1,10,2,3,2,8,0,2,1,0,0,0
201328112123,5,2,2,31,6,61.5243,2,8,2,2013,15,58,12,6,0,2,1,10,2,1,2,8,0,2,1,0,0,0
201328112124,6,2,2,31,6,184.5729,4,8,3,2013,1,9,12,1,0,2,2,1,0,0,2,8,0,2,1,0,0,0
201328112127,6,2,2,31,6,184.5729,1,8,5,2013,21,44,34,0,0,1,2,10,0,0,1,8,0,1,4,0,0,0
201328112128,4,2,2,31,6,369.1458,2,8,7,2013,8,3,12,11,0,4,1,1,0,0,2,8,0,1,1,0,0,0
201328112129,5,2,2,31,6,61.5243,1,8,1,2013,2,16,34,0,0,1,2,1,2,1,1,8,0,1,4,0,0,0