CASENUM,STRATUM,REGION,PJ,PSU,PSUSTRAT,WEIGHT,VE_TOTAL,MONTH,WKDY_IM,YEAR,HOUR_IM,MINUTE_IM,EVENT1_IM,MANCOL_IM,RELJCT1_IM,RELJCT2_IM,LGTCON_IM,WEATHR_IM,MAXSEV_IM,NO_INJ_IM,ALCHL_IM,LAND_USE,PVH_INVL,TYP_INT,REL_ROAD,CF1,CF2,CF3
201328112782,5,2,4,31,6,61.5243,1,11,5,2013,0,24,30,0,0,1,2,2,2,3,2,8,0,1,4,0,0,0
201328112784,4,2,4,31,6,369.1458,1,11,6,2013,6,35,11,0,0,1,4,1,0,0,2,8,0,1,1,0,0,0
201328112786,5,2,4,31,6,61.5243,1,11,7,2013,1,34,21,0,0,1,2,1,2,1,2,8,0,1,4,0,0,0
201328112787,6,2,4,31,6,184.5729,1,11,1,2013,1,35,11,0,0,1,2,1,0,0,2,8,0,1,1,0,0,0
201328112793,6,2,4,31,6,184.5729,1,11,3,2013,7,6,59,0,0,1,4,10,0,0,2,8,0,1,4,0,0,0
201328112797,4,2,4,31,6,369.1458,2,11,4,2013,15,51,12,6,0,4,1,1,0,0,2,8,0,1,1,0,0,0
201328112803,6,2,4,31,6,184.5729,1,11,1,2013,19,16,18,0,0,1,2,2,0,0,2,8,0,1,1,0,0,0
201328112805,4,2,4,31,6,369.1458,1,11,3,2013,22,29,42,0,0,1,2,1,0,0,2,8,0,1,4,0,0,0
201328112807,6,2,4,31,6,184.5729,1,11,4,2013,6,57,11,0,0,1,4,1,0,0,2,8,0,1,1,0,0,0
201328112810,4,2,10,29,5,364.81876,1,10,4,2013,21,29,11,0,0,1,2,1,0,0,2,8,0,1,1,0,0,0
201328112812,6,2,10,29,5,243.21251,2,10,4,2013,8,27,12,1,0,2,1,2,1,1,2,8,0,3,1,0,0,0
201328112816,5,2,10,29,5,121.606255,2,10,5,2013,8,20,12,6,0,2,1,1,2,2,2,8,0,3,1,0,0,0
201328112817,6,2,10,29,5,243.21251,3,10,6,2013,7,13,12,1,0,1,4,5,2,2,2,8,0,1,1,0,0,0
201328112820,4,2,10,29,5,364.81876,2,10,6,2013,15,20,12,7,0,2,1,1,0,0,2,8,0,3,1,0,0,0
201328112821,6,2,10,29,5,243.21251,2,10,7,2013,12,12,12,6,0,2,1,2,0,0,2,8,0,3,1,0,0,0
201328112824,5,2,10,29,5,121.606255,4,10,1,2013,12,56,12,1,0,2,1,1,2,1,2,8,0,2,1,0,0,0
201328112829,4,2,10,29,5,364.81876,1,10,2,2013,22,34,11,0,0,1,2,2,0,0,2,8,0,1,1,0,0,0
201328112832,4,2,10,29,5,364.81876,1,10,4,2013,14,0,11,0,0,1,1,10,0,0,2,8,0,1,1,0,0,0
201328112835,4,2,10,29,5,364.81876,2,10,4,2013,9,54,12,6,0,2,1,2,0,0,2,8,0,3,1,0,0,0
201328112836,1,2,10,29,5,121.606255,2,10,4,2013,7,7,12,8,0,2,2,2,3,2,2,8,0,3,1,0,0,0
201328112838,6,2,10,29,5,243.21251,1,10,5,2013,5,27,11,0,0,1,2,10,0,0,2,8,0,1,1,0,0,0
201328112841,6,2,10,29,5,243.21251,2,10,5,2013,16,19,12,1,0,1,1,10,1,1,2,8,0,1,1,0,0,0
201328112843,6,2,10,29,5,243.21251,2,10,6,2013,16,0,12,6,0,2,1,1,0,0,2,8,0,2,1,0,0,0
201328112844,4,2,10,29,5,364.81876,2,10,6,2013,23,36,12,1,0,2,3,1,0,0,2,8,0,3,1,0,0,0
201328112848,4,2,10,29,5,364.81876,1,10,7,2013,4,17,11,0,0,2,2,1,0,0,2,8,0,3,1,0,0,0
201328112851,3,2,10,29,5,121.606255,1,10,7,2013,23,36,5,0,0,4,2,1,3,1,2,8,0,1,1,0,0,0
201328112852,6,2,10,29,5,243.21251,2,10,1,2013,8,24,38,0,0,1,1,1,2,1,2,8,1,1,5,0,0,0
201328112853,4,2,10,29,5,364.81876,2,10,1,2013,10,14,12,6,0,2,1,1,1,1,2,8,0,2,1,0,0,0
201328112854,3,2,10,29,5,121.606255,1,10,2,2013,11,43,8,0,0,1,1,10,3,1,2,8,0,1,1,0,0,0
201328112857,4,2,10,29,5,364.81876,2,10,2,2013,8,55,12,6,0,2,1,1,0,0,2,8,0,3,1,0,0,0
201328112860,4,2,10,29,5,364.81876,1,10,3,2013,6,29,11,0,0,1,2,1,0,0,2,8,0,1,1,0,0,0
201328112863,6,2,10,29,5,243.21251,2,10,4,2013,14,22,12,8,0,2,1,2,0,0,2,8,0,4,1,0,0,0
201328112865,6,2,10,29,5,243.21251,1,10,5,2013,21,45,30,0,0,1,2,2,1,1,2,8,0,1,4,0,0,0
201328112866,5,2,10,29,5,121.606255,1,10,5,2013,13,18,42,0,0,1,1,2,1,1,2,8,0,1,4,0,0,0
201328112869,4,2,10,29,5,364.81876,2,10,5,2013,13,20,12,6,0,4,1,2,0,0,2,8,0,1,1,0,0,0
201328112872,4,2,10,29,5,364.81876,1,11,6,2013,20,22,18,0,0,1,2,1,0,0,2,8,0,1,1,0,0,0
201328112873,6,2,10,29,5,243.21251,2,11,6,2013,15,9,12,1,0,2,1,10,0,0,2,8,0,3,1,0,0,0
201328112876,1,2,10,29,5,121.606255,2,11,6,2013,0,15,12,1,0,1,2,2,3,2,2,8,0,1,1,0,0,0
201328112878,4,2,10,29,5,364.81876,2,11,7,2013,9,45,12,10,0,4,1,10,0,0,2,8,0,1,1,0,0,0
201328112879,6,2,10,29,5,243.21251,1,11,7,2013,2,12,11,0,0,1,2,1,0,0,2,8,0,1,1,0,0,0
201328112880,5,2,10,29,5,121.606255,1,11,7,2013,9,57,42,0,0,1,1,10,1,1,2,8,0,1,4,0,0,0
201328112882,6,2,10,29,5,243.21251,2,11,7,2013,15,12,12,7,0,2,1,1,0,0,2,8,0,3,1,0,0,0
201328112885,4,2,10,29,5,364.81876,2,11,1,2013,18,37,12,6,0,2,3,10,0,0,2,8,0,2,1,0,0,0
201328112889,6,2,10,29,5,243.21251,1,11,3,2013,15,29,32,0,0,1,1,1,0,0,2,8,0,1,4,0,0,0
201328112891,6,2,10,29,5,243.21251,2,11,4,2013,14,42,12,6,0,4,1,2,0,0,2,8,0,1,1,0,0,0
201328112892,4,2,10,29,5,364.81876,3,11,5,2013,10,0,12,1,0,2,1,1,0,0,2,8,0,3,1,0,0,0
201328112895,4,2,10,29,5,364.81876,2,11,6,2013,15,45,12,1,0,2,1,1,0,0,2,8,0,2,1,0,0,0
201328112898,2,2,10,29,5,121.606255,1,11,6,2013,9,23,30,0,0,1,1,1,0,0,2,8,0,1,4,0,0,0
201328112899,6,2,10,29,5,243.21251,2,11,6,2013,16,4,12,6,0,2,1,1,0,0,2,8,0,2,1,0,0,0
201328112901,4,2,10,29,5,364.81876,2,11,6,2013,15,38,12,1,0,2,1,1,0,0,2,8,0,3,1,0,0,0
201328112904,5,2,10,29,5,121.606255,2,11,7,2013,15,24,12,6,0,2,1,1,2,4,2,8,0,2,1,0,0,0
201328112905,4,2,10,29,5,364.81876,1,11,7,2013,19,8,11,0,0,1,2,1,0,0,2,8,0,1,1,0,0,0
201328112908,4,2,10,29,5,364.81876,1,11,1,2013,19,9,11,0,0,1,2,1,0,0,2,8,0,1,1,0,0,0
201328112911,4,2,10,29,5,364.81876,1,11,2,2013,21,30,11,0,0,1,2,2,0,0,2,8,0,1,1,0,0,0
201328112915,6,2,10,29,5,243.21251,2,11,2,2013,18,4,12,6,0,4,3,2,0,0,2,8,0,1,1,0,0,0
201328112916,4,2,10,29,5,364.81876,2,11,2,2013,16,41,12,1,0,2,1,2,0,0,2,8,0,3,1,0,0,0
201328112918,6,2,10,29,5,243.21251,2,11,2,2013,11,30,12,6,0,2,1,1,2,1,2,8,0,2,1,0,0,0
201328112920,1,2,10,29,5,121.606255,1,11,2,2013,20,21,42,0,0,1,3,2,3,1,2,8,0,1,4,0,0,0
201328112922,2,2,10,29,5,121.606255,1,11,2,2013,5,0,43,0,0,1,2,10,0,0,2,8,0,1,4,0,0,0
201328112923,5,2,10,29,5,121.606255,2,11,3,2013,12,14,12,6,0,2,1,1,2,1,2,8,0,2,1,0,0,0
201328112925,6,2,10,29,5,243.21251,2,11,3,2013,10,19,12,1,0,2,1,1,0,0,2,8,0,3,1,0,0,0
201328112927,6,2,10,29,5,243.21251,1,11,3,2013,11,0,43,0,0,1,1,1,0,0,2,8,0,1,4,0,0,0
201328112929,6,2,10,29,5,243.21251,2,11,4,2013,13,41,12,6,0,2,1,1,0,0,2,8,0,2,1,0,0,0
201328112931,4,2,10,29,5,364.81876,1,11,4,2013,17,35,11,0,0,1,2,1,0,0,2,8,0,1,1,0,0,0
201328112932,5,2,10,29,5,121.606255,2,11,5,2013,10,16,12,2,0,2,1,1,1,3,2,8,0,2,1,0,0,0
201328112935,6,2,10,29,5,243.21251,1,11,6,2013,15,55,11,0,0,1,1,1,2,1,2,8,0,1,1,0,0,0
201328112936,4,2,10,29,5,364.81876,1,11,6,2013,19,30,11,0,0,1,2,10,0,0,2,8,0,1,1,0,0,0
201328112938,5,2,10,29,5,121.606255,1,11,7,2013,15,20,30,0,0,1,1,10,1,1,2,8,0,1,4,0,0,0
201328112939,6,2,10,29,5,243.21251,1,11,7,2013,1,30,30,0,0,1,2,10,0,0,2,8,0,1,4,0,0,0
201328112940,5,2,10,29,5,121.606255,2,11,7,2013,7,59,12,6,0,2,1,10,1,5,2,8,0,2,1,0,0,0
201328112944,4,2,10,29,5,364.81876,1,11,7,2013,18,45,11,0,0,1,3,1,0,0,2,8,0,1,1,0,0,0
201328112945,6,2,10,29,5,243.21251,1,11,7,2013,1,35,11,0,0,1,2,1,0,0,2,8,0,1,1,0,0,0
201328112946,3,2,10,29,5,121.606255,2,11,7,2013,13,30,12,1,0,1,1,10,2,2,2,8,0,1,1,0,0,0
201328112947,1,2,4,29,5,38.981457,1,10,1,2013,3,40,30,0,0,1,1,2,3,1,2,8,0,1,4,0,0,0
201328112952,1,2,4,29,5,38.981457,1,10,1,2013,18,56,42,0,0,1,1,1,3,1,1,8,0,1,4,0,0,0
201328112954,6,2,4,29,5,194.90729,1,10,2,2013,19,11,11,0,0,1,2,1,0,0,2,8,0,1,1,0,0,0
201328112958,4,2,4,29,5,350.8331,1,10,5,2013,7,30,11,0,0,1,1,1,0,0,2,8,0,1,1,0,0,0
201328112959,5,2,4,29,5,77.96291,2,11,6,2013,6,14,12,8,0,1,2,1,2,1,2,8,0,1,1,0,0,0
201328112965,3,2,4,29,5,38.981457,1,11,5,2013,14,56,42,0,0,4,1,10,2,1,1,8,0,1,4,0,0,0
201328112967,6,2,4,29,5,194.90729,1,11,3,2013,18,6,11,0,0,1,2,10,0,0,2,8,0,1,1,0,0,0
201328112975,1,2,5,29,5,43.973434,2,10,7,2013,12,0,12,2,0,2,1,1,3,2,2,1,0,2,1,0,0,0
201328112976,2,2,5,29,5,43.973434,3,10,1,2013,13,16,12,6,0,2,1,1,2,2,2,1,0,3,1,0,0,0
201328112977,6,2,5,29,5,219.86719,2,10,2,2013,18,47,12,7,0,2,2,1,0,0,2,1,0,4,1,0,0,0
201328112980,4,2,5,29,5,351.78748,2,10,3,2013,10,31,12,7,0,2,1,1,0,0,2,1,0,3,1,0,0,0
201328112984,1,2,5,29,5,43.973434,1,11,7,2013,0,34,42,0,0,1,3,1,3,1,1,1,0,1,4,0,0,0
201328112990,4,2,5,29,5,351.78748,1,11,4,2013,5,24,11,0,0,1,2,1,0,0,2,1,0,1,1,0,0,0
201328113000,6,2,5,29,5,219.86719,1,11,3,2013,17,37,42,0,0,1,1,10,1,1,1,1,0,1,4,0,0,0
201328113001,5,2,5,29,5,87.94687,2,11,6,2013,16,29,12,1,0,2,5,10,2,1,2,1,0,,1,0,0,0
201328113022,4,2,4,29,5,350.8331,1,11,4,2013,6,18,11,0,0,1,2,1,0,0,2,8,0,1,1,0,0,0
201328113030,6,2,4,29,5,194.90729,1,12,3,2013,8,12,24,0,1,5,4,5,0,0,2,8,0,1,4,0,0,0
201328113032,5,2,4,29,5,77.96291,1,12,6,2013,6,5,30,0,0,1,3,4,1,2,2,8,0,1,4,0,0,0
201328113036,4,2,4,29,5,350.8331,2,12,7,2013,9,0,12,11,0,4,1,1,0,0,2,8,0,1,1,0,0,0
201328113037,1,2,4,29,5,38.981457,1,12,7,2013,13,6,42,0,0,1,1,1,3,1,2,8,0,1,4,0,0,0
201328113049,4,2,5,29,5,351.78748,3,11,3,2013,14,20,14,0,0,1,1,1,0,0,2,1,2,1,7,14,0,0
201328113054,6,2,5,29,5,219.86719,2,11,3,2013,18,18,12,6,0,1,3,4,1,1,2,1,0,1,1,0,0,0
201328113062,4,2,5,29,5,351.78748,2,12,6,2013,17,29,12,6,0,2,3,4,0,0,2,1,0,2,1,0,0,0
201328113073,4,2,5,29,5,351.78748,2,12,4,2013,16,16,12,1,0,2,1,1,0,0,2,1,0,2,1,0,0,0
201328113074,6,2,5,29,5,219.86719,2,12,4,2013,8,56,12,6,1,2,1,1,0,0,2,1,0,2,1,0,0,0
201328113084,6,2,10,29,5,243.21251,2,11,1,2013,18,56,12,6,0,2,3,2,2,1,1,8,0,2,1,0,0,0
201328113087,6,2,10,29,5,243.21251,2,11,1,2013,17,0,12,1,0,2,1,2,0,0,2,8,0,3,1,0,0,0
201328113088,4,2,10,29,5,364.81876,2,11,2,2013,13,19,12,7,1,2,1,1,0,0,2,8,0,3,1,0,0,0
201328113092,4,2,10,29,5,364.81876,1,11,3,2013,8,3,11,0,0,1,1,10,0,0,2,8,0,1,1,0,0,0
201328113095,6,2,10,29,5,243.21251,2,11,3,2013,14,5,12,6,0,2,1,1,2,2,2,8,0,2,1,0,0,0
201328113097,5,2,10,29,5,121.606255,1,11,3,2013,7,18,11,0,0,1,4,1,2,1,2,8,0,1,1,0,0,0
201328113098,4,2,10,29,5,364.81876,2,11,5,2013,10,49,12,1,0,2,1,1,0,0,2,8,0,2,1,0,0,0
201328113101,4,2,10,29,5,364.81876,2,11,5,2013,6,40,12,1,1,2,2,2,0,0,2,8,0,2,1,0,0,0
201328113104,5,2,10,29,5,121.606255,2,11,5,2013,8,15,12,1,0,1,1,1,2,1,2,8,0,1,1,0,0,0
201328113105,4,2,10,29,5,364.81876,2,11,5,2013,15,58,12,1,0,2,1,10,0,0,2,8,0,2,1,0,0,0
201328113108,4,2,10,29,5,364.81876,2,11,6,2013,18,45,12,1,0,1,2,1,0,0,2,8,0,1,1,0,0,0
201328113109,6,2,10,29,5,243.21251,1,11,7,2013,19,48,24,0,0,1,2,4,0,0,2,8,0,1,4,0,0,0
201328113112,4,2,10,29,5,364.81876,1,11,6,2013,21,1,11,0,0,1,2,1,0,0,2,8,0,1,1,0,0,0
201328113114,5,2,10,29,5,121.606255,2,11,1,2013,17,54,12,1,0,1,2,10,2,2,2,8,0,1,1,0,0,0
201328113115,6,2,10,29,5,243.21251,2,11,1,2013,17,2,12,6,0,2,5,1,0,0,2,8,0,2,1,0,0,0
201328113118,5,2,10,29,5,121.606255,2,11,1,2013,13,34,12,6,0,2,1,1,1,3,2,8,0,2,1,0,0,0
201328113119,4,2,10,29,5,364.81876,2,11,2,2013,13,9,12,7,0,1,1,10,0,0,2,8,0,1,1,0,0,0
201328113141,4,2,10,29,5,364.81876,1,11,3,2013,21,54,11,0,0,1,2,10,0,0,2,8,0,1,1,0,0,0
201328113143,6,2,10,29,5,243.21251,1,11,3,2013,16,28,24,0,0,1,1,1,0,0,2,8,0,1,4,0,0,0
201328113146,4,2,10,29,5,364.81876,1,11,3,2013,9,15,59,0,0,2,1,3,0,0,2,8,0,3,4,0,0,0
201328113147,6,2,10,29,5,243.21251,2,11,3,2013,17,5,12,1,0,1,5,4,0,0,2,8,0,1,1,0,0,0
201328113150,4,2,10,29,5,364.81876,1,11,4,2013,6,4,11,0,0,1,2,1,0,0,2,8,0,1,1,0,0,0
201328113154,6,2,10,29,5,243.21251,1,11,4,2013,5,25,11,0,0,1,2,10,0,0,2,8,0,1,1,0,0,0
201328113156,5,2,10,29,5,121.606255,1,11,4,2013,10,26,42,0,0,1,1,10,2,1,2,8,0,1,4,0,0,0
201328113157,4,2,10,29,5,364.81876,3,11,4,2013,16,4,12,1,0,2,1,10,1,1,2,8,0,2,1,0,0,0
201328113158,6,2,10,29,5,243.21251,2,11,5,2013,21,12,12,1,0,2,3,1,1,1,2,8,0,2,1,0,0,0
201328113160,6,2,10,29,5,243.21251,2,11,6,2013,15,26,12,6,0,4,1,1,0,0,2,8,0,1,1,0,0,0
201328113164,6,2,10,29,5,243.21251,1,11,7,2013,6,43,34,0,0,1,4,1,0,0,2,8,0,1,4,0,0,0
201328113165,4,2,10,29,5,364.81876,1,11,7,2013,1,9,34,0,0,2,2,1,0,0,1,8,0,3,4,0,0,0
201328113168,4,2,10,29,5,364.81876,2,11,7,2013,11,14,12,6,0,2,1,1,0,0,2,8,0,2,1,0,0,0
201328113172,4,2,10,29,5,364.81876,1,12,2,2013,15,10,11,0,0,1,1,10,0,0,2,8,0,1,1,0,0,0
201328113175,4,2,10,29,5,364.81876,2,12,3,2013,17,45,12,1,0,1,3,1,0,0,2,8,0,1,1,0,0,0
201328113178,4,2,10,29,5,364.81876,1,12,4,2013,17,42,11,0,0,1,2,2,0,0,2,8,0,1,1,0,0,0
201328113179,6,2,10,29,5,243.21251,1,12,4,2013,22,28,42,0,0,1,2,10,0,0,1,8,0,1,4,0,0,0
201328113181,5,2,10,29,5,121.606255,1,12,4,2013,9,3,30,0,0,1,1,10,2,1,1,8,0,1,4,0,0,0
201328113182,6,2,10,29,5,243.21251,1,12,4,2013,16,50,30,0,0,1,1,10,0,0,2,8,0,1,4,0,0,0
201328113185,4,2,10,29,5,364.81876,2,12,4,2013,13,40,12,1,0,2,1,10,1,1,2,8,0,2,1,0,0,0
201328113189,4,2,10,29,5,364.81876,2,12,6,2013,14,10,14,0,0,1,1,4,0,0,2,8,1,1,2,0,0,0
201328113190,5,2,10,29,5,121.606255,1,12,6,2013,4,25,25,0,0,1,2,3,1,2,2,8,0,1,3,0,0,0
201328113191,6,2,10,29,5,243.21251,2,12,6,2013,18,34,12,1,0,2,2,4,0,0,2,8,0,2,1,0,0,0
201328113193,6,2,10,29,5,243.21251,1,12,6,2013,12,30,30,0,0,1,1,4,0,0,2,8,0,1,4,0,0,0
201328113197,4,2,10,29,5,364.81876,1,12,6,2013,15,0,43,0,0,2,1,4,0,0,2,8,0,2,4,0,0,0
201328113200,4,2,10,29,5,364.81876,1,12,6,2013,16,30,30,0,0,1,1,4,0,0,2,8,0,1,4,0,0,0
201328113202,6,2,10,29,5,243.21251,2,12,6,2013,16,38,12,6,0,4,2,4,0,0,2,8,0,1,1,0,0,0
201328113205,4,2,10,29,5,364.81876,2,12,7,2013,18,31,12,7,0,2,3,10,0,0,2,8,0,2,1,0,0,0
201328113206,6,2,10,29,5,243.21251,2,12,7,2013,14,40,12,1,0,2,1,1,0,0,2,8,0,2,1,0,0,0
201328113209,6,2,10,29,5,243.21251,3,12,2,2013,19,0,12,1,0,2,3,1,0,0,2,8,0,3,1,0,0,0
201328113211,4,2,10,29,5,364.81876,2,12,2,2013,20,41,12,8,0,1,3,1,0,0,2,8,0,1,1,0,0,0
201328113213,6,2,10,29,5,243.21251,1,12,2,2013,11,40,30,0,0,1,1,10,0,0,2,8,0,1,4,0,0,0
201328113217,6,2,10,29,5,243.21251,1,12,3,2013,18,5,34,0,0,1,2,1,0,0,2,8,0,1,4,0,0,0
201328113218,4,2,10,29,5,364.81876,1,12,3,2013,2,5,59,0,0,1,2,4,0,0,2,8,0,1,4,0,0,0
201328113222,6,2,10,29,5,243.21251,1,12,4,2013,5,15,11,0,0,1,2,1,0,0,2,8,0,1,1,0,0,0
201328113223,4,2,10,29,5,364.81876,1,12,4,2013,4,45,11,0,0,1,2,10,0,0,2,8,0,1,1,0,0,0
201328113227,6,2,10,29,5,243.21251,2,12,5,2013,17,43,12,6,0,2,3,10,0,0,2,8,0,2,1,0,0,0
201328113228,4,2,10,29,5,364.81876,3,12,5,2013,12,19,12,1,0,2,1,1,0,0,2,8,0,2,1,0,0,0
201328113231,4,2,10,29,5,364.81876,2,12,6,2013,17,54,12,6,0,4,3,1,1,2,2,8,0,1,1,0,0,0
201328113232,5,2,10,29,5,121.606255,2,12,6,2013,16,17,12,6,0,2,1,1,1,1,2,8,0,3,1,0,0,0
201328113235,4,2,10,29,5,364.81876,2,12,7,2013,14,58,12,6,0,2,1,2,0,0,2,8,0,2,1,0,0,0
201328113239,4,2,10,29,5,364.81876,2,12,7,2013,21,20,14,0,0,1,2,10,0,0,2,8,1,1,7,0,0,0
201328113240,6,2,10,29,5,243.21251,1,12,7,2013,22,30,42,0,0,1,2,10,0,0,2,8,0,1,4,0,0,0
201328113244,4,2,10,29,5,364.81876,2,12,1,2013,11,33,12,1,0,1,1,10,0,0,2,8,0,1,1,0,0,0
201328113247,4,2,10,29,5,364.81876,2,12,2,2013,8,17,14,0,0,1,1,4,0,0,2,8,1,1,2,0,0,0
201328113248,6,2,10,29,5,243.21251,2,12,2,2013,8,15,12,11,0,1,1,4,1,1,2,8,0,1,1,0,0,0
201328113249,3,2,10,29,5,121.606255,2,12,2,2013,7,31,12,1,0,2,4,4,2,1,2,8,0,3,1,0,0,0
201328113251,4,2,6,31,6,354.81924,2,12,7,2013,10,16,14,0,0,1,1,10,0,0,2,8,1,1,7,0,0,0
201328113252,6,2,6,31,6,354.81924,2,12,7,2013,11,7,12,8,0,1,1,10,0,0,2,8,0,1,1,0,0,0
201328113253,4,2,6,31,6,354.81924,2,12,7,2013,12,7,12,1,0,2,1,4,0,0,2,8,0,2,1,0,0,0
201328113254,6,2,6,31,6,354.81924,1,12,2,2013,16,3,24,0,0,1,1,1,0,0,2,8,0,1,4,0,0,0
201328113260,2,2,4,31,6,61.5243,1,11,2,2013,5,45,30,0,0,1,3,1,0,0,2,8,0,1,4,0,0,0
201328113261,4,2,4,31,6,369.1458,1,11,3,2013,1,52,24,0,0,1,2,1,0,0,2,8,0,1,4,0,0,0
201328113265,1,2,4,31,6,61.5243,1,12,1,2013,23,2,42,0,0,1,2,10,3,1,1,8,0,1,4,0,0,0
201328113266,5,2,4,31,6,61.5243,1,12,1,2013,21,0,11,0,0,1,6,1,2,1,2,8,0,1,1,0,0,0
201328113271,4,2,4,31,6,369.1458,1,12,5,2013,7,10,11,0,0,1,4,10,0,0,2,8,0,1,1,0,0,0
201328113273,5,2,4,31,6,61.5243,2,12,6,2013,17,20,12,2,0,1,2,4,1,1,2,8,0,1,1,0,0,0
201328113274,6,2,4,31,6,184.5729,1,12,6,2013,19,42,42,0,0,1,2,4,0,0,2,8,0,1,5,0,0,0
201328113281,4,2,4,31,6,369.1458,2,12,5,2013,15,25,12,1,0,2,1,1,0,0,2,8,0,2,1,0,0,0
201328113283,6,2,4,31,6,184.5729,1,12,6,2013,18,30,11,0,0,1,2,1,0,0,2,8,0,1,1,0,0,0
201328113289,4,2,4,31,6,369.1458,1,12,7,2013,17,11,40,0,0,2,5,4,0,0,2,8,0,3,4,0,0,0
201328113291,6,2,4,31,6,184.5729,1,12,1,2013,10,24,34,0,0,1,1,4,0,0,2,8,0,1,4,0,0,0
201328113298,4,2,3,31,6,369.1458,2,11,5,2013,19,46,14,0,0,1,3,2,0,0,2,1,1,1,7,0,0,0
201328113305,4,2,3,31,6,369.1458,2,11,7,2013,6,45,14,0,0,1,4,1,0,0,2,1,1,1,4,0,0,0
201328113308,6,2,3,31,6,184.5729,2,11,7,2013,21,33,12,6,0,2,3,1,0,0,2,1,0,3,1,0,0,0
201328113310,5,2,3,31,6,61.5243,3,11,2,2013,3,50,14,0,0,2,3,1,2,2,1,1,2,2,7,14,0,0
201328113314,4,2,3,31,6,369.1458,1,11,4,2013,19,7,11,0,0,2,2,10,0,0,2,1,0,3,1,0,0,0
201328113321,4,2,3,31,6,369.1458,2,12,3,2013,17,11,12,6,0,4,5,1,0,0,2,1,0,1,1,0,0,0
201328113323,5,2,3,31,6,61.5243,2,12,6,2013,14,39,12,6,0,1,1,4,1,4,2,1,0,1,1,0,0,0
201328113324,6,2,3,31,6,184.5729,1,12,6,2013,16,2,38,0,0,1,1,4,0,0,2,1,0,1,5,0,0,0
201328113329,4,2,3,31,6,369.1458,2,12,2,2013,13,21,12,6,0,4,1,10,0,0,2,1,0,1,1,0,0,0
201328113336,4,2,3,31,6,369.1458,1,12,7,2013,10,20,24,0,0,2,1,4,0,0,2,1,0,4,4,0,0,0
201328113360,4,2,2,31,6,369.1458,1,11,2,2013,17,51,11,0,0,1,2,1,0,0,2,8,0,1,1,0,0,0
201328113362,5,2,2,31,6,61.5243,1,11,3,2013,7,20,32,0,0,1,1,10,2,1,2,8,0,1,4,0,0,0
201328113363,6,2,2,31,6,184.5729,2,11,3,2013,14,50,14,0,0,2,1,1,2,1,2,8,1,2,5,0,0,0
201328113368,4,2,2,31,6,369.1458,1,11,4,2013,21,34,11,0,0,1,2,1,0,0,2,8,0,1,1,0,0,0
201328113374,5,2,2,31,6,61.5243,1,11,7,2013,10,53,11,0,0,1,1,10,1,1,2,8,0,1,1,0,0,0
201328113375,5,2,2,31,6,61.5243,1,11,7,2013,13,49,34,0,0,1,1,4,2,1,2,8,0,1,4,0,0,0
201328113376,4,2,2,31,6,369.1458,1,11,7,2013,19,38,11,0,0,1,2,10,0,0,2,8,0,1,1,0,0,0
201328113383,4,2,2,31,6,369.1458,1,11,5,2013,21,4,11,0,0,1,2,10,0,0,2,8,0,1,1,0,0,0
201328113385,6,2,2,31,6,184.5729,1,11,7,2013,12,44,34,0,0,1,1,1,0,0,2,8,0,1,4,0,0,0
201328113386,5,2,2,31,6,61.5243,2,11,7,2013,14,40,12,6,0,2,1,1,1,1,2,8,0,2,1,0,0,0
201328113393,4,2,2,31,6,369.1458,1,12,5,2013,1,13,11,0,0,1,3,10,0,0,2,8,0,1,1,0,0,0
201328113398,6,2,2,31,6,184.5729,1,12,7,2013,6,44,34,0,0,1,4,10,0,0,2,8,0,1,5,0,0,0
201328113400,1,2,2,31,6,61.5243,1,12,1,2013,1,26,53,0,0,1,2,1,3,1,1,8,0,1,4,0,0,0
201328113402,4,2,2,31,6,369.1458,1,12,1,2013,18,38,11,0,0,1,2,2,0,0,2,8,0,1,1,0,0,0
201328113406,6,2,2,31,6,184.5729,1,12,3,2013,15,33,30,0,0,2,1,4,0,0,2,8,0,2,4,0,0,0
201328113411,5,2,2,31,6,61.5243,1,12,6,2013,20,0,42,0,0,1,2,10,2,1,2,8,0,1,5,0,0,0
201328113412,4,2,2,31,6,369.1458,1,12,7,2013,9,11,42,0,0,1,1,4,0,0,2,8,0,1,5,0,0,0
201328113422,6,2,10,29,5,243.21251,2,12,3,2013,19,43,12,6,0,2,3,10,1,1,2,8,0,2,1,0,0,0