CASENUM,STRATUM,REGION,PJ,PSU,PSUSTRAT,WEIGHT,VE_TOTAL,MONTH,WKDY_IM,YEAR,HOUR_IM,MINUTE_IM,EVENT1_IM,MANCOL_IM,RELJCT1_IM,RELJCT2_IM,LGTCON_IM,WEATHR_IM,MAXSEV_IM,NO_INJ_IM,ALCHL_IM,LAND_USE,PVH_INVL,TYP_INT,REL_ROAD,CF1,CF2,CF3
201328113423,4,2,10,29,5,364.81876,2,12,3,2013,18,46,12,1,0,1,2,10,0,0,2,8,0,1,1,0,0,0
201328113427,4,2,10,29,5,364.81876,2,12,4,2013,20,44,12,7,0,2,3,10,0,0,2,8,0,2,1,0,0,0
201328113428,5,2,10,29,5,121.606255,2,12,4,2013,5,2,12,6,0,2,2,1,2,1,2,8,0,2,1,0,0,0
201328113431,4,2,10,29,5,364.81876,1,12,5,2013,1,25,11,0,0,1,2,1,0,0,2,8,0,1,1,0,0,0
201328113433,6,2,10,29,5,243.21251,1,12,5,2013,21,46,11,0,0,1,2,1,0,0,2,8,0,1,1,0,0,0
201328113435,6,2,10,29,5,243.21251,2,12,6,2013,22,15,12,7,0,4,2,2,2,1,2,8,0,1,1,0,0,0
201328113436,5,2,10,29,5,121.606255,1,12,6,2013,8,50,30,0,0,1,1,10,2,1,2,8,0,1,4,0,0,0
201328113439,6,2,10,29,5,243.21251,1,12,7,2013,13,45,30,0,0,1,1,2,1,1,2,8,0,1,4,5,0,0
201328113440,4,2,10,29,5,364.81876,1,12,7,2013,3,15,11,0,0,1,2,1,0,0,2,8,0,1,1,0,0,0
201328113444,6,2,10,29,5,243.21251,1,12,1,2013,3,0,35,0,0,1,2,2,1,1,2,8,0,1,4,0,0,0
201328113445,4,2,10,29,5,364.81876,2,12,2,2013,16,40,12,1,0,2,1,1,0,0,2,8,0,2,1,0,0,0
201328113448,4,2,10,29,5,364.81876,2,12,2,2013,22,37,12,6,0,2,3,1,0,0,1,8,0,3,1,0,0,0
201328113452,6,2,10,29,5,243.21251,1,12,3,2013,6,25,34,0,0,1,2,10,1,1,2,8,0,1,4,0,0,0
201328113453,1,2,10,29,5,121.606255,1,12,3,2013,16,20,42,0,0,1,1,10,3,1,1,8,0,1,4,0,0,0
201328113455,6,2,10,29,5,243.21251,2,12,5,2013,12,31,12,6,0,4,1,1,0,0,2,8,0,1,1,0,0,0
201328113456,4,2,10,29,5,364.81876,2,12,6,2013,16,45,12,7,0,2,1,1,0,0,2,8,0,2,1,0,0,0
201328113460,4,2,10,29,5,364.81876,2,12,6,2013,16,42,12,1,0,2,1,1,0,0,2,8,0,2,1,0,0,0
201328113462,6,2,10,29,5,243.21251,2,12,7,2013,12,28,12,6,0,4,1,1,1,4,2,8,0,1,1,0,0,0
201328113466,2,2,10,29,5,121.606255,1,12,2,2013,13,45,1,0,0,1,1,10,2,1,2,8,0,1,1,0,0,0
201328113467,4,2,10,29,5,364.81876,2,12,3,2013,14,40,12,1,0,2,1,1,1,1,2,8,0,2,1,0,0,0
201328113475,4,2,5,29,5,351.78748,2,12,6,2013,14,22,12,1,0,2,1,10,0,0,2,1,0,2,1,0,0,0
201328113477,3,2,5,29,5,43.973434,2,12,1,2013,22,3,12,6,0,2,3,2,2,1,2,1,0,2,1,0,0,0
201328113482,6,2,5,29,5,219.86719,1,12,5,2013,17,24,30,0,0,2,5,10,0,0,2,1,0,,4,0,0,0
201328113489,5,2,5,29,5,87.94687,1,12,2,2013,17,58,43,0,0,1,3,1,1,1,2,1,0,1,4,0,0,0
201328113503,6,2,4,29,5,194.90729,1,12,7,2013,18,45,34,0,0,1,2,1,0,0,2,8,0,1,4,0,0,0
201328113506,1,2,4,29,5,38.981457,1,12,5,2013,8,0,42,0,0,1,1,1,3,1,2,8,0,1,4,0,0,0
201328113507,3,2,4,29,5,38.981457,2,12,1,2013,12,30,12,1,0,2,1,1,3,2,2,8,0,2,1,0,0,0
201328113509,5,2,4,29,5,77.96291,2,12,2,2013,16,0,12,6,0,2,1,1,2,1,2,8,0,2,1,0,0,0
201328113510,4,2,4,29,5,350.8331,2,12,5,2013,11,10,14,0,0,1,1,1,0,0,2,8,1,1,5,0,0,0
201328113519,4,2,2,31,6,369.1458,1,12,4,2013,22,10,30,0,0,1,3,1,0,0,2,8,0,1,4,0,0,0
201328113520,6,2,2,31,6,184.5729,1,12,4,2013,22,42,34,0,0,1,2,10,0,0,2,8,0,1,4,0,0,0
201328113525,5,2,2,31,6,61.5243,1,12,6,2013,15,34,34,0,0,1,1,2,2,1,2,8,0,1,4,0,0,0
201328113528,4,2,2,31,6,369.1458,1,12,6,2013,19,48,11,0,0,1,2,2,0,0,2,8,0,1,1,0,0,0
201328113535,4,2,2,31,6,369.1458,1,12,2,2013,19,19,11,0,0,1,2,10,0,0,2,8,0,1,1,0,0,0
201328113537,6,2,2,31,6,184.5729,1,12,5,2013,21,46,30,0,0,2,2,1,2,1,2,8,0,2,4,0,0,0
201328113538,5,2,2,31,6,61.5243,2,12,6,2013,15,44,12,2,0,1,1,1,2,2,2,8,0,1,2,0,0,0
201328113539,5,2,2,31,6,61.5243,1,12,6,2013,23,13,21,0,0,1,2,1,2,1,1,8,0,1,4,0,0,0
201328113542,1,2,2,31,6,61.5243,1,12,1,2013,0,11,35,0,0,1,2,1,3,1,2,8,0,1,4,0,0,0
201328113544,5,2,2,31,6,61.5243,1,12,3,2013,21,30,42,0,0,1,2,1,2,2,2,8,0,1,5,0,0,0
201328113546,5,2,3,31,6,61.5243,2,12,4,2013,15,45,12,6,0,2,1,1,1,1,2,1,0,2,1,0,0,0
201328113547,1,2,3,31,6,61.5243,3,12,5,2013,13,20,12,6,0,2,1,10,3,3,2,1,0,2,1,0,0,0
201328113548,6,2,3,31,6,184.5729,2,12,5,2013,16,40,12,6,0,4,1,10,0,0,2,1,0,1,1,0,0,0
201328113550,5,2,3,31,6,61.5243,2,12,6,2013,14,51,12,1,0,2,1,2,2,1,2,1,0,,1,0,0,0
201328113552,4,2,3,31,6,369.1458,1,12,7,2013,22,26,18,0,0,1,3,2,0,0,2,1,0,1,1,0,0,0
201328113559,5,2,4,31,6,61.5243,2,12,4,2013,11,36,12,6,0,1,1,1,1,2,2,8,0,1,1,0,0,0
201328113561,6,2,4,31,6,184.5729,2,12,5,2013,2,24,12,6,0,1,2,11,2,1,2,8,0,1,1,0,0,0
201328113564,4,2,4,31,6,369.1458,1,12,5,2013,23,10,11,0,0,1,2,10,0,0,2,8,0,1,1,0,0,0
201328113570,4,2,4,31,6,369.1458,1,12,3,2013,16,5,11,0,0,1,1,1,0,0,2,8,0,1,1,0,0,0
201328113575,6,2,4,31,6,184.5729,2,12,5,2013,18,4,12,1,0,2,2,1,2,3,2,8,0,3,1,0,0,0
201328113578,4,2,4,31,6,369.1458,3,12,7,2013,18,8,12,1,0,1,2,1,0,0,2,8,0,1,1,0,0,0
201328234773,1,2,2,30,4,3.3992,1,1,3,2013,21,14,24,0,0,1,3,1,4,1,2,8,0,1,4,0,0,0
201328234792,1,2,1,30,4,11.319336,1,1,2,2013,8,43,30,0,0,1,1,1,3,1,2,8,0,1,4,0,0,0
201328234798,3,2,1,30,4,22.638672,1,1,1,2013,12,47,15,0,0,1,1,10,2,1,2,8,0,1,1,0,0,0
201328234801,4,2,1,30,4,350.8994,2,1,3,2013,14,36,12,7,0,1,1,10,0,0,2,8,0,1,1,0,0,0
201328234824,6,2,1,30,4,215.06738,2,1,7,2013,13,32,12,6,0,2,1,2,1,1,2,8,0,2,1,0,0,0
201328234834,5,2,1,30,4,90.55469,2,1,5,2013,1,21,12,6,0,2,3,1,1,2,2,8,0,2,1,0,0,0
201328234849,4,2,1,30,4,350.8994,2,1,5,2013,13,41,12,6,0,2,1,1,0,0,2,8,0,2,1,0,0,0
201328234883,1,2,1,30,4,11.319336,3,1,7,2013,13,55,12,6,0,2,1,1,3,6,2,8,0,2,1,0,0,0
201328234893,6,2,1,30,4,215.06738,2,1,7,2013,8,55,12,1,0,1,1,1,0,0,2,8,0,1,1,3,0,0
201328234899,4,2,1,30,4,350.8994,2,1,4,2013,17,57,12,1,0,1,3,1,1,1,2,8,0,1,1,0,0,0
201328234911,3,2,1,30,4,22.638672,2,1,4,2013,2,11,12,1,0,2,3,10,3,2,2,8,0,2,1,0,0,0
201328234933,5,2,1,30,4,90.55469,2,1,3,2013,18,18,12,6,0,2,3,10,2,1,2,8,0,2,1,0,0,0
201328234960,6,2,1,31,6,184.5729,1,1,3,2013,17,41,73,0,0,1,1,1,0,0,2,8,0,1,1,0,0,0
201328234961,5,2,1,31,6,61.5243,2,1,5,2013,16,35,12,6,0,2,1,10,2,2,2,8,0,3,1,0,0,0
201328234962,3,2,1,31,6,61.5243,1,1,7,2013,4,30,1,0,0,1,2,1,3,1,2,8,0,1,4,0,0,0
201328234994,1,2,1,29,5,17.1835,3,1,7,2013,12,25,12,8,0,1,1,10,3,3,2,8,0,1,1,0,0,0
201328234995,5,2,1,29,5,85.9175,3,1,7,2013,13,37,12,1,0,1,1,10,2,5,2,8,0,1,1,0,0,0
201328235009,4,2,1,29,5,343.67,2,1,3,2013,6,17,12,7,0,1,3,1,0,0,2,8,0,1,1,0,0,0
201328235030,6,2,1,30,4,215.06738,2,1,7,2013,9,41,12,1,0,2,1,2,0,0,2,8,0,3,1,0,0,0
201328235034,4,2,1,30,4,350.8994,2,1,6,2013,16,35,12,7,0,1,1,1,0,0,2,8,0,1,1,0,0,0
201328235040,3,2,1,30,4,22.638672,2,1,2,2013,12,50,12,6,0,2,1,10,2,1,2,8,0,2,1,0,0,0
201328235083,4,2,1,30,4,350.8994,2,1,4,2013,15,23,12,1,0,2,1,10,0,0,2,8,0,2,1,0,0,0
201328235094,6,2,1,30,4,215.06738,2,1,7,2013,15,18,12,2,1,2,1,1,0,0,2,8,0,2,1,0,0,0
201328235099,3,2,1,30,4,22.638672,2,1,6,2013,17,6,12,1,0,2,1,1,2,1,2,8,0,3,1,0,0,0
201328235120,4,2,1,31,6,369.1458,1,1,4,2013,7,15,11,0,0,1,1,2,0,0,2,8,0,1,1,0,0,0
201328235121,3,2,1,31,6,61.5243,1,1,4,2013,18,30,8,0,0,1,2,1,2,1,2,8,0,1,1,0,0,0
201328235122,6,2,1,31,6,184.5729,1,1,5,2013,5,15,1,0,0,1,2,10,0,0,2,8,0,1,4,0,0,0
201328235125,6,2,1,31,6,184.5729,1,1,7,2013,22,45,59,0,0,1,2,10,0,0,2,8,0,1,4,0,0,0
201328235127,2,2,1,31,6,61.5243,1,1,5,2013,21,36,32,0,0,2,2,1,0,0,2,8,0,2,4,0,0,0
201328235134,2,2,2,29,5,51.5505,1,1,3,2013,19,9,18,0,0,1,1,1,0,0,2,8,0,1,1,0,0,0
201328235155,1,2,2,30,4,3.3992,2,1,5,2013,16,16,12,6,0,2,1,10,3,2,2,8,0,2,1,0,0,0
201328235178,1,2,2,30,4,3.3992,2,1,1,2013,9,39,12,6,0,2,1,2,3,2,2,8,0,2,1,0,0,0
201328235203,1,2,2,30,4,3.3992,2,1,2,2013,12,15,12,1,0,1,1,4,3,1,2,8,0,1,1,28,0,0
201328235222,6,2,1,29,5,206.202,1,1,6,2013,23,11,24,0,1,19,3,1,0,0,2,8,0,1,4,0,0,0
201328235233,5,2,1,29,5,85.9175,2,1,1,2013,21,43,12,1,0,2,3,10,2,2,1,8,0,,1,0,0,0
201328235240,5,2,1,31,6,61.5243,1,1,7,2013,21,5,34,0,0,1,3,2,2,1,1,8,0,1,4,0,0,0
201328235243,6,2,1,31,6,184.5729,1,1,4,2013,23,15,1,0,0,1,2,1,0,0,2,8,0,1,3,0,0,0
201328235244,2,2,1,31,6,61.5243,2,1,4,2013,23,17,12,6,0,1,2,4,3,1,2,8,0,1,1,19,23,0
201328235248,5,2,1,31,6,61.5243,1,1,6,2013,12,11,34,0,0,1,1,4,1,3,2,8,0,1,4,0,0,0
201328235250,6,2,1,31,6,184.5729,1,1,4,2013,6,40,11,0,0,1,2,10,0,0,2,8,0,1,1,0,0,0
201328235252,4,2,1,31,6,369.1458,2,1,2,2013,17,15,12,1,0,2,5,1,0,0,2,8,0,2,1,0,0,0
201328235261,4,2,1,29,5,343.67,1,1,6,2013,6,10,31,0,0,1,2,10,0,0,2,8,0,1,4,0,0,0
201328235269,3,2,1,29,5,17.1835,1,1,6,2013,18,35,9,0,0,2,2,1,2,1,2,8,0,2,1,0,0,0
201328235273,2,2,1,29,5,51.5505,3,1,2,2013,11,30,12,1,0,1,1,4,2,2,2,8,0,1,1,0,0,0
201328235277,6,2,2,29,5,206.202,1,1,4,2013,17,33,34,0,0,2,5,4,0,0,2,8,0,2,4,0,0,0
201328235307,4,2,1,30,4,350.8994,2,1,6,2013,14,59,12,6,0,1,1,10,0,0,2,8,0,1,1,0,0,0
201328235312,1,2,1,30,4,11.319336,1,1,3,2013,17,15,33,0,0,1,1,1,3,1,2,8,0,1,4,0,0,0
201328235332,5,2,1,30,4,90.55469,3,1,2,2013,7,45,12,1,0,1,1,10,2,1,2,8,0,1,1,0,0,0
201328235347,4,2,1,30,4,350.8994,2,1,7,2013,20,52,14,0,0,1,3,1,0,0,2,8,1,1,7,0,0,0
201328235350,6,2,1,30,4,215.06738,2,1,6,2013,13,0,12,6,0,2,1,1,0,0,2,8,0,2,1,0,0,0
201328235426,5,2,1,30,4,90.55469,2,1,5,2013,8,40,12,1,0,1,1,1,1,2,2,8,0,1,1,0,0,0
201328235431,4,2,1,30,4,350.8994,2,1,3,2013,17,43,12,1,1,5,1,10,0,0,2,8,0,1,1,0,0,0
201328235441,6,2,1,30,4,215.06738,3,1,2,2013,2,56,14,0,0,2,3,2,0,0,2,8,2,3,7,0,0,0
201328235443,2,2,1,30,4,56.59668,2,1,3,2013,10,55,12,2,0,1,1,1,2,1,2,8,0,1,1,0,0,0
201328235461,3,2,1,30,4,22.638672,2,1,7,2013,0,20,12,1,0,1,3,4,2,1,2,8,0,1,1,0,0,0
201328235506,4,2,2,29,5,343.67,1,1,5,2013,17,59,11,0,0,1,2,10,0,0,2,8,0,1,1,0,0,0
201328235522,5,2,1,29,5,85.9175,2,1,3,2013,14,30,12,2,0,1,1,1,2,2,2,8,0,1,1,0,0,0
201328235534,6,2,1,29,5,206.202,1,1,6,2013,8,48,24,0,1,5,1,4,0,0,2,8,0,1,4,0,0,0
201328235553,6,2,1,31,6,184.5729,1,1,3,2013,23,32,38,0,0,1,3,1,1,1,2,8,0,1,4,0,0,0
201328235556,1,2,1,31,6,61.5243,1,1,6,2013,5,40,30,0,0,1,2,10,3,1,1,8,0,1,4,0,0,0
201328235560,6,2,1,31,6,184.5729,1,1,6,2013,16,55,53,0,0,4,1,10,0,0,2,8,0,1,4,0,0,0
201328235561,2,2,1,31,6,61.5243,2,1,6,2013,17,55,12,8,0,1,3,10,0,0,2,8,0,1,1,0,0,0
201328235563,5,2,1,31,6,61.5243,2,1,7,2013,18,57,12,8,0,1,2,10,2,1,1,8,0,1,1,0,0,0
201328235567,6,2,1,31,6,184.5729,1,1,1,2013,21,19,11,0,0,1,2,1,0,0,2,8,0,1,1,0,0,0
201328235572,4,2,1,31,6,369.1458,2,1,2,2013,9,55,12,1,0,2,1,10,0,0,2,8,0,2,1,0,0,0
201328235575,5,2,1,31,6,61.5243,1,1,5,2013,3,5,24,0,0,1,2,4,2,1,2,8,0,1,3,0,0,0
201328235579,5,2,1,31,6,61.5243,1,1,3,2013,22,10,18,0,0,1,2,1,2,1,2,8,0,1,1,0,0,0
201328235598,1,2,2,30,4,3.3992,1,1,1,2013,23,35,38,0,0,1,3,2,3,1,2,8,0,1,4,0,0,0
201328235616,6,2,2,30,4,210.7504,1,1,5,2013,11,50,57,0,0,1,1,4,0,0,2,8,0,1,3,0,0,0
201328235623,4,2,1,30,4,350.8994,2,1,6,2013,23,25,14,0,0,1,3,4,0,0,2,8,1,1,5,20,0,0
201328235624,6,2,1,30,4,215.06738,2,1,6,2013,14,26,12,6,0,2,1,10,1,6,2,8,0,2,1,0,0,0
201328235628,1,2,1,30,4,11.319336,1,1,5,2013,17,15,25,0,0,1,5,4,3,1,2,8,0,1,3,0,0,0
201328235647,3,2,1,30,4,22.638672,1,1,6,2013,19,39,8,0,0,2,3,4,2,1,2,8,0,3,1,0,0,0
201328235655,5,2,1,30,4,90.55469,2,2,7,2013,7,20,12,6,0,2,4,10,1,1,2,8,0,2,1,0,0,0
201328235659,1,2,1,30,4,11.319336,1,2,7,2013,19,18,25,0,1,19,3,10,3,1,2,8,0,1,3,0,0,0
201328235675,6,2,1,30,4,215.06738,2,1,4,2013,16,34,12,6,0,2,1,2,0,0,2,8,0,3,1,0,0,0
201328235682,3,2,1,30,4,22.638672,2,2,1,2013,9,45,12,6,0,2,1,10,2,2,2,8,0,2,1,0,0,0
201328235686,1,2,1,30,4,11.319336,4,2,1,2013,23,18,14,0,0,1,3,1,3,1,1,8,3,1,7,14,0,0
201328235693,4,2,1,30,4,350.8994,2,1,4,2013,20,0,12,8,0,2,3,2,0,0,2,8,0,2,1,0,0,0
201328235707,3,2,1,30,4,22.638672,1,2,1,2013,1,53,31,0,0,2,3,4,2,1,1,8,0,3,5,0,0,0
201328235737,6,2,1,30,4,215.06738,2,2,4,2013,9,45,12,6,0,2,1,10,0,0,2,8,0,2,1,0,0,0
201328235742,4,2,1,30,4,350.8994,3,2,3,2013,7,25,12,1,0,1,4,10,0,0,2,8,0,1,1,0,0,0
201328235744,3,2,1,30,4,22.638672,1,2,3,2013,8,5,8,0,0,2,1,10,3,1,2,8,0,2,1,0,0,0
201328235802,1,2,2,29,5,17.1835,1,1,5,2013,18,9,1,0,0,1,5,4,4,2,2,8,0,1,1,0,0,0
201328235814,5,2,1,29,5,85.9175,3,1,5,2013,21,35,12,6,0,4,2,10,2,2,2,8,0,1,1,0,0,0
201328235820,6,2,1,29,5,206.202,1,2,6,2013,8,47,42,0,0,1,1,10,0,0,2,8,0,1,6,0,0,0
201328235821,4,2,1,29,5,343.67,2,2,6,2013,11,30,12,8,0,1,1,10,0,0,2,8,0,1,1,,,
201328235848,4,2,1,31,6,369.1458,1,1,4,2013,21,50,42,0,0,1,3,4,0,0,2,8,0,1,4,0,0,0
201328235850,2,2,1,31,6,61.5243,2,1,5,2013,13,47,12,1,0,1,1,4,1,1,2,8,0,1,3,0,0,0
201328235853,6,2,1,31,6,184.5729,1,2,7,2013,10,44,1,0,0,1,1,4,0,0,2,8,0,1,5,0,0,0
201328235855,2,2,1,31,6,61.5243,2,2,1,2013,17,5,12,6,0,1,1,1,3,1,2,8,0,1,1,0,0,0
201328235857,2,2,1,31,6,61.5243,2,2,2,2013,6,12,54,11,0,1,2,4,0,0,2,8,0,1,1,14,0,0
201328235858,3,2,1,31,6,61.5243,1,2,4,2013,5,25,11,0,0,1,2,1,2,1,2,8,0,1,1,0,0,0
201328235860,6,2,1,31,6,184.5729,1,1,5,2013,16,11,30,0,0,1,1,6,0,0,2,8,0,1,4,0,0,0
201328235863,5,2,1,31,6,61.5243,1,2,7,2013,15,25,30,0,0,1,1,10,1,2,2,8,0,1,4,0,0,0
201328235864,5,2,1,31,6,61.5243,2,2,7,2013,16,38,12,6,0,2,1,10,2,3,2,8,0,2,1,0,0,0
201328235866,4,2,1,31,6,369.1458,1,2,7,2013,22,4,30,0,0,2,2,4,0,0,2,8,0,3,4,0,0,0
201328235867,6,2,1,31,6,184.5729,1,2,1,2013,15,22,19,0,0,1,1,10,0,0,2,8,0,1,5,0,0,0
201328235869,5,2,1,31,6,61.5243,2,2,2,2013,6,20,12,1,0,2,3,4,2,2,2,8,0,3,1,0,0,0
201328235870,3,2,1,31,6,61.5243,1,2,2,2013,16,0,34,0,0,1,1,4,2,41,2,8,0,1,4,0,0,0
201328235877,3,2,2,30,4,20.3952,2,1,6,2013,11,30,12,1,0,1,1,10,2,1,2,8,0,1,1,0,0,0
201328235895,2,2,2,30,4,61.1856,2,1,5,2013,15,40,12,6,0,1,1,10,2,1,2,8,0,1,1,0,0,0
201328235901,1,2,2,30,4,3.3992,1,1,3,2013,22,26,30,0,0,1,3,1,3,1,1,8,0,1,3,0,0,0
201328235911,1,2,2,30,4,3.3992,2,2,1,2013,15,2,24,0,0,1,1,10,4,1,2,8,0,1,3,14,0,0
201328235929,5,2,2,30,4,88.3792,1,2,2,2013,16,28,34,0,0,1,1,4,1,1,2,8,0,1,5,0,0,0
201328235937,1,2,2,30,4,3.3992,1,2,5,2013,5,30,24,0,0,1,2,1,4,2,2,8,0,1,3,0,0,0
201328235957,4,2,2,30,4,350.1176,2,2,2,2013,15,55,12,6,0,4,1,4,0,0,2,8,0,1,1,0,0,0
201328235985,6,2,1,30,4,215.06738,1,2,7,2013,12,15,38,0,0,1,1,1,2,1,2,8,0,1,5,0,0,0
201328235988,4,2,1,30,4,350.8994,2,2,6,2013,0,5,14,0,0,1,2,1,0,0,2,8,1,1,7,0,0,0
201328235995,1,2,1,30,4,11.319336,2,2,6,2013,3,11,12,6,0,2,3,10,3,2,2,8,0,2,1,0,0,0
201328236010,3,2,1,30,4,22.638672,2,2,4,2013,13,12,12,6,0,4,1,10,2,1,2,8,0,1,1,0,0,0
201328236014,1,2,1,30,4,11.319336,2,2,4,2013,23,23,23,0,0,1,2,1,3,4,2,8,0,1,4,0,0,0
201328236025,5,2,1,30,4,90.55469,2,2,4,2013,17,58,12,6,0,2,3,10,1,1,2,8,0,2,1,0,0,0
201328236043,4,2,1,30,4,350.8994,2,2,6,2013,10,16,12,6,0,2,1,10,0,0,2,8,0,3,1,0,0,0
201328236062,5,2,2,29,5,85.9175,2,2,7,2013,18,30,12,1,0,2,1,10,1,2,2,8,0,3,1,0,0,0
201328236080,1,2,1,29,5,17.1835,1,2,4,2013,0,30,33,0,0,1,2,1,3,1,1,8,0,1,4,0,0,0
201328236081,6,2,1,29,5,206.202,2,2,4,2013,12,15,12,1,0,1,1,4,0,0,2,8,0,1,1,19,0,0
201328236086,5,2,1,29,5,85.9175,1,2,4,2013,12,19,42,0,0,1,1,4,2,1,2,8,0,1,4,0,0,0
201328236101,4,2,1,29,5,343.67,2,2,1,2013,17,30,54,11,0,1,1,1,0,0,2,8,0,1,1,14,0,0
201328236106,6,2,1,31,6,184.5729,1,2,6,2013,21,45,59,0,0,1,2,1,0,0,2,8,0,1,4,0,0,0
201328236108,5,2,1,31,6,61.5243,2,2,2,2013,11,40,12,7,1,18,1,10,1,1,2,8,0,1,1,0,0,0
201328236112,4,2,1,31,6,369.1458,1,2,3,2013,23,30,11,0,0,1,2,1,0,0,2,8,0,1,1,0,0,0
201328236115,1,2,1,31,6,61.5243,4,2,2,2013,20,18,12,1,0,1,2,10,3,3,1,8,0,1,1,14,0,0
201328236119,6,2,1,31,6,184.5729,1,2,5,2013,19,43,1,0,0,2,2,10,0,0,2,8,0,4,4,0,0,0
201328236120,1,2,1,31,6,61.5243,1,2,7,2013,20,45,42,0,0,1,2,4,3,2,2,8,0,1,4,0,0,0
201328236122,5,2,1,31,6,61.5243,1,2,1,2013,13,40,34,0,0,1,1,1,2,3,2,8,0,1,4,0,0,0
201328236123,3,2,1,31,6,61.5243,2,2,1,2013,16,25,12,1,0,2,1,1,2,1,2,8,0,,1,0,0,0
201328236139,6,2,1,30,4,215.06738,1,2,1,2013,3,20,30,0,0,2,3,10,0,0,2,8,0,3,4,0,0,0
201328236152,3,2,1,30,4,22.638672,2,2,2,2013,3,9,12,7,1,2,3,1,2,1,2,8,0,,1,0,0,0
201328236156,4,2,1,30,4,350.8994,2,2,3,2013,7,45,12,7,0,2,1,4,0,0,2,8,0,2,1,0,0,0
201328236174,3,2,1,30,4,22.638672,1,2,4,2013,23,12,8,0,0,2,2,10,2,1,1,8,0,3,1,0,0,0
201328236202,4,2,1,30,4,350.8994,2,2,4,2013,13,43,12,6,0,2,1,1,0,0,2,8,0,2,1,0,0,0
201328236205,2,2,1,30,4,56.59668,2,2,7,2013,1,35,12,7,0,1,3,1,0,0,2,8,0,1,1,0,0,0
201328236213,6,2,1,30,4,215.06738,2,2,5,2013,18,4,12,6,0,2,1,1,0,0,2,8,0,2,1,0,0,0
201328236216,3,2,1,30,4,22.638672,2,2,1,2013,11,53,12,1,0,1,1,1,2,1,2,8,0,1,1,0,0,0
201328236238,1,2,1,30,4,11.319336,1,2,5,2013,23,29,25,0,0,1,3,1,3,1,2,8,0,1,3,0,0,0
201328236285,5,2,1,30,4,90.55469,3,2,5,2013,17,23,12,1,0,2,1,10,1,4,2,8,0,,1,0,0,0
201328236300,4,2,1,30,4,350.8994,2,2,3,2013,18,45,12,6,0,2,3,1,0,0,2,8,0,2,1,0,0,0
201328236303,6,2,1,30,4,215.06738,2,2,2,2013,12,25,12,1,0,2,1,1,0,0,2,8,0,,1,0,0,0
201328236340,3,2,1,30,4,22.638672,2,2,5,2013,17,7,12,1,0,1,1,10,2,2,2,8,0,1,1,0,0,0
201328236348,4,2,1,30,4,350.8994,2,2,3,2013,23,45,14,0,0,1,6,11,0,0,2,8,1,1,2,0,0,0
201328236395,1,2,2,30,4,3.3992,1,2,4,2013,23,5,35,0,0,1,2,4,3,1,2,8,0,1,4,0,0,0
201328236396,1,2,2,30,4,3.3992,1,2,2,2013,21,36,34,0,0,1,2,1,3,1,1,8,0,1,4,0,0,0
201328236397,1,2,2,30,4,3.3992,2,2,4,2013,20,26,12,6,0,2,2,10,3,2,2,8,0,2,1,0,0,0
201328236404,1,2,2,30,4,3.3992,2,2,5,2013,8,4,12,6,0,2,1,10,3,2,2,8,0,2,1,0,0,0
201328236411,1,2,2,30,4,3.3992,2,2,6,2013,11,39,33,0,0,1,1,10,3,4,2,8,0,1,3,20,0,0
201328236439,4,2,1,31,6,369.1458,2,2,3,2013,5,50,12,9,0,1,2,4,0,0,2,8,0,1,1,19,0,0
201328236444,5,2,1,31,6,61.5243,1,2,5,2013,15,1,53,0,0,1,1,10,2,1,2,8,0,1,4,0,0,0
201328236448,4,2,1,31,6,369.1458,2,2,3,2013,15,50,12,6,0,2,1,2,0,0,2,8,0,2,1,0,0,0
201328236451,2,2,1,31,6,61.5243,1,3,7,2013,9,58,34,0,0,1,1,11,4,1,2,8,0,1,4,0,0,0
201328236454,2,2,1,31,6,61.5243,3,3,3,2013,21,37,12,1,0,1,2,4,0,0,2,8,0,1,1,0,0,0
201328236456,4,2,1,31,6,369.1458,2,3,6,2013,15,55,12,1,0,1,1,10,0,0,2,8,0,1,1,0,0,0
201328236483,6,2,1,30,4,215.06738,2,2,2,2013,20,14,12,6,0,2,3,1,0,0,2,8,0,2,1,0,0,0
201328236485,1,2,1,30,4,11.319336,1,2,2,2013,7,52,30,0,0,2,1,1,3,1,2,8,0,2,4,0,0,0
201328236519,4,2,1,30,4,350.8994,2,3,6,2013,23,37,12,1,0,2,3,1,0,0,2,8,0,2,1,0,0,0
201328236530,5,2,1,30,4,90.55469,2,2,4,2013,13,59,12,6,0,2,1,2,2,1,2,8,0,2,1,0,0,0
201328236543,3,2,1,30,4,22.638672,2,3,6,2013,13,45,12,1,0,2,1,10,2,3,2,8,0,,1,0,0,0
201328236560,6,2,2,29,5,206.202,2,2,7,2013,13,55,12,6,0,2,1,1,0,0,2,8,0,2,1,0,0,0
201328236564,4,2,2,29,5,343.67,1,3,3,2013,20,21,34,0,0,1,2,4,0,0,2,8,0,1,4,0,0,0
201328236577,2,2,1,29,5,51.5505,1,2,6,2013,5,3,25,0,1,2,3,1,0,0,2,8,0,,4,0,0,0
201328236580,1,2,1,29,5,17.1835,1,2,7,2013,0,40,30,0,0,1,2,5,4,1,1,8,0,1,4,0,0,0