CASENUM,STRATUM,REGION,PJ,PSU,PSUSTRAT,WEIGHT,VE_TOTAL,MONTH,WKDY_IM,YEAR,HOUR_IM,MINUTE_IM,EVENT1_IM,MANCOL_IM,RELJCT1_IM,RELJCT2_IM,LGTCON_IM,WEATHR_IM,MAXSEV_IM,NO_INJ_IM,ALCHL_IM,LAND_USE,PVH_INVL,TYP_INT,REL_ROAD,CF1,CF2,CF3
201328238877,4,2,1,29,5,343.67,3,5,5,2013,13,30,12,1,0,1,1,10,0,0,2,8,0,1,1,0,0,0
201328238894,2,2,1,29,5,51.5505,1,5,3,2013,18,6,24,0,0,1,1,10,2,1,2,8,0,1,4,0,0,0
201328238903,1,2,2,29,5,17.1835,2,5,5,2013,8,16,12,2,0,1,1,1,4,2,2,8,0,1,1,0,0,0
201328238932,3,2,1,30,4,22.638672,2,5,6,2013,17,9,12,1,0,1,1,1,2,2,2,8,0,1,1,0,0,0
201328238942,5,2,1,30,4,90.55469,2,5,5,2013,9,0,12,1,0,2,1,10,2,1,2,8,0,3,1,0,0,0
201328238956,1,2,1,30,4,11.319336,3,5,3,2013,18,50,12,1,0,2,1,1,3,1,1,8,0,3,1,0,0,0
201328238976,1,2,1,30,4,11.319336,2,5,2,2013,20,19,12,6,0,2,1,1,3,1,2,8,0,2,1,0,0,0
201328238979,1,2,1,30,4,11.319336,1,5,7,2013,6,28,20,0,1,5,4,2,3,4,2,8,0,1,8,0,0,0
201328238982,3,2,1,30,4,22.638672,2,5,4,2013,12,42,12,6,0,2,1,1,3,1,2,8,0,2,1,0,0,0
201328238989,4,2,1,30,4,350.8994,2,5,2,2013,11,30,12,1,1,2,1,1,0,0,2,8,0,2,1,0,0,0
201328238993,6,2,1,30,4,215.06738,1,5,1,2013,3,46,31,0,0,2,2,1,0,0,1,8,0,3,4,0,0,0
201328238996,1,2,1,30,4,11.319336,3,5,5,2013,9,38,12,7,1,18,1,1,3,2,2,8,0,1,1,0,0,0
201328239002,5,2,1,30,4,90.55469,1,5,1,2013,7,55,30,0,0,1,1,1,2,1,2,8,0,1,4,0,0,0
201328239009,3,2,1,30,4,22.638672,1,5,4,2013,10,26,8,0,0,2,1,10,3,1,2,8,0,3,,,,
201328239049,4,2,1,30,4,350.8994,2,5,1,2013,20,14,12,1,0,1,3,10,0,0,2,8,0,1,1,0,0,0
201328239050,2,2,1,30,4,56.59668,1,5,7,2013,17,30,1,0,1,5,1,1,3,1,2,8,0,1,4,0,0,0
201328239053,5,2,1,31,6,61.5243,1,5,6,2013,1,12,30,0,0,1,2,1,2,1,1,8,0,1,4,0,0,0
201328239054,6,2,1,31,6,184.5729,2,5,6,2013,17,5,12,1,0,2,1,1,1,2,2,8,0,2,1,0,0,0
201328239057,5,2,1,31,6,61.5243,2,5,3,2013,15,44,12,6,0,2,1,1,1,1,2,8,0,2,1,0,0,0
201328239061,4,2,1,31,6,369.1458,2,5,3,2013,12,20,12,7,0,1,1,1,0,0,2,8,0,1,1,0,0,0
201328239064,3,2,2,29,5,17.1835,1,6,7,2013,17,49,1,0,0,2,1,1,3,1,1,8,0,3,1,0,0,0
201328239067,3,2,2,29,5,17.1835,1,6,3,2013,8,31,11,0,0,1,1,1,2,1,2,8,0,1,1,0,0,0
201328239071,6,2,1,29,5,206.202,1,6,7,2013,5,43,11,0,0,1,4,10,2,1,2,8,0,1,1,0,0,0
201328239085,4,2,1,29,5,343.67,2,6,4,2013,9,25,12,7,0,1,1,10,0,0,2,8,0,1,1,0,0,0
201328239089,6,2,1,30,4,215.06738,1,5,6,2013,14,25,40,0,0,2,1,10,2,3,2,8,0,2,4,0,0,0
201328239118,3,2,1,30,4,22.638672,1,5,2,2013,16,55,8,0,0,2,1,10,3,1,2,8,0,2,1,0,0,0
201328239127,1,2,1,30,4,11.319336,2,4,4,2013,17,19,12,6,0,2,1,2,3,1,2,8,0,2,1,0,0,0
201328239133,4,2,1,30,4,350.8994,2,5,3,2013,7,0,12,2,0,1,3,1,1,1,2,8,0,1,1,0,0,0
201328239134,3,2,1,30,4,22.638672,2,5,3,2013,12,7,12,6,0,2,1,1,2,2,2,8,0,2,1,0,0,0
201328239164,3,2,1,30,4,22.638672,1,6,4,2013,15,33,9,0,0,2,1,1,2,1,2,8,0,3,1,16,0,0
201328239165,6,2,1,30,4,215.06738,2,6,4,2013,16,40,12,1,0,1,1,1,0,0,2,8,0,1,1,0,0,0
201328239190,4,2,1,30,4,350.8994,2,5,4,2013,13,10,12,1,0,2,1,10,0,0,2,8,0,2,1,0,0,0
201328239206,3,2,1,30,4,22.638672,1,6,5,2013,12,14,8,0,0,2,1,2,2,2,2,8,0,3,1,0,0,0
201328239236,4,2,1,30,4,350.8994,2,5,3,2013,20,37,14,0,0,1,3,1,0,0,2,8,1,1,7,0,0,0
201328239239,6,2,1,30,4,215.06738,1,5,4,2013,11,10,40,0,0,1,1,1,2,1,2,8,0,1,4,0,0,0
201328239244,3,2,1,30,4,22.638672,2,5,4,2013,17,42,12,1,0,1,1,1,2,2,2,8,0,1,1,0,0,0
201328239245,5,2,1,30,4,90.55469,2,5,4,2013,18,6,12,6,0,2,1,1,2,1,2,8,0,2,1,0,0,0
201328239294,4,2,1,30,4,350.8994,3,6,7,2013,11,5,12,6,0,4,1,1,0,0,2,8,0,1,1,0,0,0
201328239304,6,2,1,30,4,215.06738,2,6,1,2013,14,40,12,6,0,2,1,10,0,0,2,8,0,2,1,0,0,0
201328239318,1,2,2,30,4,3.3992,2,5,1,2013,20,31,12,2,0,1,2,1,3,3,2,8,0,1,1,0,0,0
201328239329,6,2,2,30,4,210.7504,2,5,4,2013,9,13,12,1,0,1,1,1,0,0,2,8,0,1,1,0,0,0
201328239353,4,2,2,30,4,350.1176,1,5,2,2013,7,0,59,0,0,1,1,1,2,1,2,8,0,1,3,0,0,0
201328239412,3,2,2,30,4,20.3952,2,6,4,2013,18,30,12,8,0,1,1,1,3,1,2,8,0,1,1,0,0,0
201328239427,6,2,1,31,6,184.5729,1,6,5,2013,5,45,11,0,0,1,2,10,0,0,2,8,0,1,1,0,0,0
201328239430,3,2,1,31,6,61.5243,2,5,3,2013,14,23,12,6,0,2,1,1,2,3,2,8,0,2,1,0,0,0
201328239431,5,2,1,31,6,61.5243,2,5,3,2013,15,18,12,6,0,2,1,1,2,12,2,8,0,2,1,0,0,0
201328239434,4,2,1,31,6,369.1458,2,6,7,2013,12,31,12,8,0,1,1,10,0,0,2,8,0,1,1,0,0,0
201328239435,6,2,1,31,6,184.5729,2,6,7,2013,15,8,12,6,0,2,1,10,0,0,2,8,0,2,1,0,0,0
201328239441,5,2,1,31,6,61.5243,1,6,5,2013,16,11,19,0,0,1,1,1,2,1,2,8,0,1,5,0,0,0
201328239442,5,2,1,31,6,61.5243,2,6,6,2013,15,18,12,1,0,1,1,1,2,2,2,8,0,1,1,19,0,0
201328239444,2,2,1,31,6,61.5243,2,6,7,2013,11,40,54,11,0,1,1,1,0,0,2,8,0,1,1,14,0,0
201328239447,4,2,1,31,6,369.1458,1,6,2,2013,21,50,11,0,0,1,2,1,0,0,2,8,0,1,1,0,0,0
201328239450,3,2,2,29,5,17.1835,1,6,1,2013,14,23,9,0,0,2,1,1,2,1,2,8,0,3,1,16,0,0
201328239455,2,2,2,29,5,51.5505,2,6,5,2013,8,0,12,6,0,4,1,2,1,1,2,8,0,1,1,0,0,0
201328239457,3,2,2,29,5,17.1835,1,6,6,2013,0,21,53,0,0,1,3,1,2,1,1,8,0,1,4,0,0,0
201328239459,5,2,1,29,5,85.9175,2,6,6,2013,20,10,53,0,0,1,1,10,1,1,1,8,0,1,4,0,0,0
201328239461,3,2,1,29,5,17.1835,1,6,1,2013,3,25,42,0,0,1,2,1,3,1,1,8,0,1,4,0,0,0
201328239496,3,2,1,30,4,22.638672,2,6,3,2013,16,31,12,8,0,1,1,1,3,1,2,8,0,1,1,0,0,0
201328239516,4,2,1,30,4,350.8994,2,6,2,2013,17,37,12,7,0,1,5,1,0,0,2,8,0,1,1,0,0,0
201328239520,5,2,1,30,4,90.55469,1,5,6,2013,18,50,40,0,0,1,1,1,2,1,1,8,0,1,4,0,0,0
201328239545,3,2,1,30,4,22.638672,2,6,4,2013,16,41,12,7,0,1,1,10,2,1,2,8,0,1,1,0,0,0
201328239561,4,2,1,30,4,350.8994,2,6,6,2013,13,11,12,6,0,2,1,1,0,0,2,8,0,4,1,0,0,0
201328239573,3,2,1,30,4,22.638672,2,6,7,2013,17,34,12,1,0,2,1,1,2,1,2,8,0,2,1,0,0,0
201328239580,6,2,1,30,4,215.06738,3,5,5,2013,15,10,12,1,0,1,1,1,0,0,2,8,0,1,1,0,0,0
201328239596,1,2,2,30,4,3.3992,1,6,2,2013,13,24,23,0,1,5,1,10,3,2,2,8,0,1,4,0,0,0
201328239661,5,2,2,29,5,85.9175,2,6,7,2013,15,5,12,6,0,4,1,1,2,2,2,8,0,1,1,0,0,0
201328239664,1,2,2,29,5,17.1835,2,6,5,2013,17,47,12,6,0,2,1,1,3,2,2,8,0,2,1,0,0,0
201328239669,3,2,1,29,5,17.1835,3,6,6,2013,12,25,12,1,0,1,1,1,2,1,2,8,0,1,1,0,0,0
201328239681,6,2,1,29,5,206.202,1,6,2,2013,22,50,31,0,1,5,2,1,1,1,2,8,0,1,4,0,0,0
201328239698,4,2,1,30,4,350.8994,2,6,2,2013,19,0,12,6,0,2,1,1,0,0,2,8,0,2,1,0,0,0
201328239700,3,2,1,30,4,22.638672,1,6,4,2013,7,9,1,0,0,1,1,1,2,1,2,8,0,1,1,0,0,0
201328239710,3,2,1,30,4,22.638672,2,6,2,2013,17,39,12,1,0,2,1,1,2,1,2,8,0,2,1,0,0,0
201328239739,3,2,1,30,4,22.638672,1,6,6,2013,12,32,8,0,0,2,1,1,2,1,2,8,0,2,1,0,0,0
201328239748,3,2,1,30,4,22.638672,1,6,6,2013,9,30,8,0,0,2,1,1,2,2,2,8,0,2,1,0,0,0
201328239749,1,2,1,30,4,11.319336,3,6,7,2013,2,40,12,2,0,1,3,1,4,4,1,8,0,1,1,0,0,0
201328239752,4,2,1,30,4,350.8994,2,6,7,2013,18,56,12,1,0,1,1,1,1,1,2,8,0,1,1,0,0,0
201328239756,6,2,1,30,4,215.06738,3,6,1,2013,12,18,12,6,0,2,1,1,2,3,2,8,0,2,1,0,0,0
201328239757,5,2,1,30,4,90.55469,2,6,1,2013,16,53,12,1,0,2,1,1,1,1,2,8,0,2,1,0,0,0
201328239792,3,2,1,30,4,22.638672,1,6,4,2013,13,43,9,0,0,1,1,1,4,1,2,8,0,1,2,0,0,0
201328239807,4,2,1,30,4,350.8994,2,6,5,2013,17,0,12,7,0,2,1,1,0,0,2,8,0,2,1,0,0,0
201328239809,2,2,1,30,4,56.59668,2,6,1,2013,22,50,12,7,1,18,3,1,0,0,2,8,0,1,1,0,0,0
201328239852,3,2,1,30,4,22.638672,1,7,2,2013,9,5,8,0,0,2,1,10,2,1,2,8,0,3,1,0,0,0
201328239855,4,2,1,30,4,350.8994,2,6,6,2013,15,55,12,1,0,1,1,1,0,0,2,8,0,1,1,0,0,0
201328239885,1,2,1,30,4,11.319336,2,5,1,2013,0,44,12,2,0,1,3,1,3,3,1,8,0,1,1,0,0,0
201328239886,6,2,1,30,4,215.06738,2,6,3,2013,14,15,12,6,0,2,1,10,0,0,2,8,0,2,1,0,0,0
201328239893,5,2,1,30,4,90.55469,1,6,1,2013,16,40,30,0,0,1,1,1,1,5,2,8,0,1,4,0,0,0
201328239898,3,2,1,30,4,22.638672,2,7,2,2013,17,56,12,1,0,1,1,10,2,1,2,8,0,1,1,0,0,0
201328239903,4,2,1,30,4,350.8994,2,7,3,2013,7,47,12,1,0,2,1,1,0,0,2,8,0,2,1,0,0,0
201328239915,3,2,1,30,4,22.638672,1,7,3,2013,16,12,1,0,0,4,1,1,2,1,2,8,0,1,11,0,0,0
201328239934,1,2,1,30,4,11.319336,3,7,4,2013,17,30,12,6,0,2,1,10,3,1,2,8,0,3,1,0,0,0
201328239952,4,2,1,30,4,350.8994,2,7,6,2013,1,14,12,1,0,1,3,2,0,0,2,8,0,1,1,0,0,0
201328239961,6,2,1,30,4,215.06738,2,7,6,2013,19,54,12,8,0,4,1,10,0,0,2,8,0,1,1,0,0,0
201328239963,3,2,1,30,4,22.638672,2,7,7,2013,3,2,14,0,0,1,2,10,2,1,1,8,1,1,7,0,0,0
201328239984,1,2,2,30,4,3.3992,1,6,3,2013,1,42,11,0,0,1,2,1,3,1,2,8,0,1,1,0,0,0
201328240016,3,2,2,30,4,20.3952,1,6,5,2013,19,47,1,0,0,1,2,1,4,1,2,8,0,1,1,0,0,0
201328240026,5,2,2,30,4,88.3792,2,6,1,2013,13,1,12,6,0,2,1,1,1,1,2,8,0,3,1,0,0,0
201328240039,1,2,2,30,4,3.3992,2,6,2,2013,7,48,12,6,0,2,1,1,3,2,2,8,0,2,1,0,0,0
201328240041,1,2,2,30,4,3.3992,2,6,5,2013,9,41,12,8,0,1,1,2,3,2,2,8,0,1,1,0,0,0
201328240046,1,2,2,30,4,3.3992,2,6,7,2013,17,20,12,6,0,2,1,1,3,3,2,8,0,2,1,0,0,0
201328240053,6,2,1,31,6,184.5729,1,6,6,2013,23,41,11,0,0,1,2,1,0,0,2,8,0,1,1,0,0,0
201328240057,4,2,1,31,6,369.1458,2,6,1,2013,15,20,12,1,0,4,1,10,0,0,2,8,0,1,1,0,0,0
201328240065,6,2,1,31,6,184.5729,1,6,4,2013,5,43,11,0,0,1,4,1,0,0,2,8,0,1,1,0,0,0
201328240067,4,2,1,31,6,369.1458,2,6,4,2013,11,43,12,1,0,4,1,1,1,1,2,8,0,1,1,0,0,0
201328240072,5,2,1,31,6,61.5243,3,6,6,2013,13,43,12,1,0,1,1,1,2,1,2,8,0,1,1,0,0,0
201328240109,4,2,1,29,5,343.67,2,6,5,2013,7,21,12,1,0,2,1,1,0,0,2,8,0,3,1,0,0,0
201328240113,5,2,1,29,5,85.9175,2,6,4,2013,15,0,12,2,0,1,1,10,2,1,2,8,0,1,1,0,0,0
201328240137,2,2,1,29,5,51.5505,2,7,4,2013,8,0,12,7,0,1,1,1,1,1,2,8,0,1,1,0,0,0
201328240141,4,2,1,29,5,343.67,1,7,5,2013,23,30,59,0,0,1,2,2,0,0,2,8,0,1,4,0,0,0
201328240144,4,2,2,29,5,343.67,2,6,6,2013,16,29,12,7,0,1,1,10,0,0,2,8,0,1,1,0,0,0
201328240145,3,2,2,29,5,17.1835,1,6,6,2013,23,40,53,0,0,1,2,10,3,1,1,8,0,1,4,0,0,0
201328240161,6,2,1,31,6,184.5729,4,7,3,2013,17,30,12,1,0,1,1,2,1,2,2,8,1,1,1,0,0,0
201328240162,5,2,1,31,6,61.5243,1,7,1,2013,15,20,35,0,1,19,1,1,2,8,2,8,0,1,4,0,0,0
201328240163,5,2,1,31,6,61.5243,1,7,2,2013,23,15,30,0,0,1,2,2,2,4,2,8,0,1,4,0,0,0
201328240168,3,2,1,31,6,61.5243,1,7,2,2013,22,51,1,0,0,1,2,2,2,1,2,8,0,1,4,0,0,0
201328240170,1,2,3,30,4,3.3992,2,7,5,2013,16,40,12,2,1,2,1,2,3,2,2,8,0,3,1,0,0,0
201328240190,6,2,1,29,5,206.202,1,7,5,2013,15,19,25,0,0,1,1,2,1,1,2,8,0,1,3,0,0,0
201328240194,1,2,1,29,5,17.1835,1,7,6,2013,4,50,38,0,0,1,2,2,3,1,2,8,0,1,4,0,0,0
201328240203,5,2,1,29,5,85.9175,2,7,3,2013,14,44,12,6,0,2,1,1,2,1,2,8,0,2,1,0,0,0
201328240212,3,2,1,30,4,22.638672,1,7,7,2013,22,45,9,0,0,4,3,1,2,2,2,8,0,1,1,0,0,0
201328240237,3,2,1,30,4,22.638672,1,6,5,2013,8,11,8,0,0,1,1,1,2,1,2,8,0,1,1,0,0,0
201328240241,4,2,1,30,4,350.8994,2,6,4,2013,18,23,12,1,0,1,1,10,0,0,2,8,0,1,1,0,0,0
201328240254,3,2,1,30,4,22.638672,2,6,3,2013,16,59,12,1,0,1,1,1,2,1,2,8,0,1,1,0,0,0
201328240270,1,2,1,30,4,11.319336,3,6,4,2013,12,53,12,6,0,2,1,10,3,3,2,8,0,2,1,0,0,0
201328240277,6,2,1,30,4,215.06738,2,6,2,2013,17,50,12,6,1,2,1,1,0,0,2,8,0,3,1,0,0,0
201328240297,4,2,2,30,4,350.1176,2,6,5,2013,17,0,12,1,1,5,1,1,0,0,2,8,0,1,1,0,0,0
201328240333,3,2,2,30,4,20.3952,1,7,7,2013,14,5,34,0,0,1,1,2,3,2,2,8,0,1,4,0,0,0
201328240343,6,2,2,30,4,210.7504,2,7,2,2013,8,50,12,1,0,1,1,2,0,0,2,8,0,1,1,0,0,0
201328240364,3,2,1,30,4,22.638672,2,7,2,2013,13,3,12,6,0,2,1,1,2,1,2,8,0,2,1,0,0,0
201328240372,4,2,1,30,4,350.8994,2,7,3,2013,18,30,12,1,0,2,1,1,0,0,2,8,0,2,1,0,0,0
201328240393,2,2,1,30,4,56.59668,2,6,7,2013,1,43,12,7,0,1,3,10,1,1,2,8,0,1,1,0,0,0
201328240412,3,2,1,30,4,22.638672,2,7,3,2013,7,20,12,1,0,1,1,1,2,1,2,8,0,1,1,0,0,0
201328240422,4,2,1,30,4,350.8994,2,7,6,2013,15,45,12,6,0,2,1,2,0,0,2,8,0,2,1,0,0,0
201328240423,6,2,1,30,4,215.06738,2,7,6,2013,17,32,12,6,0,2,1,10,1,2,2,8,0,2,1,0,0,0
201328240434,3,2,1,30,4,22.638672,2,7,7,2013,13,0,12,1,0,1,1,10,2,1,2,8,0,1,1,0,0,0
201328240463,6,2,2,29,5,206.202,1,7,2,2013,5,50,11,0,0,1,4,1,0,0,2,8,0,1,1,0,0,0
201328240480,5,2,1,30,4,90.55469,2,7,4,2013,14,30,12,7,0,2,1,1,3,1,2,8,0,,1,0,0,0
201328240484,4,2,1,30,4,350.8994,2,6,6,2013,16,40,12,1,0,1,1,1,0,0,2,8,0,1,1,0,0,0
201328240491,6,2,1,30,4,215.06738,3,7,4,2013,16,38,12,1,0,1,1,1,0,0,2,8,0,1,1,0,0,0
201328240505,3,2,1,30,4,22.638672,1,7,5,2013,17,15,9,0,0,1,1,1,2,1,2,8,0,1,1,0,0,0
201328240523,3,2,1,30,4,22.638672,2,7,3,2013,15,17,12,1,0,1,1,2,2,1,2,8,0,1,1,0,0,0
201328240536,4,2,1,30,4,350.8994,2,7,5,2013,18,30,12,2,0,2,1,1,1,1,2,8,0,2,1,0,0,0
201328240556,3,2,1,30,4,22.638672,2,7,1,2013,15,30,12,1,0,2,1,1,2,3,2,8,0,2,1,0,0,0
201328240572,6,2,1,30,4,215.06738,1,7,3,2013,3,5,33,0,0,2,3,2,2,2,2,8,0,,3,0,0,0
201328240657,5,2,1,31,6,61.5243,1,7,4,2013,17,5,38,0,0,1,1,10,1,1,2,8,0,1,5,0,0,0
201328240658,6,2,1,31,6,184.5729,1,7,5,2013,18,24,11,0,0,1,1,1,0,0,2,8,0,1,1,0,0,0
201328240660,4,2,1,31,6,369.1458,1,7,2,2013,11,15,59,0,0,1,1,1,0,0,2,8,0,1,4,0,0,0
201328240662,5,2,1,31,6,61.5243,1,7,3,2013,11,35,38,0,0,1,1,1,2,1,2,8,0,1,5,0,0,0
201328240664,2,2,1,31,6,61.5243,1,7,4,2013,14,58,1,0,0,1,1,6,2,1,2,8,0,1,1,0,0,0
201328240666,2,2,1,31,6,61.5243,2,7,3,2013,20,55,12,6,0,1,5,1,0,0,2,8,0,1,1,0,0,0
201328240668,1,2,1,31,6,61.5243,2,7,7,2013,14,40,12,1,0,1,1,1,3,3,2,8,0,1,1,0,0,0
201328240671,6,2,1,31,6,184.5729,2,7,5,2013,15,31,12,7,0,2,1,1,0,0,2,8,0,3,1,0,0,0
201328240679,1,2,1,29,5,17.1835,1,7,7,2013,0,30,24,0,0,1,2,1,3,1,1,8,0,1,4,0,0,0
201328240690,3,2,1,29,5,17.1835,1,7,2,2013,19,34,1,0,0,1,1,10,2,1,2,8,0,1,4,0,0,0
201328240693,4,2,1,29,5,343.67,1,7,4,2013,3,30,18,0,0,1,2,1,0,0,2,8,0,1,1,0,0,0
201328240698,1,2,1,29,5,17.1835,2,7,5,2013,19,5,12,6,0,2,1,1,3,5,2,8,0,3,1,0,0,0
201328240704,3,2,1,29,5,17.1835,2,7,6,2013,12,40,12,1,0,1,1,10,2,4,2,8,0,1,1,0,0,0
201328240706,1,2,1,29,5,17.1835,4,7,6,2013,16,51,14,0,0,1,1,10,3,1,1,8,3,1,5,14,0,0
201328240708,6,2,1,29,5,206.202,1,7,6,2013,22,46,18,0,0,1,2,1,1,1,1,8,0,1,4,0,0,0
201328240719,2,2,1,29,5,51.5505,2,7,2,2013,9,46,12,8,0,2,1,10,2,1,2,8,0,2,1,0,0,0
201328240729,4,2,1,29,5,343.67,2,7,4,2013,10,30,12,1,0,2,1,10,0,0,2,8,0,2,1,0,0,0
201328240743,3,2,1,30,4,22.638672,2,7,5,2013,15,50,12,1,0,1,1,1,2,2,2,8,0,1,1,0,0,0
201328240745,4,2,1,30,4,350.8994,2,7,3,2013,7,35,12,6,0,2,1,1,0,0,2,8,0,2,1,0,0,0
201328240752,3,2,1,30,4,22.638672,1,7,4,2013,7,10,9,0,0,2,4,2,3,1,2,8,0,3,1,0,0,0
201328240760,5,2,1,30,4,90.55469,2,8,5,2013,7,45,12,1,0,1,1,2,1,1,2,8,0,1,1,0,0,0
201328240773,3,2,1,30,4,22.638672,2,7,6,2013,16,53,12,1,0,1,1,1,2,1,2,8,0,1,1,0,0,0
201328240792,6,2,1,30,4,215.06738,1,7,4,2013,17,15,42,0,0,2,1,2,2,1,2,8,0,3,5,0,0,0
201328240800,4,2,1,30,4,350.8994,2,8,5,2013,16,11,12,1,0,2,1,1,0,0,2,8,0,2,1,0,0,0
201328240823,3,2,1,30,4,22.638672,2,8,6,2013,19,35,12,1,0,1,1,10,2,1,2,8,0,1,1,0,0,0
201328240846,4,2,1,30,4,350.8994,2,7,5,2013,16,18,14,0,0,1,1,1,0,0,2,8,1,1,7,0,0,0
201328240886,3,2,3,30,4,20.3952,1,7,6,2013,23,15,8,0,0,1,3,1,2,1,2,8,0,1,1,0,0,0
201328240903,4,2,1,31,6,369.1458,1,7,1,2013,13,48,11,0,0,1,1,1,0,0,2,8,0,1,1,0,0,0
201328240905,2,2,1,31,6,61.5243,1,7,1,2013,16,38,72,0,0,1,1,1,0,0,2,8,0,1,1,0,0,0
201328240917,2,2,1,29,5,51.5505,2,7,6,2013,5,40,12,2,0,1,2,1,3,1,2,8,0,1,1,0,0,0
201328240922,5,2,1,29,5,85.9175,1,7,5,2013,23,7,34,0,0,1,2,1,2,1,1,8,0,1,4,0,0,0
201328240927,3,2,1,29,5,17.1835,2,7,1,2013,14,13,12,7,0,1,1,10,2,1,2,8,0,1,1,0,0,0
201328240937,3,2,1,29,5,17.1835,1,8,5,2013,15,17,1,0,0,2,1,10,2,2,2,8,0,3,1,0,0,0
201328240939,3,2,2,29,5,17.1835,1,7,5,2013,16,20,32,0,0,1,1,1,3,1,2,8,0,1,4,0,0,0
201328240947,1,2,2,29,5,17.1835,1,7,5,2013,19,29,32,0,0,1,1,1,3,1,2,8,0,1,4,0,0,0
201328240948,5,2,2,29,5,85.9175,2,7,6,2013,14,28,12,6,0,4,1,1,2,3,2,8,0,1,1,0,0,0
201328240960,1,2,1,31,6,61.5243,3,8,6,2013,16,36,12,6,0,2,1,10,3,4,2,8,0,2,1,0,0,0
201328240961,4,2,1,31,6,369.1458,1,8,6,2013,22,0,11,0,0,1,3,1,0,0,2,8,0,1,1,0,0,0
201328240965,5,2,1,31,6,61.5243,1,8,2,2013,21,44,35,0,0,1,2,1,2,2,2,8,0,1,4,0,0,0
201328240976,6,2,1,29,5,206.202,2,8,6,2013,21,28,7,0,0,1,3,1,1,1,2,8,0,1,1,14,0,0
201328240979,4,2,1,29,5,343.67,2,8,1,2013,19,34,54,11,0,1,1,10,0,0,2,8,0,1,1,14,0,0
201328240980,5,2,1,29,5,85.9175,1,8,3,2013,18,15,59,0,1,19,1,1,1,1,2,8,0,1,8,0,0,0
201328240997,3,2,1,30,4,22.638672,1,8,2,2013,22,35,8,0,0,1,6,1,2,1,1,8,0,1,1,0,0,0
201328241002,5,2,1,30,4,90.55469,2,7,7,2013,17,13,14,0,0,1,1,1,1,1,2,8,1,1,7,0,0,0
201328241004,6,2,1,30,4,215.06738,2,8,3,2013,10,15,12,1,0,1,1,1,2,1,2,8,0,1,1,0,0,0
201328241013,1,2,1,30,4,11.319336,2,8,4,2013,8,0,12,2,0,1,1,10,3,4,2,8,0,1,1,0,0,0
201328241027,4,2,1,30,4,350.8994,3,7,5,2013,16,56,12,1,0,1,1,1,0,0,2,8,0,1,1,0,0,0
201328241028,3,2,1,30,4,22.638672,1,7,5,2013,19,46,8,0,0,1,1,1,2,1,2,8,0,1,1,0,0,0
201328241062,3,2,1,30,4,22.638672,2,8,5,2013,17,0,12,6,0,2,1,2,2,1,2,8,0,2,1,0,0,0
201328241074,3,2,1,30,4,22.638672,2,8,4,2013,12,42,12,1,0,1,1,1,2,1,2,8,0,1,1,0,0,0
201328241077,6,2,1,30,4,215.06738,2,8,6,2013,11,1,12,2,0,2,1,2,1,1,2,8,0,2,1,0,0,0
201328241078,4,2,1,30,4,350.8994,2,8,6,2013,12,10,14,0,0,1,1,10,0,0,2,8,1,1,7,0,0,0
201328241082,2,2,1,30,4,56.59668,2,8,6,2013,14,16,12,6,1,2,1,1,0,0,2,8,0,2,1,0,0,0
201328241103,3,2,1,30,4,22.638672,1,8,1,2013,1,30,8,0,0,1,6,10,2,2,2,8,0,1,1,0,0,0
201328241233,5,2,1,30,4,90.55469,2,8,3,2013,6,51,12,6,0,2,1,10,1,1,2,8,0,2,1,0,0,0
201328241237,4,2,1,30,4,350.8994,2,7,7,2013,12,25,12,6,0,4,1,10,0,0,2,8,0,1,1,0,0,0
201328241242,3,2,1,30,4,22.638672,2,8,3,2013,18,24,12,1,0,4,1,10,2,1,2,8,0,1,1,0,0,0
201328241249,6,2,1,30,4,215.06738,2,8,4,2013,7,10,12,6,0,2,1,1,1,1,2,8,0,3,1,0,0,0
201328241277,1,2,1,30,4,11.319336,3,8,4,2013,19,10,30,0,0,2,1,1,3,5,2,8,0,2,4,0,0,0
201328241291,4,2,1,30,4,350.8994,2,8,5,2013,18,20,12,6,0,2,5,1,0,0,2,8,0,3,1,0,0,0
201328241292,1,2,1,30,4,11.319336,1,8,6,2013,5,26,52,0,1,5,3,1,3,3,2,8,0,1,4,0,0,0
201328241314,3,2,1,30,4,22.638672,2,8,6,2013,16,0,12,1,0,2,1,1,2,1,2,8,0,2,1,0,0,0
201328241328,6,2,1,30,4,215.06738,2,8,7,2013,19,30,12,6,0,4,1,1,0,0,2,8,0,1,1,0,0,0
201328241329,3,2,1,30,4,22.638672,2,8,7,2013,21,10,12,8,0,2,3,1,2,1,1,8,0,2,1,0,0,0
201328241339,4,2,1,30,4,350.8994,2,7,3,2013,11,35,12,1,0,1,1,1,0,0,2,8,0,1,1,0,0,0
201328241350,3,2,1,30,4,22.638672,1,8,1,2013,14,52,9,0,0,2,1,1,2,1,2,8,0,2,1,0,0,0
201328241353,3,2,1,30,4,22.638672,1,8,2,2013,9,24,8,0,0,1,1,1,3,1,2,8,0,1,1,16,0,0
201328241405,4,2,1,31,6,369.1458,1,8,3,2013,18,9,73,0,0,1,1,1,0,0,2,8,0,1,1,0,0,0
201328241406,6,2,1,31,6,184.5729,1,8,5,2013,18,5,30,0,0,2,1,10,0,0,2,8,0,2,4,0,0,0