CASENUM,STRATUM,REGION,PJ,PSU,PSUSTRAT,WEIGHT,VE_TOTAL,MONTH,WKDY_IM,YEAR,HOUR_IM,MINUTE_IM,EVENT1_IM,MANCOL_IM,RELJCT1_IM,RELJCT2_IM,LGTCON_IM,WEATHR_IM,MAXSEV_IM,NO_INJ_IM,ALCHL_IM,LAND_USE,PVH_INVL,TYP_INT,REL_ROAD,CF1,CF2,CF3
201328243652,3,2,1,30,4,22.638672,2,10,1,2013,14,47,12,6,0,4,1,1,2,1,2,8,0,1,1,0,0,0
201328243675,3,2,1,30,4,22.638672,2,11,6,2013,14,16,12,6,0,2,1,1,2,2,2,8,0,2,1,0,0,0
201328243686,4,2,1,30,4,350.8994,2,11,7,2013,12,25,12,1,0,5,1,10,0,0,2,8,0,1,1,0,0,0
201328243696,3,2,1,30,4,22.638672,2,11,1,2013,2,50,12,8,0,2,3,10,2,1,2,8,0,2,1,0,0,0
201328243711,6,2,1,30,4,215.06738,2,11,1,2013,21,2,12,6,0,2,3,1,0,0,2,8,0,3,1,0,0,0
201328243714,5,2,1,30,4,90.55469,2,11,2,2013,4,25,12,6,0,2,3,1,2,1,2,8,0,2,1,0,0,0
201328243730,6,2,1,31,6,184.5729,1,11,1,2013,17,12,11,0,0,1,1,1,0,0,2,8,0,1,1,0,0,0
201328243737,4,2,1,31,6,369.1458,1,11,6,2013,19,40,11,0,0,1,2,1,0,0,2,8,0,1,1,0,0,0
201328243738,6,2,1,31,6,184.5729,1,11,6,2013,22,50,11,0,0,1,2,1,0,0,2,8,0,1,1,0,0,0
201328243741,2,2,1,31,6,61.5243,1,11,1,2013,10,26,34,0,0,1,1,1,1,2,2,8,0,1,3,0,0,0
201328243742,5,2,1,31,6,61.5243,1,11,2,2013,16,7,35,0,0,1,1,1,1,1,2,8,0,1,4,0,0,0
201328243745,2,2,1,31,6,61.5243,1,11,5,2013,21,35,11,0,0,1,2,1,0,0,2,8,0,1,1,0,0,0
201328243746,1,2,1,29,5,17.1835,1,11,5,2013,1,0,34,0,1,5,2,2,3,2,1,8,0,1,4,0,0,0
201328243754,6,2,1,29,5,206.202,2,11,7,2013,15,55,12,6,0,2,1,10,1,1,2,8,0,2,1,0,0,0
201328243756,1,2,1,29,5,17.1835,1,11,1,2013,2,45,24,0,0,1,2,10,3,2,1,8,0,1,4,0,0,0
201328243772,6,2,2,29,5,206.202,1,11,4,2013,6,28,11,0,0,1,4,1,0,0,2,8,0,1,1,0,0,0
201328243774,2,2,2,29,5,51.5505,2,11,4,2013,15,24,12,6,0,2,1,1,1,1,2,8,0,2,1,0,0,0
201328243776,4,2,2,29,5,343.67,1,11,5,2013,18,0,11,0,0,1,2,10,0,0,2,8,0,1,1,0,0,0
201328243796,4,2,1,30,4,350.8994,2,11,2,2013,13,10,12,6,0,2,1,1,0,0,2,8,0,2,1,0,0,0
201328243819,6,2,1,30,4,215.06738,2,11,4,2013,7,28,12,7,0,1,4,1,0,0,2,8,0,1,1,0,0,0
201328243839,4,2,1,30,4,350.8994,2,10,3,2013,8,13,12,7,0,1,4,1,0,0,2,8,0,1,1,0,0,0
201328243842,3,2,1,30,4,22.638672,2,10,3,2013,15,35,12,1,0,2,1,1,2,1,2,8,0,3,1,0,0,0
201328243854,1,2,1,30,4,11.319336,1,11,1,2013,18,13,52,0,0,1,2,1,3,2,2,8,0,1,3,0,0,0
201328243891,6,2,1,30,4,215.06738,2,11,5,2013,10,26,12,1,0,2,1,10,0,0,2,8,0,3,1,0,0,0
201328243893,3,2,1,30,4,22.638672,2,11,2,2013,12,37,12,1,0,2,1,1,2,1,2,8,0,2,1,0,0,0
201328243894,4,2,1,30,4,350.8994,1,11,6,2013,4,15,11,0,1,5,3,1,0,0,2,8,0,1,1,0,0,0
201328243919,1,2,1,30,4,11.319336,2,11,6,2013,7,30,12,6,0,2,4,2,3,1,2,8,0,3,1,0,0,0
201328243926,5,2,1,30,4,90.55469,2,11,6,2013,16,55,12,6,0,2,5,10,2,1,2,8,0,2,1,0,0,0
201328243941,4,2,1,30,4,350.8994,2,11,7,2013,18,2,12,7,0,2,3,4,0,0,2,8,0,2,1,0,0,0
201328243961,6,2,1,31,6,184.5729,1,11,4,2013,19,22,18,0,0,1,2,1,0,0,2,8,0,1,1,0,0,0
201328243965,2,2,1,31,6,61.5243,1,11,4,2013,1,50,11,0,0,1,2,1,0,0,2,8,0,1,1,0,0,0
201328243967,4,2,1,31,6,369.1458,2,11,4,2013,6,25,12,6,0,2,3,1,0,0,2,8,0,2,1,0,0,0
201328243969,2,2,1,31,6,61.5243,2,11,6,2013,22,19,12,1,0,1,2,1,0,0,2,8,0,1,1,0,0,0
201328243971,2,2,1,31,6,61.5243,2,11,6,2013,14,0,12,8,0,1,1,10,0,0,2,8,0,1,1,0,0,0
201328243975,6,2,1,31,6,184.5729,1,11,3,2013,8,0,34,0,0,1,1,10,0,0,2,8,0,1,4,0,0,0
201328243978,5,2,1,31,6,61.5243,2,12,2,2013,14,24,24,0,0,1,1,1,1,2,2,8,0,1,4,0,0,0
201328243980,6,2,1,31,6,184.5729,2,12,3,2013,8,0,12,6,0,2,1,1,0,0,2,8,0,3,1,0,0,0
201328243981,4,2,1,31,6,369.1458,1,12,5,2013,1,37,11,0,0,1,2,10,0,0,2,8,0,1,1,0,0,0
201328243986,6,2,1,31,6,184.5729,1,11,2,2013,22,3,11,0,0,1,2,1,0,0,2,8,0,1,1,0,0,0
201328243989,6,2,1,31,6,184.5729,2,12,1,2013,16,25,12,1,0,1,1,1,0,0,2,8,0,1,1,0,0,0
201328243991,5,2,1,31,6,61.5243,1,12,2,2013,0,35,38,0,0,1,2,10,2,2,2,8,0,1,3,0,0,0
201328244005,1,2,2,29,5,17.1835,1,11,1,2013,16,20,34,0,0,1,1,1,3,1,2,8,0,1,5,0,0,0
201328244007,1,2,2,29,5,17.1835,1,11,2,2013,14,45,24,0,0,1,1,1,3,1,2,8,0,1,4,0,0,0
201328244022,3,2,1,29,5,17.1835,2,11,3,2013,15,48,12,1,0,2,1,10,2,1,2,8,0,,1,0,0,0
201328244032,2,2,1,29,5,51.5505,2,11,1,2013,5,39,12,6,0,1,2,2,2,1,2,8,0,1,1,19,23,0
201328244041,4,2,1,29,5,343.67,2,11,4,2013,16,30,12,1,0,1,1,10,0,0,2,8,0,1,1,0,0,0
201328244045,5,2,1,29,5,85.9175,1,11,6,2013,8,15,34,0,0,1,1,1,2,3,2,8,0,1,4,0,0,0
201328244047,6,2,1,29,5,206.202,2,11,6,2013,11,17,12,7,0,1,1,10,0,0,2,8,0,1,4,0,0,0
201328244062,6,2,1,30,4,215.06738,1,11,1,2013,13,45,30,0,1,2,1,1,2,2,2,8,0,3,4,0,0,0
201328244066,3,2,1,30,4,22.638672,1,11,1,2013,16,30,8,0,0,2,1,10,2,1,2,8,0,3,1,0,0,0
201328244080,1,2,1,30,4,11.319336,2,11,2,2013,15,28,12,6,0,2,1,10,3,2,1,8,0,4,1,0,0,0
201328244105,3,2,1,30,4,22.638672,1,12,4,2013,23,39,33,0,0,1,3,1,3,1,1,8,0,1,4,0,0,0
201328244107,4,2,1,30,4,350.8994,2,12,5,2013,8,45,12,1,0,2,1,2,0,0,2,8,0,2,1,0,0,0
201328244120,1,2,1,30,4,11.319336,1,12,6,2013,6,30,25,0,1,19,3,3,3,1,2,8,0,1,4,0,0,0
201328244123,6,2,1,30,4,215.06738,1,12,6,2013,10,39,42,0,0,1,1,2,0,0,2,8,0,1,4,0,0,0
201328244126,3,2,1,30,4,22.638672,2,12,6,2013,16,25,12,1,0,2,1,4,2,1,2,8,0,2,1,0,0,0
201328244158,4,2,1,30,4,350.8994,2,12,1,2013,14,5,14,0,0,1,1,10,0,0,2,8,1,1,7,0,0,0
201328244180,6,2,2,29,5,206.202,1,11,4,2013,8,25,59,0,0,2,1,10,0,0,2,8,0,3,4,0,0,0
201328244183,1,2,2,29,5,17.1835,1,11,6,2013,16,50,32,0,0,1,1,10,3,1,2,8,0,1,4,0,0,0
201328244187,2,2,2,29,5,51.5505,2,12,3,2013,6,48,12,6,0,2,4,5,1,1,2,8,0,2,1,0,0,0
201328244217,4,2,1,29,5,343.67,1,12,1,2013,8,20,24,0,0,1,1,10,0,0,2,8,0,1,4,0,0,0
201328244224,2,2,1,29,5,51.5505,1,12,4,2013,19,48,73,0,0,1,2,10,0,0,2,8,0,1,1,0,0,0
201328244225,5,2,1,29,5,85.9175,2,12,4,2013,20,55,12,6,0,2,3,1,2,8,2,8,0,2,1,0,0,0
201328244227,6,2,1,29,5,206.202,1,12,6,2013,0,17,24,0,0,1,2,1,0,0,2,8,0,1,4,0,0,0
201328244249,3,2,1,29,5,17.1835,2,12,6,2013,21,53,12,6,0,1,2,4,2,1,2,8,0,1,1,0,0,0
201328244251,2,2,1,29,5,51.5505,1,12,6,2013,23,20,24,0,0,1,2,1,0,0,2,8,0,1,3,0,0,0
201328244257,4,2,1,29,5,343.67,1,12,1,2013,4,38,11,0,0,1,3,1,0,0,2,8,0,1,1,0,0,0
201328244270,5,2,1,29,5,85.9175,2,12,3,2013,17,29,12,6,0,2,5,1,2,3,2,8,0,3,1,0,0,0
201328244272,6,2,1,29,5,206.202,2,12,3,2013,20,43,12,1,0,1,2,1,0,0,2,8,0,1,1,0,0,0
201328244281,3,2,1,30,4,22.638672,2,12,2,2013,19,2,12,1,0,2,3,1,2,1,2,8,0,2,1,0,0,0
201328244300,6,2,1,30,4,215.06738,3,12,3,2013,16,0,14,0,0,1,1,1,0,0,2,8,2,1,7,14,0,0
201328244310,4,2,1,30,4,350.8994,3,12,3,2013,17,56,12,1,0,1,3,1,0,0,2,8,0,1,1,0,0,0
201328244325,3,2,1,30,4,22.638672,2,12,5,2013,7,34,12,7,0,1,1,10,2,1,2,8,0,1,1,0,0,0
201328244330,1,2,1,30,4,11.319336,2,11,3,2013,4,49,12,6,0,1,2,4,4,3,2,8,0,1,1,0,0,0
201328244333,2,2,1,30,4,56.59668,2,11,3,2013,8,10,12,11,0,4,1,10,0,0,2,8,0,1,1,0,0,0
201328244356,3,2,1,30,4,22.638672,1,11,4,2013,18,5,8,0,0,1,3,4,2,2,2,8,0,1,1,0,0,0
201328244359,4,2,1,30,4,350.8994,2,11,4,2013,19,48,12,1,0,2,1,1,0,0,2,8,0,2,1,0,0,0
201328244360,5,2,1,30,4,90.55469,1,11,4,2013,20,16,59,0,0,1,3,1,2,1,1,8,0,1,5,0,0,0
201328244366,6,2,1,30,4,215.06738,4,11,5,2013,5,45,14,0,0,1,3,1,0,0,2,8,3,1,7,14,0,0
201328244380,1,2,1,30,4,11.319336,1,11,5,2013,2,57,34,0,0,1,3,10,3,1,2,8,0,1,4,0,0,0
201328244414,6,2,1,30,4,215.06738,3,12,6,2013,14,33,12,1,0,1,1,1,0,0,2,8,0,1,1,0,0,0
201328244422,4,2,1,30,4,350.8994,2,12,6,2013,17,45,12,1,0,2,3,1,0,0,2,8,0,2,1,0,0,0
201328244470,6,2,1,30,4,215.06738,2,12,6,2013,18,40,12,6,0,2,3,10,0,0,2,8,0,3,1,0,0,0
201328244475,4,2,1,31,6,369.1458,2,12,7,2013,14,30,12,1,0,2,1,2,0,0,2,8,0,2,1,0,0,0
201328244478,6,2,1,31,6,184.5729,2,12,7,2013,9,20,12,6,0,2,1,1,0,0,2,8,0,2,1,0,0,0
201328244482,6,2,1,31,6,184.5729,1,12,3,2013,16,44,34,0,0,1,1,1,0,0,2,8,0,1,4,0,0,0
201328244483,2,2,1,31,6,61.5243,1,12,4,2013,13,9,38,0,0,1,1,1,1,1,2,8,0,1,4,0,0,0
201328244507,4,2,1,30,4,350.8994,2,12,3,2013,7,10,12,2,0,2,3,10,0,0,2,8,0,2,1,0,0,0
201328244527,3,2,1,30,4,22.638672,2,12,4,2013,7,30,12,1,0,1,1,10,2,1,2,8,0,1,1,0,0,0
201328244541,1,2,1,30,4,11.319336,3,12,4,2013,19,0,12,1,0,1,3,1,3,3,2,8,0,1,1,0,0,0
201328244552,6,2,1,30,4,215.06738,1,12,5,2013,14,46,53,0,0,1,1,1,0,0,2,8,0,1,4,0,0,0
201328244554,2,2,1,30,4,56.59668,2,12,5,2013,16,52,12,1,0,1,1,10,0,0,2,8,0,1,1,0,0,0
201328244562,4,2,1,30,4,350.8994,2,12,5,2013,17,54,12,7,0,1,3,1,0,0,2,8,0,1,1,0,0,0
201328244590,3,2,1,30,4,22.638672,2,12,7,2013,15,15,12,6,0,1,1,2,3,2,2,8,0,1,1,0,0,0
201328244591,5,2,1,30,4,90.55469,2,12,7,2013,15,19,12,6,0,2,1,2,1,1,2,8,0,2,1,0,0,0
201328244612,1,2,1,30,4,11.319336,1,12,1,2013,13,38,25,0,0,1,1,10,3,1,1,8,0,1,3,0,0,0
201328244617,4,2,1,30,4,350.8994,2,12,1,2013,16,36,12,1,0,1,1,10,0,0,2,8,0,1,1,23,0,0
201328244620,6,2,1,30,4,215.06738,1,12,2,2013,4,23,34,0,1,5,3,10,0,0,2,8,0,1,8,0,0,0
201328244655,2,2,2,29,5,51.5505,1,12,2,2013,12,40,25,0,1,5,1,10,3,1,2,8,0,1,4,0,0,0
201328244657,1,2,2,29,5,17.1835,2,12,2,2013,16,55,12,1,0,1,5,10,3,2,2,8,0,1,1,0,0,0
201328244662,4,2,2,29,5,343.67,1,12,3,2013,19,3,32,0,0,1,2,10,1,1,2,8,0,1,4,0,0,0
201328244665,6,2,2,29,5,206.202,1,12,5,2013,0,22,11,0,0,1,2,1,0,0,2,8,0,1,1,0,0,0
201328244669,5,2,2,29,5,85.9175,1,12,5,2013,20,16,30,0,0,1,2,10,2,1,2,8,0,1,4,0,0,0
201328244696,4,2,1,29,5,343.67,1,12,2,2013,8,10,53,0,0,1,4,4,0,0,2,8,0,1,4,0,0,0
201328244711,1,2,1,29,5,17.1835,2,12,5,2013,16,44,12,6,0,1,1,10,3,2,2,8,0,1,1,0,0,0
201328244715,5,2,1,29,5,85.9175,1,12,7,2013,0,12,30,0,0,1,2,1,2,1,1,8,0,1,4,0,0,0
201328244717,5,2,1,31,6,61.5243,2,12,5,2013,6,0,12,6,0,2,3,1,2,1,2,8,0,3,1,0,0,0
201328244718,5,2,1,31,6,61.5243,2,12,5,2013,16,27,12,6,0,2,1,1,2,1,2,8,0,2,1,0,0,0
201328244720,6,2,1,31,6,184.5729,1,12,7,2013,6,40,30,0,0,1,3,4,0,0,2,8,0,1,4,0,0,0
201328244721,5,2,1,31,6,61.5243,1,12,7,2013,10,15,1,0,0,1,1,10,2,3,2,8,0,1,4,0,0,0
201328244724,6,2,1,31,6,184.5729,1,12,1,2013,5,59,1,0,0,1,2,2,2,1,2,8,0,1,4,0,0,0
201328244725,4,2,1,31,6,369.1458,1,12,1,2013,10,10,31,0,0,1,1,10,0,0,2,8,0,1,4,0,0,0
201328244729,2,2,1,31,6,61.5243,2,12,3,2013,5,55,12,6,0,1,2,1,0,0,2,8,0,1,1,0,0,0
201328244732,2,2,1,31,6,61.5243,1,12,4,2013,0,10,24,0,0,1,2,10,2,1,2,8,0,1,4,0,0,0
201328244733,5,2,1,31,6,61.5243,2,12,5,2013,2,10,12,2,0,1,2,10,1,1,2,8,0,1,1,0,0,0
201328244734,5,2,1,31,6,61.5243,2,12,5,2013,15,5,12,6,0,2,1,1,2,4,2,8,0,2,1,0,0,0
201328244737,6,2,1,31,6,184.5729,1,12,7,2013,8,5,32,0,0,1,1,2,0,0,2,8,0,1,4,0,0,0
201328244738,4,2,1,31,6,369.1458,2,12,7,2013,12,20,12,1,1,2,1,2,0,0,2,8,0,2,1,0,0,0
201328244739,2,2,1,31,6,61.5243,2,12,3,2013,21,17,12,7,0,1,2,10,0,0,2,8,0,1,1,0,0,0
201328244763,3,2,1,30,4,22.638672,2,12,3,2013,5,0,12,1,0,1,2,4,2,2,2,8,0,1,1,0,0,0
201328244791,4,2,1,30,4,350.8994,2,11,7,2013,22,30,12,1,0,2,3,10,0,0,2,8,0,3,1,0,0,0
201328244793,3,2,1,30,4,22.638672,2,12,2,2013,15,10,12,6,0,4,1,1,2,1,2,8,0,1,1,0,0,0
201328244801,6,2,1,30,4,215.06738,2,12,2,2013,18,11,12,1,0,1,2,1,0,0,2,8,0,1,1,0,0,0
201328244804,5,2,1,30,4,90.55469,2,12,2,2013,22,44,12,6,0,4,3,2,2,1,2,8,0,1,1,0,0,0
201328244854,4,2,1,30,4,350.8994,2,12,6,2013,8,7,12,1,0,2,1,10,0,0,2,8,0,2,1,0,0,0
201328244868,5,2,1,30,4,90.55469,2,12,6,2013,16,25,12,1,0,2,1,1,2,1,2,8,0,2,1,0,0,0
201328244876,6,2,1,30,4,215.06738,2,12,7,2013,0,15,12,6,0,2,3,1,0,0,2,8,0,2,1,0,0,0
201328244879,2,2,1,30,4,56.59668,1,12,7,2013,8,50,1,0,0,2,1,1,0,0,2,8,0,2,1,0,0,0
201328244881,3,2,1,30,4,22.638672,2,12,7,2013,10,1,12,7,1,2,1,1,2,1,2,8,0,2,1,0,0,0
201328244906,3,2,1,30,4,22.638672,2,12,3,2013,15,1,12,1,0,1,1,10,2,1,2,8,0,1,1,0,0,0
201328244908,4,2,1,30,4,350.8994,2,12,7,2013,22,25,12,7,0,2,3,2,0,0,2,8,0,3,1,0,0,0
201328244920,2,2,1,31,6,61.5243,3,12,6,2013,15,50,12,1,0,1,1,2,0,0,2,8,0,1,1,0,0,0
201328244925,4,2,1,31,6,369.1458,1,12,3,2013,17,16,73,0,0,1,1,1,0,0,2,8,0,1,1,0,0,0
201328244926,3,2,1,31,6,61.5243,2,12,5,2013,11,5,12,1,0,1,1,1,2,1,2,8,0,1,1,3,0,0
201328244932,5,2,1,31,6,61.5243,2,12,7,2013,12,24,12,1,0,1,1,1,1,1,2,8,0,1,1,3,0,0
201328244933,4,2,1,31,6,369.1458,3,12,3,2013,11,37,12,1,0,1,1,4,0,0,2,8,0,1,1,3,0,0
201328244936,6,2,1,31,6,184.5729,1,12,2,2013,18,55,24,0,0,1,2,1,0,0,2,8,0,1,4,0,0,0
201328244938,1,2,1,31,6,61.5243,2,12,3,2013,15,2,12,6,0,1,1,10,4,2,2,8,0,1,1,0,0,0
201328244940,3,2,1,31,6,61.5243,1,12,7,2013,14,27,1,0,0,2,1,1,3,1,2,8,0,3,1,0,0,0
201328244942,5,2,1,31,6,61.5243,1,12,1,2013,14,54,34,0,0,1,1,10,1,1,2,8,0,1,4,0,0,0
201328244945,1,2,2,29,5,17.1835,2,12,3,2013,13,34,12,1,0,2,1,1,3,2,2,8,0,2,1,0,0,0
201328244948,1,2,2,29,5,17.1835,1,12,1,2013,16,54,24,0,0,1,1,10,4,1,2,8,0,1,4,0,0,0
201328244949,1,2,2,29,5,17.1835,1,12,1,2013,18,44,42,0,0,1,2,10,4,1,1,8,0,1,4,0,0,0
201328244957,4,2,1,29,5,343.67,1,12,1,2013,14,34,18,0,0,1,1,1,0,0,2,8,0,1,1,0,0,0
201328244966,2,2,1,29,5,51.5505,1,12,3,2013,8,20,51,0,0,1,1,1,0,0,2,8,0,1,1,0,0,0
201328312654,4,3,1,51,9,318.6204,1,1,6,2013,7,1,25,0,0,1,3,10,0,0,2,3,0,1,4,0,0,0
201328312658,5,3,1,51,9,79.6551,2,1,7,2013,6,55,12,6,0,2,3,5,2,2,2,3,0,2,1,0,0,0
201328312660,4,3,1,51,9,318.6204,2,1,7,2013,22,0,12,1,0,2,3,1,0,0,2,3,0,4,1,0,0,0
201328312661,6,3,1,51,9,238.9653,2,1,1,2013,16,52,12,6,0,2,1,1,0,0,2,3,0,2,1,0,0,0
201328312663,5,3,1,51,9,79.6551,2,1,3,2013,3,1,12,6,0,2,3,1,2,1,1,3,0,2,1,0,0,0
201328312667,4,3,1,51,9,318.6204,2,1,4,2013,7,30,14,0,0,1,1,1,0,0,2,3,1,1,7,0,0,0
201328312672,5,3,2,51,9,79.6551,1,1,6,2013,6,38,1,0,0,1,2,4,1,2,2,8,0,1,3,0,0,0
201328312675,4,3,2,51,9,318.6204,2,1,7,2013,8,0,12,6,0,2,1,1,2,1,2,8,0,2,1,0,0,0
201328312676,6,3,2,51,9,238.9653,1,1,1,2013,2,25,1,0,0,1,2,1,0,0,1,8,0,1,10,0,0,0
201328312681,5,3,2,51,9,79.6551,1,1,3,2013,4,45,1,0,0,1,2,1,2,1,2,8,0,1,3,0,0,0
201328312682,4,3,2,51,9,318.6204,1,1,5,2013,13,45,38,0,0,1,1,1,0,0,2,8,0,1,4,0,0,0
201328312713,2,3,2,51,9,79.6551,2,1,5,2013,19,54,12,6,0,2,2,1,2,1,2,8,0,3,1,0,0,0
201328312715,4,3,2,51,9,318.6204,2,1,7,2013,21,30,12,6,0,2,2,1,0,0,2,8,0,2,1,0,0,0
201328312717,6,3,2,51,9,238.9653,2,1,6,2013,15,50,12,6,0,2,1,1,0,0,2,8,0,2,1,0,0,0
201328312722,6,3,2,51,9,238.9653,2,1,2,2013,6,45,12,1,0,1,1,1,0,0,2,8,0,1,1,0,0,0
201328312723,2,3,2,51,9,79.6551,2,1,5,2013,9,20,12,6,0,2,1,1,0,0,2,8,0,2,1,0,0,0
201328312724,2,3,2,51,9,79.6551,3,1,1,2013,19,50,12,1,0,1,3,1,1,1,2,8,0,1,1,0,0,0
201328312725,4,3,2,51,9,318.6204,2,1,5,2013,12,52,12,1,0,2,1,1,0,0,2,8,0,3,1,0,0,0
201328312727,4,3,1,51,9,318.6204,2,1,4,2013,10,47,12,1,0,2,1,2,0,0,2,3,0,,1,0,0,0
201328312731,4,3,1,51,9,318.6204,2,1,4,2013,15,5,12,7,0,1,1,2,0,0,2,3,0,1,1,0,0,0
201328312733,6,3,1,51,9,238.9653,4,1,4,2013,15,55,12,1,0,1,1,2,0,0,2,3,0,1,1,19,0,0
201328312734,5,3,1,51,9,79.6551,2,1,4,2013,16,51,12,6,0,2,5,2,2,2,2,3,0,2,1,0,0,0
201328312738,3,3,1,51,9,79.6551,1,1,5,2013,7,41,32,0,0,1,1,1,2,1,2,3,0,1,4,0,0,0
201328312740,5,3,1,51,9,79.6551,2,1,5,2013,10,14,12,6,0,2,1,1,2,2,2,3,0,2,1,0,0,0
201328312741,4,3,1,51,9,318.6204,2,1,5,2013,12,6,12,1,0,1,1,1,0,0,2,3,0,1,1,0,0,0
201328312745,5,3,1,51,9,79.6551,2,1,6,2013,7,52,23,0,0,1,1,4,2,2,2,3,0,1,3,0,0,0
201328312747,3,3,1,51,9,79.6551,1,1,6,2013,1,39,24,0,0,1,3,4,2,1,2,3,0,1,4,0,0,0
201328312748,4,3,1,51,9,318.6204,2,1,2,2013,6,42,12,1,0,1,1,1,0,0,2,3,0,1,1,0,0,0
201328312752,4,3,1,51,9,318.6204,2,1,3,2013,8,5,12,1,0,2,1,10,0,0,2,3,0,,1,28,0,0
201328312754,5,3,1,51,9,79.6551,1,1,7,2013,17,39,10,0,0,6,1,1,2,1,1,3,0,1,1,0,0,0
201328312757,4,3,1,51,9,318.6204,2,1,3,2013,15,23,12,11,0,2,1,10,0,0,2,3,0,,1,0,0,0
201328312761,4,3,1,51,9,318.6204,2,1,5,2013,6,0,12,1,0,2,3,1,0,0,2,3,0,4,1,,,
201328312764,3,3,1,51,9,79.6551,2,1,6,2013,10,37,12,6,0,2,1,1,2,2,2,3,0,2,1,0,0,0
201328312765,6,3,1,51,9,238.9653,2,1,6,2013,11,58,12,11,0,2,1,1,0,0,2,3,0,3,1,0,0,0
201328312767,4,3,1,51,9,318.6204,2,1,6,2013,16,9,12,1,0,1,1,10,0,0,2,3,0,1,1,28,0,0
201328312772,3,3,1,51,9,79.6551,2,1,7,2013,9,37,12,1,0,2,1,1,2,2,2,3,0,,1,0,0,0
201328312773,4,3,1,51,9,318.6204,2,1,7,2013,11,26,12,9,0,4,1,1,0,0,2,3,0,1,1,0,0,0
201328312778,6,3,1,51,9,238.9653,1,1,1,2013,6,30,30,0,0,1,3,1,0,0,2,3,0,1,4,0,0,0
201328312779,4,3,1,51,9,318.6204,2,1,1,2013,10,18,12,6,0,2,1,1,1,1,2,3,0,2,1,0,0,0
201328312805,5,3,1,51,9,79.6551,2,1,3,2013,13,11,12,1,0,1,1,1,2,1,2,3,0,1,1,0,0,0
201328312807,4,3,1,51,9,318.6204,2,1,2,2013,16,55,12,6,0,2,1,1,0,0,2,3,0,,1,0,0,0
201328312812,4,3,1,51,9,318.6204,2,1,5,2013,16,43,12,1,0,2,1,1,0,0,2,3,0,,1,0,0,0
201328312816,4,3,1,51,9,318.6204,2,1,4,2013,5,55,14,0,0,2,2,1,0,0,2,3,1,3,7,0,0,0
201328312821,3,3,1,51,9,79.6551,2,1,4,2013,17,23,12,1,0,2,1,1,2,2,2,3,0,2,1,0,0,0
201328312822,6,3,1,51,9,238.9653,2,1,5,2013,6,46,12,6,0,2,3,1,0,0,2,3,0,2,1,0,0,0
201328312823,4,3,1,51,9,318.6204,2,1,3,2013,12,43,12,7,0,2,1,1,1,1,2,3,0,2,1,0,0,0
201328312826,5,3,1,51,9,79.6551,1,1,7,2013,2,15,53,0,0,1,2,10,2,2,2,3,0,1,4,0,0,0
201328312828,4,3,1,51,9,318.6204,2,1,3,2013,15,16,12,7,0,1,1,1,0,0,2,3,0,1,1,0,0,0
201328312832,4,3,1,51,9,318.6204,2,1,2,2013,9,28,12,6,0,2,1,1,0,0,2,3,0,2,1,0,0,0
201328312844,4,3,1,51,9,318.6204,2,1,5,2013,18,0,12,2,0,2,1,1,0,0,2,3,0,2,1,0,0,0
201328312848,6,3,1,51,9,238.9653,2,1,6,2013,7,0,12,7,0,2,2,1,0,0,2,3,0,3,1,0,0,0
201328312852,4,3,1,51,9,318.6204,2,1,6,2013,14,9,12,1,0,4,1,1,1,1,2,3,0,1,1,0,0,0
201328312856,6,3,1,51,9,238.9653,2,1,7,2013,20,25,12,8,1,2,3,1,2,1,2,3,0,3,1,0,0,0
201328312857,4,3,1,51,9,318.6204,2,1,6,2013,19,40,14,0,0,1,2,1,0,0,1,3,1,1,7,0,0,0
201328312862,4,3,1,51,9,318.6204,1,1,7,2013,6,16,42,0,0,1,3,1,0,0,2,3,0,1,3,0,0,0
201328312865,6,3,1,51,9,238.9653,3,1,7,2013,19,0,12,1,0,1,3,1,0,0,2,3,0,1,1,0,0,0
201328312870,5,3,2,51,9,79.6551,2,1,4,2013,16,25,12,2,0,4,1,1,1,3,2,8,0,1,1,0,0,0
201328312873,4,3,2,51,9,318.6204,1,1,7,2013,11,45,43,0,0,1,1,1,0,0,2,8,0,1,1,0,0,0
201328312874,6,3,2,51,9,238.9653,2,1,4,2013,0,25,14,0,0,1,2,1,0,0,1,8,1,1,2,0,0,0
201328312880,1,3,2,51,9,79.6551,2,1,3,2013,7,0,12,2,0,1,2,1,4,4,2,8,0,1,1,0,0,0
201328312881,4,3,2,51,9,318.6204,2,1,2,2013,18,0,12,1,0,2,1,1,0,0,2,8,0,3,1,0,0,0
201328312882,5,3,2,51,9,79.6551,2,1,2,2013,6,50,12,6,0,2,2,1,1,1,2,8,0,2,1,0,0,0
201328312883,2,3,2,51,9,79.6551,2,1,5,2013,11,50,12,6,0,4,1,1,0,0,2,8,0,1,1,0,0,0
201328312884,6,3,2,51,9,238.9653,2,1,5,2013,7,28,12,1,0,1,1,1,0,0,2,8,0,1,1,0,0,0
201328312902,6,3,2,51,9,238.9653,2,2,2,2013,7,52,12,7,0,1,1,1,0,0,2,8,0,1,1,0,0,0
201328312908,5,3,2,51,9,79.6551,1,1,7,2013,2,25,58,0,0,1,2,1,1,2,1,8,0,1,4,0,0,0