CASENUM,STRATUM,REGION,PJ,PSU,PSUSTRAT,WEIGHT,VE_TOTAL,MONTH,WKDY_IM,YEAR,HOUR_IM,MINUTE_IM,EVENT1_IM,MANCOL_IM,RELJCT1_IM,RELJCT2_IM,LGTCON_IM,WEATHR_IM,MAXSEV_IM,NO_INJ_IM,ALCHL_IM,LAND_USE,PVH_INVL,TYP_INT,REL_ROAD,CF1,CF2,CF3
201328312909,4,3,2,51,9,318.6204,1,1,2,2013,5,37,11,0,0,1,2,1,0,0,2,8,0,1,1,0,0,0
201328312910,6,3,2,51,9,238.9653,1,1,5,2013,8,9,1,0,0,1,1,1,0,0,2,8,0,1,4,0,0,0
201328312913,5,3,2,51,9,79.6551,2,1,2,2013,14,0,12,7,0,1,1,1,3,1,2,8,0,1,1,0,0,0
201328312915,6,3,2,51,9,238.9653,1,1,3,2013,8,9,30,0,1,19,1,1,0,0,2,8,0,1,4,0,0,0
201328312917,5,3,1,51,9,79.6551,3,1,2,2013,17,6,12,1,0,1,1,1,2,1,2,3,0,1,1,0,0,0
201328312919,4,3,1,51,9,318.6204,2,2,6,2013,16,19,12,6,0,4,1,1,1,1,2,3,0,1,1,0,0,0
201328312924,3,3,1,51,9,79.6551,1,2,6,2013,11,6,8,0,0,1,1,1,2,1,2,3,0,1,1,0,0,0
201328312925,4,3,1,51,9,318.6204,2,2,6,2013,17,52,12,7,0,4,1,1,0,0,2,3,0,1,1,0,0,0
201328312928,5,3,1,51,9,79.6551,2,2,7,2013,19,8,12,2,0,2,3,1,2,4,2,3,0,2,1,0,0,0
201328312929,6,3,1,51,9,238.9653,2,2,7,2013,22,0,12,1,0,1,3,1,2,1,1,3,0,1,1,0,0,0
201328312932,4,3,1,51,9,318.6204,2,2,7,2013,11,6,12,6,0,4,1,1,0,0,2,3,0,1,1,0,0,0
201328312934,3,3,1,51,9,79.6551,2,1,4,2013,12,31,12,6,0,2,1,1,2,1,2,3,0,2,1,0,0,0
201328312939,4,3,1,51,9,318.6204,2,1,5,2013,11,53,12,6,0,4,1,1,0,0,2,3,0,1,1,0,0,0
201328312941,6,3,1,51,9,238.9653,2,1,5,2013,13,42,12,1,0,1,1,1,0,0,2,3,0,1,1,0,0,0
201328312944,4,3,1,51,9,318.6204,2,1,2,2013,18,0,14,0,0,1,5,1,0,0,2,3,1,1,7,,,
201328312948,4,3,1,51,9,318.6204,2,1,2,2013,6,34,12,1,1,18,3,1,0,0,2,3,0,1,1,0,0,0
201328312952,4,3,1,51,9,318.6204,2,1,2,2013,19,12,14,0,0,2,3,1,0,0,2,3,1,3,7,0,0,0
201328312955,2,3,1,51,9,79.6551,2,1,4,2013,7,9,12,1,0,1,3,1,2,1,2,3,0,1,1,23,0,0
201328312957,4,3,1,51,9,318.6204,2,1,4,2013,7,57,12,1,0,1,1,1,0,0,2,3,0,1,1,0,0,0
201328312962,4,3,1,51,9,318.6204,2,1,5,2013,8,2,12,6,0,2,1,1,0,0,2,3,0,2,1,0,0,0
201328312966,4,3,1,51,9,318.6204,2,1,3,2013,14,33,12,6,0,2,1,1,0,0,2,3,0,3,1,0,0,0
201328312970,4,3,1,51,9,318.6204,2,1,7,2013,12,14,12,1,0,4,1,1,0,0,2,3,0,1,1,0,0,0
201328312974,4,3,1,51,9,318.6204,2,1,2,2013,13,28,12,1,0,2,1,1,1,1,2,3,0,,1,0,0,0
201328312980,4,3,1,51,9,318.6204,2,1,4,2013,7,42,12,7,0,1,1,5,0,0,2,3,0,1,1,0,0,0
201328312981,6,3,1,51,9,238.9653,2,1,4,2013,9,10,12,1,0,2,1,5,0,0,2,3,0,,1,0,0,0
201328312982,5,3,1,51,9,79.6551,2,1,4,2013,17,23,19,0,0,2,1,1,3,2,2,3,1,2,4,20,15,0
201328312986,6,3,1,51,9,238.9653,2,1,3,2013,17,17,12,2,0,1,1,1,2,1,2,3,0,1,1,0,0,0
201328312990,5,3,1,51,9,79.6551,3,1,4,2013,18,18,14,0,0,1,1,1,2,1,1,3,2,1,7,0,0,0
201328312991,4,3,1,51,9,318.6204,2,1,4,2013,15,10,12,6,0,2,1,1,0,0,2,3,0,2,1,0,0,0
201328312994,6,3,1,51,9,238.9653,3,1,1,2013,20,28,12,6,0,2,3,1,1,1,2,3,0,2,1,0,0,0
201328312996,3,3,1,51,9,79.6551,2,1,4,2013,13,31,12,6,0,2,1,1,2,1,2,3,0,2,1,0,0,0
201328312998,5,3,1,51,9,79.6551,2,1,5,2013,14,6,12,6,0,2,1,1,2,2,2,3,0,2,1,0,0,0
201328313000,4,3,1,51,9,318.6204,2,1,5,2013,18,24,12,6,0,1,5,1,0,0,2,3,0,1,1,0,0,0
201328313004,1,3,1,51,9,79.6551,2,1,5,2013,15,15,12,2,0,1,1,1,3,3,2,3,0,1,1,0,0,0
201328313006,4,3,1,51,9,318.6204,2,1,6,2013,17,38,12,7,0,1,1,1,0,0,2,3,0,1,1,0,0,0
201328313007,6,3,1,51,9,238.9653,3,1,5,2013,18,20,12,1,0,1,3,1,1,1,2,3,0,1,1,0,0,0
201328313011,3,3,1,51,9,79.6551,1,1,6,2013,2,25,38,0,0,1,3,1,3,2,1,3,0,1,4,0,0,0
201328313013,4,3,1,51,9,318.6204,2,1,6,2013,16,48,12,6,0,4,1,1,0,0,2,3,0,1,1,0,0,0
201328313016,6,3,1,51,9,238.9653,1,1,7,2013,6,26,18,0,0,1,2,10,0,0,2,3,0,1,7,0,0,0
201328313019,4,3,1,51,9,318.6204,2,1,7,2013,13,47,12,6,0,2,1,1,0,0,2,3,0,2,1,0,0,0
201328313020,5,3,1,51,9,79.6551,2,1,7,2013,14,38,12,6,0,2,1,1,1,1,2,3,0,2,1,0,0,0
201328313025,4,3,1,51,9,318.6204,2,1,7,2013,19,28,12,6,0,4,3,1,0,0,1,3,0,1,1,0,0,0
201328313030,4,3,1,51,9,318.6204,2,1,2,2013,15,9,12,8,0,2,1,1,0,0,2,3,0,2,1,0,0,0
201328313032,6,3,1,51,9,238.9653,2,1,6,2013,14,29,12,6,0,2,1,1,2,1,2,3,0,2,1,0,0,0
201328313043,5,3,1,51,9,79.6551,2,2,2,2013,7,42,12,6,0,2,1,1,2,2,2,3,0,3,1,0,0,0
201328313046,4,3,1,51,9,318.6204,2,2,2,2013,11,19,12,6,0,4,1,1,0,0,2,3,0,1,1,0,0,0
201328313050,4,3,1,51,9,318.6204,2,2,2,2013,11,49,12,1,0,2,1,1,0,0,2,3,0,2,1,0,0,0
201328313053,6,3,1,51,9,238.9653,2,2,4,2013,12,53,12,6,0,2,1,1,0,0,2,3,0,2,1,0,0,0
201328313056,4,3,1,51,9,318.6204,2,2,6,2013,17,2,12,1,0,2,1,1,0,0,2,3,0,,1,0,0,0
201328313061,6,3,1,51,9,238.9653,2,2,2,2013,17,3,12,2,0,2,1,1,0,0,2,3,0,2,1,0,0,0
201328313062,4,3,1,51,9,318.6204,2,1,6,2013,17,49,12,7,0,2,1,1,0,0,2,3,0,,1,0,0,0
201328313063,3,3,1,51,9,79.6551,3,2,6,2013,14,29,12,1,0,1,1,1,2,1,2,3,0,1,1,0,0,0
201328313069,4,3,1,51,9,318.6204,2,2,2,2013,15,0,12,7,0,1,1,1,0,0,2,3,0,1,1,0,0,0
201328313082,2,3,2,51,9,79.6551,2,2,4,2013,18,40,12,6,0,2,5,1,4,1,1,8,0,3,1,0,0,0
201328313083,5,3,2,51,9,79.6551,1,2,7,2013,2,23,40,0,0,2,2,1,1,1,1,8,0,2,4,0,0,0
201328313084,4,3,2,51,9,318.6204,2,2,2,2013,17,26,12,7,0,1,1,1,0,0,2,8,0,1,1,0,0,0
201328313086,5,3,2,51,9,79.6551,2,2,6,2013,10,52,12,6,0,2,1,1,2,1,2,8,0,3,1,0,0,0
201328313089,2,3,2,51,9,79.6551,2,1,2,2013,7,35,12,7,0,1,1,1,0,0,2,8,0,1,1,0,0,0
201328313093,6,3,1,51,9,238.9653,1,2,3,2013,23,40,38,0,0,1,2,10,0,0,1,3,0,1,4,0,0,0
201328313094,5,3,1,51,9,79.6551,2,2,3,2013,12,46,12,6,0,4,1,1,2,2,2,3,0,1,1,0,0,0
201328313096,5,3,1,51,9,79.6551,2,2,3,2013,15,32,12,6,0,2,1,1,1,2,2,3,0,2,1,0,0,0
201328313098,4,3,1,51,9,318.6204,2,2,3,2013,17,40,12,6,1,2,1,1,0,0,2,3,0,4,1,0,0,0
201328313101,5,3,1,51,9,79.6551,1,2,4,2013,13,10,59,0,1,5,1,1,2,1,1,3,0,1,4,0,0,0
201328313103,4,3,1,51,9,318.6204,2,2,4,2013,18,8,12,6,0,2,1,1,0,0,2,3,0,3,1,0,0,0
201328313107,4,3,1,51,9,318.6204,4,2,4,2013,12,50,12,1,0,2,1,1,1,1,2,3,0,2,1,0,0,0
201328313108,5,3,1,51,9,79.6551,2,2,5,2013,12,0,12,6,0,2,1,1,2,3,2,3,0,3,1,0,0,0
201328313113,6,3,1,51,9,238.9653,1,2,3,2013,11,51,31,0,0,1,1,1,1,2,2,3,0,1,5,15,0,0
201328313114,4,3,1,51,9,318.6204,2,2,3,2013,13,58,12,1,0,2,1,1,0,0,2,3,0,2,1,0,0,0
201328313116,5,3,1,51,9,79.6551,2,2,7,2013,2,37,12,1,0,1,2,1,2,1,2,3,0,1,1,0,0,0
201328313117,5,3,1,51,9,79.6551,2,2,7,2013,19,4,12,1,0,2,3,1,1,1,2,3,0,2,1,0,0,0
201328313120,4,3,1,51,9,318.6204,2,2,3,2013,10,40,12,6,0,4,1,1,0,0,2,3,0,1,1,0,0,0
201328313125,4,3,1,51,9,318.6204,2,2,4,2013,19,45,12,7,0,1,1,1,0,0,2,3,0,1,1,0,0,0
201328313126,1,3,1,51,9,79.6551,1,2,4,2013,21,42,1,0,0,1,2,1,3,1,1,3,0,1,4,0,0,0
201328313131,4,3,1,51,9,318.6204,2,2,4,2013,16,42,12,6,0,2,1,1,0,0,2,3,0,2,1,0,0,0
201328313132,5,3,1,51,9,79.6551,3,2,5,2013,12,49,12,1,0,2,1,1,1,2,2,3,0,2,1,0,0,0
201328313133,2,3,1,51,9,79.6551,3,2,5,2013,14,43,12,6,0,1,1,1,0,0,2,3,0,1,1,0,0,0
201328313137,4,3,1,51,9,318.6204,2,2,5,2013,17,34,12,6,0,4,1,1,0,0,2,3,0,1,1,0,0,0
201328313141,4,3,1,51,9,318.6204,2,2,6,2013,12,11,12,1,0,1,1,1,0,0,2,3,0,1,1,0,0,0
201328313142,6,3,1,51,9,238.9653,2,1,1,2013,16,16,12,6,0,4,1,1,0,0,2,3,0,1,1,0,0,0
201328313148,4,3,1,51,9,318.6204,2,2,3,2013,20,10,12,1,0,1,3,1,0,0,1,3,0,1,1,0,0,0
201328313151,6,3,1,51,9,238.9653,1,2,6,2013,23,32,24,0,0,1,3,1,0,0,2,3,0,1,4,0,0,0
201328313153,4,3,1,51,9,318.6204,2,2,7,2013,8,15,14,0,0,1,1,10,0,0,2,3,1,1,7,0,0,0
201328313158,4,3,1,51,9,318.6204,2,2,7,2013,14,23,12,1,0,1,1,1,1,1,2,3,0,1,1,0,0,0
201328313162,6,3,1,51,9,238.9653,2,2,6,2013,7,47,12,2,0,2,1,1,1,1,2,3,0,2,1,0,0,0
201328313166,4,3,1,51,9,318.6204,2,2,2,2013,16,31,12,1,0,2,1,1,0,0,2,3,0,2,1,0,0,0
201328313180,4,3,2,51,9,318.6204,2,2,6,2013,6,52,12,1,0,1,1,1,0,0,2,8,0,1,1,19,27,0
201328313181,5,3,2,51,9,79.6551,2,2,5,2013,8,5,12,6,0,2,1,1,1,1,2,8,0,2,1,0,0,0
201328313186,6,3,2,51,9,238.9653,1,2,6,2013,22,34,1,0,0,1,2,1,0,0,2,8,0,1,6,0,0,0
201328313187,2,3,2,51,9,79.6551,3,2,4,2013,13,28,12,6,0,2,1,1,5,1,2,8,0,3,1,0,0,0
201328313188,5,3,2,51,9,79.6551,2,2,3,2013,13,15,12,6,0,2,1,1,3,2,2,8,0,3,1,0,0,0
201328313189,5,3,1,51,9,79.6551,3,2,6,2013,19,56,12,1,0,1,2,1,2,2,1,3,0,1,1,0,0,0
201328313190,4,3,1,51,9,318.6204,2,2,6,2013,15,15,12,1,0,2,1,10,0,0,2,3,0,2,1,0,0,0
201328313194,3,3,1,51,9,79.6551,2,2,4,2013,14,55,12,1,0,2,1,1,2,1,2,3,0,2,1,0,0,0
201328313195,4,3,1,51,9,318.6204,2,2,7,2013,8,39,12,7,0,2,1,1,0,0,2,3,0,2,1,0,0,0
201328313198,6,3,1,51,9,238.9653,2,2,2,2013,17,56,12,1,0,1,1,1,0,0,2,3,0,1,1,0,0,0
201328313200,4,3,1,51,9,318.6204,2,2,3,2013,12,46,12,1,1,5,1,10,0,0,2,3,0,1,1,0,0,0
201328313205,3,3,1,51,9,79.6551,2,2,4,2013,15,27,12,6,0,2,1,10,2,2,2,3,0,2,1,0,0,0
201328313206,4,3,1,51,9,318.6204,2,2,4,2013,17,17,12,1,0,1,1,10,0,0,2,3,0,1,11,0,0,0
201328313210,2,3,1,51,9,79.6551,1,2,2,2013,22,29,51,0,0,1,3,2,0,0,2,3,0,1,1,0,0,0
201328313211,5,3,1,51,9,79.6551,2,2,2,2013,21,20,12,6,0,2,3,1,2,1,2,3,0,2,1,0,0,0
201328313214,4,3,1,51,9,318.6204,2,2,4,2013,15,38,12,7,0,1,1,1,0,0,2,3,0,1,1,0,0,0
201328313218,4,3,1,51,9,318.6204,2,2,3,2013,10,44,12,1,0,1,1,1,1,1,2,3,0,1,1,0,0,0
201328313220,5,3,1,51,9,79.6551,1,2,3,2013,18,9,1,0,0,1,2,2,1,2,2,3,0,1,4,0,0,0
201328313223,4,3,1,51,9,318.6204,2,2,5,2013,7,41,12,1,1,5,1,1,0,0,2,3,0,1,1,0,0,0
201328313227,4,3,1,51,9,318.6204,2,2,2,2013,11,29,12,1,0,2,1,1,0,0,2,3,0,,1,0,0,0
201328313231,4,3,1,51,9,318.6204,2,2,4,2013,17,56,12,6,0,2,1,1,0,0,2,3,0,2,1,0,0,0
201328313232,6,3,1,51,9,238.9653,3,2,5,2013,8,20,12,1,0,1,1,1,2,2,2,3,0,1,1,23,0,0
201328313237,4,3,1,51,9,318.6204,3,2,5,2013,13,13,12,1,0,1,1,1,1,1,2,3,0,1,1,0,0,0
201328313242,6,3,1,51,9,238.9653,2,2,5,2013,18,18,12,1,0,4,1,1,0,0,2,3,0,1,1,0,0,0
201328313243,4,3,1,51,9,318.6204,2,2,5,2013,19,42,12,1,0,1,3,1,0,0,2,3,0,1,1,0,0,0
201328313244,2,3,1,51,9,79.6551,2,2,6,2013,6,31,12,1,0,1,3,1,2,1,2,3,0,1,1,0,0,0
201328313247,2,3,1,51,9,79.6551,2,2,6,2013,9,13,12,6,0,2,1,1,2,2,2,3,0,2,1,0,0,0
201328313250,6,3,1,51,9,238.9653,2,2,6,2013,12,46,12,1,0,2,1,1,0,0,2,3,0,,1,0,0,0
201328313254,5,3,1,51,9,79.6551,1,2,7,2013,17,0,53,0,0,1,1,1,2,1,1,3,0,1,4,0,0,0
201328313255,4,3,1,51,9,318.6204,1,2,5,2013,3,3,24,0,0,1,3,1,0,0,1,3,0,1,4,0,0,0
201328313259,4,3,1,51,9,318.6204,2,2,1,2013,19,26,12,7,0,2,1,1,0,0,2,3,0,2,1,0,0,0
201328313260,5,3,1,51,9,79.6551,2,2,1,2013,20,42,12,1,0,1,3,1,3,1,2,3,0,1,11,0,0,0
201328313281,4,3,2,51,9,318.6204,2,2,3,2013,17,28,12,6,0,2,1,2,0,0,2,8,0,4,1,0,0,0
201328313287,2,3,2,51,9,79.6551,2,2,3,2013,1,54,12,1,0,1,2,1,2,1,2,8,0,1,1,0,0,0
201328313288,4,3,2,51,9,318.6204,1,2,6,2013,20,45,59,0,0,1,2,1,0,0,2,8,0,1,4,0,0,0
201328313289,5,3,2,51,9,79.6551,1,2,3,2013,18,25,38,0,0,1,1,2,1,1,2,8,0,1,5,0,0,0
201328313291,4,3,1,51,9,318.6204,2,2,3,2013,17,6,12,6,0,4,1,1,0,0,2,3,0,1,1,0,0,0
201328313294,6,3,1,51,9,238.9653,1,2,2,2013,21,51,1,0,1,5,2,1,1,1,2,3,0,1,3,0,0,0
201328313296,4,3,1,51,9,318.6204,2,2,6,2013,8,30,12,6,0,2,1,1,0,0,2,3,0,2,1,,,
201328313302,4,3,1,51,9,318.6204,2,2,7,2013,18,29,12,7,0,1,1,1,0,0,2,3,0,1,1,0,0,0
201328313304,6,3,1,51,9,238.9653,2,2,1,2013,1,52,12,1,0,2,3,1,0,0,1,3,0,2,1,0,0,0
201328313308,4,3,1,51,9,318.6204,2,2,2,2013,10,25,12,7,0,1,1,4,0,0,2,3,0,1,1,0,0,0
201328313312,4,3,1,51,9,318.6204,2,2,2,2013,16,9,12,1,0,2,1,1,0,0,2,3,0,,1,0,0,0
201328313313,5,3,1,51,9,79.6551,2,2,2,2013,16,15,12,1,0,4,1,1,2,2,2,3,0,1,1,0,0,0
201328313318,6,3,1,51,9,238.9653,2,2,3,2013,17,6,12,1,0,1,1,1,0,0,2,3,0,1,1,0,0,0
201328313319,4,3,1,51,9,318.6204,2,2,3,2013,17,6,12,6,0,2,1,1,0,0,2,3,0,2,1,0,0,0
201328313321,3,3,1,51,9,79.6551,2,2,3,2013,1,10,14,0,0,1,6,1,2,1,2,3,1,1,4,0,0,0
201328313325,4,3,1,51,9,318.6204,2,2,3,2013,18,30,12,9,0,4,1,1,0,0,2,3,0,1,1,0,0,0
201328313330,4,3,1,51,9,318.6204,2,2,5,2013,9,34,12,1,0,2,1,1,0,0,2,3,0,2,1,0,0,0
201328313331,6,3,1,51,9,238.9653,2,2,5,2013,12,8,12,6,0,2,1,1,1,1,2,3,0,2,1,0,0,0
201328313336,6,3,1,51,9,238.9653,2,2,5,2013,20,37,14,0,0,1,3,1,0,0,1,3,1,1,7,0,0,0
201328313339,3,3,1,51,9,79.6551,1,2,6,2013,14,14,8,0,0,1,1,1,2,1,2,3,0,1,1,0,0,0
201328313340,6,3,1,51,9,238.9653,2,2,6,2013,15,8,12,1,0,1,1,1,0,0,2,3,0,1,1,0,0,0
201328313343,6,3,1,51,9,238.9653,3,2,3,2013,22,36,14,0,0,1,3,1,0,0,1,3,2,1,7,0,0,0
201328313347,6,3,1,51,9,238.9653,2,2,3,2013,16,5,12,6,0,2,1,10,0,0,2,3,0,3,1,0,0,0
201328313349,4,3,1,51,9,318.6204,2,2,4,2013,17,28,12,1,0,1,1,10,1,2,2,3,0,1,1,0,0,0
201328313354,4,3,1,51,9,318.6204,2,2,2,2013,16,47,12,6,0,2,1,1,0,0,2,3,0,2,1,0,0,0
201328313360,5,3,2,51,9,79.6551,1,3,2,2013,6,45,59,0,0,1,2,1,2,1,2,8,0,1,4,0,0,0
201328313361,2,3,2,51,9,79.6551,2,3,6,2013,7,0,12,6,0,4,1,1,3,1,2,8,0,1,1,0,0,0
201328313362,1,3,2,51,9,79.6551,1,3,6,2013,5,21,1,0,0,1,2,1,3,1,2,8,0,1,10,0,0,0
201328313363,5,3,2,51,9,79.6551,2,3,2,2013,18,28,12,6,0,2,5,1,1,1,2,8,0,3,1,0,0,0
201328313366,2,3,2,51,9,79.6551,1,2,2,2013,0,20,1,0,0,1,2,1,2,1,2,8,0,1,4,0,0,0
201328313368,4,3,2,51,9,318.6204,2,2,4,2013,7,45,12,7,1,2,1,1,0,0,2,8,0,,1,0,0,0
201328313372,4,3,1,51,9,318.6204,2,3,4,2013,11,16,12,6,0,4,1,1,0,0,2,3,0,1,1,0,0,0
201328313373,5,3,1,51,9,79.6551,1,3,4,2013,20,37,42,0,0,4,3,1,2,1,2,3,0,1,6,0,0,0
201328313374,3,3,1,51,9,79.6551,2,3,5,2013,17,7,12,6,0,2,1,1,2,2,2,3,0,3,1,0,0,0
201328313378,4,3,1,51,9,318.6204,2,3,6,2013,22,50,14,0,0,1,2,1,0,0,2,3,1,1,7,0,0,0
201328313382,4,3,1,51,9,318.6204,2,3,1,2013,16,10,12,7,0,1,1,1,1,1,2,3,0,1,1,,,
201328313384,5,3,1,51,9,79.6551,1,3,1,2013,20,43,1,0,0,1,2,1,2,1,2,3,0,1,1,0,0,0
201328313385,2,3,1,51,9,79.6551,2,3,4,2013,5,47,12,11,0,2,2,1,1,2,2,3,0,3,1,0,0,0
201328313388,6,3,1,51,9,238.9653,2,2,4,2013,17,47,12,6,0,2,1,1,0,0,2,3,0,2,1,0,0,0
201328313389,4,3,1,51,9,318.6204,2,2,5,2013,8,6,12,1,0,1,1,1,0,0,2,3,0,1,1,0,0,0
201328313395,4,3,1,51,9,318.6204,2,2,5,2013,16,36,12,6,0,2,1,1,0,0,2,3,0,4,1,0,0,0
201328313397,6,3,1,51,9,238.9653,2,3,6,2013,7,38,12,1,0,1,1,1,1,1,2,3,0,1,1,0,0,0
201328313402,4,3,1,51,9,318.6204,2,2,3,2013,19,20,12,1,0,1,3,2,0,0,2,3,0,1,1,0,0,0
201328313406,4,3,1,51,9,318.6204,2,2,7,2013,20,31,14,0,0,1,3,1,0,0,2,3,1,1,7,0,0,0
201328313410,4,3,1,51,9,318.6204,2,2,3,2013,15,16,12,7,0,1,1,1,0,0,2,3,0,1,1,0,0,0
201328313412,6,3,1,51,9,238.9653,3,2,4,2013,7,30,12,1,0,2,1,1,1,2,2,3,0,2,1,0,0,0
201328313417,4,3,1,51,9,318.6204,2,2,4,2013,17,6,12,1,0,2,1,1,0,0,2,3,0,4,1,0,0,0
201328313419,1,3,1,51,9,79.6551,1,3,6,2013,0,6,1,0,0,2,3,1,3,2,2,3,0,4,4,20,0,0
201328313422,4,3,1,51,9,318.6204,2,3,6,2013,18,2,12,6,0,4,5,1,0,0,2,3,0,1,1,0,0,0
201328313426,4,3,1,51,9,318.6204,2,3,1,2013,21,23,12,6,0,2,3,1,0,0,2,3,0,2,1,0,0,0
201328313429,6,3,1,51,9,238.9653,2,2,5,2013,16,16,12,6,0,2,1,1,1,1,2,3,0,2,1,0,0,0
201328313431,4,3,1,51,9,318.6204,2,3,7,2013,17,8,12,7,0,2,1,1,0,0,1,3,0,,1,0,0,0
201328313432,3,3,1,51,9,79.6551,2,3,7,2013,23,50,12,1,0,2,3,1,2,1,1,3,0,4,1,0,0,0
201328313436,6,3,1,51,9,238.9653,2,3,3,2013,13,30,12,11,0,4,1,1,0,0,2,3,0,1,1,0,0,0
201328313438,3,3,1,51,9,79.6551,1,3,4,2013,11,48,1,0,0,2,1,1,3,1,2,3,0,3,4,0,0,0
201328313441,4,3,1,51,9,318.6204,1,3,7,2013,13,28,38,0,0,2,1,1,0,0,2,3,0,2,4,0,0,0
201328313442,5,3,1,51,9,79.6551,2,3,2,2013,13,46,12,6,0,2,1,1,1,1,2,3,0,4,1,0,0,0
201328313447,4,3,1,51,9,318.6204,1,3,3,2013,12,57,59,0,0,1,1,1,0,0,2,3,0,1,4,0,0,0
201328313451,4,3,1,51,9,318.6204,2,3,7,2013,15,12,12,1,0,1,1,1,0,0,2,3,0,1,1,0,0,0
201328313454,6,3,1,51,9,238.9653,2,3,5,2013,4,52,12,6,0,2,3,1,0,0,2,3,0,2,1,0,0,0
201328313457,4,3,1,51,9,318.6204,2,3,5,2013,12,24,12,7,0,1,1,1,0,0,2,3,0,1,1,0,0,0
201328313462,4,3,1,51,9,318.6204,2,2,5,2013,11,30,12,7,0,2,1,1,0,0,2,3,0,4,1,0,0,0
201328313463,1,3,1,51,9,79.6551,3,3,2,2013,16,25,12,6,0,2,1,1,3,1,2,3,0,2,1,0,0,0
201328313467,4,3,1,51,9,318.6204,2,3,6,2013,7,38,12,6,0,2,1,10,0,0,2,3,0,2,1,0,0,0
201328313482,4,3,1,51,9,318.6204,2,3,2,2013,19,23,12,1,0,1,1,1,1,1,2,3,0,1,1,0,0,0
201328313484,6,3,1,51,9,238.9653,1,3,5,2013,16,10,30,0,0,1,1,1,0,0,2,3,0,1,4,0,0,0
201328313487,2,3,1,51,9,79.6551,2,3,6,2013,18,38,12,6,0,2,1,1,1,1,2,3,0,2,1,0,0,0
201328313488,4,3,1,51,9,318.6204,2,3,6,2013,21,10,12,1,0,2,3,1,0,0,2,3,0,2,1,0,0,0
201328313491,3,3,1,51,9,79.6551,2,3,7,2013,1,49,14,0,0,1,3,1,2,1,1,3,1,1,7,0,0,0
201328313494,5,3,1,51,9,79.6551,2,3,1,2013,4,0,12,1,0,2,3,1,2,2,1,3,0,2,1,0,0,0
201328313495,5,3,1,51,9,79.6551,2,3,1,2013,13,29,12,6,0,2,1,1,1,1,2,3,0,2,1,0,0,0
201328313496,4,3,1,51,9,318.6204,2,3,1,2013,19,35,12,6,0,2,1,1,1,1,2,3,0,2,1,0,0,0
201328313500,4,3,1,51,9,318.6204,2,3,3,2013,17,4,12,7,0,2,1,1,0,0,2,3,0,4,1,0,0,0
201328313504,4,3,1,51,9,318.6204,2,3,5,2013,6,0,14,0,0,1,3,1,0,0,2,3,1,1,7,0,0,0
201328313509,4,3,1,51,9,318.6204,1,3,5,2013,17,44,24,0,0,1,1,1,0,0,2,3,0,1,4,0,0,0
201328313513,6,3,1,51,9,238.9653,2,3,4,2013,19,22,12,6,0,2,1,1,0,0,2,3,0,2,1,0,0,0
201328313514,4,3,1,51,9,318.6204,2,3,3,2013,10,53,12,6,0,4,1,1,0,0,2,3,0,1,1,0,0,0
201328313520,4,3,1,51,9,318.6204,2,3,2,2013,11,44,12,7,0,1,1,1,0,0,2,3,0,1,1,0,0,0
201328313524,6,3,1,51,9,238.9653,2,3,2,2013,14,27,14,0,0,1,1,1,1,1,2,3,1,1,7,0,0,0
201328313525,4,3,1,51,9,318.6204,2,3,3,2013,8,7,12,7,0,2,1,1,0,0,2,3,0,2,1,0,0,0
201328313542,4,3,3,51,9,318.6204,2,2,3,2013,18,0,12,1,0,1,1,1,0,0,2,3,0,1,1,0,0,0
201328313543,5,3,2,51,9,79.6551,2,3,6,2013,22,58,12,1,1,18,3,1,1,1,2,8,0,1,1,0,0,0
201328313546,6,3,2,51,9,238.9653,1,3,2,2013,18,21,59,0,0,1,1,1,0,0,2,8,0,1,10,0,0,0
201328313548,3,3,1,51,9,79.6551,2,3,1,2013,20,35,12,2,0,2,2,1,2,1,2,3,0,3,1,0,0,0
201328313552,6,3,1,51,9,238.9653,1,3,6,2013,1,53,38,0,0,2,3,1,0,0,1,3,0,2,5,0,0,0
201328313553,2,3,1,51,9,79.6551,2,3,6,2013,11,45,12,6,0,2,1,1,2,1,2,3,0,3,1,0,0,0
201328313555,4,3,1,51,9,318.6204,2,3,6,2013,16,16,12,1,0,2,1,1,0,0,2,3,0,,1,0,0,0
201328313558,5,3,1,51,9,79.6551,2,3,7,2013,2,11,12,1,0,2,3,1,1,1,1,3,0,3,1,0,0,0
201328313560,4,3,1,51,9,318.6204,2,3,7,2013,9,37,12,1,0,1,1,1,0,0,2,3,0,1,1,0,0,0
201328313565,4,3,1,51,9,318.6204,2,3,7,2013,17,26,12,6,0,2,1,1,0,0,2,3,0,4,1,0,0,0
201328313569,6,3,1,51,9,238.9653,2,3,1,2013,11,49,12,7,0,1,1,1,0,0,2,3,0,1,1,0,0,0
201328313571,4,3,1,51,9,318.6204,2,3,1,2013,20,33,12,7,0,4,3,1,0,0,2,3,0,1,1,0,0,0
201328313574,5,3,1,51,9,79.6551,1,3,5,2013,15,26,30,0,0,1,1,1,2,1,2,3,0,1,4,0,0,0
201328313577,4,3,1,51,9,318.6204,2,3,5,2013,17,35,12,1,1,5,1,1,0,0,2,3,0,1,1,28,0,0
201328313581,4,3,1,51,9,318.6204,2,3,5,2013,16,30,12,6,0,2,1,1,0,0,2,3,0,2,1,0,0,0