CASENUM,STRATUM,REGION,PJ,PSU,PSUSTRAT,WEIGHT,VE_TOTAL,MONTH,WKDY_IM,YEAR,HOUR_IM,MINUTE_IM,EVENT1_IM,MANCOL_IM,RELJCT1_IM,RELJCT2_IM,LGTCON_IM,WEATHR_IM,MAXSEV_IM,NO_INJ_IM,ALCHL_IM,LAND_USE,PVH_INVL,TYP_INT,REL_ROAD,CF1,CF2,CF3
201328314996,4,3,1,51,9,318.6204,1,7,5,2013,12,32,30,0,0,1,1,1,0,0,2,3,0,1,4,0,0,0
201328315001,4,3,1,51,9,318.6204,2,7,5,2013,10,0,12,7,0,1,1,10,0,0,2,3,0,1,1,0,0,0
201328315006,4,3,1,51,9,318.6204,2,7,6,2013,16,31,12,7,0,1,1,1,0,0,2,3,0,1,1,0,0,0
201328315009,6,3,1,51,9,238.9653,1,7,6,2013,2,21,30,0,0,2,3,2,0,0,2,3,0,2,4,5,0,0
201328315010,3,3,1,51,9,79.6551,2,7,6,2013,16,11,12,1,0,2,1,1,2,1,2,3,0,2,1,0,0,0
201328315012,4,3,1,51,9,318.6204,2,7,6,2013,17,37,12,1,0,2,1,10,1,1,2,3,0,2,1,0,0,0
201328315016,4,3,1,51,9,318.6204,2,7,7,2013,0,25,12,10,0,2,3,10,0,0,2,3,0,3,1,0,0,0
201328315022,4,3,1,51,9,318.6204,2,7,7,2013,13,9,12,6,0,4,1,1,0,0,2,3,0,1,1,0,0,0
201328315024,6,3,1,51,9,238.9653,1,7,1,2013,16,55,59,0,0,1,1,1,0,0,2,3,0,1,4,0,0,0
201328315028,4,3,1,51,9,318.6204,1,7,1,2013,6,49,38,0,0,2,1,1,0,0,2,3,0,2,4,0,0,0
201328315032,4,3,1,51,9,318.6204,2,7,2,2013,12,58,12,7,0,1,1,1,0,0,2,3,0,1,1,0,0,0
201328315041,5,3,1,51,9,79.6551,6,7,6,2013,12,44,33,0,0,2,1,10,2,4,2,3,0,2,3,0,0,0
201328315042,4,3,1,51,9,318.6204,2,7,1,2013,15,34,12,1,0,2,1,1,0,0,2,3,0,3,1,,,
201328315043,5,3,1,51,9,79.6551,2,7,2,2013,17,29,12,6,0,2,1,10,1,1,2,3,0,2,1,0,0,0
201328315047,4,3,1,51,9,318.6204,3,7,3,2013,15,39,12,1,0,2,1,1,1,2,2,3,0,2,1,0,0,0
201328315051,3,3,1,51,9,79.6551,1,7,4,2013,18,30,1,0,0,1,1,1,3,1,2,3,0,1,4,0,0,0
201328315052,4,3,1,51,9,318.6204,2,7,4,2013,8,50,12,1,0,2,1,1,0,0,2,3,0,4,1,0,0,0
201328315057,6,3,1,51,9,238.9653,2,7,3,2013,18,45,12,1,0,2,1,1,0,0,2,3,0,2,1,0,0,0
201328315058,4,3,1,51,9,318.6204,2,7,3,2013,17,29,12,1,0,2,1,1,0,0,2,3,0,,1,0,0,0
201328315062,4,3,1,51,9,318.6204,2,7,4,2013,13,16,12,6,0,2,1,1,0,0,2,3,0,2,1,0,0,0
201328315066,4,3,1,51,9,318.6204,2,7,4,2013,22,15,12,11,0,2,3,1,0,0,2,3,0,2,1,0,0,0
201328315069,5,3,1,51,9,79.6551,2,7,5,2013,16,55,12,6,0,2,1,1,1,2,2,3,0,2,1,0,0,0
201328315073,4,3,1,51,9,318.6204,2,7,6,2013,14,54,12,7,0,1,1,1,0,0,2,3,0,1,1,0,0,0
201328315074,5,3,1,51,9,79.6551,4,7,6,2013,11,26,12,1,0,5,1,1,1,1,2,3,0,1,1,28,0,0
201328315076,3,3,1,51,9,79.6551,2,7,6,2013,11,26,12,1,0,1,1,1,2,1,2,3,0,1,1,0,0,0
201328315077,3,3,1,51,9,79.6551,2,7,6,2013,14,8,12,2,0,2,1,1,3,1,2,3,0,3,1,0,0,0
201328315078,2,3,1,51,9,79.6551,2,7,6,2013,5,9,12,7,0,1,3,1,1,3,2,3,0,1,1,0,0,0
201328315079,1,3,1,51,9,79.6551,1,7,6,2013,2,11,24,0,0,1,3,1,4,1,2,3,0,1,4,0,0,0
201328315082,4,3,1,51,9,318.6204,1,7,7,2013,19,41,1,0,0,2,1,1,1,1,2,3,0,2,1,0,0,0
201328315084,6,3,1,51,9,238.9653,2,7,1,2013,18,16,12,1,0,2,1,1,0,0,2,3,0,,1,0,0,0
201328315089,4,3,1,51,9,318.6204,2,7,2,2013,17,24,12,6,0,4,1,1,0,0,2,3,0,1,1,0,0,0
201328315093,4,3,1,51,9,318.6204,2,7,2,2013,15,30,12,1,0,1,1,10,0,0,2,3,0,1,1,0,0,0
201328315097,4,3,1,51,9,318.6204,2,7,2,2013,10,2,12,1,0,2,1,10,1,1,2,3,0,3,1,0,0,0
201328315102,1,3,1,51,9,79.6551,2,8,7,2013,0,1,12,7,1,2,3,1,4,1,2,3,0,3,1,0,0,0
201328315103,6,3,1,51,9,238.9653,2,7,1,2013,10,45,12,1,0,1,1,1,0,0,2,3,0,1,1,0,0,0
201328315106,4,3,1,51,9,318.6204,2,7,3,2013,20,27,12,6,0,2,5,10,0,0,2,3,0,3,1,0,0,0
201328315112,4,3,1,51,9,318.6204,2,7,3,2013,11,57,12,7,0,1,1,1,0,0,2,3,0,1,1,0,0,0
201328315113,6,3,1,51,9,238.9653,2,7,3,2013,20,2,12,6,0,2,1,1,0,0,2,3,0,2,1,0,0,0
201328315118,4,3,1,51,9,318.6204,2,7,3,2013,17,33,12,7,0,2,1,1,0,0,2,3,0,3,1,0,0,0
201328315123,4,3,1,51,9,318.6204,3,7,4,2013,17,26,12,1,0,1,1,1,0,0,2,3,0,1,1,0,0,0
201328315125,6,3,1,51,9,238.9653,2,7,4,2013,14,56,12,1,0,2,1,1,0,0,2,3,0,,1,0,0,0
201328315128,4,3,1,51,9,318.6204,2,7,4,2013,17,20,12,6,0,2,1,1,0,0,2,3,0,2,1,0,0,0
201328315129,5,3,1,51,9,79.6551,2,8,5,2013,19,1,12,6,0,2,1,1,2,1,1,3,0,3,1,0,0,0
201328315130,3,3,1,51,9,79.6551,2,8,5,2013,10,28,12,1,0,2,1,1,2,1,2,3,0,,1,0,0,0
201328315131,5,3,1,51,9,79.6551,2,8,5,2013,16,56,12,1,0,2,1,1,1,4,2,3,0,3,1,0,0,0
201328315135,5,3,1,51,9,79.6551,2,8,5,2013,13,3,12,6,0,2,1,1,2,2,2,3,0,2,1,0,0,0
201328315137,3,3,1,51,9,79.6551,1,8,5,2013,22,51,8,0,0,2,3,1,3,1,2,3,0,2,1,0,0,0
201328315138,4,3,1,51,9,318.6204,2,8,5,2013,17,7,12,1,0,2,1,1,0,0,2,3,0,2,1,0,0,0
201328315140,2,3,1,51,9,79.6551,2,8,5,2013,12,4,12,1,0,1,1,1,3,1,2,3,0,1,1,0,0,0
201328315142,3,3,1,51,9,79.6551,2,8,5,2013,15,54,12,6,0,2,1,1,2,2,2,3,0,2,1,0,0,0
201328315145,4,3,1,51,9,318.6204,2,8,6,2013,15,35,12,1,0,1,1,1,0,0,2,3,0,1,1,0,0,0
201328315148,6,3,1,51,9,238.9653,3,8,6,2013,23,0,12,1,0,2,3,1,0,0,2,3,0,2,1,0,0,0
201328315150,4,3,1,51,9,318.6204,2,8,6,2013,19,13,12,6,0,4,1,1,0,0,2,3,0,1,1,0,0,0
201328315155,4,3,1,51,9,318.6204,2,8,6,2013,14,56,12,1,0,1,1,1,0,0,2,3,0,1,1,0,0,0
201328315159,6,3,1,51,9,238.9653,3,8,7,2013,13,27,14,0,0,1,1,1,0,0,2,3,2,1,4,14,0,0
201328315162,5,3,1,51,9,79.6551,2,8,7,2013,19,42,12,6,0,1,1,1,1,1,2,3,0,1,1,0,0,0
201328315163,4,3,1,51,9,318.6204,2,8,1,2013,19,50,14,0,0,2,5,1,0,0,2,3,1,3,4,0,0,0
201328315168,4,3,1,51,9,318.6204,2,8,1,2013,13,35,12,6,0,2,1,1,0,0,2,3,0,2,1,0,0,0
201328315170,6,3,1,51,9,238.9653,1,8,1,2013,2,45,35,0,0,2,3,1,0,0,2,3,0,,4,0,0,0
201328315173,6,3,1,51,9,238.9653,2,8,2,2013,17,39,12,6,0,4,1,1,0,0,2,3,0,1,1,0,0,0
201328315175,5,3,1,51,9,79.6551,3,8,2,2013,15,27,12,6,0,2,1,1,2,3,2,3,0,2,1,0,0,0
201328315178,5,3,1,51,9,79.6551,2,8,2,2013,9,12,12,2,0,1,1,1,2,2,2,3,0,1,1,0,0,0
201328315179,4,3,1,51,9,318.6204,2,8,2,2013,8,11,12,6,0,2,1,1,1,2,2,3,0,3,1,0,0,0
201328315182,2,3,1,51,9,79.6551,2,8,2,2013,5,56,12,6,0,2,2,1,1,2,2,3,0,2,1,0,0,0
201328315184,6,3,1,51,9,238.9653,1,8,5,2013,13,3,7,0,0,1,1,1,0,0,2,3,0,1,1,0,0,0
201328315203,4,3,1,51,9,318.6204,2,8,3,2013,23,42,12,6,0,2,3,1,0,0,2,3,0,2,1,0,0,0
201328315204,6,3,1,51,9,238.9653,2,8,3,2013,12,56,12,1,0,1,1,1,0,0,2,3,0,1,1,0,0,0
201328315210,6,3,1,51,9,238.9653,2,8,3,2013,17,40,12,1,0,2,1,2,1,1,2,3,0,2,1,0,0,0
201328315211,4,3,1,51,9,318.6204,2,8,3,2013,7,14,12,1,0,1,1,1,0,0,2,3,0,1,1,28,0,0
201328315216,4,3,1,51,9,318.6204,2,8,4,2013,16,36,14,0,0,4,1,1,0,0,2,3,1,1,7,0,0,0
201328315220,6,3,1,51,9,238.9653,2,8,4,2013,10,20,12,6,0,2,1,1,0,0,2,3,0,2,1,0,0,0
201328315222,4,3,1,51,9,318.6204,2,8,5,2013,18,46,12,1,0,1,1,1,1,1,2,3,0,1,1,0,0,0
201328315227,3,3,1,51,9,79.6551,2,8,5,2013,7,31,12,1,0,1,1,1,3,1,2,3,0,1,1,0,0,0
201328315232,4,3,1,51,9,318.6204,2,8,6,2013,14,3,12,1,0,2,1,1,1,1,2,3,0,2,1,0,0,0
201328315234,6,3,1,51,9,238.9653,2,8,6,2013,21,46,14,0,0,1,2,1,0,0,1,3,1,1,7,0,0,0
201328315238,4,3,1,51,9,318.6204,4,8,6,2013,8,38,12,1,0,2,1,1,0,0,2,3,0,,1,0,0,0
201328315241,1,3,1,51,9,79.6551,2,8,7,2013,1,40,12,6,0,2,3,10,3,1,1,3,0,2,1,0,0,0
201328315244,4,3,1,51,9,318.6204,2,8,7,2013,19,59,12,1,0,1,1,1,0,0,2,3,0,1,1,0,0,0
201328315245,5,3,1,51,9,79.6551,1,8,7,2013,16,5,33,0,0,1,1,1,1,1,2,3,0,1,4,0,0,0
201328315247,5,3,1,51,9,79.6551,2,8,1,2013,4,23,14,0,0,1,2,1,1,1,2,3,1,1,7,0,0,0
201328315250,3,3,1,51,9,79.6551,2,8,2,2013,17,2,12,1,0,2,1,1,3,3,2,3,0,,1,0,0,0
201328315251,4,3,1,51,9,318.6204,3,8,2,2013,0,1,14,0,0,2,2,1,0,0,2,3,2,2,7,,,
201328315252,2,3,1,51,9,79.6551,2,8,2,2013,16,51,12,1,0,1,1,1,2,1,2,3,0,1,1,28,0,0
201328315256,6,3,1,51,9,238.9653,1,8,2,2013,13,1,30,0,0,1,1,1,0,0,2,3,0,1,4,0,0,0
201328315258,4,3,1,51,9,318.6204,2,8,2,2013,13,0,12,1,0,1,1,1,0,0,2,3,0,1,1,0,0,0
201328315262,4,3,1,51,9,318.6204,1,8,2,2013,12,9,18,0,0,1,1,1,0,0,2,3,0,1,7,0,0,0
201328315283,4,3,1,51,9,318.6204,2,8,3,2013,16,32,12,6,0,2,1,1,0,0,2,3,0,2,1,0,0,0
201328315285,3,3,1,51,9,79.6551,2,8,3,2013,19,20,12,6,0,2,1,1,3,1,2,3,0,2,1,0,0,0
201328315289,4,3,1,51,9,318.6204,2,8,3,2013,9,57,12,6,0,4,1,1,0,0,2,3,0,1,1,0,0,0
201328315290,2,3,1,51,9,79.6551,2,8,3,2013,20,12,12,7,0,1,5,1,1,3,2,3,0,1,1,0,0,0
201328315292,3,3,1,51,9,79.6551,2,8,4,2013,13,0,12,6,0,2,1,1,2,2,2,3,0,2,1,0,0,0
201328315296,4,3,1,51,9,318.6204,2,8,4,2013,6,52,12,6,0,2,1,10,0,0,2,3,0,3,1,0,0,0
201328315300,4,3,1,51,9,318.6204,1,8,4,2013,17,55,30,0,0,1,1,1,0,0,2,3,0,1,4,0,0,0
201328315304,6,3,1,51,9,238.9653,4,8,5,2013,17,24,12,7,0,2,1,1,1,2,2,3,0,2,1,0,0,0
201328315307,6,3,1,51,9,238.9653,2,8,5,2013,16,52,12,1,0,2,1,1,1,1,2,3,0,3,1,0,0,0
201328315308,5,3,1,51,9,79.6551,2,8,5,2013,15,16,12,2,0,2,1,1,2,3,2,3,0,3,1,0,0,0
201328315309,4,3,1,51,9,318.6204,2,8,6,2013,17,15,12,1,0,2,1,1,0,0,2,3,0,2,1,0,0,0
201328315315,6,3,1,51,9,238.9653,2,8,6,2013,11,21,12,2,0,2,1,1,0,0,2,3,0,2,1,0,0,0
201328315316,4,3,1,51,9,318.6204,2,8,6,2013,19,39,12,6,0,2,1,1,1,1,2,3,0,2,1,0,0,0
201328315320,6,3,1,51,9,238.9653,2,8,7,2013,23,54,12,1,0,1,2,1,0,0,1,3,0,1,1,0,0,0
201328315323,5,3,1,51,9,79.6551,2,8,7,2013,16,56,12,6,0,2,1,1,1,1,2,3,0,2,1,0,0,0
201328315324,4,3,1,51,9,318.6204,2,8,7,2013,13,25,12,6,0,4,1,1,1,1,2,3,0,1,1,0,0,0
201328315326,5,3,1,51,9,79.6551,1,8,7,2013,3,5,31,0,0,2,3,1,2,1,1,3,0,2,4,0,0,0
201328315331,4,3,1,51,9,318.6204,2,8,1,2013,12,0,14,0,0,1,1,1,0,0,2,3,1,1,7,0,0,0
201328315335,6,3,1,51,9,238.9653,2,8,2,2013,14,47,12,1,0,2,1,1,1,1,2,3,0,2,1,0,0,0
201328315336,4,3,1,51,9,318.6204,2,8,2,2013,9,25,54,11,0,1,1,1,0,0,2,3,0,1,1,14,0,0
201328315341,1,3,1,51,9,79.6551,2,8,2,2013,17,36,12,6,0,2,1,1,3,2,2,3,0,2,1,0,0,0
201328315343,6,3,1,51,9,238.9653,2,8,2,2013,14,47,12,1,0,2,1,1,0,0,2,3,0,2,1,0,0,0
201328315361,4,3,1,51,9,318.6204,2,8,4,2013,20,10,12,6,0,2,3,1,1,1,2,3,0,2,1,0,0,0
201328315362,5,3,1,51,9,79.6551,2,8,5,2013,5,29,14,0,0,2,3,1,2,1,2,3,1,3,7,0,0,0
201328315367,6,3,1,51,9,238.9653,1,8,7,2013,21,0,30,0,0,2,2,1,0,0,2,3,0,,4,0,0,0
201328315368,4,3,1,51,9,318.6204,2,8,3,2013,18,35,12,1,0,2,1,1,1,1,2,3,0,2,1,0,0,0
201328315374,4,3,1,51,9,318.6204,2,8,4,2013,7,12,12,1,0,2,1,1,0,0,2,3,0,3,1,0,0,0
201328315378,2,3,1,51,9,79.6551,3,8,4,2013,13,19,12,9,0,1,1,1,2,3,2,3,0,1,1,0,0,0
201328315379,4,3,1,51,9,318.6204,3,8,4,2013,17,38,12,1,0,2,1,1,0,0,2,3,0,3,1,0,0,0
201328315380,5,3,1,51,9,79.6551,3,8,5,2013,19,15,12,1,0,1,1,1,1,1,2,3,0,1,1,0,0,0
201328315382,3,3,1,51,9,79.6551,2,8,5,2013,7,49,12,6,0,2,1,1,2,1,2,3,0,2,1,0,0,0
201328315383,6,3,1,51,9,238.9653,2,8,5,2013,12,3,12,6,0,4,1,1,0,0,2,3,0,1,11,0,0,0
201328315387,4,3,1,51,9,318.6204,2,8,5,2013,18,19,12,7,0,4,1,1,0,0,2,3,0,1,11,0,0,0
201328315392,4,3,1,51,9,318.6204,2,8,5,2013,12,6,12,6,0,2,1,1,0,0,2,3,0,2,1,0,0,0
201328315396,6,3,1,51,9,238.9653,2,8,6,2013,20,24,12,1,0,2,1,1,3,2,2,3,0,,1,0,0,0
201328315397,4,3,1,51,9,318.6204,2,8,6,2013,9,56,12,6,0,2,1,1,0,0,2,3,0,2,1,0,0,0
201328315401,4,3,1,51,9,318.6204,2,8,6,2013,6,43,12,7,0,2,4,1,0,0,2,3,0,2,1,0,0,0
201328315406,4,3,1,51,9,318.6204,2,8,6,2013,7,23,12,1,0,1,1,1,0,0,2,3,0,1,1,0,0,0
201328315407,3,3,1,51,9,79.6551,2,8,6,2013,16,11,12,2,0,4,1,1,2,1,2,3,0,1,1,0,0,0
201328315411,4,3,1,51,9,318.6204,2,8,7,2013,10,50,12,1,0,2,1,1,0,0,2,3,0,2,1,0,0,0
201328315415,6,3,1,51,9,238.9653,1,9,1,2013,2,23,30,0,0,1,2,1,0,0,2,3,0,1,4,0,0,0
201328315417,4,3,1,51,9,318.6204,2,9,2,2013,22,35,12,8,0,1,2,1,0,0,2,3,0,1,1,0,0,0
201328315422,6,3,1,51,9,238.9653,2,8,4,2013,8,17,12,2,0,2,1,1,0,0,2,3,0,2,1,0,0,0
201328315424,4,3,1,51,9,318.6204,2,8,4,2013,12,50,12,7,0,1,1,1,0,0,2,3,0,1,1,0,0,0
201328315427,5,3,1,51,9,79.6551,4,8,4,2013,11,41,12,1,0,1,1,1,1,3,2,3,0,1,1,0,0,0
201328315429,4,3,1,51,9,318.6204,2,8,4,2013,14,12,12,6,0,2,1,1,0,0,2,3,0,2,1,0,0,0
201328315432,3,3,1,51,9,79.6551,2,8,4,2013,14,40,14,0,0,1,1,1,3,1,2,3,1,1,7,0,0,0
201328315434,5,3,1,51,9,79.6551,1,8,5,2013,22,50,59,0,0,1,2,1,2,1,2,3,0,1,6,0,0,0
201328315436,4,3,1,51,9,318.6204,2,8,5,2013,10,53,12,1,0,1,1,1,0,0,2,3,0,1,1,0,0,0
201328315440,4,3,1,51,9,318.6204,1,8,6,2013,17,15,43,0,0,2,1,10,0,0,2,3,0,2,4,0,0,0
201328315443,6,3,1,51,9,238.9653,2,8,6,2013,11,51,12,6,0,2,1,1,0,0,2,3,0,2,1,0,0,0
201328315448,4,3,1,51,9,318.6204,2,8,7,2013,14,30,12,6,0,1,1,1,0,0,2,3,0,1,1,0,0,0
201328315452,6,3,1,51,9,238.9653,2,8,7,2013,18,18,12,1,0,2,1,1,0,0,2,3,0,2,1,0,0,0
201328315453,4,3,1,51,9,318.6204,2,8,7,2013,17,20,12,1,0,1,1,1,0,0,2,3,0,1,1,0,0,0
201328315457,5,3,1,51,9,79.6551,2,8,1,2013,13,17,12,6,0,2,1,1,2,2,2,3,0,2,1,0,0,0
201328315458,4,3,1,51,9,318.6204,2,8,1,2013,9,25,12,1,0,2,1,1,0,0,2,3,0,3,1,0,0,0
201328315459,3,3,1,51,9,79.6551,1,8,1,2013,4,33,1,0,0,1,2,1,3,1,1,3,0,1,4,0,0,0
201328315463,4,3,1,51,9,318.6204,3,8,2,2013,7,48,12,1,0,1,1,1,1,1,2,3,0,1,1,28,0,0
201328315465,5,3,1,51,9,79.6551,2,8,2,2013,1,30,14,0,0,1,2,1,2,2,2,3,1,1,7,0,0,0
201328315469,6,3,1,51,9,238.9653,2,8,2,2013,16,40,12,1,0,2,1,1,0,0,2,3,0,3,1,0,0,0
201328315470,1,3,1,51,9,79.6551,2,8,7,2013,22,43,1,0,0,1,3,1,4,1,2,3,0,1,3,14,0,0
201328315482,4,3,1,51,9,318.6204,2,9,3,2013,21,52,12,7,0,1,3,1,0,0,1,3,0,1,1,0,0,0
201328315487,4,3,1,51,9,318.6204,2,9,3,2013,17,34,12,1,0,1,1,1,0,0,2,3,0,1,1,0,0,0
201328315489,5,3,1,51,9,79.6551,2,9,3,2013,7,58,12,6,0,2,1,1,1,1,2,3,0,2,1,0,0,0
201328315490,5,3,1,51,9,79.6551,2,9,3,2013,16,20,12,6,0,4,1,1,2,1,2,3,0,1,11,0,0,0
201328315493,4,3,1,51,9,318.6204,2,9,3,2013,17,38,14,0,0,2,2,1,0,0,2,3,1,,7,0,0,0
201328315497,6,3,1,51,9,238.9653,3,9,4,2013,2,51,14,0,0,1,2,1,1,1,2,3,2,1,7,0,0,0
201328315498,4,3,1,51,9,318.6204,2,9,4,2013,12,46,12,1,0,4,1,1,0,0,2,3,0,1,1,0,0,0
201328315502,4,3,1,51,9,318.6204,2,9,5,2013,16,42,53,0,0,2,1,1,0,0,2,3,1,2,4,14,0,0
201328315503,5,3,1,51,9,79.6551,2,9,5,2013,15,45,12,6,0,2,1,1,2,2,2,3,0,2,1,0,0,0
201328315504,5,3,1,51,9,79.6551,1,9,5,2013,14,18,25,0,0,2,1,1,1,1,2,3,0,,3,0,0,0
201328315508,4,3,1,51,9,318.6204,2,9,5,2013,11,1,12,6,0,2,1,1,0,0,2,3,0,,1,0,0,0
201328315509,3,3,1,51,9,79.6551,2,9,5,2013,15,38,12,6,0,2,1,1,2,2,2,3,0,2,1,0,0,0
201328315515,4,3,1,51,9,318.6204,2,9,6,2013,7,55,12,6,0,2,1,1,0,0,2,3,0,2,1,0,0,0
201328315518,6,3,1,51,9,238.9653,2,9,6,2013,8,10,12,6,0,2,1,1,0,0,2,3,0,2,1,0,0,0
201328315520,4,3,1,51,9,318.6204,2,9,7,2013,13,5,12,6,0,4,1,1,0,0,2,3,0,1,1,0,0,0
201328315522,5,3,1,51,9,79.6551,2,9,1,2013,18,59,12,1,0,2,1,1,1,1,2,3,0,2,1,0,0,0
201328315525,4,3,1,51,9,318.6204,2,9,2,2013,8,2,12,9,0,4,1,1,1,1,2,3,0,1,1,0,0,0
201328315526,3,3,1,51,9,79.6551,2,9,2,2013,11,43,12,1,0,1,1,1,2,1,2,3,0,1,1,0,0,0
201328315530,4,3,1,51,9,318.6204,2,9,2,2013,17,36,12,6,0,4,1,1,0,0,2,3,0,1,1,0,0,0
201328315536,4,3,1,51,9,318.6204,2,9,2,2013,8,0,12,6,0,2,1,1,0,0,2,3,0,3,1,0,0,0
201328315537,6,3,1,51,9,238.9653,3,9,2,2013,7,53,12,1,0,1,1,1,2,1,2,3,0,1,1,0,0,0
201328315542,4,3,1,51,9,318.6204,2,9,6,2013,20,53,12,2,0,2,3,1,0,0,2,3,0,2,1,,,
201328315543,3,3,1,51,9,79.6551,2,9,7,2013,9,31,12,2,1,2,1,1,2,2,2,3,0,4,1,0,0,0
201328315548,6,3,1,51,9,238.9653,4,9,3,2013,14,7,12,1,0,2,1,1,0,0,1,3,0,2,1,0,0,0
201328315550,4,3,1,51,9,318.6204,2,9,3,2013,11,20,12,6,0,4,1,10,0,0,2,3,0,1,1,0,0,0
201328315554,6,3,1,51,9,238.9653,2,9,3,2013,17,56,12,6,0,4,1,1,0,0,2,3,0,1,1,0,0,0
201328315558,4,3,1,51,9,318.6204,1,9,4,2013,8,39,1,0,0,2,1,10,1,1,2,3,0,2,1,0,0,0
201328315561,6,3,1,51,9,238.9653,1,9,4,2013,16,49,30,0,0,1,1,1,0,0,1,3,0,1,4,0,0,0
201328315564,4,3,1,51,9,318.6204,1,9,5,2013,13,49,19,0,0,4,1,1,0,0,2,3,0,1,5,0,0,0
201328315568,4,3,1,51,9,318.6204,2,9,6,2013,18,55,12,2,0,2,1,1,0,0,2,3,0,2,1,0,0,0
201328315570,3,3,1,51,9,79.6551,2,9,6,2013,17,29,12,1,0,2,1,1,2,1,2,3,0,2,1,0,0,0
201328315572,6,3,1,51,9,238.9653,2,9,6,2013,16,17,12,6,0,2,1,1,0,0,2,3,0,2,1,0,0,0
201328315573,2,3,1,51,9,79.6551,2,9,6,2013,11,10,12,2,0,1,1,10,0,0,2,3,0,1,1,0,0,0
201328315575,5,3,1,51,9,79.6551,2,9,6,2013,15,25,12,6,0,2,1,1,1,2,2,3,0,3,1,0,0,0
201328315576,1,3,1,51,9,79.6551,1,9,7,2013,1,54,30,0,0,2,3,1,3,1,1,3,0,3,4,0,0,0
201328315579,4,3,1,51,9,318.6204,2,9,7,2013,13,25,12,6,0,7,1,1,0,0,2,3,0,1,1,0,0,0
201328315580,1,3,1,51,9,79.6551,2,9,1,2013,3,54,12,1,0,1,3,1,4,2,2,3,0,1,1,,,
201328315585,5,3,1,51,9,79.6551,2,9,2,2013,18,22,12,1,0,1,1,2,2,1,2,3,0,1,1,0,0,0
201328315586,4,3,1,51,9,318.6204,2,9,2,2013,17,25,12,1,0,2,1,10,1,1,2,3,0,,1,0,0,0
201328315589,6,3,1,51,9,238.9653,2,9,2,2013,18,15,12,6,0,2,1,2,0,0,2,3,0,3,1,0,0,0
201328315591,4,3,1,51,9,318.6204,1,9,2,2013,18,20,39,0,0,2,1,2,0,0,2,3,0,3,4,0,0,0
201328315593,3,3,1,51,9,79.6551,1,9,2,2013,16,3,42,0,0,1,1,10,2,1,2,3,0,1,5,0,0,0
201328315596,6,3,1,51,9,238.9653,2,9,3,2013,12,13,12,1,0,1,1,10,0,0,2,3,0,1,1,0,0,0
201328315601,2,3,1,51,9,79.6551,2,9,3,2013,21,15,12,2,0,2,3,10,0,0,2,3,0,2,1,0,0,0
201328315602,6,3,1,51,9,238.9653,2,9,3,2013,15,26,12,6,0,2,1,10,0,0,2,3,0,2,1,0,0,0
201328315603,3,3,1,51,9,79.6551,2,9,3,2013,4,40,12,6,0,2,3,10,2,1,1,3,0,2,1,0,0,0
201328315604,4,3,1,51,9,318.6204,2,9,3,2013,21,5,14,0,0,1,2,1,0,0,2,3,1,1,7,0,0,0
201328315607,3,3,1,51,9,79.6551,1,9,4,2013,21,18,42,0,0,1,3,1,2,1,2,3,0,1,6,0,0,0
201328315608,5,3,1,51,9,79.6551,1,9,4,2013,19,10,1,0,1,5,1,1,2,4,2,3,0,1,4,0,0,0
201328315609,2,3,1,51,9,79.6551,2,9,4,2013,13,55,12,1,0,1,1,1,1,1,2,3,0,1,1,0,0,0
201328315612,4,3,1,51,9,318.6204,2,9,4,2013,18,54,12,1,0,2,1,1,0,0,2,3,0,2,1,0,0,0
201328315615,6,3,1,51,9,238.9653,2,9,5,2013,17,32,12,1,0,2,1,10,1,1,2,3,0,3,1,0,0,0
201328315619,4,3,1,51,9,318.6204,2,9,5,2013,7,33,12,2,0,1,4,2,0,0,2,3,0,1,1,0,0,0
201328315623,3,3,1,51,9,79.6551,1,9,5,2013,2,31,33,0,0,4,3,1,2,1,1,3,0,1,4,0,0,0
201328315624,4,3,1,51,9,318.6204,2,9,5,2013,7,33,12,9,0,1,1,2,0,0,2,3,0,1,1,0,0,0
201328315629,4,3,1,51,9,318.6204,1,9,6,2013,2,19,30,0,0,2,3,1,0,0,1,3,0,4,4,0,0,0
201328315630,6,3,1,51,9,238.9653,2,9,6,2013,7,42,12,6,0,2,1,10,0,0,2,3,0,2,1,0,0,0
201328315634,4,3,1,51,9,318.6204,2,9,6,2013,8,34,14,0,0,1,1,10,0,0,2,3,1,1,3,0,0,0
201328315639,4,3,1,51,9,318.6204,2,9,7,2013,15,30,12,6,0,2,1,1,0,0,2,3,0,2,1,0,0,0
201328315640,1,3,1,51,9,79.6551,2,9,7,2013,1,44,14,0,0,1,2,1,3,1,1,3,1,1,7,0,0,0
201328315645,4,3,1,51,9,318.6204,2,9,1,2013,8,13,14,0,0,1,1,1,0,0,1,3,1,1,7,0,0,0
201328315646,6,3,1,51,9,238.9653,2,9,1,2013,12,14,12,1,0,1,1,1,1,3,2,3,0,1,1,28,0,0
201328315650,4,3,1,51,9,318.6204,2,9,2,2013,17,48,12,1,0,2,1,1,0,0,2,3,0,,1,0,0,0
201328315657,2,3,1,51,9,79.6551,2,9,7,2013,20,0,12,6,0,2,1,1,0,0,2,3,0,2,1,0,0,0
201328315658,2,3,1,51,9,79.6551,2,9,6,2013,7,59,12,11,0,4,1,1,1,1,2,3,0,1,1,0,0,0