CASENUM,STRATUM,REGION,PJ,PSU,PSUSTRAT,WEIGHT,VE_TOTAL,MONTH,WKDY_IM,YEAR,HOUR_IM,MINUTE_IM,EVENT1_IM,MANCOL_IM,RELJCT1_IM,RELJCT2_IM,LGTCON_IM,WEATHR_IM,MAXSEV_IM,NO_INJ_IM,ALCHL_IM,LAND_USE,PVH_INVL,TYP_INT,REL_ROAD,CF1,CF2,CF3
201328424530,3,3,6,62,8,40.029247,1,2,7,2013,14,46,1,0,0,1,2,10,1,1,2,1,0,1,1,0,0,0
201328424534,6,3,8,62,8,212.54453,2,1,5,2013,16,6,12,1,0,4,1,1,1,2,2,1,0,1,1,0,0,0
201328424537,4,3,6,62,8,360.2632,2,2,6,2013,15,36,12,2,0,2,1,1,0,0,2,1,0,2,1,0,0,0
201328424540,4,3,1,62,8,343.742,1,2,3,2013,16,51,59,0,0,2,1,1,0,0,1,1,0,3,4,0,0,0
201328424544,5,3,1,62,8,98.212,1,2,4,2013,8,5,58,0,0,1,1,2,2,1,2,1,0,1,4,0,0,0
201328424547,6,3,1,62,8,220.977,1,2,6,2013,19,10,30,0,0,1,2,1,0,0,2,1,0,1,4,0,0,0
201328424551,6,3,2,62,8,220.977,2,2,2,2013,16,27,12,6,0,2,1,10,2,2,2,1,0,2,1,0,0,0
201328424555,4,3,2,62,8,343.742,2,2,6,2013,17,20,12,7,0,2,1,1,0,0,2,1,0,2,1,0,0,0
201328424573,4,3,2,62,8,343.742,2,2,7,2013,14,20,12,1,0,2,1,10,0,0,2,1,0,,1,0,0,0
201328424580,4,3,3,62,8,343.742,2,2,4,2013,14,30,12,2,0,2,1,1,0,0,2,1,0,2,1,0,0,0
201328424581,5,3,3,62,8,98.212,3,2,4,2013,17,51,12,1,0,1,1,1,2,1,2,1,0,1,1,0,0,0
201328424582,3,3,3,62,8,24.553,1,2,4,2013,22,48,8,0,0,4,3,1,2,1,2,1,0,1,1,0,0,0
201328424602,5,3,6,62,8,80.058495,2,2,1,2013,22,22,12,6,0,2,2,1,2,1,1,1,0,3,1,0,0,0
201328424605,3,3,6,62,8,40.029247,2,2,1,2013,0,21,34,0,0,2,2,10,4,1,2,1,0,3,3,0,0,0
201328424607,3,3,6,62,8,40.029247,1,2,3,2013,12,23,9,0,0,2,1,10,2,1,2,1,0,2,1,0,0,0
201328424628,4,3,2,62,8,343.742,2,2,1,2013,11,54,12,6,0,4,1,1,2,1,2,1,0,1,1,0,0,0
201328424643,4,3,2,62,8,343.742,2,2,4,2013,8,44,12,6,0,4,1,10,0,0,2,1,0,1,1,0,0,0
201328424644,3,3,2,62,8,24.553,1,2,3,2013,16,4,43,0,0,2,1,10,2,2,2,1,0,10,4,0,0,0
201328424663,4,3,4,62,8,343.742,1,2,1,2013,15,20,59,0,0,1,1,1,0,0,2,8,0,1,4,0,0,0
201328424664,6,3,4,62,8,220.977,2,2,2,2013,13,12,53,0,0,4,1,1,0,0,2,8,0,1,4,0,0,0
201328424678,3,3,5,62,8,24.553,2,2,5,2013,17,25,12,1,0,1,3,1,2,2,2,1,0,1,1,0,0,0
201328424682,4,3,5,62,8,343.742,2,2,2,2013,19,38,72,0,0,1,2,2,0,0,2,1,0,1,1,14,0,0
201328424685,5,3,6,62,8,80.058495,2,2,2,2013,15,40,12,7,0,1,1,1,1,1,2,1,0,1,1,0,0,0
201328424687,1,3,6,62,8,40.029247,2,2,6,2013,15,54,12,6,0,2,1,10,3,2,2,1,0,2,1,0,0,0
201328424691,6,3,6,62,8,200.14624,2,2,5,2013,16,44,12,1,0,2,1,1,0,0,2,1,0,2,1,0,0,0
201328424692,1,3,6,62,8,40.029247,3,2,7,2013,20,3,12,1,0,2,3,1,3,3,1,1,0,2,1,0,0,0
201328424694,4,3,6,62,8,360.2632,2,2,7,2013,9,0,12,6,0,2,1,1,0,0,2,1,0,3,1,0,0,0
201328424695,3,3,6,62,8,40.029247,1,2,6,2013,11,36,1,0,1,5,1,1,2,1,2,1,0,1,1,0,0,0
201328424701,3,3,1,62,8,24.553,1,2,6,2013,13,45,42,0,0,1,1,1,3,1,2,1,0,1,4,0,0,0
201328424703,1,3,1,62,8,24.553,2,2,1,2013,2,50,12,1,0,1,2,1,3,2,2,1,0,1,1,0,0,0
201328424710,5,3,1,62,8,98.212,1,2,5,2013,6,14,35,0,0,1,2,10,2,1,2,1,0,1,4,0,0,0
201328424711,5,3,2,62,8,98.212,1,3,6,2013,19,21,34,0,0,1,3,1,1,2,2,1,0,1,4,0,0,0
201328424712,6,3,2,62,8,220.977,2,2,4,2013,13,40,12,6,0,2,1,1,0,0,2,1,0,2,1,0,0,0
201328424729,6,3,3,62,8,220.977,2,2,5,2013,20,58,12,6,0,2,3,1,0,0,2,1,0,2,1,0,0,0
201328424743,3,3,6,62,8,40.029247,2,2,4,2013,12,16,12,6,0,4,1,1,2,1,2,1,0,1,1,0,0,0
201328424750,4,3,8,62,8,354.24088,2,2,4,2013,19,14,12,1,0,2,2,10,0,0,2,1,0,2,1,0,0,0
201328424752,3,3,17,62,8,24.553,1,1,5,2013,0,13,38,0,0,1,2,1,2,1,2,8,0,1,5,0,0,0
201328424756,4,3,17,62,8,343.742,1,1,1,2013,16,39,59,0,0,2,1,1,0,0,2,8,0,2,4,0,0,0
201328424763,6,3,17,62,8,220.977,2,2,4,2013,18,51,12,6,0,4,3,10,0,0,2,8,0,1,1,0,0,0
201328424768,4,3,2,62,8,343.742,2,3,6,2013,12,50,12,1,0,2,1,10,0,0,2,1,0,,1,0,0,0
201328424777,3,3,2,62,8,24.553,1,3,2,2013,11,5,42,0,0,2,1,1,2,1,2,1,0,2,3,20,0,0
201328424781,3,3,2,62,8,24.553,2,3,1,2013,12,28,12,2,0,2,1,1,2,1,2,1,0,2,1,0,0,0
201328424782,3,3,2,62,8,24.553,1,3,7,2013,18,35,1,0,0,4,3,1,3,1,2,1,0,1,1,0,0,0
201328424786,5,3,3,62,8,98.212,2,3,4,2013,18,51,12,6,0,2,2,1,2,1,2,1,0,2,1,0,0,0
201328424793,6,3,4,62,8,220.977,4,2,3,2013,17,48,12,6,0,4,1,1,0,0,2,8,1,1,1,0,0,0
201328424803,5,3,4,62,8,98.212,1,2,1,2013,18,45,11,0,0,1,2,1,1,1,2,8,0,1,1,0,0,0
201328424804,4,3,4,62,8,343.742,2,2,4,2013,22,5,12,2,0,4,3,1,0,0,1,8,0,1,1,0,0,0
201328424805,2,3,4,62,8,49.106,2,2,2,2013,15,28,12,6,0,2,1,1,2,1,2,8,0,3,1,0,0,0
201328424813,6,3,5,62,8,220.977,1,3,1,2013,4,30,32,0,0,1,2,1,0,0,2,1,0,1,4,0,0,0
201328424815,3,3,6,62,8,40.029247,2,3,4,2013,10,34,12,6,0,2,1,1,2,1,2,1,0,4,1,0,0,0
201328424821,4,3,1,62,8,343.742,1,2,5,2013,16,7,32,0,0,1,1,1,0,0,2,1,0,1,4,0,0,0
201328424827,6,3,1,62,8,220.977,1,3,6,2013,19,34,11,0,0,1,2,1,0,0,2,1,0,1,1,0,0,0
201328424831,1,3,1,62,8,24.553,1,3,2,2013,15,50,43,0,0,1,1,1,3,1,1,1,0,1,4,0,0,0
201328424833,5,3,1,62,8,98.212,2,3,3,2013,14,20,12,6,0,2,1,1,2,2,2,1,0,2,1,0,0,0
201328424847,4,3,2,62,8,343.742,2,3,2,2013,14,14,12,7,0,1,1,1,0,0,2,1,0,1,1,0,0,0
201328424853,6,3,2,62,8,220.977,1,3,1,2013,9,23,38,0,0,1,1,2,0,0,2,1,0,1,3,0,0,0
201328424857,3,3,3,62,8,24.553,1,3,3,2013,6,0,1,0,0,1,2,1,2,1,2,1,0,1,1,0,0,0
201328424871,6,3,4,62,8,220.977,2,3,1,2013,19,13,12,1,0,1,3,1,1,2,2,8,0,1,1,0,0,0
201328424880,5,3,17,62,8,98.212,1,2,4,2013,4,50,25,0,0,1,3,5,2,2,2,8,0,1,3,0,0,0
201328424911,3,3,2,62,8,24.553,2,3,4,2013,7,59,12,6,0,4,1,2,2,1,2,1,0,1,11,0,0,0
201328424916,4,3,2,62,8,343.742,2,3,2,2013,6,57,12,7,0,1,3,10,0,0,2,1,0,1,1,0,0,0
201328424938,4,3,2,62,8,343.742,2,3,6,2013,14,0,12,6,0,2,1,10,1,1,2,1,0,2,1,0,0,0
201328424939,5,3,2,62,8,98.212,2,3,6,2013,16,11,12,6,0,2,1,1,1,2,2,1,0,2,1,0,0,0
201328424940,1,3,2,62,8,24.553,2,3,6,2013,16,9,12,2,0,1,1,10,3,5,1,1,0,1,1,0,0,0
201328424944,6,3,2,62,8,220.977,1,3,7,2013,22,26,25,0,0,2,3,1,0,0,2,1,0,2,3,0,0,0
201328424947,4,3,3,62,8,343.742,2,3,2,2013,17,3,12,1,0,2,1,1,0,0,2,1,0,3,1,0,0,0
201328424959,6,3,3,62,8,220.977,2,3,2,2013,18,55,12,6,0,2,1,1,1,2,2,1,0,2,1,0,0,0
201328424961,3,3,4,62,8,24.553,2,3,2,2013,18,0,12,2,0,4,1,1,2,1,2,8,0,1,1,0,0,0
201328424971,5,3,4,62,8,98.212,2,2,5,2013,18,23,12,6,0,2,3,1,1,1,2,8,0,2,1,0,0,0
201328424981,4,3,17,62,8,343.742,2,3,4,2013,23,44,12,8,0,2,3,1,0,0,1,8,0,2,1,20,0,0
201328424983,6,3,8,62,8,212.54453,3,3,7,2013,15,9,12,1,0,2,1,1,1,4,2,1,0,2,1,0,0,0
201328424984,4,3,8,62,8,354.24088,1,3,1,2013,15,11,32,0,0,1,1,1,0,0,1,1,0,1,4,0,0,0
201328424985,5,3,8,62,8,70.848175,2,3,3,2013,13,24,12,1,0,1,1,1,2,3,2,1,0,1,1,28,0,0
201328424988,4,3,6,62,8,360.2632,2,3,3,2013,10,39,12,1,0,6,1,1,0,0,2,1,0,1,1,0,0,0
201328424992,5,3,6,62,8,80.058495,2,3,5,2013,18,18,12,6,0,2,1,1,1,1,2,1,0,3,1,0,0,0
201328425019,3,3,4,62,8,24.553,1,3,5,2013,14,41,38,0,0,1,1,1,2,1,2,8,0,1,4,0,0,0
201328425025,6,3,1,62,8,220.977,1,3,6,2013,13,0,1,0,0,1,1,1,0,0,2,1,0,1,4,0,0,0
201328425028,5,3,1,62,8,98.212,3,3,7,2013,13,40,12,1,0,4,1,1,2,2,2,1,0,1,1,14,0,0
201328425033,4,3,1,62,8,343.742,2,3,4,2013,6,23,12,1,0,2,2,1,1,1,2,1,0,3,1,0,0,0
201328425035,3,3,2,62,8,24.553,1,3,7,2013,15,45,1,0,0,1,1,1,2,1,2,1,0,1,1,0,0,0
201328425053,1,3,2,62,8,24.553,2,3,3,2013,11,45,12,6,0,2,1,1,3,2,2,1,0,2,1,0,0,0
201328425060,1,3,2,62,8,24.553,1,3,7,2013,1,1,32,0,0,2,2,10,3,2,2,1,0,2,4,0,0,0
201328425066,4,3,2,62,8,343.742,2,3,2,2013,18,30,12,1,0,1,1,1,0,0,2,1,0,1,1,0,0,0
201328425076,5,3,1,62,8,98.212,1,3,4,2013,12,25,34,0,0,1,1,1,2,2,2,1,0,1,4,0,0,0
201328425094,6,3,2,62,8,220.977,1,4,3,2013,2,29,33,0,0,1,2,10,0,0,2,1,0,1,4,0,0,0
201328425096,4,3,2,62,8,343.742,6,4,2,2013,14,39,12,1,0,1,1,10,0,0,2,1,0,1,1,0,0,0
201328425108,5,3,3,62,8,98.212,2,4,6,2013,13,42,12,6,0,2,1,1,2,2,2,1,0,3,1,0,0,0
201328425113,6,3,3,62,8,220.977,3,4,1,2013,19,54,12,1,0,2,1,1,1,1,1,1,0,2,1,0,0,0
201328425120,4,3,4,62,8,343.742,2,3,2,2013,7,58,12,1,0,1,1,1,0,0,2,8,0,1,1,0,0,0
201328425127,6,3,4,62,8,220.977,2,3,4,2013,14,10,12,6,0,4,1,1,0,0,2,8,0,1,1,0,0,0
201328425133,3,3,6,62,8,40.029247,2,4,1,2013,17,48,12,1,0,1,1,1,2,1,2,1,0,1,1,0,0,0
201328425134,4,3,6,62,8,360.2632,1,4,5,2013,5,14,24,0,1,5,3,2,0,0,2,1,0,1,4,0,0,0
201328425143,6,3,1,62,8,220.977,1,3,1,2013,20,30,25,0,0,1,2,1,0,0,2,1,0,1,4,0,0,0
201328425153,5,3,2,62,8,98.212,2,4,6,2013,20,13,12,6,0,2,3,1,2,3,1,1,0,2,1,0,0,0
201328425169,4,3,3,62,8,343.742,2,4,2,2013,20,46,12,1,0,2,2,1,0,0,1,1,0,2,1,0,0,0
201328425171,1,3,3,62,8,24.553,1,4,4,2013,12,12,30,0,0,2,1,1,3,2,2,1,0,2,4,0,0,0
201328425194,3,3,4,62,8,24.553,1,3,7,2013,17,55,5,0,0,1,1,1,4,1,1,8,0,1,1,0,0,0
201328425195,5,3,4,62,8,98.212,2,4,2,2013,6,15,12,2,0,2,3,2,2,3,2,8,0,2,1,0,0,0
201328425199,6,3,6,62,8,200.14624,2,4,3,2013,16,40,12,6,1,5,1,1,0,0,2,1,0,1,1,0,0,0
201328425204,5,3,8,62,8,70.848175,3,4,3,2013,8,25,12,6,0,2,1,10,1,4,2,1,0,2,1,0,0,0
201328425205,6,3,8,62,8,212.54453,2,4,4,2013,16,3,12,6,0,2,1,10,1,1,2,1,0,2,1,0,0,0
201328425209,3,3,17,62,8,24.553,2,3,2,2013,18,27,12,6,0,1,1,1,2,1,2,8,0,1,1,0,0,0
201328425241,5,3,1,62,8,98.212,1,4,6,2013,13,56,1,0,0,1,1,1,2,1,2,1,0,1,4,0,0,0
201328425250,3,3,3,62,8,24.553,3,4,6,2013,16,40,12,1,0,1,1,1,2,1,2,1,0,1,1,0,0,0
201328425251,4,3,3,62,8,343.742,2,4,6,2013,16,53,12,7,0,1,1,1,0,0,2,1,0,1,1,0,0,0
201328425260,6,3,5,62,8,220.977,1,4,7,2013,12,39,1,0,0,1,1,1,0,0,2,1,0,1,4,0,0,0
201328425266,4,3,6,62,8,360.2632,2,4,3,2013,10,1,12,6,0,4,1,10,0,0,2,1,0,1,1,0,0,0
201328425275,4,3,8,62,8,354.24088,2,4,6,2013,7,48,12,1,0,2,1,1,0,0,2,1,0,3,1,0,0,0
201328425283,3,3,1,62,8,24.553,1,4,6,2013,8,50,1,0,0,1,1,1,2,1,2,1,0,1,1,0,0,0
201328425297,4,3,3,62,8,343.742,2,4,2,2013,10,55,12,1,0,2,1,10,0,0,2,1,0,2,1,0,0,0
201328425309,1,3,4,62,8,24.553,3,4,4,2013,17,15,12,6,0,1,1,10,4,4,2,8,0,1,1,0,0,0
201328425310,4,3,4,62,8,343.742,2,4,2,2013,9,30,12,1,0,2,1,1,0,0,2,8,0,,1,0,0,0
201328425313,6,3,4,62,8,220.977,2,4,3,2013,13,57,12,1,0,2,1,1,0,0,2,8,0,,1,0,0,0
201328425315,4,3,6,62,8,360.2632,2,4,5,2013,17,5,14,0,0,2,1,2,0,0,2,1,1,2,7,0,0,0
201328425319,3,3,8,62,8,70.848175,1,4,4,2013,12,11,25,0,0,1,1,10,2,1,2,1,0,1,4,0,0,0
201328425324,4,3,2,62,8,343.742,2,4,4,2013,6,59,12,1,0,2,1,10,0,0,2,1,0,,1,0,0,0
201328425363,6,3,2,62,8,220.977,2,4,3,2013,19,48,12,1,0,4,3,10,0,0,1,1,0,1,1,0,0,0
201328425368,3,3,2,62,8,24.553,1,4,5,2013,3,55,18,0,0,1,3,2,2,1,2,1,0,1,1,0,0,0
201328425371,5,3,2,62,8,98.212,2,4,6,2013,17,40,12,1,0,2,1,1,2,2,2,1,0,,1,0,0,0
201328425376,3,3,2,62,8,24.553,2,4,2,2013,8,23,12,1,1,5,1,10,2,1,2,1,0,1,1,0,0,0
201328425384,4,3,2,62,8,343.742,5,4,7,2013,13,31,12,1,0,1,1,1,2,2,2,1,0,1,1,0,0,0
201328425391,3,3,2,62,8,24.553,1,4,4,2013,16,43,8,0,0,1,1,10,3,1,2,1,0,1,1,0,0,0
201328425394,3,3,2,62,8,24.553,2,4,5,2013,8,14,12,1,0,1,1,10,2,1,2,1,0,1,1,0,0,0
201328425404,3,3,2,62,8,24.553,2,4,2,2013,7,46,12,7,0,1,1,1,3,1,2,1,0,1,1,0,0,0
201328425408,3,3,2,62,8,24.553,2,4,3,2013,19,43,12,1,0,1,1,1,2,1,2,1,0,1,1,0,0,0
201328425410,4,3,2,62,8,343.742,2,4,7,2013,12,45,12,7,0,2,1,1,0,0,2,1,0,2,1,0,0,0
201328425412,6,3,3,62,8,220.977,2,5,4,2013,20,54,12,1,0,4,3,1,1,1,2,1,0,1,1,0,0,0
201328425426,3,3,4,62,8,24.553,1,4,7,2013,20,45,9,0,0,1,2,1,4,1,2,8,0,1,2,0,0,0
201328425429,3,3,4,62,8,24.553,2,4,1,2013,17,35,12,9,0,4,1,1,3,2,2,8,0,1,1,0,0,0
201328425433,5,3,5,62,8,98.212,2,4,2,2013,6,30,12,6,0,2,6,5,2,2,2,1,0,3,1,0,0,0
201328425440,5,3,6,62,8,80.058495,2,5,6,2013,12,43,12,6,0,4,1,1,2,2,2,1,0,1,1,0,0,0
201328425444,4,3,8,62,8,354.24088,2,4,2,2013,17,14,14,0,0,1,1,1,0,0,2,1,1,1,7,0,0,0
201328425450,1,3,1,62,8,24.553,1,4,3,2013,22,42,1,0,0,1,2,1,3,2,2,1,0,1,3,0,0,0
201328425453,6,3,1,62,8,220.977,2,4,2,2013,17,47,12,1,0,1,1,1,0,0,2,1,0,1,1,0,0,0
201328425455,5,3,1,62,8,98.212,1,4,3,2013,13,45,1,0,0,1,1,1,2,1,2,1,0,1,3,0,0,0
201328425465,3,3,2,62,8,24.553,1,4,3,2013,17,30,8,0,0,2,1,10,3,1,2,1,0,3,1,0,0,0
201328425466,6,3,2,62,8,220.977,2,4,3,2013,14,41,12,2,0,1,1,10,0,0,2,1,0,1,1,0,0,0
201328425478,4,3,2,62,8,343.742,2,5,6,2013,15,39,12,1,0,2,1,1,0,0,2,1,0,,1,0,0,0
201328425483,3,3,2,62,8,24.553,2,5,7,2013,9,30,12,1,0,1,1,1,2,2,2,1,0,1,1,0,0,0
201328425493,3,3,2,62,8,24.553,1,5,3,2013,12,0,15,0,0,1,1,1,2,1,2,1,0,1,1,0,0,0
201328425497,2,3,2,62,8,49.106,3,5,5,2013,14,19,12,1,0,2,1,10,1,2,2,1,0,2,1,0,0,0
201328425498,3,3,2,62,8,24.553,2,5,5,2013,14,35,14,0,0,1,1,10,2,1,2,1,1,1,7,0,0,0
201328425502,5,3,3,62,8,98.212,2,5,2,2013,18,51,12,6,0,2,1,1,2,6,2,1,0,3,1,0,0,0
201328425512,4,3,3,62,8,343.742,2,5,2,2013,7,24,12,1,0,2,1,1,0,0,2,1,0,2,1,0,0,0
201328425515,5,3,4,62,8,98.212,1,4,5,2013,0,30,42,0,0,1,2,1,2,1,1,8,0,1,5,0,0,0
201328425529,4,3,6,62,8,360.2632,2,5,3,2013,16,0,12,6,0,2,1,1,0,0,2,1,0,3,1,0,0,0
201328425535,3,3,8,62,8,70.848175,1,5,1,2013,19,19,1,0,0,1,1,1,3,2,2,1,0,1,4,0,0,0
201328425538,4,3,17,62,8,343.742,1,4,5,2013,15,20,35,0,0,1,1,2,1,1,2,8,0,1,4,0,0,0
201328425542,3,3,17,62,8,24.553,3,4,3,2013,5,11,12,1,0,1,2,5,4,1,2,8,0,1,1,0,0,0
201328425544,5,3,17,62,8,98.212,2,4,5,2013,6,1,12,6,0,1,4,1,2,1,1,8,0,1,1,19,0,0
201328425546,1,3,17,62,8,24.553,2,4,5,2013,6,1,12,2,0,1,4,1,4,3,1,8,0,1,1,0,0,0
201328425567,3,3,2,62,8,24.553,2,5,7,2013,15,7,12,1,0,2,1,1,2,3,2,1,0,2,1,0,0,0
201328425568,4,3,2,62,8,343.742,2,5,7,2013,15,38,12,1,0,1,1,10,0,0,2,1,0,1,1,0,0,0
201328425575,6,3,2,62,8,220.977,1,5,1,2013,5,47,30,0,0,1,6,1,0,0,2,1,0,1,4,0,0,0
201328425582,3,3,3,62,8,24.553,2,5,6,2013,6,4,12,6,0,2,3,1,3,1,2,1,0,2,1,0,0,0
201328425589,4,3,4,62,8,343.742,2,5,5,2013,21,13,12,6,0,4,3,1,1,1,2,8,0,1,1,0,0,0
201328425591,1,3,4,62,8,24.553,1,4,5,2013,22,53,42,0,0,1,2,10,3,1,2,8,0,1,4,0,0,0
201328425600,5,3,6,62,8,80.058495,2,5,3,2013,15,50,12,6,0,2,1,1,2,1,2,1,0,,1,0,0,0
201328425607,3,3,6,62,8,40.029247,3,5,6,2013,19,56,12,6,0,4,5,1,0,0,2,1,0,1,1,0,0,0
201328425609,4,3,8,62,8,354.24088,2,5,1,2013,14,32,12,10,0,4,1,10,0,0,2,1,0,1,1,0,0,0
201328425612,3,3,1,62,8,24.553,1,5,1,2013,10,48,1,0,0,1,1,1,2,1,2,1,0,1,4,0,0,0
201328425614,4,3,1,62,8,343.742,2,5,1,2013,22,0,12,1,0,4,2,1,0,0,2,1,0,1,1,0,0,0
201328425616,1,3,1,62,8,24.553,2,5,3,2013,7,21,12,6,0,1,1,1,3,2,2,1,0,1,1,0,0,0
201328425617,6,3,1,62,8,220.977,2,5,5,2013,15,40,12,1,0,2,1,1,0,0,2,1,0,3,1,0,0,0
201328425638,5,3,2,62,8,98.212,2,5,4,2013,11,58,12,6,0,2,1,2,2,4,2,1,0,2,1,0,0,0
201328425640,4,3,2,62,8,343.742,2,5,4,2013,14,56,12,7,0,1,1,10,0,0,2,1,0,1,1,0,0,0
201328425645,3,3,2,62,8,24.553,2,5,6,2013,18,46,12,1,0,1,1,10,2,1,2,1,0,1,1,0,0,0
201328425661,4,3,2,62,8,343.742,1,5,3,2013,15,20,9,0,0,2,1,1,0,0,2,1,0,2,1,16,0,0
201328425670,3,3,4,62,8,24.553,1,5,7,2013,23,53,10,0,0,6,3,1,4,2,1,8,0,1,1,0,0,0
201328425678,5,3,4,62,8,98.212,1,5,3,2013,6,50,35,0,0,1,1,1,2,1,2,8,0,1,4,0,0,0
201328425680,4,3,6,62,8,360.2632,2,5,3,2013,17,35,12,1,0,2,1,1,1,1,1,1,0,2,1,0,0,0
201328425682,6,3,6,62,8,200.14624,2,5,2,2013,16,58,12,6,0,4,1,10,0,0,2,1,0,1,1,0,0,0
201328425688,6,3,8,62,8,212.54453,2,5,2,2013,14,6,12,1,0,2,1,1,0,0,2,1,0,2,1,0,0,0
201328425701,3,3,1,62,8,24.553,1,5,3,2013,16,30,24,0,0,1,1,1,2,1,2,1,0,1,4,0,0,0
201328425707,6,3,1,62,8,220.977,2,5,2,2013,6,10,12,8,0,4,2,10,0,0,2,1,0,1,1,0,0,0
201328425708,3,3,1,62,8,24.553,1,5,2,2013,16,35,1,0,0,2,1,1,2,1,2,1,0,3,1,0,0,0
201328425717,6,3,2,62,8,220.977,2,5,6,2013,14,14,12,1,0,2,1,10,2,1,2,1,0,2,1,0,0,0
201328425718,3,3,2,62,8,24.553,2,5,6,2013,20,40,12,1,0,2,3,1,2,1,2,1,0,2,1,0,0,0
201328425730,4,3,3,62,8,343.742,2,5,5,2013,17,30,12,1,0,2,1,1,0,0,2,1,0,3,1,0,0,0
201328425735,1,3,3,62,8,24.553,2,5,3,2013,16,46,12,6,0,2,1,1,3,2,2,1,0,2,1,0,0,0
201328425741,5,3,3,62,8,98.212,1,5,5,2013,14,26,43,0,0,2,1,1,1,1,2,1,0,3,4,0,0,0
201328425749,4,3,5,62,8,343.742,1,5,3,2013,17,20,38,0,0,1,1,10,0,0,2,1,0,1,4,0,0,0
201328425754,6,3,5,62,8,220.977,1,5,7,2013,3,0,34,0,0,2,2,1,0,0,1,1,0,3,4,0,0,0
201328425766,5,3,6,62,8,80.058495,2,5,6,2013,11,18,12,1,0,2,1,1,2,1,2,1,0,2,1,0,0,0
201328425767,3,3,6,62,8,40.029247,2,5,4,2013,12,47,12,7,0,1,1,1,2,1,2,1,0,1,1,0,0,0
201328425768,4,3,8,62,8,354.24088,2,5,5,2013,17,11,12,6,0,4,1,1,0,0,2,1,0,1,1,0,0,0
201328425773,3,3,8,62,8,70.848175,1,5,3,2013,18,17,1,0,1,5,1,1,3,1,2,1,0,1,4,0,0,0
201328425776,1,3,1,62,8,24.553,1,5,1,2013,20,0,38,0,0,1,2,1,3,1,1,1,0,1,4,0,0,0
201328425778,4,3,1,62,8,343.742,1,5,7,2013,0,20,38,0,0,1,2,1,0,0,2,1,0,1,4,0,0,0
201328425779,1,3,1,62,8,24.553,1,5,1,2013,0,40,1,0,0,1,2,1,3,1,1,1,0,1,4,0,0,0
201328425783,5,3,1,62,8,98.212,1,5,7,2013,22,0,1,0,0,1,2,10,1,3,1,1,0,1,4,0,0,0
201328425785,3,3,1,62,8,24.553,2,5,7,2013,22,41,12,1,0,1,2,10,3,1,2,1,0,1,1,0,0,0
201328425787,1,3,1,62,8,24.553,1,5,7,2013,1,30,38,0,0,1,2,1,3,1,2,1,0,1,4,0,0,0
201328425788,4,3,2,62,8,343.742,2,5,2,2013,15,55,12,6,0,4,1,10,0,0,2,1,0,1,1,0,0,0
201328425807,4,3,2,62,8,343.742,2,6,1,2013,11,0,12,1,0,2,1,2,0,0,2,1,0,2,1,0,0,0
201328425814,3,3,2,62,8,24.553,2,6,3,2013,14,15,12,1,0,1,1,10,2,2,2,1,0,1,1,0,0,0
201328425820,3,3,2,62,8,24.553,2,6,5,2013,8,55,12,1,0,2,1,1,2,1,2,1,0,2,1,0,0,0
201328425821,6,3,2,62,8,220.977,2,6,5,2013,14,41,12,1,0,2,1,1,0,0,2,1,0,2,1,0,0,0
201328425823,6,3,3,62,8,220.977,2,6,3,2013,15,28,12,2,0,2,1,1,0,0,2,1,0,2,1,0,0,0
201328425833,4,3,3,62,8,343.742,2,6,6,2013,15,0,12,2,0,4,1,1,0,0,2,1,0,1,1,0,0,0
201328425844,4,3,4,62,8,343.742,2,5,1,2013,19,30,14,0,0,1,1,10,0,0,2,8,1,1,2,0,0,0
201328425847,1,3,4,62,8,24.553,3,5,1,2013,17,21,12,1,0,2,1,1,4,10,1,8,0,3,1,0,0,0
201328425850,5,3,4,62,8,98.212,2,5,3,2013,7,20,12,6,0,2,1,10,3,2,2,8,0,2,1,0,0,0
201328425852,3,3,4,62,8,24.553,1,5,4,2013,18,51,1,0,0,2,1,1,2,1,1,8,0,3,1,0,0,0
201328425858,4,3,6,62,8,360.2632,3,6,3,2013,17,51,12,1,0,2,1,1,1,2,2,1,0,2,1,0,0,0
201328425864,3,3,8,62,8,70.848175,2,5,4,2013,17,46,12,1,0,2,1,1,2,2,2,1,0,2,1,0,0,0
201328425865,6,3,8,62,8,212.54453,3,5,5,2013,17,28,12,1,0,4,1,10,1,1,2,1,0,1,1,0,0,0
201328425866,3,3,8,62,8,70.848175,1,5,1,2013,23,30,33,0,1,5,2,10,3,1,2,1,0,1,4,0,0,0
201328425886,1,3,1,62,8,24.553,2,5,6,2013,7,40,12,6,0,2,1,1,3,2,2,1,0,3,1,0,0,0
201328425889,3,3,2,62,8,24.553,1,6,5,2013,19,55,9,0,0,2,1,2,2,1,2,1,0,,1,0,0,0
201328425891,5,3,2,62,8,98.212,2,6,5,2013,19,14,12,6,0,2,1,10,2,1,2,1,0,3,1,0,0,0
201328425895,4,3,2,62,8,343.742,2,6,6,2013,15,15,12,1,0,2,1,10,0,0,2,1,0,2,1,0,0,0
201328425909,3,3,3,62,8,24.553,1,6,3,2013,20,35,25,0,0,1,2,1,2,1,2,1,0,1,4,0,0,0
201328425914,3,3,3,62,8,24.553,2,6,7,2013,13,18,12,6,0,1,1,1,3,1,2,1,0,1,1,0,0,0