CASENUM,STRATUM,REGION,PJ,PSU,PSUSTRAT,WEIGHT,VE_TOTAL,MONTH,WKDY_IM,YEAR,HOUR_IM,MINUTE_IM,EVENT1_IM,MANCOL_IM,RELJCT1_IM,RELJCT2_IM,LGTCON_IM,WEATHR_IM,MAXSEV_IM,NO_INJ_IM,ALCHL_IM,LAND_USE,PVH_INVL,TYP_INT,REL_ROAD,CF1,CF2,CF3
201328537564,6,3,2,64,7,207.6888,2,6,3,2013,17,20,12,1,0,1,1,10,0,0,2,8,0,1,1,28,0,0
201328537595,3,3,2,64,7,18.8808,2,6,2,2013,17,25,12,1,0,1,1,10,2,1,2,8,0,1,1,0,0,0
201328537641,4,3,2,64,7,349.2948,1,6,2,2013,15,25,59,0,1,5,1,10,0,0,2,8,0,1,4,0,0,0
201328537656,3,3,2,64,7,18.8808,2,6,7,2013,14,15,12,6,0,1,1,10,2,2,2,8,0,1,1,0,0,0
201328537666,2,3,2,64,7,61.3626,3,6,4,2013,15,46,12,1,0,1,1,1,3,1,2,8,0,1,1,0,0,0
201328537704,6,3,2,64,7,207.6888,2,6,3,2013,7,43,12,1,0,1,1,1,0,0,2,8,0,1,1,0,0,0
201328537714,1,3,2,64,7,4.7202,2,6,6,2013,16,6,12,1,0,1,1,10,3,1,2,8,0,1,1,0,0,0
201328537753,1,3,1,64,7,9.4404,2,6,7,2013,18,17,12,6,0,2,1,1,3,1,2,3,0,3,1,0,0,0
201328537755,3,3,1,64,7,18.8808,1,6,2,2013,16,0,8,0,0,2,1,1,4,1,2,3,0,2,1,0,0,0
201328537766,4,3,1,64,7,349.2948,2,6,6,2013,16,11,12,1,0,2,1,1,1,2,2,3,0,3,1,0,0,0
201328537773,3,3,1,64,7,18.8808,1,6,6,2013,17,21,8,0,0,4,1,1,2,1,2,3,0,1,1,0,0,0
201328537793,6,3,1,64,7,207.6888,1,6,7,2013,15,30,42,0,0,1,1,2,2,1,2,3,0,1,4,0,0,0
201328537797,5,3,1,64,7,94.404,1,6,7,2013,2,0,33,0,0,1,3,1,2,1,2,3,0,1,4,0,0,0
201328537828,3,3,1,64,7,18.8808,2,6,3,2013,17,0,12,7,0,1,1,1,2,1,2,3,0,1,1,0,0,0
201328537830,4,3,1,64,7,349.2948,1,6,3,2013,14,30,18,0,0,1,1,1,0,0,2,3,0,1,1,0,0,0
201328537855,6,3,1,64,7,207.6888,2,6,4,2013,13,20,12,6,1,2,1,10,0,0,2,3,0,2,1,0,0,0
201328537897,4,3,1,64,7,349.2948,2,6,6,2013,16,13,12,6,0,2,1,1,0,0,2,3,0,2,1,0,0,0
201328537924,6,3,1,64,7,207.6888,2,6,1,2013,17,26,12,6,0,4,1,1,0,0,2,3,0,1,1,0,0,0
201328537933,5,3,1,64,7,94.404,2,6,2,2013,13,22,12,6,0,4,1,1,1,2,2,3,0,1,1,0,0,0
201328537960,1,3,1,64,7,9.4404,2,6,4,2013,12,32,12,6,0,2,1,1,3,1,2,3,0,2,1,0,0,0
201328537964,4,3,1,64,7,349.2948,2,6,4,2013,16,10,12,7,0,1,1,1,0,0,2,3,0,1,1,0,0,0
201328537997,3,3,1,64,7,18.8808,1,6,6,2013,22,6,15,0,0,2,3,10,3,1,1,3,0,3,1,0,0,0
201328537999,6,3,1,64,7,207.6888,2,6,7,2013,0,4,12,6,0,2,3,1,1,1,2,3,0,2,1,0,0,0
201328538026,5,3,1,64,7,94.404,2,7,2,2013,15,1,12,6,0,2,1,1,1,2,2,3,0,2,1,0,0,0
201328538029,1,3,1,64,7,9.4404,2,7,2,2013,17,20,12,1,0,2,1,1,3,2,2,3,0,2,1,0,0,0
201328538059,4,3,1,64,7,349.2948,2,7,5,2013,15,1,12,7,0,2,1,10,0,0,2,3,0,2,1,0,0,0
201328538096,1,3,2,64,7,4.7202,1,6,7,2013,3,18,25,0,0,1,3,1,3,1,1,8,0,1,3,0,0,0
201328538138,3,3,2,64,7,18.8808,1,7,7,2013,15,38,44,0,0,1,1,1,2,1,2,8,0,1,1,0,0,0
201328538148,4,3,2,64,7,349.2948,2,7,4,2013,15,23,12,6,0,1,1,1,0,0,2,8,0,1,1,0,0,0
201328538171,5,3,2,64,7,89.6838,2,6,2,2013,17,53,12,1,0,1,1,1,1,2,2,8,0,1,1,0,0,0
201328538176,1,3,2,64,7,4.7202,4,6,6,2013,8,29,12,7,0,1,1,1,4,3,2,8,0,1,1,0,0,0
201328538189,1,3,2,64,7,4.7202,1,7,5,2013,0,9,25,0,0,1,3,1,3,1,2,8,0,1,3,0,0,0
201328538224,3,3,1,64,7,18.8808,1,5,7,2013,23,25,9,0,0,1,2,1,4,1,1,3,0,1,1,0,0,0
201328538277,1,3,1,64,7,9.4404,2,6,6,2013,17,17,12,6,0,2,1,1,3,4,2,3,0,3,1,0,0,0
201328538280,6,3,1,64,7,207.6888,2,6,6,2013,9,55,12,6,0,2,1,1,1,1,2,3,0,2,1,0,0,0
201328538313,2,3,1,64,7,56.6424,2,7,5,2013,6,55,12,2,0,1,1,1,3,2,2,3,0,1,1,0,0,0
201328538316,4,3,1,64,7,349.2948,2,7,5,2013,17,17,12,6,0,2,1,1,0,0,2,3,0,3,1,0,0,0
201328538335,6,3,1,64,7,207.6888,2,7,7,2013,4,20,12,6,0,4,2,1,2,3,2,3,0,1,1,0,0,0
201328538378,1,3,1,64,7,9.4404,2,7,3,2013,7,45,12,6,0,1,1,1,3,3,2,3,0,1,1,0,0,0
201328538386,6,3,1,64,7,207.6888,1,7,3,2013,20,15,33,0,0,1,1,10,0,0,2,3,0,1,4,0,0,0
201328538388,4,3,1,64,7,349.2948,2,7,3,2013,7,57,12,11,0,2,1,1,0,0,2,3,0,2,1,0,0,0
201328538403,5,3,1,64,7,94.404,3,7,5,2013,17,35,12,1,0,1,1,1,1,2,2,3,0,1,1,0,0,0
201328538420,1,3,1,64,7,9.4404,3,6,3,2013,15,20,12,6,0,2,1,1,3,3,2,3,0,2,1,0,0,0
201328538440,1,3,2,64,7,4.7202,3,7,6,2013,17,31,12,1,0,1,1,1,4,1,2,8,0,1,1,0,0,0
201328538445,6,3,2,64,7,207.6888,1,7,1,2013,6,57,57,0,0,1,1,2,0,0,2,8,0,1,3,0,0,0
201328538454,2,3,2,64,7,61.3626,2,7,3,2013,15,43,12,1,1,18,1,10,1,1,2,8,0,1,1,0,0,0
201328538491,1,3,2,64,7,4.7202,1,7,3,2013,6,43,39,0,0,1,4,2,3,1,2,8,0,1,4,0,0,0
201328538549,1,3,1,64,7,9.4404,2,7,2,2013,13,41,12,2,0,2,1,10,3,2,2,3,0,2,1,0,0,0
201328538583,3,3,1,64,7,18.8808,2,7,5,2013,19,40,14,0,0,2,3,1,2,1,2,3,1,10,7,0,0,0
201328538594,1,3,1,64,7,9.4404,2,7,5,2013,8,10,12,6,0,4,1,10,3,1,2,3,0,1,1,0,0,0
201328538595,1,3,1,64,7,9.4404,1,7,5,2013,0,19,30,0,0,1,3,10,4,2,1,3,0,1,4,0,0,0
201328538600,6,3,1,64,7,207.6888,2,7,6,2013,9,20,12,6,0,2,1,1,0,0,2,3,0,2,1,0,0,0
201328538606,4,3,1,64,7,349.2948,2,7,6,2013,16,40,12,1,0,1,1,1,1,1,2,3,0,1,1,0,0,0
201328538629,3,3,1,64,7,18.8808,2,7,1,2013,13,56,12,7,0,4,1,2,2,1,2,3,0,1,1,0,0,0
201328538657,6,3,1,64,7,207.6888,3,7,2,2013,12,40,12,1,0,1,1,2,0,0,2,3,0,1,1,0,0,0
201328538681,4,3,1,64,7,349.2948,2,7,3,2013,15,45,12,6,0,2,1,1,0,0,2,3,0,2,1,0,0,0
201328538705,1,3,1,64,7,9.4404,3,7,5,2013,11,28,12,6,0,1,1,1,3,1,2,3,0,1,1,0,0,0
201328538722,6,3,1,64,7,207.6888,2,7,5,2013,18,15,12,1,0,1,1,1,0,0,2,3,0,1,1,0,0,0
201328538742,4,3,1,64,7,349.2948,2,7,7,2013,11,50,12,6,0,2,1,1,0,0,2,3,0,2,1,0,0,0
201328538751,3,3,1,64,7,18.8808,2,7,7,2013,12,0,12,1,0,1,1,1,2,1,2,3,0,1,1,0,0,0
201328538777,5,3,1,64,7,94.404,2,7,3,2013,9,45,12,6,0,2,1,1,1,4,2,3,0,2,1,0,0,0
201328538780,6,3,1,64,7,207.6888,2,7,3,2013,17,32,12,1,0,1,1,1,1,1,2,3,0,1,1,0,0,0
201328538787,1,3,1,64,7,9.4404,1,7,3,2013,22,48,32,0,0,2,2,1,3,1,2,3,0,3,4,0,0,0
201328538800,1,3,1,64,7,9.4404,2,7,5,2013,22,20,12,6,0,1,2,10,3,2,1,3,0,1,1,0,0,0
201328538822,3,3,2,64,7,18.8808,2,7,6,2013,17,6,12,1,0,1,1,1,2,1,2,8,0,1,1,0,0,0
201328538834,6,3,2,64,7,207.6888,2,7,4,2013,15,59,12,1,0,1,1,1,1,1,2,8,0,1,1,0,0,0
201328538839,2,3,2,64,7,61.3626,2,8,5,2013,11,42,12,6,0,1,1,1,3,1,2,8,0,1,1,0,0,0
201328538863,4,3,2,64,7,349.2948,2,7,4,2013,18,32,12,1,0,1,1,10,0,0,2,8,0,1,1,0,0,0
201328538912,5,3,2,64,7,89.6838,3,7,6,2013,15,3,12,7,0,1,1,1,2,2,2,8,0,1,1,0,0,0
201328538918,3,3,2,64,7,18.8808,2,7,1,2013,19,40,12,1,1,5,1,1,3,1,1,8,0,1,1,0,0,0
201328538944,6,3,2,64,7,207.6888,3,6,5,2013,7,28,12,1,0,1,1,10,1,1,2,8,0,1,1,0,0,0
201328538946,1,3,2,64,7,4.7202,3,6,6,2013,18,29,12,1,0,1,1,1,3,7,2,8,0,1,1,0,0,0
201328539038,4,3,1,64,7,349.2948,2,6,7,2013,14,27,12,1,0,4,1,1,0,0,2,3,0,1,1,0,0,0
201328539050,1,3,1,64,7,9.4404,2,7,1,2013,7,20,12,1,0,2,1,1,4,3,2,3,0,2,1,0,0,0
201328539067,1,3,1,64,7,9.4404,1,7,5,2013,0,35,23,0,0,1,3,1,3,2,2,3,0,1,4,0,0,0
201328539092,6,3,1,64,7,207.6888,3,7,6,2013,16,20,12,6,0,4,1,10,0,0,2,3,0,1,1,0,0,0
201328539120,4,3,1,64,7,349.2948,2,7,7,2013,14,26,12,7,0,1,1,10,0,0,2,3,0,1,1,0,0,0
201328539122,1,3,1,64,7,9.4404,1,7,7,2013,3,10,33,0,0,2,2,10,3,1,2,3,0,2,4,0,0,0
201328539150,5,3,1,64,7,94.404,2,7,2,2013,2,53,12,6,1,2,3,1,2,4,2,3,0,2,1,0,0,0
201328539156,3,3,1,64,7,18.8808,1,7,2,2013,19,15,33,0,0,2,1,1,2,1,2,3,0,3,4,0,0,0
201328539171,2,3,1,64,7,56.6424,2,7,3,2013,9,27,12,6,0,2,1,1,1,1,2,3,0,2,1,0,0,0
201328539177,6,3,1,64,7,207.6888,3,7,3,2013,13,45,12,6,0,2,1,1,2,3,2,3,0,3,1,0,0,0
201328539185,4,3,1,64,7,349.2948,2,7,3,2013,15,19,12,1,0,4,1,10,1,3,2,3,0,1,1,0,0,0
201328539200,1,3,1,64,7,9.4404,2,7,4,2013,20,35,12,8,0,4,3,10,3,1,2,3,0,1,1,0,0,0
201328539216,3,3,1,64,7,18.8808,1,8,5,2013,23,28,9,0,0,1,3,1,2,2,2,3,0,1,1,0,0,0
201328539251,4,3,1,64,7,349.2948,2,8,6,2013,18,12,12,8,0,2,1,1,0,0,2,3,0,3,1,0,0,0
201328539259,3,3,1,64,7,18.8808,2,8,6,2013,17,50,12,6,0,4,1,1,2,1,2,3,0,1,1,0,0,0
201328539273,1,3,1,64,7,9.4404,1,8,7,2013,12,3,33,0,0,1,1,1,3,1,2,3,0,1,8,0,0,0
201328539276,6,3,1,64,7,207.6888,2,8,7,2013,18,5,12,6,0,4,1,1,0,0,2,3,0,1,1,0,0,0
201328539287,5,3,1,64,7,94.404,2,8,7,2013,11,37,12,6,1,2,1,1,1,1,2,3,0,2,1,0,0,0
201328539294,3,3,1,64,7,18.8808,2,8,1,2013,14,18,12,8,0,2,1,1,3,2,2,3,0,2,1,0,0,0
201328539326,4,3,1,64,7,349.2948,2,8,3,2013,12,29,12,7,0,2,1,1,1,1,2,3,0,7,1,0,0,0
201328539347,3,3,1,64,7,18.8808,2,8,4,2013,14,5,12,6,0,2,1,1,2,1,2,3,0,2,1,0,0,0
201328539357,6,3,1,64,7,207.6888,2,8,4,2013,17,20,12,7,0,1,1,1,0,0,2,3,0,1,1,0,0,0
201328539391,4,3,1,64,7,349.2948,2,8,6,2013,6,45,12,1,0,2,4,1,0,0,2,3,0,2,1,0,0,0
201328539394,3,3,1,64,7,18.8808,1,8,6,2013,15,15,8,0,0,2,1,1,2,2,2,3,0,2,1,0,0,0
201328539416,6,3,1,64,7,207.6888,2,8,7,2013,20,28,12,1,0,2,2,1,0,0,2,3,0,3,1,0,0,0
201328539418,5,3,1,64,7,94.404,2,8,7,2013,23,25,12,6,0,2,3,1,2,3,2,3,0,2,1,0,0,0
201328539445,1,3,1,64,7,9.4404,3,8,2,2013,12,48,12,1,0,2,1,10,3,1,2,3,0,,1,0,0,0
201328539459,4,3,1,64,7,349.2948,2,8,2,2013,22,56,12,1,0,2,3,1,0,0,2,3,0,2,1,0,0,0
201328539473,1,3,1,64,7,9.4404,3,8,3,2013,15,46,12,2,0,2,1,10,3,3,2,3,0,2,1,0,0,0
201328539503,6,3,1,64,7,207.6888,2,8,5,2013,13,56,12,6,0,2,1,10,0,0,2,3,0,2,1,0,0,0
201328539511,4,3,1,64,7,349.2948,3,8,5,2013,7,30,12,1,0,2,1,1,1,2,2,3,0,,1,0,0,0
201328539532,4,3,2,64,7,349.2948,2,8,6,2013,15,49,12,1,0,1,1,1,0,0,2,8,0,1,1,0,0,0
201328539543,1,3,2,64,7,4.7202,3,8,1,2013,19,40,12,7,0,1,5,1,3,2,2,8,1,1,1,0,0,0
201328539570,2,3,2,64,7,61.3626,1,8,3,2013,7,19,25,0,0,1,1,2,0,0,2,8,0,1,3,0,0,0
201328539579,6,3,2,64,7,207.6888,2,8,6,2013,15,57,12,1,0,1,1,1,0,0,2,8,0,1,1,0,0,0
201328539586,5,3,2,64,7,89.6838,2,8,1,2013,11,8,12,1,0,1,1,10,1,4,2,8,0,1,1,0,0,0
201328539603,1,3,2,64,7,4.7202,2,8,5,2013,5,50,12,7,0,1,4,10,3,2,2,8,0,1,1,0,0,0
201328539620,1,3,2,64,7,4.7202,1,8,1,2013,23,36,20,0,0,1,3,1,3,3,2,8,0,1,4,0,0,0
201328539664,3,3,2,64,7,18.8808,1,6,6,2013,21,25,8,0,0,1,3,1,3,1,2,8,0,1,1,0,0,0
201328539667,4,3,2,64,7,349.2948,2,7,4,2013,13,38,12,1,1,5,1,10,1,1,2,8,0,1,1,0,0,0
201328539766,6,3,2,64,7,207.6888,2,8,2,2013,16,20,12,1,0,1,1,10,0,0,2,8,0,1,1,27,0,0
201328539813,3,3,2,64,7,18.8808,1,5,7,2013,11,50,1,0,0,1,1,10,2,1,2,8,0,1,1,0,0,0
201328539856,3,3,1,64,7,18.8808,2,8,6,2013,10,35,12,1,0,2,1,10,2,1,2,3,0,3,1,0,0,0
201328539868,3,3,1,64,7,18.8808,1,8,6,2013,23,51,1,0,0,1,2,10,4,2,2,3,0,1,4,0,0,0
201328539897,4,3,1,64,7,349.2948,2,8,2,2013,12,41,12,1,0,2,1,1,0,0,2,3,0,2,1,0,0,0
201328539902,6,3,1,64,7,207.6888,2,8,2,2013,17,29,12,6,0,4,1,10,0,0,2,3,0,1,1,0,0,0
201328539924,5,3,1,64,7,94.404,1,8,3,2013,2,30,34,0,0,2,3,1,1,1,2,3,0,3,4,20,0,0
201328539939,3,3,1,64,7,18.8808,1,8,4,2013,15,35,8,0,0,2,1,1,2,1,2,3,0,2,1,0,0,0
201328539945,3,3,1,64,7,18.8808,1,8,4,2013,14,54,8,0,0,1,1,1,2,1,2,3,0,1,1,0,0,0
201328539966,6,3,1,64,7,207.6888,2,8,5,2013,13,0,33,0,0,1,1,10,0,0,2,3,0,1,4,0,0,0
201328539968,4,3,1,64,7,349.2948,2,8,5,2013,8,20,12,7,0,1,1,1,0,0,2,3,0,1,1,0,0,0
201328540003,4,3,2,64,7,349.2948,2,8,3,2013,15,40,12,7,0,1,1,10,0,0,2,8,0,1,1,0,0,0
201328540018,2,3,2,64,7,61.3626,5,8,2,2013,4,32,14,0,0,1,2,1,0,0,2,8,1,1,2,0,0,0
201328540035,3,3,2,64,7,18.8808,2,5,4,2013,16,59,12,1,1,2,1,10,3,2,2,8,0,3,1,0,0,0
201328540040,5,3,2,64,7,89.6838,1,8,2,2013,8,46,24,0,0,1,1,10,1,1,1,8,0,1,3,0,0,0
201328540055,3,3,1,64,7,18.8808,1,8,5,2013,20,42,9,0,0,2,3,10,3,1,2,3,0,,1,0,0,0
201328540098,1,3,1,64,7,9.4404,1,8,1,2013,12,25,33,0,0,1,1,1,3,1,2,3,0,1,4,0,0,0
201328540101,6,3,1,64,7,207.6888,2,8,1,2013,14,25,12,6,0,2,1,1,1,1,2,3,0,2,1,0,0,0
201328540109,5,3,1,64,7,94.404,2,8,2,2013,7,25,12,6,0,2,1,1,1,1,2,3,0,2,1,0,0,0
201328540113,4,3,1,64,7,349.2948,2,8,2,2013,11,10,12,1,0,1,1,1,0,0,2,3,0,1,1,19,0,0
201328540191,3,3,1,64,7,18.8808,3,8,7,2013,21,33,12,1,0,2,3,1,2,2,1,3,0,2,1,0,0,0
201328540195,6,3,1,64,7,207.6888,2,8,4,2013,11,37,12,6,0,2,1,1,1,2,2,3,0,2,1,0,0,0
201328540199,4,3,1,64,7,349.2948,2,8,5,2013,11,26,12,7,0,2,1,1,0,0,2,3,0,2,1,0,0,0
201328540228,1,3,1,64,7,9.4404,2,8,6,2013,19,3,12,6,0,2,5,1,3,5,2,3,0,2,1,0,0,0
201328540229,1,3,1,64,7,9.4404,1,8,7,2013,4,30,11,0,0,1,2,1,3,1,2,3,0,1,1,0,0,0
201328540230,5,3,1,64,7,94.404,3,8,7,2013,12,0,12,6,0,2,1,1,1,2,2,3,0,2,1,0,0,0
201328540270,6,3,1,64,7,207.6888,1,9,2,2013,21,0,25,0,0,1,2,1,0,0,2,3,0,1,3,0,0,0
201328540302,5,3,1,64,7,94.404,2,9,4,2013,9,20,12,1,0,1,1,1,2,1,2,3,0,1,1,0,0,0
201328540304,3,3,1,64,7,18.8808,2,9,4,2013,10,24,12,1,0,2,1,1,2,2,2,3,0,2,1,0,0,0
201328540314,1,3,1,64,7,9.4404,2,9,4,2013,14,5,12,6,0,2,1,1,3,1,2,3,0,2,1,0,0,0
201328540328,4,3,1,64,7,349.2948,2,9,5,2013,10,15,12,6,0,2,1,1,0,0,2,3,0,2,1,0,0,0
201328540330,1,3,1,64,7,9.4404,3,9,5,2013,14,48,12,6,0,2,1,1,3,2,2,3,0,2,1,0,0,0
201328540343,1,3,2,64,7,4.7202,4,8,6,2013,14,29,12,1,0,1,1,1,3,2,2,8,0,1,1,0,0,0
201328540345,6,3,2,64,7,207.6888,2,8,6,2013,7,18,12,1,0,1,1,1,0,0,2,8,0,1,1,0,0,0
201328540398,3,3,2,64,7,18.8808,2,9,5,2013,7,25,12,7,0,1,1,1,2,1,2,8,0,1,1,0,0,0
201328540459,6,3,1,64,7,207.6888,4,9,7,2013,13,55,12,1,0,1,1,1,2,4,2,3,0,1,1,0,0,0
201328540468,1,3,1,64,7,9.4404,2,9,7,2013,14,48,12,6,0,2,1,1,3,2,2,3,0,3,1,0,0,0
201328540473,1,3,1,64,7,9.4404,2,9,1,2013,10,20,12,6,0,2,1,1,3,1,2,3,0,3,1,0,0,0
201328540475,3,3,1,64,7,18.8808,2,9,1,2013,18,30,12,7,0,1,1,1,2,2,2,3,0,1,1,0,0,0
201328540490,5,3,1,64,7,94.404,2,9,2,2013,16,0,12,6,0,2,1,1,2,1,2,3,0,2,1,0,0,0
201328540508,1,3,2,64,7,4.7202,1,9,7,2013,11,19,59,0,0,1,1,1,4,2,2,8,0,1,4,0,0,0
201328540523,1,3,2,64,7,4.7202,2,9,6,2013,16,5,12,1,0,1,1,1,3,2,2,8,0,1,1,0,0,0
201328540528,4,3,2,64,7,349.2948,2,9,4,2013,13,15,12,6,1,18,1,10,0,0,2,8,0,1,1,0,0,0
201328540543,3,3,2,64,7,18.8808,2,9,5,2013,7,34,12,1,0,1,1,1,2,1,2,8,0,1,1,0,0,0
201328540557,6,3,2,64,7,207.6888,1,9,7,2013,14,51,57,0,0,1,1,10,0,0,2,8,0,1,3,0,0,0
201328540571,1,3,2,64,7,4.7202,2,9,3,2013,11,46,12,1,0,1,1,10,3,2,2,8,0,1,1,0,0,0
201328540593,2,3,2,64,7,61.3626,4,9,5,2013,7,49,25,0,0,1,1,10,1,2,2,8,0,1,3,14,0,0
201328540601,1,3,1,64,7,9.4404,2,2,2,2013,7,27,12,2,0,1,1,1,4,3,2,3,0,1,1,0,0,0
201328540602,1,3,1,64,7,9.4404,2,2,6,2013,3,42,12,2,1,18,2,10,4,3,1,3,0,1,1,0,0,0
201328540607,4,3,1,64,7,349.2948,2,7,5,2013,16,53,12,7,0,1,1,1,0,0,2,3,0,1,1,0,0,0
201328540614,3,3,1,64,7,18.8808,1,8,3,2013,19,44,34,0,0,1,5,1,4,1,2,3,0,1,4,0,0,0
201328540620,3,3,1,64,7,18.8808,2,9,2,2013,20,45,9,0,0,1,2,1,3,1,2,3,0,1,1,14,0,0
201328540637,2,3,1,64,7,56.6424,4,9,3,2013,18,15,12,6,0,2,1,1,2,1,2,3,0,3,1,0,0,0
201328540638,6,3,1,64,7,207.6888,2,9,3,2013,11,5,12,6,0,1,1,10,0,0,2,3,0,1,1,0,0,0
201328540650,3,3,1,64,7,18.8808,2,9,4,2013,16,55,12,1,0,2,1,1,2,1,2,3,0,3,1,0,0,0
201328540679,4,3,1,64,7,349.2948,2,9,6,2013,12,50,12,6,0,4,1,2,0,0,2,3,0,1,1,0,0,0
201328540704,6,3,1,64,7,207.6888,1,9,1,2013,0,40,33,0,0,2,3,1,2,1,2,3,0,2,4,0,0,0
201328540711,5,3,1,64,7,94.404,2,9,2,2013,12,1,12,6,0,2,1,10,2,3,2,3,0,3,1,0,0,0
201328540756,3,3,2,64,7,18.8808,3,9,4,2013,17,55,12,1,0,1,1,10,2,2,2,8,0,1,1,0,0,0
201328540758,1,3,2,64,7,4.7202,1,9,5,2013,2,5,20,0,0,1,2,1,3,1,1,8,0,1,3,0,0,0
201328540826,5,3,2,64,7,89.6838,2,9,3,2013,8,24,12,1,0,1,1,1,2,1,2,8,0,1,1,0,0,0
201328540840,4,3,2,64,7,349.2948,2,9,4,2013,17,3,12,7,0,1,1,1,0,0,2,8,0,1,1,0,0,0
201328540846,1,3,2,64,7,4.7202,1,9,6,2013,16,41,30,0,0,1,1,1,4,2,2,8,0,1,4,0,0,0
201328540854,3,3,2,64,7,18.8808,1,9,6,2013,21,38,73,0,1,5,2,1,3,1,2,8,0,1,8,0,0,0
201328540861,6,3,2,64,7,207.6888,1,9,1,2013,11,59,23,0,0,1,1,1,0,0,2,8,0,1,3,0,0,0
201328540908,1,3,1,64,7,9.4404,2,9,5,2013,13,5,12,6,0,2,1,1,3,2,2,3,0,2,1,0,0,0
201328540923,1,3,1,64,7,9.4404,1,9,1,2013,22,45,39,0,0,2,3,1,3,1,2,3,0,3,4,20,0,0
201328540926,4,3,1,64,7,349.2948,2,9,2,2013,18,15,12,1,0,1,1,2,0,0,2,3,0,1,1,0,0,0
201328540957,6,3,1,64,7,207.6888,2,9,4,2013,12,20,12,6,0,4,1,1,0,0,2,3,0,1,1,0,0,0
201328540975,3,3,1,64,7,18.8808,2,9,5,2013,15,0,14,0,0,1,1,2,2,1,2,3,1,1,7,0,0,0
201328540987,4,3,1,64,7,349.2948,2,9,6,2013,17,30,12,7,0,2,1,10,1,1,2,3,0,2,1,0,0,0
201328541022,3,3,1,64,7,18.8808,1,9,2,2013,6,45,8,0,0,1,1,1,2,2,2,3,0,1,2,0,0,0
201328541041,6,3,1,64,7,207.6888,2,7,2,2013,18,35,12,6,0,2,1,2,0,0,2,3,0,2,1,0,0,0
201328541054,5,3,1,64,7,94.404,2,9,6,2013,19,51,12,6,0,2,3,1,1,2,1,3,0,2,1,0,0,0
201328541061,3,3,1,64,7,18.8808,1,9,5,2013,23,20,9,0,0,2,2,2,2,1,2,3,0,3,1,0,0,0
201328541065,4,3,1,64,7,349.2948,2,9,5,2013,16,4,12,1,0,2,1,2,0,0,2,3,0,3,1,0,0,0
201328541094,1,3,1,64,7,9.4404,1,9,4,2013,19,10,1,0,0,1,1,1,3,1,2,3,0,1,4,0,0,0
201328541127,6,3,1,64,7,207.6888,2,9,6,2013,17,29,12,6,0,2,1,1,0,0,1,3,0,3,1,20,0,0
201328541134,4,3,1,64,7,349.2948,3,9,6,2013,17,9,12,1,0,1,1,1,0,0,2,3,0,1,1,0,0,0
201328541141,3,3,1,64,7,18.8808,2,9,6,2013,11,40,12,6,0,4,1,1,2,1,2,3,0,1,1,0,0,0
201328541169,5,3,1,64,7,94.404,2,9,1,2013,19,40,12,1,0,4,2,1,3,1,2,3,0,1,1,0,0,0
201328541211,4,3,1,64,7,349.2948,2,10,3,2013,15,30,12,1,0,2,1,1,1,1,2,3,0,3,1,0,0,0
201328541225,3,3,1,64,7,18.8808,2,10,4,2013,19,56,12,6,0,4,3,1,2,1,2,3,0,1,1,0,0,0
201328541240,6,3,1,64,7,207.6888,2,10,5,2013,11,25,12,6,0,2,1,1,0,0,2,3,0,2,1,0,0,0
201328541255,3,3,1,64,7,18.8808,1,10,5,2013,14,0,8,0,1,2,1,10,3,2,2,3,0,2,1,0,0,0
201328541264,1,3,1,64,7,9.4404,2,10,6,2013,15,33,12,6,0,2,1,10,3,2,2,3,0,2,1,0,0,0
201328541270,4,3,1,64,7,349.2948,2,10,7,2013,8,49,12,6,0,4,1,10,0,0,2,3,0,1,1,0,0,0
201328541332,1,3,2,64,7,4.7202,1,9,3,2013,21,37,1,0,0,1,3,1,4,1,2,8,0,1,4,0,0,0
201328541351,3,3,2,64,7,18.8808,2,9,6,2013,22,16,12,6,1,5,3,1,3,1,2,8,0,1,1,0,0,0
201328541354,2,3,2,64,7,61.3626,2,9,7,2013,10,3,12,6,0,1,1,2,1,2,2,8,0,1,1,0,0,0
201328541416,4,3,2,64,7,349.2948,2,10,4,2013,16,30,12,1,0,1,1,1,0,0,2,8,0,1,1,0,0,0
201328541422,6,3,2,64,7,207.6888,2,10,5,2013,14,59,39,0,0,1,1,1,1,1,2,8,1,1,4,0,0,0
201328541482,2,3,2,64,7,61.3626,2,10,6,2013,15,46,12,1,0,1,1,1,1,1,2,8,0,1,1,0,0,0
201328541516,3,3,2,64,7,18.8808,2,10,3,2013,16,51,12,7,0,1,1,1,2,1,2,8,0,1,1,0,0,0
201328541522,1,3,2,64,7,4.7202,3,10,1,2013,0,31,12,1,0,1,3,10,4,3,2,8,0,1,1,0,0,0
201328541529,5,3,2,64,7,89.6838,1,10,6,2013,1,44,25,0,0,1,3,1,2,1,2,8,0,1,3,0,0,0
201328541566,5,3,1,64,7,94.404,2,6,7,2013,8,49,12,6,0,1,1,1,4,4,2,3,0,1,1,0,0,0
201328541592,3,3,1,64,7,18.8808,2,9,3,2013,9,30,12,6,0,2,1,1,2,1,2,3,0,2,1,0,0,0
201328541607,4,3,1,64,7,349.2948,2,9,2,2013,16,45,12,1,0,2,1,10,0,0,2,3,0,2,1,0,0,0
201328541608,6,3,1,64,7,207.6888,2,9,2,2013,17,8,12,6,0,2,1,1,0,0,2,3,0,3,1,0,0,0
201328541616,3,3,1,64,7,18.8808,1,10,5,2013,6,13,8,0,0,1,3,10,4,1,2,3,0,1,1,0,0,0