CASENUM,STRATUM,REGION,PJ,PSU,PSUSTRAT,WEIGHT,VE_TOTAL,MONTH,WKDY_IM,YEAR,HOUR_IM,MINUTE_IM,EVENT1_IM,MANCOL_IM,RELJCT1_IM,RELJCT2_IM,LGTCON_IM,WEATHR_IM,MAXSEV_IM,NO_INJ_IM,ALCHL_IM,LAND_USE,PVH_INVL,TYP_INT,REL_ROAD,CF1,CF2,CF3
201328541637,3,3,1,64,7,18.8808,2,10,7,2013,16,15,12,6,0,2,1,10,2,1,2,3,0,2,1,0,0,0
201328541648,1,3,1,64,7,9.4404,2,10,2,2013,8,45,12,6,0,2,1,1,3,1,2,3,0,2,1,0,0,0
201328541671,6,3,1,64,7,207.6888,1,10,3,2013,15,10,30,0,0,1,1,1,0,0,2,3,0,1,4,0,0,0
201328541687,4,3,1,64,7,349.2948,2,10,4,2013,17,27,12,6,0,2,1,1,0,0,2,3,0,2,1,0,0,0
201328541704,3,3,1,64,7,18.8808,2,10,5,2013,7,4,12,6,0,2,1,1,3,2,2,3,0,2,1,0,0,0
201328541725,5,3,1,64,7,94.404,2,10,6,2013,11,0,12,6,0,2,1,10,2,2,2,3,0,2,1,0,0,0
201328541739,3,3,1,64,7,18.8808,1,10,1,2013,17,40,34,0,0,2,1,10,2,1,1,3,0,2,4,0,0,0
201328541743,6,3,1,64,7,207.6888,2,10,1,2013,18,15,12,6,0,2,1,10,0,0,2,3,0,3,1,0,0,0
201328541745,4,3,1,64,7,349.2948,2,10,1,2013,12,30,12,1,0,2,1,1,1,1,2,3,0,2,1,0,0,0
201328541810,1,3,2,64,7,4.7202,2,10,6,2013,23,58,12,1,0,1,3,1,3,1,1,8,0,1,1,0,0,0
201328541825,4,3,2,64,7,349.2948,2,10,2,2013,6,41,12,1,1,5,3,10,0,0,2,8,0,1,1,0,0,0
201328541826,6,3,2,64,7,207.6888,2,10,2,2013,12,8,12,1,0,1,1,10,0,0,2,8,0,1,1,0,0,0
201328541870,3,3,2,64,7,18.8808,2,9,5,2013,16,49,12,1,0,1,1,2,2,2,2,8,0,1,1,0,0,0
201328541906,2,3,2,64,7,61.3626,2,10,7,2013,22,52,12,7,0,1,3,1,0,0,2,8,0,1,1,0,0,0
201328541977,1,3,1,64,7,9.4404,2,9,6,2013,12,30,12,6,0,2,1,1,3,2,2,3,0,2,1,0,0,0
201328542007,6,3,1,64,7,207.6888,2,10,2,2013,15,5,12,1,0,1,1,1,0,0,2,3,0,1,1,0,0,0
201328542011,4,3,1,64,7,349.2948,2,10,2,2013,14,30,12,7,0,4,1,1,0,0,2,3,0,1,1,0,0,0
201328542012,1,3,1,64,7,9.4404,3,10,4,2013,16,30,12,6,0,2,1,1,3,2,2,3,0,2,1,0,0,0
201328542017,1,3,1,64,7,9.4404,1,10,4,2013,1,32,42,0,0,1,3,1,3,1,2,3,0,1,5,0,0,0
201328542020,3,3,1,64,7,18.8808,1,10,6,2013,7,2,15,0,0,1,2,1,4,1,1,3,0,1,1,0,0,0
201328542074,6,3,1,64,7,207.6888,2,10,6,2013,12,22,12,6,0,2,1,10,0,0,2,3,0,3,1,0,0,0
201328542075,5,3,1,64,7,94.404,2,10,6,2013,13,5,12,1,0,2,1,10,1,2,2,3,0,,1,0,0,0
201328542093,4,3,1,64,7,349.2948,2,10,7,2013,12,50,12,1,0,2,1,1,0,0,2,3,0,,1,0,0,0
201328542117,3,3,1,64,7,18.8808,1,10,2,2013,16,36,8,0,0,4,1,1,3,1,2,3,0,1,1,0,0,0
201328542133,6,3,1,64,7,207.6888,2,10,2,2013,13,5,12,8,0,2,1,1,0,0,2,3,0,2,1,0,0,0
201328542155,5,3,1,64,7,94.404,2,10,3,2013,7,34,12,6,0,2,4,1,1,1,2,3,0,2,1,0,0,0
201328542163,4,3,1,64,7,349.2948,2,10,4,2013,10,44,12,1,0,2,1,1,1,2,2,3,0,2,1,0,0,0
201328542176,3,3,1,64,7,18.8808,1,10,5,2013,13,29,8,0,0,2,1,1,3,1,2,3,0,2,1,16,0,0
201328542199,6,3,1,64,7,207.6888,1,10,7,2013,20,4,30,0,0,1,3,2,0,0,2,3,0,1,4,0,0,0
201328542249,3,3,1,64,7,18.8808,2,10,2,2013,10,40,12,1,0,2,1,10,3,1,2,3,0,2,1,0,0,0
201328542257,4,3,1,64,7,349.2948,2,10,3,2013,12,30,12,6,0,2,1,10,0,0,2,3,0,2,1,0,0,0
201328542271,5,3,1,64,7,94.404,2,10,4,2013,7,57,12,1,0,2,1,10,1,1,2,3,0,3,1,0,0,0
201328542274,6,3,1,64,7,207.6888,2,10,4,2013,14,30,12,2,0,2,1,10,1,1,2,3,0,2,1,0,0,0
201328542308,4,3,2,64,7,349.2948,2,11,6,2013,19,0,12,7,1,5,3,1,0,0,2,8,0,1,1,0,0,0
201328542321,6,3,2,64,7,207.6888,3,11,2,2013,18,26,12,1,0,1,2,10,1,1,2,8,0,1,1,0,0,0
201328542332,5,3,2,64,7,89.6838,1,11,3,2013,12,17,34,0,0,1,1,2,2,1,2,8,0,1,4,0,0,0
201328542399,1,3,1,64,7,9.4404,2,10,5,2013,19,16,12,6,0,2,3,1,3,2,2,3,0,2,1,0,0,0
201328542405,4,3,1,64,7,349.2948,2,11,6,2013,17,45,12,7,0,2,1,1,1,1,2,3,0,,1,0,0,0
201328542415,3,3,1,64,7,18.8808,2,11,6,2013,8,15,12,1,0,1,1,10,2,2,2,3,0,1,1,0,0,0
201328542417,1,3,1,64,7,9.4404,3,11,6,2013,11,0,12,1,0,1,1,1,3,3,2,3,0,1,1,0,0,0
201328542443,6,3,1,64,7,207.6888,2,11,7,2013,17,7,12,1,0,1,1,1,0,0,2,3,0,1,1,0,0,0
201328542449,3,3,1,64,7,18.8808,1,11,7,2013,16,15,9,0,0,2,1,1,2,1,2,3,0,3,1,0,0,0
201328542548,4,3,2,64,7,349.2948,2,11,3,2013,18,22,12,7,0,1,3,1,0,0,2,8,0,1,1,0,0,0
201328542563,1,3,1,64,7,9.4404,2,10,6,2013,7,5,12,2,0,1,4,1,4,2,2,3,0,1,1,0,0,0
201328542573,3,3,1,64,7,18.8808,2,11,6,2013,16,4,12,1,0,1,1,1,2,2,2,3,0,1,1,0,0,0
201328542581,4,3,1,64,7,349.2948,2,11,7,2013,22,45,14,0,0,1,3,1,0,0,2,3,1,1,7,0,0,0
201328542585,5,3,1,64,7,94.404,2,11,1,2013,20,17,12,1,0,4,2,10,1,4,1,3,0,1,1,0,0,0
201328542616,1,3,1,64,7,9.4404,3,11,4,2013,22,42,12,6,0,2,3,1,3,2,2,3,0,2,1,0,0,0
201328542625,6,3,1,64,7,207.6888,2,11,5,2013,7,30,12,6,0,2,1,1,1,1,2,3,0,2,1,0,0,0
201328542643,4,3,1,64,7,349.2948,2,11,5,2013,13,55,12,6,0,2,1,10,0,0,2,3,0,2,1,0,0,0
201328542694,6,3,1,64,7,207.6888,1,11,1,2013,5,19,30,0,0,1,3,1,0,0,2,3,0,1,4,0,0,0
201328542715,3,3,1,64,7,18.8808,1,9,3,2013,12,5,8,0,0,1,1,1,3,1,2,3,0,1,1,0,0,0
201328542720,4,3,1,64,7,349.2948,2,11,6,2013,18,15,12,1,0,1,3,10,1,2,2,3,0,1,1,0,0,0
201328542732,3,3,1,64,7,18.8808,2,11,6,2013,17,30,12,6,0,2,3,1,2,1,2,3,0,3,1,0,0,0
201328542747,5,3,1,64,7,94.404,2,11,2,2013,12,35,38,0,0,1,1,1,2,1,2,3,1,1,5,0,0,0
201328542759,6,3,2,64,7,207.6888,2,11,1,2013,14,13,12,1,0,1,1,1,1,1,2,8,0,1,1,0,0,0
201328542761,1,3,2,64,7,4.7202,2,11,2,2013,14,20,12,1,0,1,1,1,3,2,2,8,0,1,1,28,0,0
201328542769,1,3,2,64,7,4.7202,1,11,6,2013,17,53,25,0,0,1,3,1,3,1,2,8,0,1,3,0,0,0
201328542778,2,3,2,64,7,61.3626,2,11,1,2013,18,18,12,7,0,1,2,1,1,1,2,8,0,1,1,0,0,0
201328542809,3,3,2,64,7,18.8808,2,10,2,2013,15,2,12,6,0,2,1,1,2,1,2,8,0,2,1,0,0,0
201328542813,5,3,2,64,7,89.6838,2,10,1,2013,23,36,25,0,0,1,3,10,1,5,2,8,0,1,3,0,0,0
201328542882,6,3,1,64,7,207.6888,2,9,6,2013,11,30,12,7,0,1,1,10,0,0,2,3,0,1,1,0,0,0
201328542926,4,3,1,64,7,349.2948,2,11,3,2013,17,50,12,6,0,1,3,1,0,0,1,3,0,1,1,0,0,0
201328542968,6,3,1,64,7,207.6888,2,11,4,2013,1,45,12,7,0,4,3,1,0,0,2,3,0,1,1,0,0,0
201328543007,4,3,1,64,7,349.2948,2,11,5,2013,12,51,12,7,0,2,1,10,0,0,2,3,0,3,1,0,0,0
201328543008,3,3,1,64,7,18.8808,2,11,5,2013,12,37,12,1,0,1,1,10,2,1,2,3,0,1,1,0,0,0
201328543020,5,3,1,64,7,94.404,3,11,6,2013,18,40,12,6,0,2,3,3,2,1,2,3,0,2,1,0,0,0
201328543026,3,3,1,64,7,18.8808,2,11,6,2013,13,39,12,1,0,2,1,3,2,1,2,3,0,3,1,0,0,0
201328543030,6,3,1,64,7,207.6888,1,11,2,2013,8,35,1,0,1,5,1,10,1,1,2,3,0,1,4,0,0,0
201328543060,3,3,1,64,7,18.8808,3,11,5,2013,18,18,12,1,0,2,3,1,2,1,2,3,0,,1,0,0,0
201328543081,6,3,2,64,7,207.6888,2,11,6,2013,8,7,12,1,1,5,1,10,0,0,2,8,0,1,1,0,0,0
201328543083,1,3,2,64,7,4.7202,2,11,6,2013,18,9,12,6,1,18,2,3,3,2,2,8,0,1,1,0,0,0
201328543093,1,3,2,64,7,4.7202,1,11,6,2013,18,41,25,0,0,1,2,3,3,1,2,8,0,1,3,0,0,0
201328543100,1,3,2,64,7,4.7202,1,11,1,2013,14,54,1,0,0,1,1,3,3,1,2,8,0,1,4,0,0,0
201328543115,4,3,2,64,7,349.2948,1,11,2,2013,10,27,33,0,0,1,1,10,1,1,2,8,0,1,4,0,0,0
201328543185,2,3,2,64,7,61.3626,2,11,2,2013,2,19,12,7,0,1,3,3,0,0,2,8,0,1,1,0,0,0
201328543192,3,3,2,64,7,18.8808,2,11,2,2013,23,59,14,0,0,1,2,3,2,1,2,8,1,1,2,0,0,0
201328543202,6,3,2,64,7,207.6888,2,11,3,2013,16,46,12,1,0,1,1,10,0,0,2,8,0,1,1,0,0,0
201328543241,1,3,2,64,7,4.7202,1,11,6,2013,20,3,32,0,0,1,3,3,3,2,2,8,0,1,3,0,0,0
201328543242,5,3,2,64,7,89.6838,2,11,6,2013,21,58,25,0,0,1,3,3,2,1,2,8,0,1,4,0,0,0
201328543285,4,3,1,64,7,349.2948,2,11,6,2013,16,30,12,6,0,4,1,1,0,0,2,3,0,1,1,0,0,0
201328543288,6,3,1,64,7,207.6888,2,11,3,2013,7,28,12,6,0,1,1,2,2,1,2,3,0,1,1,0,0,0
201328543327,4,3,2,64,7,349.2948,2,12,3,2013,7,54,12,1,0,1,1,5,0,0,2,8,0,1,1,0,0,0
201328543378,6,3,2,64,7,207.6888,2,11,2,2013,17,7,12,7,0,1,1,1,0,0,2,8,0,1,1,0,0,0
201328543385,1,3,2,64,7,4.7202,1,11,7,2013,1,22,1,0,0,1,2,3,3,2,2,8,0,1,4,0,0,0
201328543416,1,3,2,64,7,4.7202,1,8,5,2013,8,57,1,0,1,5,1,10,4,1,2,8,0,1,8,0,0,0
201328543441,2,3,1,64,7,56.6424,2,11,4,2013,17,35,12,6,0,4,5,1,2,1,2,3,0,1,1,0,0,0
201328543494,5,3,1,64,7,94.404,3,11,3,2013,16,45,12,1,0,2,1,10,1,2,2,3,0,3,1,0,0,0
201328543496,4,3,1,64,7,349.2948,2,11,4,2013,16,11,7,0,0,1,5,10,0,0,2,3,0,1,1,14,0,0
201328543497,6,3,1,64,7,207.6888,2,11,4,2013,12,17,12,1,0,2,1,1,1,1,2,3,0,3,1,0,0,0
201328543520,3,3,1,64,7,18.8808,2,11,7,2013,17,55,12,1,0,2,5,10,2,1,2,3,0,3,1,0,0,0
201328543539,6,3,1,64,7,207.6888,2,11,2,2013,21,35,12,6,0,4,3,10,2,1,2,3,0,1,1,0,0,0
201328543562,1,3,1,64,7,9.4404,2,11,3,2013,18,5,12,6,0,2,3,1,3,3,2,3,0,2,1,0,0,0
201328543578,5,3,1,64,7,94.404,4,11,5,2013,18,21,12,1,0,2,3,1,2,2,1,3,0,,1,0,0,0
201328543588,4,3,1,64,7,349.2948,2,11,6,2013,0,1,14,0,0,1,6,1,0,0,2,3,1,1,7,0,0,0
201328543594,6,3,1,64,7,207.6888,2,11,6,2013,13,25,12,6,0,4,1,1,1,1,2,3,0,1,1,0,0,0
201328543621,3,3,1,64,7,18.8808,1,12,2,2013,11,44,8,0,0,2,1,1,2,1,1,3,0,3,1,0,0,0
201328543651,4,3,1,64,7,349.2948,2,12,4,2013,18,0,12,1,0,1,3,10,0,0,2,3,0,1,1,0,0,0
201328543660,6,3,1,64,7,207.6888,3,12,4,2013,7,27,12,6,0,2,1,10,0,0,2,3,0,2,1,0,0,0
201328543688,1,3,1,64,7,9.4404,2,12,6,2013,16,15,12,6,0,4,1,10,3,1,2,3,0,1,1,0,0,0
201328543712,4,3,1,64,7,349.2948,2,12,1,2013,17,53,12,7,0,2,3,10,0,0,2,3,0,3,1,,,
201328543734,3,3,1,64,7,18.8808,2,12,2,2013,18,45,12,1,0,2,3,4,2,1,2,3,0,2,1,0,0,0
201328543746,6,3,1,64,7,207.6888,2,12,3,2013,16,23,12,6,0,4,1,1,0,0,2,3,0,1,1,0,0,0
201328543763,5,3,1,64,7,94.404,2,12,4,2013,16,49,12,6,0,2,1,1,2,3,2,3,0,3,1,0,0,0
201328543769,3,3,1,64,7,18.8808,3,12,4,2013,15,45,12,1,0,2,1,10,2,1,2,3,0,,1,0,0,0
201328543781,4,3,1,64,7,349.2948,2,12,5,2013,16,10,12,6,0,4,1,10,0,0,2,3,0,1,1,,,
201328543794,3,3,1,64,7,18.8808,2,12,6,2013,21,32,12,6,0,4,3,1,2,2,2,3,0,1,1,,,
201328543819,1,3,1,64,7,9.4404,2,12,1,2013,0,50,12,6,0,2,3,1,3,1,1,3,0,2,1,0,0,0
201328543824,3,3,1,64,7,18.8808,1,12,1,2013,18,50,9,0,0,1,2,1,3,1,2,3,0,1,4,,,
201328543832,5,3,1,64,7,94.404,2,12,2,2013,8,40,12,6,0,2,1,1,2,1,2,3,0,2,1,0,0,0
201328543844,6,3,1,64,7,207.6888,2,12,2,2013,21,0,12,8,0,1,2,1,0,0,2,3,0,1,1,0,0,0
201328543847,3,3,1,64,7,18.8808,1,12,3,2013,20,2,8,0,0,2,2,1,2,1,1,3,0,2,1,0,0,0
201328543857,4,3,1,64,7,349.2948,2,12,3,2013,15,27,14,0,0,1,1,1,0,0,2,3,1,1,7,,,
201328543912,6,3,1,64,7,207.6888,2,12,7,2013,19,0,25,0,0,1,3,3,1,1,2,3,0,1,4,,,
201328543916,4,3,1,64,7,349.2948,2,12,1,2013,21,0,14,0,0,1,2,3,0,0,2,3,1,1,7,0,0,0
201328543958,1,3,2,64,7,4.7202,1,12,2,2013,6,49,42,0,0,1,4,10,3,1,2,8,0,1,6,0,0,0
201328543962,1,3,2,64,7,4.7202,1,12,3,2013,2,44,34,0,0,1,2,1,3,1,2,8,0,1,4,0,0,0
201328543965,2,3,2,64,7,61.3626,2,12,5,2013,10,53,12,2,0,1,1,1,0,0,2,8,0,1,1,0,0,0
201328544003,4,3,2,64,7,349.2948,2,12,7,2013,17,46,12,1,0,1,3,1,0,0,2,8,0,1,1,0,0,0
201328544004,1,3,2,64,7,4.7202,3,12,7,2013,13,19,12,1,0,1,1,1,3,1,2,8,0,1,1,0,0,0
201328544014,6,3,2,64,7,207.6888,2,12,2,2013,18,15,12,1,0,1,3,1,0,0,2,8,0,1,1,0,0,0
201328544048,1,3,2,64,7,4.7202,3,12,3,2013,8,13,12,1,0,1,1,1,3,1,2,8,0,1,1,0,0,0
201328544083,1,3,2,64,7,4.7202,1,12,1,2013,1,15,59,0,1,5,3,1,3,1,2,8,0,1,4,0,0,0
201328544111,3,3,2,64,7,18.8808,2,12,6,2013,13,26,12,1,0,1,1,10,2,4,2,8,0,1,1,28,0,0
201328544139,2,3,2,64,7,61.3626,2,12,2,2013,10,3,12,6,0,1,1,10,0,0,2,8,0,1,1,0,0,0
201328544151,1,3,2,64,7,4.7202,12,12,5,2013,6,45,12,6,0,1,3,10,3,1,2,8,0,1,1,0,0,0
201328544159,6,3,2,64,7,207.6888,2,12,5,2013,17,41,12,1,0,1,5,10,0,0,2,8,0,1,1,0,0,0
201328544164,4,3,2,64,7,349.2948,2,12,2,2013,17,29,12,1,0,1,5,10,1,1,2,8,0,1,1,28,0,0
201328544167,1,3,2,64,7,4.7202,1,12,5,2013,17,17,38,0,0,1,5,1,3,1,2,8,0,1,5,0,0,0
201328544210,1,3,1,64,7,9.4404,1,10,7,2013,21,55,33,0,0,1,3,1,3,1,1,3,0,1,4,0,0,0
201328544236,3,3,1,64,7,18.8808,1,11,6,2013,0,30,33,0,0,1,2,1,2,3,2,3,0,1,4,0,0,0
201328544238,1,3,1,64,7,9.4404,3,11,7,2013,22,19,12,6,0,2,3,1,3,1,2,3,0,2,1,0,0,0
201328544251,4,3,1,64,7,349.2948,2,11,7,2013,17,51,14,0,0,2,3,10,0,0,2,3,1,3,7,0,0,0
201328544264,1,3,1,64,7,9.4404,2,12,5,2013,11,0,12,6,0,2,1,10,3,2,2,3,0,2,1,0,0,0
201328544285,6,3,1,64,7,207.6888,2,12,5,2013,17,17,12,1,0,2,3,10,0,0,2,3,0,2,1,0,0,0
201328544291,5,3,1,64,7,94.404,2,12,7,2013,21,19,12,6,0,2,3,1,2,2,2,3,0,2,1,0,0,0
201328544314,4,3,1,64,7,349.2948,2,12,2,2013,14,30,12,7,0,2,1,10,0,0,2,3,0,2,1,0,0,0
201328544339,1,3,1,64,7,9.4404,1,12,6,2013,23,50,24,0,0,2,3,1,3,1,2,3,0,2,3,0,0,0
201328544341,3,3,1,64,7,18.8808,1,12,7,2013,17,10,33,0,0,5,1,1,2,2,1,3,0,1,4,0,0,0
201328544349,3,3,1,64,7,18.8808,1,12,7,2013,10,55,9,0,0,2,1,1,2,1,2,3,0,2,1,0,0,0
201328544352,6,3,1,64,7,207.6888,4,12,1,2013,0,41,38,0,0,1,3,1,0,0,2,3,3,1,5,0,0,0
201328544509,1,3,2,64,7,4.7202,1,12,4,2013,3,38,24,0,1,19,3,10,3,3,2,8,0,1,8,0,0,0
201328544539,4,3,1,64,7,349.2948,2,12,3,2013,8,41,12,7,0,1,1,1,0,0,2,3,0,1,1,0,0,0
201328544560,3,3,1,64,7,18.8808,2,12,5,2013,16,35,12,6,0,2,1,1,2,2,2,3,0,2,1,0,0,0
201328544586,6,3,1,64,7,207.6888,2,12,1,2013,10,58,12,6,0,4,1,10,2,1,2,3,0,1,1,0,0,0
201328544598,4,3,1,64,7,349.2948,3,12,3,2013,23,10,14,0,0,1,2,10,0,0,2,3,2,1,7,14,0,0
201328544668,5,3,1,64,7,94.404,2,12,5,2013,14,36,12,6,0,4,1,1,1,4,2,3,0,1,1,0,0,0
201328544672,3,3,2,64,7,18.8808,1,10,7,2013,9,5,8,0,0,1,1,1,2,1,2,8,0,1,1,0,0,0
201328716427,6,2,1,71,5,209.8956,2,1,6,2013,22,0,12,8,0,1,2,10,0,0,2,8,0,1,1,0,0,0
201328716438,4,2,1,71,5,345.7104,1,1,1,2013,0,47,34,0,0,1,2,1,0,0,2,8,0,1,4,0,0,0
201328716457,1,2,1,71,5,12.3468,2,1,4,2013,14,11,12,1,0,1,1,1,3,1,2,8,0,1,1,,,
201328716464,2,2,1,71,5,61.734,2,1,5,2013,6,55,12,7,0,4,4,1,2,1,2,8,0,1,1,0,0,0
201328716485,4,2,4,71,5,345.7104,2,1,6,2013,17,52,12,1,0,2,3,10,0,0,2,2,0,6,1,0,0,0
201328716494,6,2,4,71,5,209.8956,2,1,5,2013,15,10,12,1,0,1,1,1,2,2,2,2,0,1,1,28,0,0
201328716538,4,2,2,71,5,345.7104,2,1,4,2013,17,28,12,1,0,2,3,10,0,0,2,3,0,2,1,0,0,0
201328716544,1,2,2,71,5,12.3468,1,1,7,2013,17,28,30,0,0,1,3,4,3,1,2,3,0,1,4,0,0,0
201328716574,5,2,2,71,5,86.4276,1,1,4,2013,1,41,30,0,0,1,3,1,2,1,1,3,0,1,4,20,0,0
201328716585,4,2,2,71,5,345.7104,2,1,3,2013,8,41,12,1,0,2,1,1,0,0,2,3,0,2,1,0,0,0
201328716590,6,2,2,71,5,209.8956,2,1,1,2013,12,13,12,6,0,2,1,4,0,0,2,3,0,2,1,0,0,0
201328716597,3,2,2,71,5,24.6936,2,1,5,2013,15,41,12,2,0,2,1,10,2,1,2,3,0,2,1,0,0,0
201328716633,5,2,3,71,5,86.4276,3,1,1,2013,8,35,12,6,0,2,1,10,1,2,2,2,0,2,1,0,0,0
201328716634,4,2,3,71,5,345.7104,2,1,1,2013,14,6,12,7,0,1,1,2,0,0,2,2,0,1,1,0,0,0
201328716655,6,2,3,71,5,209.8956,2,1,6,2013,20,12,12,6,0,2,3,1,0,0,2,2,0,2,1,0,0,0
201328716672,4,2,3,71,5,345.7104,1,1,5,2013,17,10,11,0,0,1,1,4,0,0,2,2,0,1,1,0,0,0
201328716700,1,2,3,71,5,12.3468,1,2,5,2013,14,32,42,0,0,1,1,4,3,1,2,2,0,1,4,0,0,0
201328716712,4,2,3,71,5,345.7104,2,2,3,2013,8,29,12,6,0,4,1,4,0,0,2,2,0,1,1,0,0,0
201328716729,1,2,4,71,5,12.3468,2,2,7,2013,11,33,12,1,0,1,1,10,3,2,2,2,0,1,1,0,0,0
201328716732,5,2,4,71,5,86.4276,3,2,3,2013,22,2,14,0,0,1,2,1,2,1,1,2,2,1,7,14,0,0
201328716749,5,2,1,71,5,86.4276,2,1,7,2013,23,11,12,2,0,1,2,3,2,5,2,8,0,1,1,0,0,0
201328716754,4,2,1,71,5,345.7104,3,1,7,2013,23,30,24,0,0,1,2,3,0,0,2,8,0,1,4,0,0,0
201328716758,6,2,1,71,5,209.8956,1,1,1,2013,9,30,25,0,0,1,1,10,0,0,2,8,0,1,3,0,0,0
201328716774,1,2,1,71,5,12.3468,1,1,3,2013,7,27,11,0,0,1,1,1,3,1,2,8,0,1,1,0,0,0
201328716803,4,2,1,71,5,345.7104,2,1,2,2013,16,55,12,1,1,5,3,1,0,0,2,8,0,1,1,0,0,0
201328716810,6,2,1,71,5,209.8956,2,1,3,2013,7,45,12,1,0,1,1,1,0,0,2,8,0,1,1,0,0,0
201328716858,6,2,2,71,5,209.8956,2,2,5,2013,13,42,12,1,0,2,1,4,0,0,2,3,0,2,1,0,0,0
201328716866,4,2,2,71,5,345.7104,2,2,6,2013,17,20,12,1,0,1,3,10,0,0,2,3,0,1,1,0,0,0
201328716881,3,2,2,71,5,24.6936,1,2,7,2013,18,0,8,0,0,2,3,1,3,1,2,3,0,2,1,0,0,0
201328716901,4,2,2,71,5,345.7104,2,2,4,2013,18,0,12,1,0,2,3,3,0,0,2,3,0,2,1,0,0,0
201328716916,4,2,4,71,5,345.7104,1,2,7,2013,22,4,11,0,0,1,6,1,0,0,2,2,0,1,1,0,0,0
201328716918,1,2,4,71,5,12.3468,3,2,6,2013,7,36,12,2,0,2,1,10,3,5,2,2,0,3,1,0,0,0
201328716920,6,2,4,71,5,209.8956,1,2,5,2013,20,8,30,0,1,2,3,10,0,0,2,2,0,6,4,0,0,0
201328716953,5,2,1,71,5,86.4276,3,2,4,2013,20,37,12,7,0,1,2,10,1,1,2,8,0,1,1,0,0,0
201328716955,1,2,1,71,5,12.3468,2,2,4,2013,6,48,12,7,0,4,1,1,3,1,2,8,0,1,1,0,0,0
201328716958,4,2,1,71,5,345.7104,2,2,3,2013,17,24,12,1,0,2,5,1,1,1,2,8,0,2,1,0,0,0
201328716970,6,2,1,71,5,209.8956,1,2,7,2013,22,57,53,0,0,1,2,10,0,0,1,8,0,1,4,0,0,0
201328717002,4,2,1,71,5,345.7104,2,2,5,2013,18,30,12,1,0,2,2,4,0,0,2,8,0,3,1,0,0,0
201328717026,1,2,1,71,5,12.3468,1,2,2,2013,11,54,30,0,0,1,1,4,3,1,2,8,0,1,4,0,0,0
201328717029,6,2,1,71,5,209.8956,1,2,2,2013,2,50,53,0,0,1,2,4,1,1,1,8,0,1,4,0,0,0
201328717036,1,2,1,71,5,12.3468,1,2,1,2013,15,0,42,0,0,1,1,1,3,1,2,8,0,1,4,0,0,0
201328717060,4,2,1,71,5,345.7104,1,2,6,2013,17,43,11,0,0,1,1,1,0,0,2,8,0,1,1,0,0,0
201328717066,1,2,1,71,5,12.3468,3,1,6,2013,17,15,12,1,0,2,5,4,3,1,2,8,0,3,1,0,0,0
201328717074,6,2,1,71,5,209.8956,1,1,6,2013,6,10,34,0,0,2,2,4,0,0,2,8,0,,4,0,0,0
201328717075,1,2,1,71,5,12.3468,1,1,6,2013,23,53,42,0,0,1,2,10,3,2,1,8,0,1,5,0,0,0
201328717125,4,2,1,71,5,345.7104,2,2,3,2013,17,39,12,1,0,2,3,4,0,0,2,8,0,2,1,0,0,0
201328717126,5,2,1,71,5,86.4276,2,2,3,2013,15,11,12,6,1,18,1,4,2,3,2,8,0,1,1,0,0,0
201328717130,2,2,1,71,5,61.734,2,2,3,2013,16,16,12,1,0,2,1,4,0,0,2,8,0,2,1,0,0,0
201328717165,6,2,1,71,5,209.8956,1,2,3,2013,19,52,52,0,0,1,2,10,0,0,2,8,0,1,4,0,0,0
201328717169,4,2,1,71,5,345.7104,1,2,3,2013,22,45,53,0,0,1,2,10,0,0,2,8,0,1,4,0,0,0
201328717187,1,2,1,71,5,12.3468,1,2,1,2013,2,25,30,0,0,1,2,1,3,1,1,8,0,1,4,0,0,0
201328717189,1,2,1,71,5,12.3468,3,2,1,2013,7,16,12,1,0,1,1,1,3,2,2,8,0,1,1,0,0,0
201328717216,1,2,1,71,5,12.3468,1,1,2,2013,7,50,42,0,0,1,1,1,3,1,2,8,0,1,4,0,0,0
201328717218,6,2,1,71,5,209.8956,1,1,2,2013,1,1,42,0,1,5,2,3,0,0,2,8,0,1,8,0,0,0
201328717220,4,2,1,71,5,345.7104,1,1,2,2013,21,17,33,0,0,1,2,1,0,0,2,8,0,1,3,0,0,0
201328717222,3,2,1,71,5,24.6936,1,1,3,2013,17,31,5,0,0,1,3,2,2,1,2,8,0,1,1,0,0,0
201328717229,1,2,1,71,5,12.3468,1,1,4,2013,9,0,30,0,0,1,1,4,3,1,2,8,0,1,4,0,0,0
201328717251,6,2,3,71,5,209.8956,2,3,2,2013,17,7,12,6,0,4,1,4,1,1,2,2,0,1,1,0,0,0
201328717262,3,2,3,71,5,24.6936,1,3,3,2013,14,15,8,0,0,1,1,10,2,1,2,2,0,1,1,0,0,0
201328717269,1,2,3,71,5,12.3468,2,3,6,2013,13,34,12,6,0,4,1,1,3,3,2,2,0,1,1,0,0,0
201328717327,4,2,2,71,5,345.7104,2,3,3,2013,14,3,12,1,0,2,1,4,0,0,2,3,0,,1,0,0,0
201328717340,3,2,2,71,5,24.6936,1,2,4,2013,10,55,8,0,0,4,1,4,2,1,2,3,0,1,1,0,0,0
201328717346,6,2,2,71,5,209.8956,2,2,5,2013,11,29,12,6,0,2,1,10,0,0,2,3,0,7,1,0,0,0
201328717349,5,2,2,71,5,86.4276,1,2,6,2013,16,48,53,0,0,4,1,1,2,1,2,3,0,1,4,0,0,0