CASENUM,STRATUM,REGION,PJ,PSU,PSUSTRAT,WEIGHT,VE_TOTAL,MONTH,WKDY_IM,YEAR,HOUR_IM,MINUTE_IM,EVENT1_IM,MANCOL_IM,RELJCT1_IM,RELJCT2_IM,LGTCON_IM,WEATHR_IM,MAXSEV_IM,NO_INJ_IM,ALCHL_IM,LAND_USE,PVH_INVL,TYP_INT,REL_ROAD,CF1,CF2,CF3
201329047713,6,2,11,92,5,206.01846,1,3,1,2013,3,33,33,0,0,1,3,1,0,0,1,1,0,1,3,0,0,0
201329047717,1,2,11,92,5,10.300923,1,2,5,2013,10,50,24,0,0,1,1,10,3,1,2,1,0,1,4,0,0,0
201329047764,6,2,7,92,5,210.39551,3,3,5,2013,9,18,12,6,1,2,1,1,2,3,2,1,0,2,1,0,0,0
201329047792,6,2,2,92,5,211.5855,1,2,5,2013,10,34,43,0,0,1,1,3,0,0,2,2,0,1,5,0,0,0
201329047812,4,2,16,92,5,344.22723,2,2,1,2013,11,49,12,1,0,2,1,1,0,0,2,1,0,2,1,0,0,0
201329047816,2,2,16,92,5,57.37121,2,3,4,2013,14,56,12,11,0,2,1,1,1,1,2,1,0,2,1,0,0,0
201329047861,1,2,1,92,5,3.3585,1,3,7,2013,22,58,42,0,0,2,2,2,3,3,2,3,0,3,5,0,0,0
201329047902,5,2,1,92,5,90.6795,2,3,5,2013,13,0,12,6,0,4,1,1,1,1,2,3,0,1,1,0,0,0
201329047907,3,2,1,92,5,20.151,1,3,6,2013,19,37,8,0,0,2,2,1,3,1,2,3,0,2,1,0,0,0
201329047971,1,2,41,92,5,46.496418,1,3,2,2013,18,32,30,0,0,2,1,10,3,1,2,1,0,2,4,0,0,0
201329047972,4,2,41,92,5,371.97134,2,3,6,2013,20,35,12,1,0,2,3,1,0,0,2,1,0,2,1,0,0,0
201329047981,1,2,1,92,5,3.3585,2,3,3,2013,22,20,12,2,1,18,3,10,3,1,2,3,0,1,1,0,0,0
201329048016,1,2,23,92,5,18.47175,2,3,3,2013,8,45,12,6,0,2,1,10,3,3,1,1,0,3,1,0,0,0
201329048058,6,2,3,92,5,211.5855,1,3,1,2013,1,2,34,0,0,1,2,10,0,0,2,3,0,1,4,0,0,0
201329048073,6,2,38,92,5,187.66357,2,3,1,2013,2,45,12,1,0,2,3,2,0,0,1,1,0,2,1,0,0,0
201329048077,5,2,41,92,5,92.992836,2,3,7,2013,15,42,12,6,0,2,1,2,2,3,2,1,0,2,1,0,0,0
201329048078,6,2,41,92,5,232.48209,1,3,1,2013,7,40,11,0,0,1,1,1,2,1,2,1,0,1,1,0,0,0
201329048129,4,2,1,92,5,349.284,1,3,5,2013,16,40,40,0,0,1,1,1,0,0,2,3,0,1,4,0,0,0
201329048154,4,2,41,92,5,371.97134,2,4,2,2013,18,55,12,1,0,2,1,1,0,0,2,1,0,2,1,0,0,0
201329048189,4,2,15,92,5,353.25964,2,3,1,2013,14,42,12,1,0,2,1,1,1,2,2,1,0,2,1,0,0,0
201329048190,3,2,15,92,5,16.057257,1,4,5,2013,12,8,30,0,0,2,1,1,2,1,2,1,0,2,4,0,0,0
201329048197,4,2,2,92,5,349.284,2,4,1,2013,9,2,12,6,0,1,1,1,0,0,2,2,0,1,1,0,0,0
201329048249,4,2,5,92,5,347.49838,1,3,3,2013,16,40,24,0,0,1,1,10,0,0,2,8,0,1,4,0,0,0
201329048273,5,2,5,92,5,90.09217,1,3,5,2013,9,35,24,0,1,5,1,10,2,1,2,8,0,1,4,0,0,0
201329048287,2,2,5,92,5,57.916393,3,3,2,2013,16,28,12,1,0,1,1,1,0,0,2,8,0,1,1,0,0,0
201329048293,1,2,5,92,5,6.435155,1,3,1,2013,23,2,33,0,0,1,2,1,3,1,1,8,0,1,4,0,0,0
201329048294,1,2,5,92,5,6.435155,4,3,1,2013,17,0,12,1,0,1,1,10,3,3,2,8,0,1,1,0,0,0
201329048295,1,2,5,92,5,6.435155,7,3,6,2013,17,18,12,7,0,1,1,10,3,5,2,8,0,1,1,0,0,0
201329048296,1,2,5,92,5,6.435155,1,3,4,2013,20,30,25,0,0,1,2,1,3,1,2,8,0,1,3,13,0,0
201329048297,1,2,5,92,5,6.435155,1,3,1,2013,1,40,25,0,1,19,3,1,3,1,1,8,0,1,3,0,0,0
201329048331,6,2,1,92,5,211.5855,2,4,7,2013,11,58,12,6,0,2,1,10,2,2,2,3,0,2,1,0,0,0
201329048426,4,2,1,92,5,349.284,2,3,1,2013,0,55,12,7,0,4,3,2,0,0,2,3,0,1,1,0,0,0
201329048441,5,2,41,92,5,92.992836,1,4,2,2013,18,50,43,0,0,1,1,1,1,1,2,1,0,1,4,0,0,0
201329048447,4,2,41,92,5,371.97134,2,4,6,2013,14,10,12,1,1,2,1,1,0,0,2,1,0,2,1,0,0,0
201329048475,4,2,16,92,5,344.22723,2,3,2,2013,14,4,12,7,1,17,1,10,0,0,2,1,0,1,1,0,0,0
201329048478,5,2,16,92,5,95.61868,2,3,4,2013,8,25,25,0,0,1,1,1,1,1,2,1,0,1,3,0,0,0
201329048545,1,2,4,92,5,3.3585,2,3,5,2013,9,21,12,7,1,17,1,1,3,1,2,2,0,1,1,0,0,0
201329048573,1,2,1,92,5,3.3585,1,4,7,2013,22,27,35,0,0,1,3,1,4,3,2,3,0,1,4,0,0,0
201329048574,1,2,1,92,5,3.3585,2,4,3,2013,7,41,12,2,0,1,1,1,3,1,2,3,0,1,1,0,0,0
201329048607,3,2,11,92,5,20.601847,2,4,1,2013,14,30,12,6,0,2,1,1,3,1,2,1,0,2,1,0,0,0
201329048608,2,2,11,92,5,61.80554,3,4,4,2013,15,30,12,7,0,1,1,1,0,0,2,1,0,1,1,0,0,0
201329048611,4,2,23,92,5,350.96326,2,4,6,2013,16,30,12,1,0,2,1,1,0,0,2,1,0,2,1,0,0,0
201329048623,4,2,7,92,5,352.72186,2,4,7,2013,18,15,12,1,0,2,1,1,0,0,2,1,0,3,1,0,0,0
201329048644,3,2,7,92,5,18.564308,3,4,3,2013,9,7,12,1,1,2,1,1,2,2,2,1,0,2,1,0,0,0
201329048659,4,2,3,92,5,349.284,2,4,7,2013,13,55,12,1,0,2,1,10,0,0,2,3,0,2,1,0,0,0
201329048698,5,2,3,92,5,90.6795,2,4,4,2013,7,52,12,6,0,2,1,1,1,1,2,3,0,2,1,0,0,0
201329048700,1,2,3,92,5,3.3585,1,4,3,2013,17,58,33,0,0,1,1,10,3,1,2,3,0,1,3,0,0,0
201329048745,1,2,1,92,5,3.3585,2,4,5,2013,14,40,12,6,0,2,1,2,3,3,2,3,0,2,1,0,0,0
201329048793,3,2,1,92,5,20.151,2,4,3,2013,7,49,12,7,0,2,1,2,2,1,2,3,0,2,1,0,0,0
201329048794,1,2,1,92,5,3.3585,2,4,3,2013,8,25,12,7,0,1,1,2,3,2,2,3,0,1,1,0,0,0
201329048905,4,2,1,92,5,349.284,2,4,6,2013,13,20,12,6,0,4,1,10,0,0,2,3,0,1,1,0,0,0
201329048911,4,2,41,92,5,371.97134,2,4,2,2013,7,30,12,1,0,1,1,1,0,0,2,1,0,1,1,28,0,0
201329048915,6,2,41,92,5,232.48209,3,4,5,2013,8,8,12,1,0,1,1,1,0,0,2,1,0,1,1,0,0,0
201329048941,4,2,16,92,5,344.22723,2,3,5,2013,8,30,12,1,1,5,1,1,0,0,2,1,0,1,1,0,0,0
201329048953,6,2,16,92,5,210.3611,3,4,3,2013,18,45,12,1,1,18,1,2,0,0,2,1,0,1,1,28,0,0
201329048961,1,2,16,92,5,19.123735,1,4,1,2013,16,35,33,0,0,1,1,1,3,1,2,1,0,1,4,0,0,0
201329049056,5,2,41,92,5,92.992836,1,4,1,2013,0,23,34,0,0,5,3,10,1,1,2,1,0,1,4,0,0,0
201329049059,2,2,41,92,5,46.496418,2,5,4,2013,7,8,12,1,0,2,1,1,2,1,2,1,0,2,1,0,0,0
201329049062,4,2,41,92,5,371.97134,2,4,7,2013,16,20,12,6,0,2,1,2,0,0,2,1,0,2,1,0,0,0
201329049135,5,2,7,92,5,92.82155,1,4,5,2013,19,10,24,0,0,1,1,1,2,2,2,1,0,1,4,0,0,0
201329049175,4,2,11,92,5,350.23138,2,4,3,2013,21,5,12,1,0,2,3,10,0,0,2,1,0,2,1,0,0,0
201329049207,1,2,1,92,5,3.3585,2,4,6,2013,15,0,12,6,0,2,1,10,3,2,2,3,0,2,1,21,0,0
201329049227,4,2,4,92,5,349.284,2,5,6,2013,20,30,12,6,0,2,3,2,0,0,2,2,0,2,1,0,0,0
201329049284,5,2,1,92,5,90.6795,3,5,4,2013,7,29,12,1,0,1,1,1,1,2,2,3,0,1,1,28,0,0
201329049290,3,2,1,92,5,20.151,1,5,4,2013,17,50,8,0,0,1,1,1,2,1,2,3,0,1,1,0,0,0
201329049304,6,2,1,92,5,211.5855,2,5,2,2013,7,35,12,6,1,2,1,1,0,0,2,3,0,2,1,0,0,0
201329049360,4,2,41,92,5,371.97134,2,5,6,2013,10,45,73,0,0,1,1,2,0,0,2,1,0,1,1,14,0,0
201329049433,4,2,5,92,5,347.49838,2,4,5,2013,7,55,12,1,0,1,1,2,0,0,2,8,0,1,1,28,0,0
201329049446,6,2,5,92,5,212.3601,1,4,5,2013,10,40,25,0,0,1,1,2,0,0,2,8,0,1,3,0,0,0
201329049467,5,2,5,92,5,90.09217,2,4,7,2013,2,21,14,0,0,1,3,1,2,1,1,8,1,1,2,0,0,0
201329049473,3,2,5,92,5,19.305466,2,4,7,2013,18,24,12,1,0,1,1,1,2,2,2,8,0,1,1,0,0,0
201329049476,1,2,5,92,5,6.435155,1,4,5,2013,16,55,23,0,0,1,1,2,3,2,2,8,0,1,4,0,0,0
201329049478,1,2,5,92,5,6.435155,3,4,1,2013,13,5,12,1,0,2,1,1,3,4,2,8,0,,1,0,0,0
201329049479,1,2,5,92,5,6.435155,1,4,6,2013,11,34,25,0,0,1,1,2,3,1,2,8,0,1,3,0,0,0
201329049492,6,2,16,92,5,210.3611,2,4,5,2013,10,5,12,6,0,2,1,1,1,1,2,1,0,3,1,0,0,0
201329049498,3,2,16,92,5,19.123735,1,4,3,2013,13,22,8,0,0,1,1,1,2,1,2,1,0,1,4,24,0,0
201329049499,2,2,16,92,5,57.37121,2,4,2,2013,7,28,12,7,1,18,1,1,1,1,2,1,0,1,1,0,0,0
201329049542,1,2,11,92,5,10.300923,1,5,4,2013,20,31,39,0,0,1,3,1,3,1,2,1,0,1,4,0,0,0
201329049550,6,2,23,92,5,203.18925,2,5,4,2013,16,15,12,6,0,2,1,1,0,0,2,1,0,3,1,0,0,0
201329049559,4,2,23,92,5,350.96326,2,5,7,2013,14,42,12,7,0,1,1,1,0,0,2,1,0,1,1,0,0,0
201329049618,3,2,3,92,5,20.151,1,5,2,2013,16,51,1,0,0,2,1,10,2,1,2,3,0,3,1,0,0,0
201329049681,4,2,38,92,5,328.41125,2,5,2,2013,15,55,54,11,0,1,1,1,0,0,2,1,0,1,1,14,0,0
201329049715,4,2,1,92,5,349.284,2,5,3,2013,14,10,12,1,0,1,1,1,0,0,2,3,0,1,1,0,0,0
201329049749,1,2,1,92,5,3.3585,1,5,6,2013,4,17,42,0,0,1,2,10,4,1,2,3,0,1,4,0,0,0
201329049818,3,2,1,92,5,20.151,1,5,4,2013,17,30,1,0,0,4,1,1,3,1,2,3,0,1,1,0,0,0
201329049849,2,2,41,92,5,46.496418,2,5,4,2013,10,10,12,7,0,1,1,1,2,1,2,1,0,1,1,0,0,0
201329049851,4,2,41,92,5,371.97134,2,5,4,2013,17,40,12,1,0,2,1,1,0,0,2,1,0,2,1,0,0,0
201329049858,2,2,41,92,5,46.496418,2,5,5,2013,7,15,12,6,0,1,1,10,0,0,2,1,0,1,1,0,0,0
201329049860,4,2,41,92,5,371.97134,2,5,5,2013,17,53,12,1,0,2,1,1,0,0,2,1,0,3,1,0,0,0
201329049880,1,2,1,92,5,3.3585,1,4,1,2013,0,7,33,0,0,1,3,10,3,1,1,3,0,1,4,0,0,0
201329049882,1,2,1,92,5,3.3585,1,5,6,2013,5,0,33,0,0,1,3,1,3,2,2,3,0,1,4,0,0,0
201329049883,1,2,1,92,5,3.3585,2,5,7,2013,18,5,12,6,0,2,1,10,3,1,2,3,0,2,1,0,0,0
201329049909,6,2,15,92,5,208.74434,3,5,5,2013,11,51,14,0,0,1,1,2,0,0,2,1,2,1,7,0,0,0
201329049916,1,2,15,92,5,16.057257,4,5,5,2013,15,41,12,1,0,1,1,10,4,6,2,1,0,1,1,0,0,0
201329049964,4,2,1,92,5,349.284,2,5,5,2013,12,15,12,6,0,2,1,1,0,0,2,3,0,7,1,0,0,0
201329049969,1,2,1,92,5,3.3585,2,5,4,2013,11,37,12,6,0,2,1,1,3,3,2,3,0,3,1,0,0,0
201329050011,1,2,1,92,5,3.3585,2,5,3,2013,17,18,12,6,0,4,1,1,3,2,2,3,0,1,1,0,0,0
201329050019,6,2,1,92,5,211.5855,2,5,6,2013,9,48,12,6,0,2,1,10,1,1,2,3,0,2,1,0,0,0
201329050040,5,2,41,92,5,92.992836,2,5,6,2013,15,15,12,6,0,2,1,1,2,2,2,1,0,2,1,0,0,0
201329050042,4,2,41,92,5,371.97134,1,5,7,2013,1,45,11,0,0,1,2,1,0,0,2,1,0,1,1,0,0,0
201329050063,4,2,16,92,5,344.22723,2,5,5,2013,17,51,12,1,0,2,1,1,0,0,2,1,0,2,1,0,0,0
201329050082,4,2,16,92,5,344.22723,2,4,6,2013,8,24,12,1,0,2,1,1,0,0,2,1,0,2,1,0,0,0
201329050098,3,2,16,92,5,19.123735,1,5,6,2013,20,25,8,0,0,2,3,1,3,1,2,1,0,3,1,0,0,0
201329050124,4,2,7,92,5,352.72186,2,5,5,2013,15,0,12,1,0,2,1,1,0,0,2,1,0,2,1,0,0,0
201329050143,4,2,3,92,5,349.284,2,5,3,2013,12,40,12,1,0,4,1,10,0,0,2,3,0,1,1,0,0,0
201329050248,5,2,4,92,5,90.6795,2,5,6,2013,22,26,12,1,0,2,3,2,2,1,2,2,0,2,1,0,0,0
201329050283,1,2,4,92,5,3.3585,3,4,4,2013,15,43,12,6,0,2,1,1,3,1,2,2,0,2,1,0,0,0
201329050307,1,2,1,92,5,3.3585,2,6,4,2013,20,25,12,6,0,2,3,2,3,5,2,3,0,3,1,0,0,0
201329050442,3,2,41,92,5,46.496418,1,6,6,2013,17,59,33,0,0,1,1,10,2,1,2,1,0,1,4,0,0,0
201329050450,5,2,41,92,5,92.992836,2,6,2,2013,11,55,12,1,0,2,1,1,1,3,2,1,0,3,1,0,0,0
201329050453,4,2,41,92,5,371.97134,2,6,2,2013,17,10,12,1,0,1,1,1,0,0,2,1,0,1,1,0,0,0
201329050458,6,2,41,92,5,232.48209,2,6,5,2013,7,15,12,1,0,1,1,1,0,0,2,1,0,1,1,28,0,0
201329050481,4,2,15,92,5,353.25964,3,5,3,2013,12,2,12,1,0,1,1,10,0,0,2,1,0,1,1,26,0,0
201329050510,3,2,1,92,5,20.151,1,6,2,2013,19,45,8,0,0,2,1,1,2,1,2,3,0,3,1,0,0,0
201329050554,5,2,41,92,5,92.992836,2,6,5,2013,18,50,12,6,0,4,1,1,2,1,2,1,0,1,1,0,0,0
201329050555,3,2,41,92,5,46.496418,3,6,6,2013,12,43,12,1,0,2,1,1,2,1,2,1,0,2,1,0,0,0
201329050563,4,2,41,92,5,371.97134,1,6,2,2013,11,0,59,0,0,2,1,1,0,0,2,1,0,3,4,0,0,0
201329050601,3,2,2,92,5,20.151,2,6,7,2013,13,51,12,6,0,4,1,1,2,1,2,2,0,1,1,0,0,0
201329050626,6,2,7,92,5,210.39551,2,6,7,2013,16,35,12,6,0,4,1,10,0,0,2,1,0,1,1,0,0,0
201329050688,3,2,3,92,5,20.151,1,6,2,2013,17,45,9,0,0,1,1,1,2,1,2,3,0,1,1,0,0,0
201329050710,5,2,23,92,5,92.35875,2,6,3,2013,12,59,12,6,0,2,1,1,1,1,2,1,0,3,1,0,0,0
201329050712,3,2,23,92,5,18.47175,1,5,3,2013,14,33,1,0,0,4,1,1,2,1,2,1,0,1,1,0,0,0
201329050713,3,2,23,92,5,18.47175,2,6,4,2013,7,12,12,1,0,2,1,1,2,1,2,1,0,2,1,0,0,0
201329050727,6,2,11,92,5,206.01846,2,6,4,2013,19,3,25,0,0,1,1,2,0,0,2,1,0,1,3,0,0,0
201329050783,4,2,5,92,5,347.49838,2,5,2,2013,7,55,12,1,0,1,1,10,0,0,2,8,0,1,1,0,0,0
201329050807,6,2,5,92,5,212.3601,1,5,6,2013,13,0,57,0,0,1,1,2,0,0,2,8,0,1,3,0,0,0
201329050839,2,2,5,92,5,57.916393,2,5,7,2013,14,45,12,7,0,1,1,1,3,1,2,8,0,1,1,0,0,0
201329050846,1,2,5,92,5,6.435155,1,4,7,2013,20,56,25,0,0,1,3,10,4,2,2,8,0,1,3,0,0,0
201329050847,1,2,5,92,5,6.435155,1,5,3,2013,19,5,11,0,0,1,1,1,3,1,2,8,0,1,1,0,0,0
201329050848,1,2,5,92,5,6.435155,2,5,7,2013,14,20,12,1,0,1,1,2,3,3,2,8,0,1,1,0,0,0
201329050849,1,2,5,92,5,6.435155,1,5,7,2013,1,57,25,0,0,1,3,1,3,1,1,8,0,1,3,0,0,0
201329050850,1,2,5,92,5,6.435155,2,5,4,2013,21,20,12,6,0,2,3,1,4,3,1,8,0,2,1,0,0,0
201329050851,1,2,5,92,5,6.435155,1,4,2,2013,11,5,8,0,0,1,1,10,4,3,2,8,0,1,4,0,0,0
201329050856,3,2,23,92,5,18.47175,1,5,6,2013,14,26,33,0,0,1,1,1,2,1,2,1,0,1,3,0,0,0
201329050862,6,2,41,92,5,232.48209,2,5,5,2013,17,17,12,1,0,2,1,1,0,0,2,1,0,2,1,0,0,0
201329050907,6,2,4,92,5,211.5855,2,6,6,2013,18,30,12,1,0,1,1,1,0,0,2,2,0,1,1,0,0,0
201329050910,1,2,4,92,5,3.3585,2,6,7,2013,11,40,12,6,0,2,1,1,3,2,2,2,0,2,1,0,0,0
201329050921,4,2,4,92,5,349.284,2,6,5,2013,22,20,12,6,0,2,3,10,1,1,2,2,0,3,1,0,0,0
201329050985,2,2,1,92,5,60.453,2,6,4,2013,6,50,12,1,1,18,1,1,0,0,2,3,0,1,1,28,0,0
201329050988,5,2,1,92,5,90.6795,2,6,4,2013,14,33,12,2,0,2,1,1,2,3,2,3,0,3,1,0,0,0
201329051003,4,2,1,92,5,349.284,2,6,2,2013,15,50,12,1,0,2,1,2,0,0,2,3,0,2,1,0,0,0
201329051045,3,2,1,92,5,20.151,2,6,6,2013,18,21,12,9,0,4,1,1,4,1,2,3,0,1,1,0,0,0
201329051112,4,2,16,92,5,344.22723,2,6,4,2013,17,50,12,7,1,18,1,2,0,0,2,1,0,1,1,0,0,0
201329051126,6,2,16,92,5,210.3611,2,6,5,2013,12,45,12,6,0,2,1,1,0,0,2,1,0,2,1,0,0,0
201329051130,5,2,16,92,5,95.61868,2,6,2,2013,14,57,12,1,0,1,1,2,1,1,2,1,0,1,1,0,0,0
201329051131,3,2,16,92,5,19.123735,1,4,3,2013,16,20,8,0,0,2,1,1,2,1,2,1,0,,1,,,
201329051132,3,2,16,92,5,19.123735,1,4,6,2013,19,50,8,0,0,2,3,1,2,1,2,1,0,3,1,0,0,0
201329051133,3,2,16,92,5,19.123735,1,4,7,2013,17,20,1,0,0,2,1,10,3,1,2,1,0,2,1,0,0,0
201329051134,3,2,16,92,5,19.123735,1,6,6,2013,8,30,1,0,0,2,1,10,2,1,2,1,0,2,1,0,0,0
201329051163,2,2,7,92,5,61.88103,2,6,2,2013,7,35,12,7,0,1,1,1,0,0,2,1,0,1,1,0,0,0
201329051197,4,2,3,92,5,349.284,2,6,1,2013,12,55,12,1,1,2,1,10,0,0,2,3,0,2,1,0,0,0
201329051232,1,2,3,92,5,3.3585,2,6,2,2013,20,43,12,2,0,2,3,1,3,4,1,3,0,2,1,0,0,0
201329051235,4,2,23,92,5,350.96326,2,6,3,2013,8,15,14,0,0,1,1,1,0,0,2,1,1,1,7,0,0,0
201329051241,4,2,11,92,5,350.23138,2,6,7,2013,16,20,12,6,0,2,1,1,0,0,2,1,0,3,1,0,0,0
201329051313,6,2,1,92,5,211.5855,1,6,4,2013,6,10,57,0,0,1,1,2,0,0,2,3,0,1,3,0,0,0
201329051353,4,2,1,92,5,349.284,2,6,1,2013,11,25,12,1,0,2,1,1,0,0,2,3,0,2,1,0,0,0
201329051365,4,2,41,92,5,371.97134,2,6,2,2013,17,10,12,1,0,2,1,1,0,0,2,1,0,2,1,0,0,0
201329051419,1,2,1,92,5,3.3585,1,6,1,2013,19,40,42,0,0,1,1,10,3,2,2,3,0,1,3,0,0,0
201329051420,3,2,1,92,5,20.151,1,6,6,2013,18,28,25,0,0,1,1,1,3,1,2,3,0,1,3,0,0,0
201329051482,5,2,41,92,5,92.992836,2,7,2,2013,18,0,12,1,0,2,1,10,2,2,2,1,0,2,1,0,0,0
201329051485,6,2,41,92,5,232.48209,2,7,4,2013,8,23,12,6,1,2,1,1,1,1,2,1,0,2,1,0,0,0
201329051503,3,2,38,92,5,46.915894,1,5,6,2013,16,55,8,0,0,1,1,1,3,1,2,1,0,1,1,0,0,0
201329051550,4,2,1,92,5,349.284,2,7,2,2013,10,20,45,0,0,4,1,1,0,0,2,3,1,1,2,0,0,0
201329051582,1,2,1,92,5,3.3585,2,7,7,2013,19,40,12,2,0,2,3,10,3,4,2,3,0,3,1,0,0,0
201329051624,1,2,1,92,5,3.3585,2,7,2,2013,18,0,12,2,0,1,1,1,3,2,2,3,0,1,1,0,0,0
201329051634,4,2,41,92,5,371.97134,2,7,5,2013,6,55,12,1,0,1,1,1,0,0,2,1,0,1,1,0,0,0
201329051707,6,2,3,92,5,211.5855,2,6,6,2013,14,53,12,6,0,2,1,1,1,1,2,3,0,2,1,0,0,0
201329051720,4,2,2,92,5,349.284,2,7,6,2013,10,37,12,6,0,2,1,1,0,0,2,2,0,,1,0,0,0
201329051758,1,2,11,92,5,10.300923,1,6,1,2013,3,41,25,0,0,1,2,1,3,1,2,1,0,1,3,0,0,0
201329051767,2,2,23,92,5,55.41525,2,7,3,2013,16,50,12,1,0,1,1,2,0,0,2,1,0,1,1,0,0,0
201329051768,1,2,23,92,5,18.47175,1,7,3,2013,1,23,33,0,0,1,3,1,3,1,2,1,0,1,4,0,0,0
201329051789,3,2,7,92,5,18.564308,1,6,6,2013,18,36,30,0,0,1,1,1,3,1,2,1,0,1,4,0,0,0
201329051816,1,2,4,92,5,3.3585,1,6,1,2013,18,7,39,0,0,1,1,2,3,2,2,2,0,1,4,0,0,0
201329051933,6,2,5,92,5,212.3601,1,6,6,2013,1,50,25,0,0,1,2,1,0,0,2,8,0,1,3,0,0,0
201329051943,5,2,5,92,5,90.09217,2,6,7,2013,19,15,12,6,0,1,1,1,2,2,2,8,0,1,1,0,0,0
201329051950,3,2,5,92,5,19.305466,1,6,1,2013,4,37,8,0,0,1,3,1,3,1,2,8,0,1,1,0,0,0
201329051955,2,2,5,92,5,57.916393,2,6,4,2013,16,20,12,6,0,1,1,1,2,1,2,8,0,1,1,0,0,0
201329051958,1,2,5,92,5,6.435155,1,6,1,2013,20,0,52,0,1,5,3,2,3,4,2,8,0,1,8,0,0,0
201329051959,1,2,5,92,5,6.435155,1,6,7,2013,7,35,25,0,0,1,1,1,3,1,1,8,0,1,3,0,0,0
201329051960,1,2,5,92,5,6.435155,2,6,2,2013,15,25,12,6,1,5,1,1,4,1,2,8,0,1,1,0,0,0
201329052026,3,2,1,92,5,20.151,2,7,3,2013,15,52,12,6,0,2,1,1,3,2,2,3,0,3,1,0,0,0
201329052042,4,2,1,92,5,349.284,2,7,4,2013,17,12,12,1,1,2,1,1,0,0,2,3,0,3,1,0,0,0
201329052048,6,2,1,92,5,211.5855,2,7,4,2013,10,45,12,1,0,2,1,2,1,1,2,3,0,2,1,0,0,0
201329052064,4,2,41,92,5,371.97134,2,7,1,2013,18,30,12,1,0,2,1,1,0,0,2,1,0,2,1,0,0,0
201329052093,3,2,15,92,5,16.057257,2,6,5,2013,18,58,12,1,0,2,1,1,3,1,2,1,0,3,1,0,0,0
201329052102,4,2,15,92,5,353.25964,2,7,1,2013,17,44,12,1,0,2,1,1,0,0,2,1,0,2,1,0,0,0
201329052176,3,2,3,92,5,20.151,1,7,1,2013,11,25,9,0,0,2,1,1,2,1,2,3,0,2,1,0,0,0
201329052188,4,2,7,92,5,352.72186,1,7,4,2013,17,25,30,0,0,1,1,1,0,0,2,1,0,1,4,0,0,0
201329052201,5,2,7,92,5,92.82155,2,7,4,2013,5,55,12,9,0,1,1,2,1,2,2,1,0,1,1,23,0,0
201329052217,6,2,11,92,5,206.01846,2,7,6,2013,12,50,12,1,0,1,1,1,0,0,2,1,0,1,1,0,0,0
201329052260,1,2,1,92,5,3.3585,2,7,6,2013,16,8,24,0,0,1,1,10,3,4,2,3,0,1,3,0,0,0
201329052332,1,2,1,92,5,3.3585,2,7,5,2013,15,10,12,6,0,2,1,1,3,2,2,3,0,2,1,0,0,0
201329052340,5,2,1,92,5,90.6795,2,7,3,2013,13,29,12,7,0,1,1,1,3,1,2,3,0,1,1,0,0,0
201329052374,4,2,1,92,5,349.284,2,7,6,2013,12,55,12,7,0,1,1,1,0,0,2,3,0,1,1,0,0,0
201329052380,4,2,41,92,5,371.97134,2,7,2,2013,17,15,12,1,0,2,1,1,0,0,2,1,0,2,1,0,0,0
201329052408,4,2,16,92,5,344.22723,2,6,4,2013,14,0,12,7,0,1,1,1,0,0,2,1,0,1,1,0,0,0
201329052419,3,2,16,92,5,19.123735,1,6,3,2013,11,25,8,0,0,2,1,1,2,1,2,1,0,2,1,0,0,0
201329052457,1,2,1,92,5,3.3585,1,7,2,2013,0,57,53,0,0,2,6,1,3,1,1,3,0,3,4,0,0,0
201329052504,3,2,1,92,5,20.151,1,7,5,2013,16,0,9,0,0,2,1,1,2,1,2,3,0,2,1,0,0,0
201329052513,3,2,41,92,5,46.496418,2,7,6,2013,13,0,12,1,0,2,1,2,2,1,2,1,0,2,1,0,0,0
201329052514,6,2,41,92,5,232.48209,3,7,6,2013,17,25,12,1,1,18,1,1,0,0,2,1,0,1,1,28,0,0
201329052515,4,2,41,92,5,371.97134,2,7,2,2013,14,4,12,1,0,2,1,10,0,0,2,1,0,2,1,0,0,0
201329052560,1,2,1,92,5,3.3585,4,8,7,2013,2,45,14,0,0,1,6,1,3,2,1,3,3,1,7,0,0,0
201329052578,6,2,1,92,5,211.5855,2,8,2,2013,16,55,12,1,0,2,1,10,0,0,2,3,0,2,1,0,0,0
201329052609,4,2,1,92,5,349.284,2,7,4,2013,15,35,12,1,0,2,1,1,0,0,2,3,0,3,1,0,0,0
201329052621,1,2,1,92,5,3.3585,1,7,1,2013,10,5,19,0,0,1,1,1,3,2,2,3,0,1,3,0,0,0
201329052633,3,2,1,92,5,20.151,2,8,6,2013,12,28,12,6,0,2,1,10,3,1,2,3,0,2,1,0,0,0
201329052672,1,2,7,92,5,6.188103,3,7,5,2013,7,8,12,6,0,2,1,1,3,2,2,1,0,2,1,0,0,0
201329052711,3,2,11,92,5,20.601847,3,7,7,2013,12,30,12,1,0,1,1,1,2,1,2,1,0,1,1,0,0,0
201329052732,3,2,23,92,5,18.47175,2,8,7,2013,20,30,12,6,0,4,1,1,2,1,2,1,0,1,1,0,0,0