CASENUM,STRATUM,REGION,PJ,PSU,PSUSTRAT,WEIGHT,VE_TOTAL,MONTH,WKDY_IM,YEAR,HOUR_IM,MINUTE_IM,EVENT1_IM,MANCOL_IM,RELJCT1_IM,RELJCT2_IM,LGTCON_IM,WEATHR_IM,MAXSEV_IM,NO_INJ_IM,ALCHL_IM,LAND_USE,PVH_INVL,TYP_INT,REL_ROAD,CF1,CF2,CF3
201329052745,4,2,3,92,5,349.284,2,8,7,2013,13,36,12,11,0,2,1,1,0,0,2,3,0,2,1,0,0,0
201329052831,3,2,4,92,5,20.151,4,7,2,2013,14,27,12,7,0,1,1,10,2,1,2,2,0,1,1,0,0,0
201329052867,1,2,4,92,5,3.3585,2,7,3,2013,20,8,12,7,0,1,1,1,3,1,2,2,0,1,1,0,0,0
201329052891,4,2,5,92,5,347.49838,2,7,4,2013,17,35,12,1,0,1,1,1,0,0,2,8,0,1,1,0,0,0
201329052895,1,2,5,92,5,6.435155,1,7,2,2013,21,54,30,0,0,1,3,1,3,1,2,8,0,1,4,0,0,0
201329052908,1,2,5,92,5,6.435155,1,7,4,2013,7,15,33,0,0,1,1,10,3,1,2,8,0,1,4,0,0,0
201329052913,2,2,5,92,5,57.916393,1,7,3,2013,10,48,23,0,0,1,1,10,3,1,2,8,0,1,3,0,0,0
201329052914,1,2,5,92,5,6.435155,1,7,7,2013,9,35,1,0,0,1,1,1,4,2,2,8,0,1,1,0,0,0
201329052929,1,2,5,92,5,6.435155,1,7,5,2013,19,43,35,0,0,1,1,1,3,1,2,8,0,1,3,0,0,0
201329052955,1,2,5,92,5,6.435155,1,7,6,2013,18,39,33,0,0,1,1,1,4,2,2,8,0,1,4,0,0,0
201329052956,3,2,5,92,5,19.305466,2,7,7,2013,21,10,1,0,0,2,3,1,2,1,2,8,0,2,1,0,0,0
201329052959,5,2,5,92,5,90.09217,2,7,4,2013,12,25,12,6,1,5,1,10,1,1,2,8,0,1,1,0,0,0
201329052970,1,2,5,92,5,6.435155,3,7,3,2013,17,38,12,7,0,1,1,1,3,1,2,8,0,1,1,0,0,0
201329052976,6,2,5,92,5,212.3601,1,7,1,2013,16,50,20,0,0,1,1,1,1,2,2,8,0,1,5,0,0,0
201329053021,1,2,1,92,5,3.3585,2,8,3,2013,23,22,12,6,0,2,3,1,3,3,2,3,0,2,1,0,0,0
201329053053,1,2,1,92,5,3.3585,2,8,1,2013,19,5,12,6,0,2,1,1,3,1,2,3,0,2,1,0,0,0
201329053105,5,2,1,92,5,90.6795,2,8,6,2013,13,40,12,6,0,2,1,10,2,2,2,3,0,2,1,0,0,0
201329053109,4,2,41,92,5,371.97134,2,8,2,2013,19,52,12,6,0,4,3,1,0,0,2,1,0,1,1,0,0,0
201329053112,3,2,41,92,5,46.496418,2,8,7,2013,16,25,12,7,0,1,1,1,3,2,2,1,0,1,1,20,0,0
201329053150,4,2,1,92,5,349.284,2,8,1,2013,22,40,53,0,0,4,3,1,0,0,2,3,1,1,4,0,0,0
201329053152,1,2,1,92,5,3.3585,1,8,7,2013,8,46,1,0,1,19,1,1,3,1,2,3,0,1,4,0,0,0
201329053187,3,2,41,92,5,46.496418,5,8,5,2013,17,35,12,1,0,2,1,1,2,2,2,1,0,2,1,28,0,0
201329053188,3,2,41,92,5,46.496418,2,8,6,2013,9,45,12,6,0,2,1,1,2,1,2,1,0,2,1,0,0,0
201329053202,6,2,16,92,5,210.3611,3,8,4,2013,9,32,12,1,1,18,1,1,2,2,2,1,0,1,1,0,0,0
201329053215,3,2,16,92,5,19.123735,2,6,7,2013,15,56,12,6,0,2,1,1,2,1,2,1,0,2,1,0,0,0
201329053219,4,2,16,92,5,344.22723,2,6,6,2013,15,17,12,7,0,1,1,1,0,0,2,1,0,1,1,28,0,0
201329053224,2,2,16,92,5,57.37121,2,6,6,2013,13,13,12,6,0,4,1,1,1,1,2,1,0,1,1,0,0,0
201329053228,3,2,16,92,5,19.123735,1,6,7,2013,0,56,1,0,0,2,3,1,3,2,1,1,0,2,1,0,0,0
201329053231,3,2,16,92,5,19.123735,2,7,4,2013,12,37,12,6,0,1,1,1,3,1,2,1,0,1,1,0,0,0
201329053238,3,2,16,92,5,19.123735,2,7,4,2013,10,39,12,1,0,1,1,1,2,2,2,1,0,1,1,28,0,0
201329053289,3,2,3,92,5,20.151,2,8,3,2013,12,10,12,1,0,1,1,1,2,1,2,3,0,1,1,0,0,0
201329053325,3,2,1,92,5,20.151,1,7,4,2013,20,30,8,0,0,2,3,1,2,1,2,3,0,3,1,0,0,0
201329053328,4,2,11,92,5,350.23138,2,7,3,2013,13,8,12,1,0,2,1,1,0,0,2,1,0,,1,0,0,0
201329053343,4,2,23,92,5,350.96326,2,8,3,2013,8,35,12,1,0,2,1,1,0,0,2,1,0,2,1,28,0,0
201329053344,3,2,23,92,5,18.47175,1,8,3,2013,8,11,8,0,0,2,1,1,2,1,2,1,0,2,1,,,
201329053354,6,2,23,92,5,203.18925,2,7,4,2013,8,5,12,8,0,4,1,10,0,0,2,1,0,1,1,0,0,0
201329053401,3,2,15,92,5,16.057257,3,8,7,2013,15,3,12,1,0,2,1,1,2,1,2,1,0,2,1,0,0,0
201329053407,3,2,15,92,5,16.057257,1,8,7,2013,19,44,8,0,0,2,1,1,3,1,2,1,0,2,1,,,
201329053480,6,2,1,92,5,211.5855,2,8,2,2013,14,25,12,6,0,2,1,1,0,0,2,3,0,2,1,0,0,0
201329053491,4,2,41,92,5,371.97134,2,8,6,2013,17,30,12,1,0,2,1,1,0,0,2,1,0,2,1,0,0,0
201329053505,1,2,4,92,5,3.3585,2,8,2,2013,8,44,12,7,0,1,1,1,3,3,2,2,0,1,1,28,0,0
201329053520,4,2,4,92,5,349.284,2,8,6,2013,8,35,12,1,0,2,1,1,0,0,2,2,0,2,1,0,0,0
201329053522,3,2,4,92,5,20.151,2,8,5,2013,20,38,12,1,0,2,3,1,2,1,2,2,0,3,1,0,0,0
201329053602,4,2,1,92,5,349.284,2,8,2,2013,13,4,12,1,0,2,1,10,0,0,2,3,0,2,1,0,0,0
201329053631,3,2,1,92,5,20.151,1,9,6,2013,3,15,25,0,0,1,1,1,2,2,2,3,0,1,3,0,0,0
201329053632,1,2,1,92,5,3.3585,1,9,7,2013,11,5,42,0,0,1,1,1,3,2,2,3,0,1,4,0,0,0
201329053712,5,2,41,92,5,92.992836,2,8,5,2013,17,13,12,6,0,2,1,1,2,3,2,1,0,2,1,0,0,0
201329053764,3,2,2,92,5,20.151,1,8,2,2013,17,15,9,0,0,2,1,1,2,1,2,2,0,3,1,16,28,0
201329053790,3,2,23,92,5,18.47175,1,8,5,2013,13,5,9,0,0,1,1,1,2,1,2,1,0,1,1,0,0,0
201329053792,3,2,23,92,5,18.47175,2,9,1,2013,20,20,1,0,0,4,3,1,2,1,2,1,0,1,1,0,0,0
201329053802,6,2,7,92,5,210.39551,1,8,5,2013,13,40,58,0,0,1,1,1,2,1,2,1,0,1,1,0,0,0
201329053815,3,2,7,92,5,18.564308,2,8,1,2013,18,10,12,1,1,2,1,1,2,4,2,1,0,2,1,0,0,0
201329053820,1,2,1,92,5,3.3585,1,9,7,2013,15,20,42,0,0,1,1,1,3,1,2,3,0,1,4,0,0,0
201329053851,3,2,1,92,5,20.151,1,9,7,2013,6,48,5,0,0,1,2,1,2,1,2,3,0,1,1,0,0,0
201329053861,1,2,1,92,5,3.3585,2,9,2,2013,18,0,12,6,0,2,1,1,3,3,2,3,0,3,1,0,0,0
201329053873,4,2,41,92,5,371.97134,2,9,1,2013,14,30,12,7,0,2,1,1,0,0,2,1,0,2,1,0,0,0
201329053880,1,2,1,92,5,3.3585,2,8,7,2013,7,25,14,0,0,1,1,1,4,1,2,3,1,1,5,0,0,0
201329053909,4,2,5,92,5,347.49838,2,8,7,2013,16,25,12,7,0,1,1,1,0,0,2,8,0,1,1,0,0,0
201329053926,1,2,5,92,5,6.435155,1,8,5,2013,9,26,25,0,1,19,1,1,3,1,2,8,0,1,4,0,0,0
201329053961,2,2,5,92,5,57.916393,2,8,6,2013,5,30,12,7,0,1,3,10,0,0,2,8,0,1,1,0,0,0
201329053974,4,2,16,92,5,344.22723,2,7,2,2013,12,30,14,0,0,1,1,1,0,0,2,1,1,1,7,0,0,0
201329053983,3,2,16,92,5,19.123735,1,7,3,2013,20,20,9,0,0,2,3,10,3,1,2,1,0,3,1,0,0,0
201329053996,4,2,16,92,5,344.22723,2,7,4,2013,9,14,12,7,0,1,1,10,0,0,2,1,0,1,1,0,0,0
201329054010,6,2,16,92,5,210.3611,2,9,3,2013,7,20,12,6,0,4,1,1,0,0,2,1,0,1,1,0,0,0
201329054051,4,2,3,92,5,349.284,2,9,6,2013,9,51,12,6,0,2,1,1,0,0,2,3,0,3,1,0,0,0
201329054069,3,2,3,92,5,20.151,1,8,3,2013,21,4,8,0,0,2,3,1,3,1,2,3,0,2,1,0,0,0
201329054092,5,2,3,92,5,90.6795,4,9,6,2013,6,40,12,1,0,1,1,1,2,2,2,3,0,1,1,0,0,0
201329054094,2,2,3,92,5,60.453,2,9,3,2013,17,18,12,6,0,1,1,1,1,1,2,3,0,1,1,0,0,0
201329054125,6,2,11,92,5,206.01846,2,8,5,2013,20,47,12,6,0,2,3,1,0,0,2,1,0,2,1,0,0,0
201329054126,5,2,11,92,5,92.708305,2,8,5,2013,10,10,12,6,0,4,1,1,3,1,2,1,0,1,1,0,0,0
201329054168,4,2,1,92,5,349.284,2,9,6,2013,15,0,12,7,0,2,1,1,0,0,2,3,0,2,1,0,0,0
201329054211,6,2,1,92,5,211.5855,2,9,4,2013,7,28,12,1,0,1,1,2,1,2,2,3,0,1,1,0,0,0
201329054294,5,2,1,92,5,90.6795,1,9,6,2013,0,26,25,0,0,1,2,1,1,1,2,3,0,1,3,0,0,0
201329054298,3,2,1,92,5,20.151,1,8,3,2013,22,30,1,0,0,2,3,1,2,1,2,3,0,2,1,0,0,0
201329054320,4,2,41,92,5,371.97134,2,9,2,2013,5,23,12,1,0,2,3,1,0,0,2,1,0,2,1,0,0,0
201329054355,4,2,1,92,5,349.284,2,9,1,2013,20,0,12,6,0,2,3,10,0,0,2,3,0,2,1,0,0,0
201329054370,1,2,1,92,5,3.3585,1,9,3,2013,14,50,59,0,0,4,1,1,3,1,2,3,0,1,4,0,0,0
201329054445,1,2,1,92,5,3.3585,3,9,5,2013,13,20,12,2,0,2,1,1,3,2,2,3,1,2,1,0,0,0
201329054461,5,2,41,92,5,92.992836,3,9,4,2013,15,51,12,6,0,2,1,10,2,1,2,1,0,2,1,0,0,0
201329054462,6,2,41,92,5,232.48209,2,9,6,2013,12,5,12,6,0,2,1,1,0,0,2,1,0,2,1,0,0,0
201329054463,4,2,41,92,5,371.97134,2,9,6,2013,11,0,12,7,0,4,1,10,0,0,2,1,0,1,1,0,0,0
201329054466,1,2,41,92,5,46.496418,2,9,6,2013,14,48,12,6,0,2,1,2,3,4,2,1,0,2,1,0,0,0
201329054467,3,2,41,92,5,46.496418,1,9,1,2013,11,30,1,0,0,2,1,1,3,1,2,1,0,2,1,0,0,0
201329054514,6,2,4,92,5,211.5855,2,9,7,2013,16,49,12,1,0,1,1,1,0,0,2,2,0,1,1,28,0,0
201329054554,1,2,4,92,5,3.3585,2,8,6,2013,19,45,12,6,0,2,1,10,3,3,1,2,0,2,1,0,0,0
201329054583,4,2,16,92,5,344.22723,2,9,4,2013,16,25,12,6,0,1,1,1,0,0,2,1,0,1,1,0,0,0
201329054590,3,2,16,92,5,19.123735,1,8,5,2013,18,25,9,0,0,2,1,10,2,1,2,1,0,3,1,0,0,0
201329054596,5,2,16,92,5,95.61868,3,9,6,2013,15,34,25,0,1,19,1,10,2,2,2,1,0,1,3,0,0,0
201329054670,4,2,1,92,5,349.284,2,9,1,2013,19,24,12,6,0,2,3,1,0,0,2,3,0,3,1,0,0,0
201329054676,3,2,1,92,5,20.151,1,9,4,2013,18,45,43,0,0,2,1,2,2,1,2,3,0,3,4,0,0,0
201329054694,1,2,1,92,5,3.3585,1,9,7,2013,15,3,33,0,0,2,1,10,3,1,2,3,0,2,4,0,0,0
201329054763,4,2,7,92,5,352.72186,2,9,1,2013,15,19,12,1,0,2,1,1,1,1,1,1,0,3,1,0,0,0
201329054836,4,2,23,92,5,350.96326,2,9,6,2013,7,48,12,1,0,2,1,2,0,0,2,1,0,2,1,0,0,0
201329054851,1,2,11,92,5,10.300923,1,9,3,2013,9,3,43,0,0,1,1,1,3,1,2,1,0,1,5,0,0,0
201329054876,4,2,38,92,5,328.41125,2,9,5,2013,8,48,12,11,0,2,1,1,0,0,2,1,0,2,1,0,0,0
201329054877,1,2,7,92,5,6.188103,2,9,3,2013,20,43,12,2,0,2,3,2,3,2,2,1,0,3,1,0,0,0
201329054880,6,2,1,92,5,211.5855,1,10,1,2013,22,50,26,0,0,2,3,2,0,0,2,3,0,2,4,0,0,0
201329054953,4,2,1,92,5,349.284,2,10,3,2013,16,30,12,1,0,2,1,1,0,0,2,3,0,2,1,0,0,0
201329055036,4,2,41,92,5,371.97134,2,10,6,2013,11,45,12,1,0,2,1,1,0,0,2,1,0,2,1,0,0,0
201329055044,4,2,41,92,5,371.97134,2,10,3,2013,13,27,12,1,0,2,1,1,0,0,2,1,0,2,1,0,0,0
201329055064,5,2,5,92,5,90.09217,4,9,3,2013,8,30,12,1,0,1,1,1,2,3,2,8,0,1,1,28,0,0
201329055065,3,2,5,92,5,19.305466,3,9,7,2013,20,20,12,1,0,1,2,1,4,1,2,8,0,1,1,0,0,0
201329055069,1,2,5,92,5,6.435155,1,9,6,2013,20,50,35,0,1,5,2,1,3,1,1,8,0,1,4,0,0,0
201329055096,1,2,5,92,5,6.435155,4,9,4,2013,7,56,12,1,0,1,1,1,3,1,2,8,0,1,1,28,0,0
201329055103,4,2,5,92,5,347.49838,2,9,7,2013,17,45,12,7,0,1,1,1,0,0,2,8,0,1,1,0,0,0
201329055116,6,2,5,92,5,212.3601,1,9,4,2013,11,50,51,0,0,1,1,1,0,0,2,8,0,1,1,0,0,0
201329055170,4,2,16,92,5,344.22723,2,8,3,2013,10,25,14,0,0,1,1,1,1,1,2,1,1,1,7,0,0,0
201329055175,6,2,16,92,5,210.3611,2,8,5,2013,16,30,12,8,0,2,1,1,0,0,2,1,0,2,1,0,0,0
201329055206,4,2,2,92,5,349.284,2,10,6,2013,16,53,12,1,0,1,1,1,0,0,2,2,0,1,1,0,0,0
201329055231,6,2,23,92,5,203.18925,2,10,1,2013,11,30,12,6,0,2,1,1,0,0,2,1,0,2,1,0,0,0
201329055234,3,2,11,92,5,20.601847,1,10,7,2013,17,12,9,0,0,2,1,1,2,1,2,1,0,3,1,0,0,0
201329055236,1,2,11,92,5,10.300923,4,10,4,2013,12,19,12,1,0,1,1,1,3,3,2,1,0,1,1,0,0,0
201329055240,4,2,11,92,5,350.23138,2,10,3,2013,17,15,12,1,0,1,1,1,0,0,2,1,0,1,1,28,0,0
201329055246,5,2,7,92,5,92.82155,1,10,7,2013,12,47,24,0,1,19,1,10,1,1,2,1,0,1,8,0,0,0
201329055252,3,2,7,92,5,18.564308,2,10,4,2013,13,54,12,1,0,1,1,10,3,2,2,1,0,1,1,0,0,0
201329055283,3,2,3,92,5,20.151,1,10,1,2013,1,43,8,0,0,1,3,1,3,1,1,3,0,1,1,16,0,0
201329055287,6,2,3,92,5,211.5855,2,10,1,2013,15,19,12,6,0,4,1,1,0,0,2,3,0,1,1,0,0,0
201329055328,4,2,3,92,5,349.284,3,10,3,2013,8,55,54,11,0,1,1,1,0,0,2,3,0,1,1,14,0,0
201329055384,1,2,1,92,5,3.3585,1,10,6,2013,21,7,42,0,0,2,3,1,3,2,2,3,0,3,4,0,0,0
201329055412,4,2,1,92,5,349.284,2,10,1,2013,23,35,12,1,0,2,3,1,0,0,2,3,0,2,1,0,0,0
201329055429,3,2,1,92,5,20.151,2,10,5,2013,16,0,12,6,0,4,1,1,3,1,2,3,0,1,1,0,0,0
201329055438,1,2,1,92,5,3.3585,1,10,2,2013,2,14,46,0,0,2,3,1,4,1,2,3,0,2,4,0,0,0
201329055442,6,2,1,92,5,211.5855,1,10,3,2013,3,29,19,0,0,1,3,1,2,1,2,3,0,1,5,0,0,0
201329055486,3,2,15,92,5,16.057257,1,10,6,2013,17,47,8,0,0,2,1,1,3,1,2,1,0,3,1,0,0,0
201329055487,4,2,15,92,5,353.25964,2,10,4,2013,17,16,12,1,0,2,1,1,0,0,2,1,0,2,1,0,0,0
201329055490,5,2,15,92,5,96.343544,1,10,4,2013,3,46,30,0,0,1,3,10,2,2,2,1,0,1,4,0,0,0
201329055520,5,2,1,92,5,90.6795,2,10,2,2013,13,5,12,6,0,2,1,10,2,4,2,3,0,2,1,0,0,0
201329055549,6,2,41,92,5,232.48209,2,10,6,2013,15,2,12,6,0,2,1,10,0,0,2,1,0,2,1,0,0,0
201329055590,4,2,4,92,5,349.284,2,9,1,2013,13,4,12,11,0,2,1,1,0,0,2,2,0,3,1,0,0,0
201329055763,1,2,1,92,5,3.3585,2,10,5,2013,7,52,12,2,0,4,1,1,3,2,2,3,0,1,1,0,0,0
201329055787,3,2,1,92,5,20.151,2,10,2,2013,18,40,12,1,0,2,3,1,2,1,2,3,0,3,1,0,0,0
201329055821,4,2,1,92,5,349.284,2,10,2,2013,14,55,12,11,0,2,1,1,0,0,2,3,0,2,1,0,0,0
201329055868,4,2,41,92,5,371.97134,2,10,4,2013,6,22,12,1,0,1,3,2,0,0,2,1,0,1,1,19,0,0
201329055872,6,2,41,92,5,232.48209,2,10,4,2013,14,55,12,6,0,4,1,10,0,0,2,1,0,1,1,0,0,0
201329055878,4,2,41,92,5,371.97134,2,10,7,2013,15,35,12,1,0,1,1,1,0,0,2,1,0,1,1,0,0,0
201329055890,3,2,16,92,5,19.123735,2,10,3,2013,14,0,12,1,1,5,1,1,2,1,2,1,0,1,1,0,0,0
201329055894,3,2,16,92,5,19.123735,1,10,5,2013,13,39,9,0,0,2,1,1,3,1,2,1,0,3,1,0,0,0
201329055928,5,2,41,92,5,92.992836,2,11,1,2013,14,35,12,6,0,2,1,1,1,1,2,1,0,2,1,0,0,0
201329055943,3,2,1,92,5,20.151,2,10,4,2013,15,0,12,1,0,2,1,10,2,1,2,3,0,2,1,0,0,0
201329056019,4,2,1,92,5,349.284,2,9,6,2013,19,10,12,1,0,2,1,1,0,0,2,3,0,2,1,0,0,0
201329056062,1,2,16,92,5,19.123735,2,10,2,2013,14,0,12,2,0,2,1,1,3,2,2,1,0,2,1,0,0,0
201329056066,4,2,16,92,5,344.22723,2,10,5,2013,13,47,12,1,1,17,1,2,1,1,2,1,0,1,1,0,0,0
201329056070,6,2,16,92,5,210.3611,4,10,5,2013,18,58,12,1,0,1,3,1,0,0,2,1,0,1,1,0,0,0
201329056093,4,2,16,92,5,344.22723,2,10,2,2013,17,10,12,1,1,17,1,1,0,0,2,1,0,1,1,0,0,0
201329056106,1,2,5,92,5,6.435155,5,10,6,2013,16,45,12,1,0,1,1,1,3,3,2,8,0,1,1,28,0,0
201329056110,2,2,5,92,5,57.916393,3,10,3,2013,18,18,12,6,1,18,1,10,3,1,2,8,0,1,1,0,0,0
201329056116,1,2,5,92,5,6.435155,1,10,4,2013,12,10,35,0,0,1,1,1,3,2,2,8,0,1,4,0,0,0
201329056120,3,2,5,92,5,19.305466,1,10,3,2013,21,0,59,0,0,1,3,1,4,1,2,8,0,1,4,0,0,0
201329056143,1,2,5,92,5,6.435155,2,10,6,2013,19,25,12,2,0,2,3,1,4,3,2,8,0,2,1,0,0,0
201329056146,4,2,5,92,5,347.49838,2,10,7,2013,19,0,12,1,0,1,1,10,0,0,2,8,0,1,1,0,0,0
201329056153,5,2,5,92,5,90.09217,3,10,2,2013,15,40,12,1,0,1,1,1,2,1,2,8,0,1,1,0,0,0
201329056156,1,2,5,92,5,6.435155,5,10,4,2013,8,5,12,1,0,1,1,1,3,1,2,8,0,1,1,28,0,0
201329056210,6,2,5,92,5,212.3601,2,10,2,2013,12,25,12,1,1,5,1,1,0,0,2,8,0,1,1,0,0,0
201329056220,3,2,23,92,5,18.47175,2,11,6,2013,9,0,12,1,0,2,1,1,2,1,2,1,0,2,1,0,0,0
201329056223,6,2,23,92,5,203.18925,2,11,6,2013,15,15,12,2,0,4,1,1,0,0,2,1,0,1,1,0,0,0
201329056228,4,2,23,92,5,350.96326,2,10,1,2013,15,24,12,1,0,2,1,1,0,0,2,1,0,2,1,0,0,0
201329056238,1,2,7,92,5,6.188103,1,11,6,2013,2,33,53,0,0,1,3,10,3,1,2,1,0,1,4,0,0,0
201329056242,4,2,7,92,5,352.72186,2,11,3,2013,10,41,12,8,0,4,1,10,0,0,2,1,0,1,1,0,0,0
201329056253,6,2,7,92,5,210.39551,2,11,3,2013,18,15,12,6,0,2,2,1,0,0,2,1,0,2,1,0,0,0
201329056272,6,2,11,92,5,206.01846,2,11,6,2013,14,12,12,6,0,2,1,1,0,0,2,1,0,2,1,0,0,0
201329056280,4,2,11,92,5,350.23138,2,10,4,2013,14,50,12,6,0,4,1,1,0,0,2,1,0,1,1,0,0,0
201329056312,3,2,3,92,5,20.151,1,11,2,2013,16,10,8,0,0,1,1,10,2,1,2,3,0,1,1,0,0,0
201329056371,6,2,15,92,5,208.74434,1,10,5,2013,18,30,19,0,0,4,3,10,0,0,2,1,0,1,5,0,0,0
201329056387,3,2,41,92,5,46.496418,1,10,5,2013,12,57,8,0,0,1,1,2,3,1,2,1,0,1,1,0,0,0
201329056448,4,2,41,92,5,371.97134,2,11,1,2013,20,35,12,6,0,2,3,1,0,0,2,1,0,2,1,0,0,0
201329056462,3,2,1,92,5,20.151,1,11,6,2013,19,52,8,0,0,2,2,1,2,1,2,3,0,2,1,0,0,0
201329056507,1,2,1,92,5,3.3585,3,11,6,2013,20,18,12,6,0,2,3,1,3,3,2,3,0,2,1,0,0,0
201329056518,1,2,1,92,5,3.3585,1,11,5,2013,8,15,59,0,0,1,1,2,4,1,2,3,0,1,4,0,0,0
201329056525,6,2,1,92,5,211.5855,2,11,5,2013,16,10,12,1,0,1,1,10,0,0,2,3,0,1,1,28,0,0
201329056539,4,2,1,92,5,349.284,2,11,7,2013,19,20,12,6,0,2,3,1,0,0,2,3,0,2,1,0,0,0
201329056547,1,2,1,92,5,3.3585,2,11,3,2013,20,55,12,2,0,1,3,1,3,4,2,3,0,1,1,0,0,0
201329056551,6,2,41,92,5,232.48209,2,11,2,2013,9,45,12,1,0,2,1,10,0,0,2,1,0,2,1,0,0,0
201329056552,4,2,41,92,5,371.97134,2,11,3,2013,6,25,12,7,0,2,3,4,0,0,2,1,0,2,1,0,0,0
201329056553,5,2,41,92,5,92.992836,2,11,3,2013,9,50,12,1,0,2,1,1,1,2,2,1,0,2,1,0,0,0
201329056564,4,2,41,92,5,371.97134,2,11,7,2013,13,31,12,1,1,2,1,10,0,0,2,1,0,2,1,0,0,0
201329056580,1,2,1,92,5,3.3585,1,11,3,2013,15,0,53,0,0,2,1,1,3,1,2,3,0,2,4,0,0,0
201329056608,4,2,3,92,5,349.284,2,11,4,2013,7,45,12,8,0,1,1,1,0,0,2,3,0,1,1,0,0,0
201329056649,6,2,2,92,5,211.5855,2,11,1,2013,15,15,12,6,0,4,1,1,2,2,2,2,0,1,1,0,0,0
201329056676,1,2,7,92,5,6.188103,3,11,3,2013,19,40,12,1,0,1,3,1,3,2,2,1,0,1,1,0,0,0
201329056688,3,2,16,92,5,19.123735,1,11,6,2013,8,52,8,0,0,2,1,1,2,1,2,1,0,2,1,0,0,0
201329056695,3,2,16,92,5,19.123735,1,9,3,2013,6,52,1,0,0,1,1,1,3,1,2,1,0,1,1,0,0,0
201329056697,3,2,16,92,5,19.123735,1,9,1,2013,9,29,9,0,0,2,1,1,2,1,2,1,0,,1,16,0,0
201329056699,3,2,16,92,5,19.123735,1,9,6,2013,15,55,8,0,0,4,1,1,2,1,2,1,0,1,1,0,0,0
201329056757,3,2,4,92,5,20.151,2,11,3,2013,7,39,12,6,0,2,1,2,3,1,2,2,0,2,1,0,0,0
201329056794,5,2,4,92,5,90.6795,2,11,3,2013,8,47,12,6,0,1,1,2,2,1,2,2,0,1,1,0,0,0
201329056865,3,2,41,92,5,46.496418,1,12,2,2013,12,56,9,0,0,2,1,10,2,1,2,1,0,2,1,0,0,0
201329056870,4,2,41,92,5,371.97134,2,11,6,2013,20,30,12,6,0,2,3,1,0,0,2,1,0,2,1,0,0,0
201329056948,1,2,1,92,5,3.3585,1,11,7,2013,20,44,42,0,0,1,2,1,3,1,2,3,0,1,4,0,0,0
201329056951,1,2,1,92,5,3.3585,4,11,5,2013,19,18,12,6,0,2,3,2,3,3,2,3,0,2,1,0,0,0
201329056965,6,2,41,92,5,232.48209,1,12,2,2013,7,5,25,0,0,1,1,10,0,0,2,1,0,1,3,0,0,0
201329056971,4,2,41,92,5,371.97134,2,12,5,2013,6,35,12,1,0,2,1,2,0,0,2,1,0,3,1,0,0,0
201329056983,1,2,5,92,5,6.435155,2,11,3,2013,7,25,12,1,0,1,1,1,3,2,2,8,0,1,1,0,0,0
201329056989,2,2,5,92,5,57.916393,1,11,4,2013,9,29,59,0,0,1,1,2,0,0,2,8,0,1,4,0,0,0
201329057017,4,2,5,92,5,347.49838,2,11,2,2013,14,35,12,7,0,1,1,10,0,0,2,8,0,1,1,0,0,0
201329057030,1,2,5,92,5,6.435155,2,10,5,2013,18,0,12,2,0,1,2,2,4,4,2,8,0,1,1,0,0,0
201329057035,5,2,5,92,5,90.09217,2,11,3,2013,20,48,12,1,0,1,2,1,1,1,2,8,0,1,1,19,27,0
201329057068,6,2,5,92,5,212.3601,5,11,5,2013,15,35,12,6,0,1,1,10,0,0,2,8,0,1,1,0,0,0
201329057071,1,2,5,92,5,6.435155,2,11,3,2013,18,0,12,2,0,1,2,1,3,3,2,8,0,1,1,0,0,0
201329057072,3,2,5,92,5,19.305466,1,11,5,2013,16,30,8,0,0,1,1,1,3,1,2,8,0,1,1,0,0,0
201329057170,1,2,7,92,5,6.188103,1,12,2,2013,19,10,25,0,0,2,2,1,3,3,2,1,0,3,5,0,0,0
201329057184,1,2,7,92,5,6.188103,1,11,5,2013,2,58,39,0,0,1,3,1,3,1,2,1,0,1,4,0,0,0
201329057190,3,2,7,92,5,18.564308,1,11,5,2013,19,0,8,0,0,1,3,1,3,1,2,1,0,1,1,0,0,0
201329057205,6,2,23,92,5,203.18925,2,12,1,2013,17,35,12,6,0,2,3,1,0,0,2,1,0,3,1,0,0,0
201329057213,3,2,11,92,5,20.601847,1,12,4,2013,11,24,9,0,0,2,1,1,2,1,2,1,0,2,1,0,0,0
201329057262,5,2,1,92,5,90.6795,1,11,2,2013,10,48,35,0,1,19,1,1,3,1,2,3,0,1,4,0,0,0
201329057291,4,2,1,92,5,349.284,1,12,1,2013,21,45,59,0,0,2,3,1,0,0,2,3,0,3,4,0,0,0
201329057298,2,2,1,92,5,60.453,2,12,6,2013,7,55,12,6,0,2,1,1,0,0,2,3,0,3,1,0,0,0
201329057322,3,2,1,92,5,20.151,2,12,4,2013,11,20,12,6,1,2,1,1,2,2,2,3,0,2,1,0,0,0
201329057360,4,2,15,92,5,353.25964,2,11,4,2013,12,42,12,2,0,2,1,10,0,0,2,1,0,2,1,0,0,0
201329057363,3,2,15,92,5,16.057257,1,11,5,2013,17,15,8,0,0,1,5,2,3,1,2,1,0,1,1,0,0,0