CASENUM,STRATUM,REGION,PJ,PSU,PSUSTRAT,WEIGHT,VE_TOTAL,MONTH,WKDY_IM,YEAR,HOUR_IM,MINUTE_IM,EVENT1_IM,MANCOL_IM,RELJCT1_IM,RELJCT2_IM,LGTCON_IM,WEATHR_IM,MAXSEV_IM,NO_INJ_IM,ALCHL_IM,LAND_USE,PVH_INVL,TYP_INT,REL_ROAD,CF1,CF2,CF3
201329104591,6,2,3,93,6,189.1268,2,6,5,2013,16,15,12,6,0,2,1,10,0,0,2,8,0,2,1,0,0,0
201329104596,4,2,4,93,6,378.2536,1,6,5,2013,0,30,11,0,0,1,6,1,0,0,2,8,0,1,1,0,0,0
201329104601,4,2,8,93,6,378.2536,2,6,1,2013,20,12,12,1,0,2,1,10,0,0,2,1,0,2,1,0,0,0
201329104605,4,2,8,93,6,378.2536,2,6,7,2013,14,14,12,1,0,2,1,10,0,0,2,1,0,2,1,0,0,0
201329104620,5,2,2,93,6,94.5634,1,4,7,2013,5,28,34,0,0,1,4,1,1,1,2,8,0,1,4,0,0,0
201329104622,5,2,2,93,6,94.5634,2,5,1,2013,19,25,12,2,0,4,1,10,2,4,2,8,0,1,1,0,0,0
201329104623,4,2,2,93,6,378.2536,1,6,2,2013,11,35,11,0,0,1,1,1,0,0,2,8,0,1,1,0,0,0
201329104629,4,2,2,93,6,378.2536,1,6,3,2013,15,15,11,0,0,1,1,1,0,0,2,8,0,1,1,0,0,0
201329104631,6,2,5,93,6,189.1268,1,5,7,2013,11,30,11,0,0,1,1,1,0,0,2,8,0,1,1,0,0,0
201329104632,1,2,5,93,6,94.5634,2,6,7,2013,22,10,12,2,0,1,2,1,4,4,2,8,0,1,1,0,0,0
201329104639,4,2,6,93,6,378.2536,1,6,1,2013,18,3,11,0,0,1,1,1,0,0,2,8,0,1,1,0,0,0
201329104640,6,2,6,93,6,189.1268,1,6,2,2013,21,50,11,0,0,1,6,1,0,0,2,8,0,1,1,0,0,0
201329104645,4,2,6,93,6,378.2536,2,6,1,2013,18,50,12,6,0,2,1,10,0,0,2,8,0,2,1,0,0,0
201329104646,6,2,6,93,6,189.1268,1,6,7,2013,5,30,11,0,0,1,2,10,0,0,2,8,0,1,1,0,0,0
201329104649,5,2,6,93,6,94.5634,1,7,6,2013,4,45,1,0,0,1,2,1,2,1,2,8,0,1,4,0,0,0
201329104650,5,2,7,93,6,94.5634,1,5,7,2013,21,9,11,0,0,1,2,1,5,1,2,8,0,1,1,0,0,0
201329104652,3,2,7,93,6,94.5634,1,6,7,2013,15,25,11,0,0,1,1,10,2,1,2,8,0,1,1,0,0,0
201329104653,2,2,7,93,6,94.5634,2,6,3,2013,12,31,12,7,0,2,1,10,0,0,2,8,0,3,1,0,0,0
201329104654,5,2,7,93,6,94.5634,1,6,7,2013,2,47,1,0,0,1,2,10,5,1,1,8,0,1,4,0,0,0
201329104655,6,2,7,93,6,189.1268,1,6,2,2013,14,25,34,0,0,2,1,1,0,0,2,8,0,2,4,0,0,0
201329104663,5,2,9,93,6,94.5634,2,6,5,2013,8,48,12,6,0,2,1,1,1,1,2,1,0,2,1,0,0,0
201329104664,4,2,9,93,6,378.2536,2,6,6,2013,18,34,12,1,0,2,1,1,0,0,2,1,0,2,1,0,0,0
201329104665,6,2,9,93,6,189.1268,2,6,2,2013,15,50,12,2,0,2,1,1,2,1,2,1,0,2,1,0,0,0
201329104667,6,2,9,93,6,189.1268,2,6,4,2013,14,39,12,6,0,2,1,10,0,0,2,1,0,2,1,0,0,0
201329104680,6,2,1,93,6,189.1268,2,7,2,2013,18,26,12,6,0,1,1,1,0,0,2,8,0,1,1,0,0,0
201329104683,2,2,1,93,6,94.5634,2,7,6,2013,19,28,12,1,0,1,1,1,0,0,2,8,0,1,1,0,0,0
201329104685,5,2,1,93,6,94.5634,2,7,6,2013,16,1,12,6,0,2,1,10,1,2,2,8,0,2,1,0,0,0
201329104686,6,2,1,93,6,189.1268,1,7,5,2013,2,40,11,0,0,1,2,1,0,0,2,8,0,1,1,0,0,0
201329104687,4,2,1,93,6,378.2536,1,7,5,2013,9,50,11,0,0,1,1,10,0,0,2,8,0,1,1,0,0,0
201329104693,1,2,4,93,6,94.5634,2,7,1,2013,11,59,12,6,0,2,1,10,4,3,2,8,0,2,1,0,0,0
201329104700,4,2,8,93,6,378.2536,2,7,2,2013,8,59,12,6,0,2,1,1,1,1,2,1,0,2,1,0,0,0
201329104701,6,2,8,93,6,189.1268,2,7,3,2013,11,33,14,0,0,1,1,10,0,0,2,1,1,1,7,,,
201329104720,2,2,2,93,6,94.5634,1,5,6,2013,8,0,51,0,0,1,1,3,0,0,2,8,0,1,1,0,0,0
201329104721,5,2,2,93,6,94.5634,1,6,3,2013,23,36,1,0,0,1,2,1,2,1,1,8,0,1,4,0,0,0
201329104725,4,2,2,93,6,378.2536,1,6,5,2013,23,50,11,0,0,1,6,2,0,0,2,8,0,1,1,0,0,0
201329104727,2,2,2,93,6,94.5634,1,6,7,2013,6,10,1,0,0,1,1,10,2,1,2,8,0,1,4,0,0,0
201329104728,6,2,2,93,6,189.1268,2,6,1,2013,17,40,12,1,0,2,1,10,2,3,2,8,0,3,1,0,0,0
201329104731,5,2,2,93,6,94.5634,1,7,5,2013,13,0,43,0,0,1,1,1,2,1,2,8,0,1,4,0,0,0
201329104733,2,2,2,93,6,94.5634,1,7,2,2013,11,16,1,0,0,4,1,1,0,0,2,8,0,1,1,0,0,0
201329104734,6,2,2,93,6,189.1268,3,7,4,2013,15,21,14,0,0,1,1,1,0,0,2,8,2,1,7,0,0,0
201329104735,4,2,2,93,6,378.2536,1,7,6,2013,1,0,11,0,0,1,2,1,0,0,2,8,0,1,1,0,0,0
201329104737,6,2,2,93,6,189.1268,2,7,2,2013,19,13,12,6,0,1,1,1,0,0,2,8,0,1,1,0,0,0
201329104741,6,2,2,93,6,189.1268,1,7,3,2013,13,0,1,0,0,1,1,1,2,1,2,8,0,1,4,0,0,0
201329104744,6,2,2,93,6,189.1268,1,7,5,2013,7,40,34,0,0,1,1,1,0,0,2,8,0,1,4,0,0,0
201329104745,5,2,2,93,6,94.5634,2,7,6,2013,13,35,12,6,0,1,1,1,2,4,2,8,0,1,1,0,0,0
201329104747,4,2,2,93,6,378.2536,1,7,3,2013,7,55,11,0,0,1,1,10,0,0,2,8,0,1,1,0,0,0
201329104748,5,2,5,93,6,94.5634,2,6,5,2013,14,40,12,1,0,1,1,10,2,2,2,8,0,1,1,0,0,0
201329104749,4,2,5,93,6,378.2536,1,7,2,2013,7,0,11,0,0,1,1,1,0,0,2,8,0,1,1,0,0,0
201329104754,4,2,6,93,6,378.2536,1,7,6,2013,21,28,11,0,0,2,6,1,0,0,2,8,0,,1,,,
201329104757,5,2,6,93,6,94.5634,1,7,5,2013,3,25,34,0,0,2,2,1,2,3,1,8,0,3,4,0,0,0
201329104760,6,2,7,93,6,189.1268,2,7,4,2013,14,41,12,6,0,4,1,1,0,0,2,8,0,1,1,0,0,0
201329104763,3,2,7,93,6,94.5634,1,7,4,2013,21,30,11,0,0,1,2,1,2,2,2,8,0,1,1,0,0,0
201329104764,6,2,7,93,6,189.1268,3,7,5,2013,12,17,12,1,0,4,1,1,1,1,2,8,0,1,1,0,0,0
201329104773,4,2,9,93,6,378.2536,2,7,2,2013,15,33,12,1,0,2,1,1,0,0,2,1,0,3,1,0,0,0
201329104774,6,2,9,93,6,189.1268,1,7,4,2013,23,15,39,0,0,1,2,1,0,0,2,1,0,1,4,0,0,0
201329104776,6,2,9,93,6,189.1268,2,7,5,2013,13,34,12,6,0,2,1,1,0,0,2,1,0,2,1,0,0,0
201329104777,5,2,9,93,6,94.5634,2,7,6,2013,14,25,12,7,0,1,1,1,1,1,2,1,0,1,1,0,0,0
201329104781,6,2,12,93,6,463.46375,2,7,3,2013,11,51,12,6,0,2,1,1,3,1,2,1,0,2,1,0,0,0
201329104782,4,2,12,93,6,463.46375,2,7,5,2013,13,46,12,6,0,2,1,1,0,0,2,1,0,2,1,0,0,0
201329104783,4,2,12,93,6,463.46375,2,7,1,2013,11,34,12,6,0,2,1,1,0,0,2,1,0,2,1,0,0,0
201329104802,5,2,1,93,6,94.5634,1,7,3,2013,12,52,32,0,0,1,1,10,2,1,1,8,0,1,4,0,0,0
201329104805,4,2,1,93,6,378.2536,1,8,2,2013,14,2,1,0,0,1,1,1,0,0,2,8,0,1,5,0,0,0
201329104806,6,2,1,93,6,189.1268,1,8,4,2013,10,10,1,0,0,2,1,1,0,0,2,8,0,2,5,0,0,0
201329104808,6,2,1,93,6,189.1268,1,8,6,2013,8,10,1,0,0,1,1,5,0,0,2,8,0,1,4,0,0,0
201329104811,5,2,3,93,6,94.5634,1,7,6,2013,14,5,30,0,0,4,1,10,1,1,2,8,0,1,8,0,0,0
201329104812,6,2,3,93,6,189.1268,2,7,2,2013,10,20,12,7,0,4,1,1,0,0,2,8,0,1,1,0,0,0
201329104814,4,2,3,93,6,378.2536,2,7,2,2013,15,55,12,6,0,2,1,10,0,0,2,8,0,,1,0,0,0
201329104816,6,2,3,93,6,189.1268,1,7,4,2013,14,2,42,0,0,1,1,1,1,1,2,8,0,1,5,0,0,0
201329104819,6,2,3,93,6,189.1268,1,8,4,2013,2,55,34,0,0,1,2,1,2,1,2,8,0,1,4,0,0,0
201329104820,5,2,3,93,6,94.5634,2,8,6,2013,15,20,12,1,0,2,1,1,1,2,2,8,0,2,1,0,0,0
201329104822,1,2,3,93,6,94.5634,1,8,1,2013,11,38,1,0,0,1,1,6,3,3,2,8,0,1,4,0,0,0
201329104823,4,2,4,93,6,378.2536,2,8,4,2013,12,15,12,7,0,7,1,10,0,0,2,8,0,1,1,0,0,0
201329104824,6,2,4,93,6,189.1268,1,8,2,2013,15,30,1,0,0,1,1,1,0,0,2,8,0,1,4,0,0,0
201329104825,5,2,4,93,6,94.5634,2,8,3,2013,7,40,12,1,0,1,1,10,2,1,2,8,0,1,1,0,0,0
201329104827,1,2,4,93,6,94.5634,1,8,7,2013,1,25,42,0,0,1,2,1,3,4,1,8,0,1,4,0,0,0
201329104829,4,2,12,93,6,463.46375,2,8,2,2013,16,33,12,8,0,2,1,1,0,0,2,1,0,2,1,0,0,0
201329104830,4,2,12,93,6,463.46375,2,8,6,2013,14,38,12,1,0,2,1,1,0,0,2,1,0,2,1,0,0,0
201329104831,4,2,12,93,6,463.46375,2,8,6,2013,21,37,12,7,0,2,3,1,0,0,2,1,0,2,1,0,0,0
201329104841,4,2,8,93,6,378.2536,2,8,7,2013,10,46,12,6,0,2,1,1,0,0,2,1,0,2,1,0,0,0
201329104844,6,2,8,93,6,189.1268,1,8,3,2013,22,31,18,0,0,1,3,1,0,0,1,1,0,1,7,0,0,0
201329104845,5,2,8,93,6,94.5634,2,8,5,2013,5,46,12,6,0,2,3,2,2,2,2,1,0,2,1,0,0,0
201329104847,5,2,8,93,6,94.5634,2,8,7,2013,18,42,12,6,0,2,1,1,2,3,2,1,0,3,1,0,0,0
201329104861,2,2,2,93,6,94.5634,1,8,2,2013,2,0,1,0,0,1,2,10,0,0,2,8,0,1,4,0,0,0
201329104863,2,2,2,93,6,94.5634,2,8,4,2013,21,14,12,7,0,1,1,1,0,0,2,8,0,1,1,0,0,0
201329104865,6,2,2,93,6,189.1268,2,8,6,2013,14,5,12,7,0,1,1,1,0,0,2,8,0,1,1,0,0,0
201329104867,1,2,2,93,6,94.5634,2,8,5,2013,19,50,12,8,0,1,5,10,3,3,2,8,0,1,1,0,0,0
201329104869,1,2,2,93,6,94.5634,2,8,7,2013,17,25,12,1,0,4,1,1,4,3,1,8,0,1,1,0,0,0
201329104871,6,2,2,93,6,189.1268,1,8,7,2013,23,30,1,0,0,1,2,1,0,0,2,8,0,1,4,0,0,0
201329104873,2,2,2,93,6,94.5634,1,8,4,2013,8,56,1,0,0,2,1,1,1,1,2,8,0,3,1,0,0,0
201329104874,4,2,2,93,6,378.2536,2,8,5,2013,7,45,54,11,0,1,1,1,0,0,2,8,0,1,1,14,0,0
201329104875,5,2,2,93,6,94.5634,1,9,1,2013,7,30,1,0,0,1,1,1,2,2,2,8,0,1,4,0,0,0
201329104877,2,2,5,93,6,94.5634,2,7,4,2013,17,45,12,1,1,18,1,10,3,1,2,8,0,1,1,27,0,0
201329104879,4,2,6,93,6,378.2536,2,7,4,2013,16,21,12,7,0,1,1,1,1,2,2,8,0,1,1,0,0,0
201329104881,6,2,6,93,6,189.1268,2,7,4,2013,16,53,12,6,0,2,1,1,1,1,2,8,0,3,1,0,0,0
201329104883,6,2,6,93,6,189.1268,2,8,6,2013,12,23,12,8,0,1,1,10,0,0,2,8,0,1,1,0,0,0
201329104886,6,2,6,93,6,189.1268,2,8,6,2013,21,10,12,6,0,4,2,1,0,0,2,8,0,1,1,0,0,0
201329104888,4,2,6,93,6,378.2536,1,8,3,2013,20,55,11,0,0,2,1,1,0,0,2,8,0,,1,,,
201329104891,6,2,6,93,6,189.1268,1,8,6,2013,22,15,34,0,0,1,2,1,0,0,1,8,0,1,4,0,0,0
201329104892,6,2,7,93,6,189.1268,3,8,6,2013,11,20,12,1,0,1,1,1,0,0,2,8,0,1,1,26,0,0
201329104894,2,2,7,93,6,94.5634,2,8,3,2013,6,19,1,0,0,4,1,5,1,1,2,8,0,1,1,0,0,0
201329104895,4,2,7,93,6,378.2536,2,8,4,2013,12,23,12,1,0,1,1,1,0,0,2,8,0,1,1,0,0,0
201329104898,4,2,9,93,6,378.2536,2,8,2,2013,17,42,12,1,0,2,1,1,0,0,2,1,0,2,1,0,0,0
201329104902,5,2,9,93,6,94.5634,3,8,3,2013,8,6,12,1,0,2,1,1,1,1,2,1,0,2,1,0,0,0
201329104903,6,2,9,93,6,189.1268,2,8,7,2013,7,37,14,0,0,1,1,1,0,0,2,1,1,1,7,0,0,0
201329104905,4,2,9,93,6,378.2536,3,8,5,2013,8,17,12,1,0,2,1,2,0,0,2,1,0,2,1,0,0,0
201329104920,3,2,1,93,6,94.5634,1,9,2,2013,10,40,1,0,0,2,1,10,2,1,2,8,0,3,1,0,0,0
201329104921,5,2,1,93,6,94.5634,2,9,1,2013,18,0,12,6,0,7,1,10,2,3,2,8,0,1,1,0,0,0
201329104923,6,2,1,93,6,189.1268,2,9,5,2013,19,8,12,6,0,2,1,1,0,0,2,8,0,2,1,0,0,0
201329104927,6,2,1,93,6,189.1268,1,9,7,2013,22,19,11,0,0,1,2,1,0,0,2,8,0,1,1,0,0,0
201329104931,6,2,3,93,6,189.1268,3,8,4,2013,7,45,12,1,0,1,1,1,0,0,2,8,0,1,1,0,0,0
201329104933,5,2,3,93,6,94.5634,1,9,5,2013,14,25,33,0,0,1,1,1,1,1,2,8,0,1,4,0,0,0
201329104934,2,2,4,93,6,94.5634,2,8,2,2013,15,8,12,9,0,1,1,1,0,0,2,8,0,1,1,0,0,0
201329104935,5,2,4,93,6,94.5634,2,8,4,2013,17,37,12,2,0,1,1,1,2,3,2,8,0,1,1,0,0,0
201329104938,1,2,4,93,6,94.5634,1,9,6,2013,14,26,1,0,0,1,1,1,3,1,2,8,0,1,4,0,0,0
201329104939,6,2,4,93,6,189.1268,2,9,1,2013,8,10,12,8,0,2,1,10,0,0,2,8,0,2,1,0,0,0
201329104943,6,2,8,93,6,189.1268,2,9,7,2013,9,12,14,0,0,1,1,1,0,0,2,1,1,1,7,0,0,0
201329104947,4,2,8,93,6,378.2536,2,9,5,2013,7,59,12,6,0,2,1,1,0,0,2,1,0,2,1,0,0,0
201329104949,2,2,12,93,6,463.46375,2,8,6,2013,15,56,12,6,0,2,1,1,0,0,2,1,0,2,1,0,0,0
201329104950,6,2,12,93,6,463.46375,2,8,2,2013,17,57,12,6,0,2,1,1,0,0,2,1,0,2,1,0,0,0
201329104952,5,2,12,93,6,463.46375,2,9,7,2013,13,27,12,6,0,4,1,1,1,2,2,1,0,1,1,0,0,0
201329104953,6,2,12,93,6,463.46375,2,9,3,2013,5,29,14,0,0,1,3,1,1,1,2,1,1,1,7,0,0,0
201329104954,4,2,12,93,6,463.46375,2,9,5,2013,8,5,12,6,0,2,1,10,0,0,2,1,0,2,1,0,0,0
201329104963,5,2,2,93,6,94.5634,1,9,4,2013,12,35,34,0,0,1,1,1,2,1,2,8,0,1,4,0,0,0
201329104964,6,2,2,93,6,189.1268,1,9,4,2013,16,0,32,0,0,1,1,1,1,1,1,8,0,1,4,0,0,0
201329104966,2,2,2,93,6,94.5634,2,9,6,2013,2,35,12,1,0,1,2,1,2,1,2,8,0,1,1,0,0,0
201329104967,6,2,2,93,6,189.1268,1,9,2,2013,18,0,1,0,0,1,1,1,0,0,2,8,0,1,4,0,0,0
201329104968,4,2,2,93,6,378.2536,1,9,5,2013,12,0,18,0,0,1,1,1,0,0,2,8,0,1,1,0,0,0
201329104970,6,2,2,93,6,189.1268,2,9,2,2013,7,45,12,6,0,2,1,1,0,0,2,8,0,2,1,0,0,0
201329104972,5,2,2,93,6,94.5634,1,9,7,2013,21,0,34,0,0,2,2,10,2,1,1,8,0,3,4,0,0,0
201329104974,6,2,5,93,6,189.1268,1,8,5,2013,0,30,1,0,0,2,6,1,0,0,1,8,0,2,4,0,0,0
201329104976,2,2,5,93,6,94.5634,2,9,3,2013,16,10,12,6,0,2,1,10,2,1,2,8,0,2,1,0,0,0
201329104977,4,2,5,93,6,378.2536,1,9,5,2013,19,30,11,0,0,1,2,1,0,0,2,8,0,1,1,0,0,0
201329104978,6,2,5,93,6,189.1268,2,9,6,2013,14,55,12,1,0,2,1,1,2,1,2,8,0,3,1,0,0,0
201329104980,6,2,6,93,6,189.1268,1,9,5,2013,7,57,1,0,0,2,1,1,0,0,2,8,0,3,4,0,0,0
201329104982,6,2,6,93,6,189.1268,1,9,6,2013,12,49,1,0,0,1,1,10,3,1,2,8,0,1,4,0,0,0
201329104986,6,2,6,93,6,189.1268,1,9,2,2013,6,59,11,0,0,1,4,1,0,0,2,8,0,1,1,0,0,0
201329104987,3,2,6,93,6,94.5634,1,9,2,2013,6,25,11,0,0,1,4,1,2,1,2,8,0,1,1,0,0,0
201329104990,4,2,9,93,6,378.2536,2,9,4,2013,10,42,14,0,0,2,1,1,0,0,2,1,1,,7,0,0,0
201329104991,5,2,9,93,6,94.5634,2,9,5,2013,14,59,14,0,0,1,1,1,1,1,2,1,1,1,7,0,0,0
201329104996,4,2,9,93,6,378.2536,2,9,6,2013,12,39,12,1,0,2,1,1,0,0,2,1,0,2,1,0,0,0
201329104998,6,2,9,93,6,189.1268,2,10,4,2013,13,45,12,6,0,2,1,1,1,2,2,1,0,2,1,0,0,0
201329105001,4,2,1,93,6,378.2536,2,10,4,2013,9,17,12,1,0,1,1,1,1,5,2,8,0,1,1,0,0,0
201329105002,5,2,1,93,6,94.5634,1,10,5,2013,19,34,1,0,0,1,2,1,1,1,2,8,0,1,4,0,0,0
201329105006,4,2,1,93,6,378.2536,2,10,4,2013,9,1,12,6,0,2,1,10,0,0,2,8,0,2,1,0,0,0
201329105007,6,2,1,93,6,189.1268,1,10,4,2013,12,57,31,0,0,1,1,1,2,1,2,8,0,1,3,0,0,0
201329105009,5,2,1,93,6,94.5634,1,10,1,2013,20,16,11,0,0,1,2,1,2,1,2,8,0,1,1,0,0,0
201329105012,6,2,1,93,6,189.1268,1,10,1,2013,20,25,11,0,0,1,3,1,0,0,2,8,0,1,1,0,0,0
201329105014,4,2,1,93,6,378.2536,1,10,4,2013,6,44,11,0,0,1,2,10,0,0,2,8,0,1,1,0,0,0
201329105019,5,2,3,93,6,94.5634,1,9,6,2013,13,30,34,0,0,1,1,10,2,1,2,8,0,1,5,0,0,0
201329105020,5,2,3,93,6,94.5634,2,10,6,2013,13,16,12,1,0,1,1,10,2,1,2,8,0,1,1,0,0,0
201329105021,6,2,3,93,6,189.1268,1,10,3,2013,8,9,43,0,0,1,1,10,1,1,2,8,0,1,5,0,0,0
201329105023,2,2,4,93,6,94.5634,4,10,5,2013,18,35,12,1,0,2,1,1,2,1,2,8,0,2,1,0,0,0
201329105024,6,2,4,93,6,189.1268,1,10,2,2013,7,0,11,0,0,1,4,1,0,0,2,8,0,1,1,0,0,0
201329105028,4,2,8,93,6,378.2536,2,10,3,2013,18,4,12,7,0,2,5,2,0,0,2,1,0,,1,0,0,0
201329105032,4,2,12,93,6,463.46375,2,10,6,2013,17,10,12,1,0,2,1,2,0,0,2,1,0,2,1,0,0,0
201329105033,4,2,12,93,6,463.46375,2,10,5,2013,16,3,14,0,0,1,1,1,0,0,2,1,1,1,7,0,0,0
201329105034,6,2,12,93,6,463.46375,2,10,7,2013,21,37,12,6,0,2,3,1,0,0,2,1,0,2,1,0,0,0
201329105035,2,2,12,93,6,463.46375,2,10,2,2013,16,52,12,8,0,2,1,10,0,0,2,1,0,2,1,0,0,0
201329105036,5,2,12,93,6,463.46375,2,10,6,2013,11,33,45,0,0,1,1,1,1,2,2,1,1,1,5,0,0,0
201329105037,4,2,12,93,6,463.46375,2,10,2,2013,8,51,12,9,0,4,1,1,0,0,2,1,0,1,1,0,0,0
201329105041,6,2,2,93,6,189.1268,1,10,4,2013,21,16,11,0,0,1,2,1,0,0,2,8,0,1,1,0,0,0
201329105044,4,2,2,93,6,378.2536,1,10,3,2013,19,30,11,0,0,1,1,1,0,0,2,8,0,1,1,,,
201329105045,2,2,2,93,6,94.5634,1,10,6,2013,10,15,1,0,0,2,1,10,2,1,2,8,0,2,4,0,0,0
201329105047,2,2,2,93,6,94.5634,1,10,4,2013,7,40,34,0,0,2,1,10,1,1,2,8,0,2,4,0,0,0
201329105049,2,2,2,93,6,94.5634,2,10,4,2013,18,30,12,6,0,2,5,10,2,1,2,8,0,2,1,0,0,0
201329105053,6,2,5,93,6,189.1268,1,9,2,2013,21,30,11,0,0,1,6,1,0,0,2,8,0,1,1,,,
201329105055,5,2,5,93,6,94.5634,1,10,3,2013,8,30,34,0,1,5,1,4,2,1,2,8,0,1,4,0,0,0
201329105062,5,2,6,93,6,94.5634,1,10,4,2013,15,54,19,0,0,1,1,10,2,2,2,8,0,1,5,0,0,0
201329105063,4,2,6,93,6,378.2536,1,10,6,2013,23,51,17,0,0,1,2,1,0,0,2,8,0,1,4,0,0,0
201329105066,6,2,6,93,6,189.1268,1,10,5,2013,6,35,11,0,0,1,1,10,0,0,2,8,0,1,1,,,
201329105069,6,2,6,93,6,189.1268,1,10,2,2013,20,15,1,0,0,1,2,1,1,1,2,8,0,1,4,0,0,0
201329105071,4,2,6,93,6,378.2536,1,10,3,2013,19,15,11,0,0,1,1,1,0,0,2,8,0,1,1,,,
201329105074,5,2,7,93,6,94.5634,1,9,1,2013,4,24,32,0,0,2,2,2,2,1,1,8,0,3,4,0,0,0
201329105076,5,2,7,93,6,94.5634,1,9,4,2013,14,30,34,0,0,1,1,1,1,2,2,8,0,1,4,0,0,0
201329105077,6,2,7,93,6,189.1268,1,9,5,2013,11,0,1,0,0,1,1,1,0,0,2,8,0,1,4,0,0,0
201329105079,6,2,7,93,6,189.1268,1,10,6,2013,20,4,42,0,0,1,2,1,0,0,2,8,0,1,4,0,0,0
201329105081,6,2,7,93,6,189.1268,2,10,7,2013,7,23,12,6,0,2,1,1,0,0,2,8,0,2,1,0,0,0
201329105089,4,2,9,93,6,378.2536,2,10,4,2013,15,11,12,6,0,4,1,1,0,0,2,1,0,1,1,0,0,0
201329105093,4,2,9,93,6,378.2536,2,10,3,2013,16,56,14,0,0,1,1,1,0,0,2,1,1,1,7,0,0,0
201329105095,6,2,9,93,6,189.1268,3,10,4,2013,17,30,12,1,0,1,1,1,0,0,2,1,0,1,1,0,0,0
201329105098,4,2,9,93,6,378.2536,1,10,1,2013,2,30,31,0,0,2,2,1,0,0,2,1,0,3,4,0,0,0
201329105102,5,2,1,93,6,94.5634,1,11,6,2013,1,3,34,0,0,1,3,1,2,1,2,8,0,1,4,0,0,0
201329105103,5,2,1,93,6,94.5634,3,11,6,2013,15,17,12,6,0,2,1,10,1,2,2,8,0,3,1,0,0,0
201329105105,6,2,1,93,6,189.1268,1,11,7,2013,19,31,34,0,0,2,3,10,1,1,2,8,0,,4,0,0,0
201329105106,1,2,1,93,6,94.5634,1,11,5,2013,13,43,34,0,0,2,1,10,4,1,2,8,0,4,4,0,0,0
201329105108,5,2,1,93,6,94.5634,1,11,2,2013,8,29,34,0,0,1,1,4,1,1,2,8,0,1,4,0,0,0
201329105109,6,2,1,93,6,189.1268,1,11,3,2013,17,27,11,0,0,1,2,1,0,0,2,8,0,1,1,0,0,0
201329105110,4,2,1,93,6,378.2536,1,11,4,2013,19,57,11,0,0,1,2,1,0,0,2,8,0,1,1,0,0,0
201329105112,6,2,1,93,6,189.1268,1,11,6,2013,6,53,11,0,0,1,4,1,0,0,2,8,0,1,1,0,0,0
201329105117,4,2,1,93,6,378.2536,1,11,4,2013,6,36,11,0,0,1,4,10,0,0,2,8,0,1,1,0,0,0
201329105118,6,2,1,93,6,189.1268,1,11,4,2013,6,57,11,0,0,1,4,10,0,0,2,8,0,1,1,0,0,0
201329105119,2,2,1,93,6,94.5634,2,11,4,2013,15,32,12,1,0,1,1,10,2,1,2,8,0,1,1,0,0,0
201329105122,6,2,3,93,6,189.1268,1,11,2,2013,9,15,34,0,0,1,1,1,0,0,2,8,0,1,4,0,0,0
201329105124,6,2,3,93,6,189.1268,1,11,2,2013,17,33,11,0,0,1,2,1,0,0,2,8,0,1,1,0,0,0
201329105129,6,2,4,93,6,189.1268,2,10,1,2013,12,50,12,2,0,1,1,10,0,0,2,8,0,1,1,0,0,0
201329105131,2,2,4,93,6,94.5634,2,11,4,2013,8,15,12,1,0,2,1,1,3,2,2,8,0,,1,0,0,0
201329105132,5,2,8,93,6,94.5634,2,10,6,2013,20,35,14,0,0,1,2,1,1,1,1,1,1,1,7,0,0,0
201329105133,6,2,8,93,6,189.1268,2,10,2,2013,15,13,12,6,0,2,1,10,0,0,2,1,0,2,1,0,0,0
201329105139,4,2,12,93,6,463.46375,2,11,7,2013,11,58,12,6,0,2,1,1,0,0,2,1,0,2,1,0,0,0
201329105140,4,2,12,93,6,463.46375,2,11,2,2013,8,7,12,6,0,4,1,4,0,0,2,1,0,1,1,0,0,0
201329105141,4,2,12,93,6,463.46375,2,11,2,2013,16,30,12,1,0,2,1,1,0,0,2,1,0,2,1,0,0,0
201329105142,6,2,12,93,6,463.46375,2,11,2,2013,15,8,12,6,0,2,1,1,0,0,2,1,0,2,1,0,0,0
201329105143,4,2,12,93,6,463.46375,2,11,4,2013,11,11,12,7,0,2,1,10,0,0,2,1,0,2,1,0,0,0
201329105161,4,2,2,93,6,378.2536,1,10,2,2013,22,30,11,0,0,1,6,1,0,0,2,8,0,1,1,0,0,0
201329105165,6,2,2,93,6,189.1268,1,10,1,2013,19,35,11,0,0,1,6,1,0,0,2,8,0,1,1,0,0,0
201329105166,4,2,2,93,6,378.2536,1,10,5,2013,7,5,11,0,0,1,4,1,0,0,2,8,0,1,1,0,0,0
201329105169,6,2,6,93,6,189.1268,1,10,3,2013,19,21,11,0,0,1,5,1,0,0,2,8,0,1,1,0,0,0
201329105173,6,2,6,93,6,189.1268,1,11,1,2013,19,45,11,0,0,1,6,1,0,0,2,8,0,1,1,0,0,0
201329105174,4,2,6,93,6,378.2536,1,11,7,2013,21,27,11,0,0,1,6,10,0,0,2,8,0,1,1,0,0,0
201329105178,4,2,6,93,6,378.2536,1,11,4,2013,17,28,11,0,0,1,6,1,0,0,2,8,0,1,1,0,0,0
201329105182,6,2,6,93,6,189.1268,1,11,2,2013,17,19,1,0,0,1,2,1,0,0,2,8,0,1,4,0,0,0
201329105184,4,2,6,93,6,378.2536,1,11,3,2013,23,35,11,0,0,1,6,10,0,0,2,8,0,1,1,0,0,0