CASENUM,STRATUM,REGION,PJ,PSU,PSUSTRAT,WEIGHT,VE_TOTAL,MONTH,WKDY_IM,YEAR,HOUR_IM,MINUTE_IM,EVENT1_IM,MANCOL_IM,RELJCT1_IM,RELJCT2_IM,LGTCON_IM,WEATHR_IM,MAXSEV_IM,NO_INJ_IM,ALCHL_IM,LAND_USE,PVH_INVL,TYP_INT,REL_ROAD,CF1,CF2,CF3
201329105189,4,2,6,93,6,378.2536,1,11,6,2013,23,9,11,0,0,1,6,1,0,0,2,8,0,1,1,0,0,0
201329105190,6,2,6,93,6,189.1268,1,11,2,2013,20,0,11,0,0,1,6,1,0,0,2,8,0,1,1,0,0,0
201329105195,6,2,6,93,6,189.1268,1,11,6,2013,10,48,11,0,0,1,1,10,0,0,2,8,0,1,1,0,0,0
201329105196,4,2,6,93,6,378.2536,1,11,6,2013,22,36,11,0,0,1,6,1,0,0,2,8,0,1,1,0,0,0
201329105201,4,2,6,93,6,378.2536,1,11,2,2013,17,33,11,0,0,1,1,4,0,0,2,8,0,1,1,0,0,0
201329105206,5,2,7,93,6,94.5634,1,11,7,2013,4,48,42,0,0,1,3,1,5,1,2,8,0,1,4,0,0,0
201329105209,4,2,9,93,6,378.2536,2,11,2,2013,20,32,14,0,0,1,2,5,0,0,2,1,1,1,7,0,0,0
201329105214,4,2,9,93,6,378.2536,2,11,2,2013,10,26,12,1,0,2,1,4,0,0,2,1,0,,1,0,0,0
201329105215,6,2,9,93,6,189.1268,2,11,2,2013,10,32,12,1,0,1,1,4,1,1,2,1,0,1,1,19,0,0
201329105216,5,2,9,93,6,94.5634,2,11,2,2013,19,25,12,6,0,2,3,10,2,3,2,1,0,2,1,0,0,0
201329105221,4,2,9,93,6,378.2536,1,11,6,2013,19,41,11,0,0,1,2,1,0,0,2,1,0,1,1,0,0,0
201329105224,5,2,9,93,6,94.5634,2,11,2,2013,13,24,12,6,0,2,1,1,1,1,2,1,0,2,1,0,0,0
201329105241,2,2,1,93,6,94.5634,1,11,5,2013,6,19,59,0,0,1,4,4,2,1,2,8,0,1,4,0,0,0
201329105244,4,2,1,93,6,378.2536,1,11,1,2013,17,39,11,0,0,1,5,1,0,0,2,8,0,1,1,0,0,0
201329105245,2,2,1,93,6,94.5634,2,12,4,2013,15,8,12,1,0,4,1,2,0,0,2,8,0,1,1,0,0,0
201329105247,6,2,1,93,6,189.1268,1,12,6,2013,17,41,11,0,1,2,3,10,0,0,2,8,0,3,1,0,0,0
201329105248,5,2,1,93,6,94.5634,1,12,7,2013,1,16,1,0,0,1,3,1,5,2,1,8,0,1,4,0,0,0
201329105254,4,2,1,93,6,378.2536,1,12,6,2013,17,34,11,0,0,1,3,4,0,0,2,8,0,1,1,0,0,0
201329105257,6,2,1,93,6,189.1268,1,12,7,2013,13,29,11,0,0,1,1,10,0,0,2,8,0,1,1,0,0,0
201329105259,5,2,3,93,6,94.5634,1,11,5,2013,20,21,23,0,0,1,2,1,2,1,1,8,0,1,4,0,0,0
201329105260,1,2,3,93,6,94.5634,1,11,1,2013,15,30,34,0,0,1,1,10,3,1,2,8,0,1,4,0,0,0
201329105261,5,2,3,93,6,94.5634,1,12,1,2013,14,0,34,0,0,1,1,4,2,1,2,8,0,1,4,0,0,0
201329105263,6,2,8,93,6,189.1268,2,11,7,2013,21,3,12,6,0,2,3,1,1,1,2,1,0,2,1,0,0,0
201329105264,5,2,8,93,6,94.5634,3,11,3,2013,13,30,12,6,0,2,1,1,2,2,2,1,0,3,1,0,0,0
201329105282,4,2,2,93,6,378.2536,1,11,2,2013,20,37,11,0,0,1,6,1,0,0,2,8,0,1,1,0,0,0
201329105284,6,2,2,93,6,189.1268,2,11,6,2013,14,14,12,6,0,2,1,1,0,0,2,8,0,2,1,0,0,0
201329105287,4,2,2,93,6,378.2536,1,11,4,2013,17,25,11,0,0,1,5,1,0,0,2,8,0,1,1,0,0,0
201329105288,2,2,2,93,6,94.5634,2,11,6,2013,0,14,12,6,0,1,2,4,4,1,2,8,0,1,1,0,0,0
201329105293,4,2,2,93,6,378.2536,1,12,3,2013,6,5,11,0,0,1,6,1,0,0,2,8,0,1,1,0,0,0
201329105297,5,2,2,93,6,94.5634,2,12,1,2013,13,50,12,1,0,1,1,4,2,3,2,8,0,1,1,0,0,0
201329105298,5,2,2,93,6,94.5634,1,12,1,2013,19,30,59,0,0,1,2,4,2,1,2,8,0,1,4,0,0,0
201329105299,6,2,2,93,6,189.1268,1,12,7,2013,1,30,23,0,0,1,2,10,0,0,2,8,0,1,4,0,0,0
201329105301,4,2,2,93,6,378.2536,1,12,2,2013,9,15,30,0,0,2,1,1,0,0,2,8,0,,4,0,0,0
201329105303,2,2,2,93,6,94.5634,2,12,3,2013,7,45,12,6,0,1,1,10,2,1,2,8,0,1,1,0,0,0
201329105308,5,2,5,93,6,94.5634,1,10,2,2013,7,25,1,0,0,1,1,1,1,1,2,8,0,1,3,0,0,0
201329105309,4,2,5,93,6,378.2536,1,10,5,2013,20,30,11,0,0,1,6,1,0,0,2,8,0,1,1,0,0,0
201329105311,1,2,5,93,6,94.5634,2,11,2,2013,7,50,12,2,0,1,1,2,3,2,2,8,0,1,1,0,0,0
201329105312,2,2,5,93,6,94.5634,1,11,3,2013,13,15,34,0,0,1,1,1,0,0,2,8,0,1,4,0,0,0
201329105313,2,2,5,93,6,94.5634,1,11,6,2013,8,40,1,0,0,2,1,1,2,1,2,8,0,3,1,0,0,0
201329105315,6,2,6,93,6,189.1268,1,11,7,2013,7,12,34,0,0,1,2,10,0,0,2,8,0,1,4,0,0,0
201329105318,6,2,6,93,6,189.1268,1,12,3,2013,6,39,1,0,0,1,2,10,1,1,2,8,0,1,4,0,0,0
201329105321,2,2,6,93,6,94.5634,2,12,4,2013,8,53,12,1,0,1,1,10,0,0,2,8,0,1,1,0,0,0
201329105322,6,2,6,93,6,189.1268,1,12,4,2013,17,49,11,0,0,1,2,1,0,0,2,8,0,1,1,0,0,0
201329105325,5,2,7,93,6,94.5634,2,12,2,2013,9,55,12,6,0,2,1,10,1,1,2,8,0,2,1,0,0,0
201329105327,6,2,7,93,6,189.1268,2,12,2,2013,14,24,12,2,0,1,1,1,5,2,2,8,0,1,1,0,0,0
201329105328,4,2,7,93,6,378.2536,2,12,2,2013,20,1,12,9,0,4,2,1,0,0,2,8,0,1,1,0,0,0
201329105330,6,2,9,93,6,189.1268,2,11,3,2013,12,6,12,1,0,1,1,10,0,0,2,1,0,1,1,0,0,0
201329105332,4,2,9,93,6,378.2536,2,12,6,2013,16,0,12,1,0,2,1,1,1,1,2,1,0,,1,0,0,0
201329105336,6,2,9,93,6,189.1268,1,12,1,2013,21,30,33,0,0,2,3,4,0,0,2,1,0,6,4,0,0,0
201329105339,4,2,9,93,6,378.2536,2,12,4,2013,17,34,12,6,0,4,3,10,0,0,2,1,0,1,1,0,0,0
201329105342,5,2,9,93,6,94.5634,2,12,6,2013,17,26,12,6,0,2,3,10,2,2,2,1,0,2,1,0,0,0
201329105362,4,2,4,93,6,378.2536,1,11,6,2013,19,0,11,0,0,1,2,4,0,0,2,8,0,1,1,0,0,0
201329105363,2,2,4,93,6,94.5634,1,12,3,2013,8,40,34,0,0,1,1,6,0,0,2,8,0,1,4,0,0,0
201329105381,2,2,1,93,6,94.5634,1,12,3,2013,12,50,35,0,0,1,1,10,5,1,2,8,0,1,4,0,0,0
201329105382,6,2,1,93,6,189.1268,2,12,3,2013,16,0,14,0,0,1,1,10,0,0,2,8,1,1,3,0,0,0
201329105383,4,2,1,93,6,378.2536,1,12,3,2013,16,54,11,0,0,1,5,11,0,0,2,8,0,1,1,0,0,0
201329105386,6,2,1,93,6,189.1268,1,12,6,2013,23,6,11,0,0,1,2,1,0,0,2,8,0,1,1,0,0,0
201329105389,6,2,1,93,6,189.1268,1,12,4,2013,10,25,34,0,0,1,1,10,0,0,2,8,0,1,4,0,0,0
201329105391,6,2,1,93,6,189.1268,1,12,5,2013,6,23,1,0,0,1,2,10,0,0,2,8,0,1,4,0,0,0
201329105392,2,2,1,93,6,94.5634,1,12,6,2013,2,17,34,0,0,2,2,5,0,0,2,8,0,2,4,0,0,0
201329105394,2,2,1,93,6,94.5634,2,12,2,2013,14,24,12,8,0,2,1,4,0,0,2,8,0,2,1,0,0,0
201329105396,4,2,3,93,6,378.2536,2,12,3,2013,11,4,12,6,0,1,1,1,0,0,2,8,0,1,1,0,0,0
201329105397,5,2,3,93,6,94.5634,1,12,4,2013,22,10,30,0,0,2,2,10,2,1,1,8,0,3,4,0,0,0
201329105402,2,2,8,93,6,94.5634,2,12,6,2013,11,43,12,6,0,2,1,1,0,0,2,1,0,2,1,0,0,0
201329105407,4,2,8,93,6,378.2536,2,12,6,2013,13,49,12,6,0,2,1,10,0,0,2,1,0,2,1,0,0,0
201329105408,6,2,8,93,6,189.1268,2,12,7,2013,10,3,12,6,0,2,1,1,0,0,2,1,0,2,1,0,0,0
201329105412,6,2,8,93,6,189.1268,2,12,3,2013,11,9,12,6,0,4,1,10,0,0,2,1,0,1,1,0,0,0
201329105414,2,2,2,93,6,94.5634,2,12,2,2013,7,15,12,1,0,1,1,10,3,2,2,8,0,1,1,0,0,0
201329105416,4,2,5,93,6,378.2536,1,12,1,2013,6,50,11,0,0,1,2,10,0,0,2,8,0,1,1,0,0,0
201329105418,4,2,6,93,6,378.2536,1,12,3,2013,14,43,51,0,0,1,1,11,0,0,2,8,0,1,3,0,0,0
201329105423,6,2,6,93,6,189.1268,1,12,4,2013,6,46,11,0,0,1,6,1,0,0,2,8,0,1,1,0,0,0
201329105425,6,2,6,93,6,189.1268,1,12,7,2013,10,58,11,0,0,1,1,10,0,0,2,8,0,1,1,0,0,0
201329105429,6,2,6,93,6,189.1268,2,12,2,2013,13,49,12,6,0,2,1,10,0,0,2,8,0,,1,0,0,0
201329105431,2,2,6,93,6,94.5634,2,12,3,2013,13,57,45,0,0,1,1,4,0,0,2,8,1,1,4,3,0,0
201329105433,6,2,7,93,6,189.1268,1,12,6,2013,4,30,53,0,0,1,2,3,0,0,2,8,0,1,4,0,0,0
201329105435,2,2,7,93,6,94.5634,1,12,6,2013,13,43,1,0,0,2,1,1,0,0,2,8,0,2,4,0,0,0
201329105442,6,2,9,93,6,189.1268,2,12,3,2013,16,48,12,1,0,1,6,1,0,0,2,1,0,1,1,0,0,0
201329105444,4,2,9,93,6,378.2536,2,12,5,2013,8,0,12,1,0,2,1,10,0,0,2,1,0,2,1,0,0,0
201329105448,4,2,9,93,6,378.2536,1,12,1,2013,2,9,19,0,0,2,3,4,0,0,1,1,0,2,5,0,0,0
201329105449,6,2,9,93,6,189.1268,2,12,2,2013,14,10,12,6,0,2,1,1,0,0,2,1,0,2,1,0,0,0
201329105452,5,2,9,93,6,94.5634,2,12,7,2013,18,31,12,6,0,2,3,1,2,1,2,1,0,4,1,0,0,0
201329105520,6,2,2,93,6,189.1268,2,12,3,2013,8,30,12,1,0,1,1,1,1,2,2,8,0,1,1,0,0,0
201329105521,4,2,2,93,6,378.2536,2,12,3,2013,9,20,12,6,0,2,1,10,0,0,2,8,0,2,1,0,0,0
201329105524,2,2,2,93,6,94.5634,1,12,5,2013,23,30,51,0,0,1,2,3,0,0,2,8,0,1,3,0,0,0
201329105525,1,2,2,93,6,94.5634,1,12,6,2013,12,10,34,0,0,1,1,10,3,1,2,8,0,1,4,0,0,0
201329105527,6,2,2,93,6,189.1268,1,12,6,2013,2,0,32,0,0,1,2,1,0,0,2,8,0,1,5,0,0,0
201329105530,6,2,12,93,6,463.46375,2,12,5,2013,14,28,12,6,0,2,1,1,0,0,2,1,0,2,1,0,0,0
201329105581,5,2,4,93,6,94.5634,2,12,2,2013,17,52,12,2,0,1,6,10,2,1,1,8,0,1,1,0,0,0
201329105585,6,2,5,93,6,189.1268,1,12,5,2013,21,25,24,0,0,1,2,3,0,0,2,8,0,1,3,0,0,0
201329105586,1,2,5,93,6,94.5634,1,12,7,2013,15,56,34,0,0,2,1,1,3,1,2,8,0,3,4,0,0,0
201329226891,1,4,4,95,11,3.0315,2,2,6,2013,17,17,12,1,0,2,1,1,3,4,2,2,0,,1,0,0,0
201329226910,4,4,4,95,11,348.6225,2,2,6,2013,16,2,12,7,0,2,1,1,0,0,2,2,0,,1,0,0,0
201329227594,4,4,7,95,11,350.13925,2,2,2,2013,12,40,12,1,0,2,1,1,0,0,2,8,0,,1,0,0,0
201329228964,6,4,7,95,11,205.25404,2,3,4,2013,16,44,12,6,0,4,1,1,1,2,2,8,0,1,1,0,0,0
201329229013,1,4,1,95,11,6.063,2,1,5,2013,12,14,12,6,0,2,1,1,3,3,2,3,0,2,1,0,0,0
201329229045,4,4,1,95,11,351.654,2,1,7,2013,17,8,12,6,0,2,3,1,0,0,2,3,0,2,1,0,0,0
201329229049,3,4,1,95,11,18.189,1,1,7,2013,6,0,1,0,0,1,3,1,2,1,2,3,0,1,1,0,0,0
201329229076,6,4,1,95,11,212.205,3,1,2,2013,17,23,12,1,0,1,3,1,2,1,2,3,0,1,1,19,0,0
201329229084,3,4,1,95,11,18.189,2,1,3,2013,10,30,46,0,0,2,1,1,2,1,2,3,0,2,3,14,0,0
201329229125,5,4,1,95,11,90.945,2,1,5,2013,15,33,12,6,0,2,1,1,2,1,2,3,0,2,1,0,0,0
201329229175,1,4,1,95,11,6.063,2,1,1,2013,17,1,12,6,0,2,5,1,3,2,2,3,0,2,1,0,0,0
201329229189,6,4,1,95,11,212.205,3,1,2,2013,14,12,12,1,0,1,1,4,0,0,2,3,0,1,1,0,0,0
201329229190,1,4,1,95,11,6.063,1,1,2,2013,13,50,1,0,0,1,1,4,3,1,2,3,0,1,4,0,0,0
201329229191,4,4,1,95,11,351.654,1,1,2,2013,14,52,1,0,0,1,1,1,1,1,2,3,0,1,4,0,0,0
201329229255,1,4,2,95,11,3.0315,2,1,7,2013,10,10,12,6,0,2,1,1,3,2,2,8,0,3,1,0,0,0
201329229282,6,4,2,95,11,209.1735,2,1,7,2013,16,25,12,1,0,2,1,1,1,2,2,8,0,2,1,0,0,0
201329229347,1,4,1,95,11,6.063,2,1,4,2013,8,4,12,6,0,2,1,1,3,1,2,3,0,2,1,0,0,0
201329229391,4,4,1,95,11,351.654,2,1,2,2013,15,23,12,1,0,2,1,1,0,0,2,3,0,,1,0,0,0
201329229444,1,4,1,95,11,6.063,2,1,4,2013,7,55,12,1,0,1,1,1,3,1,2,3,0,1,1,0,0,0
201329229446,5,4,1,95,11,90.945,2,1,4,2013,10,40,12,6,0,2,1,2,1,2,2,3,0,3,1,0,0,0
201329229448,3,4,1,95,11,18.189,2,1,5,2013,7,48,12,1,0,1,1,1,2,1,2,3,0,1,1,0,0,0
201329229453,6,4,1,95,11,212.205,2,1,5,2013,16,21,12,6,0,2,3,1,0,0,2,3,0,2,1,0,0,0
201329229492,4,4,1,95,11,351.654,2,1,1,2013,13,55,12,1,0,2,1,1,1,1,2,3,0,,1,0,0,0
201329229519,1,4,1,95,11,6.063,2,1,3,2013,10,28,12,2,0,2,1,1,3,4,2,3,0,2,1,0,0,0
201329229576,4,4,2,95,11,348.6225,2,1,7,2013,18,20,12,1,0,2,3,1,0,0,2,8,0,,1,0,0,0
201329229577,5,4,2,95,11,90.945,2,1,7,2013,9,28,12,1,0,2,1,1,2,1,2,8,0,3,1,0,0,0
201329229710,3,4,4,95,11,21.2205,1,3,4,2013,13,28,1,0,0,2,1,1,2,1,2,2,0,2,1,0,0,0
201329229759,6,4,4,95,11,209.1735,2,4,6,2013,6,54,12,11,0,2,4,1,0,0,2,2,0,3,1,0,0,0
201329229850,4,4,4,95,11,348.6225,2,5,6,2013,10,11,12,7,0,1,1,1,0,0,2,2,0,1,1,0,0,0
201329230028,5,4,4,95,11,90.945,2,6,4,2013,15,6,12,2,0,2,1,1,1,1,2,2,0,2,1,0,0,0
201329230031,6,4,4,95,11,209.1735,2,6,4,2013,18,9,12,1,0,2,1,1,0,0,2,2,0,3,1,0,0,0
201329230084,3,4,4,95,11,21.2205,2,6,1,2013,18,14,54,11,0,1,1,1,3,1,2,2,0,1,1,14,0,0
201329230097,4,4,4,95,11,348.6225,2,7,5,2013,19,48,12,6,0,2,1,1,0,0,2,2,0,3,1,0,0,0
201329230190,1,4,4,95,11,3.0315,3,8,5,2013,13,37,12,6,0,2,1,1,3,2,2,2,0,2,1,0,0,0
201329230312,4,4,4,95,11,348.6225,2,9,3,2013,17,6,12,6,0,2,1,1,0,0,2,2,0,2,1,0,0,0
201329230380,6,4,4,95,11,209.1735,2,10,5,2013,13,22,12,1,0,1,1,2,1,1,2,2,0,1,1,0,0,0
201329230387,3,4,4,95,11,21.2205,2,10,7,2013,11,3,12,1,0,2,1,1,2,1,2,2,0,,1,0,0,0
201329230489,4,4,4,95,11,348.6225,1,11,7,2013,3,45,44,0,0,1,2,1,0,0,2,2,0,1,1,0,0,0
201329230542,4,4,7,95,11,350.13925,2,4,2,2013,10,55,12,7,0,1,1,1,0,0,2,8,0,1,1,23,0,0
201329230582,5,4,7,95,11,84.51637,2,6,2,2013,9,45,12,1,0,1,1,1,2,3,2,8,0,1,1,0,0,0
201329230588,4,4,7,95,11,350.13925,2,6,2,2013,13,45,12,7,1,2,1,1,0,0,2,8,0,,1,0,0,0
201329230597,6,4,7,95,11,205.25404,2,6,6,2013,12,39,12,1,1,2,1,1,0,0,2,8,0,,1,0,0,0
201329230626,4,4,7,95,11,350.13925,2,8,7,2013,13,14,12,6,0,2,1,1,0,0,2,8,0,,1,0,0,0
201329230671,4,4,7,95,11,350.13925,2,10,3,2013,16,19,12,1,0,2,1,1,0,0,2,8,0,,1,0,0,0
201329230688,6,4,7,95,11,205.25404,2,10,6,2013,8,30,12,1,1,2,1,2,1,2,2,8,0,,1,0,0,0
201329230712,4,4,7,95,11,350.13925,2,11,4,2013,18,3,12,1,0,2,3,2,0,0,2,8,0,,1,0,0,0
201329230874,3,4,4,95,11,21.2205,2,12,3,2013,18,57,12,1,0,2,3,1,1,2,2,2,0,2,1,0,0,0
201329431561,6,3,5,50,8,211.692,1,1,1,2013,3,40,52,0,0,1,3,1,0,0,1,3,0,1,4,0,0,0
201329431656,3,3,1,50,8,18.408,4,1,4,2013,13,47,12,1,0,1,1,2,2,1,2,3,0,1,1,0,0,0
201329431776,3,3,2,50,8,18.408,1,1,7,2013,15,30,8,0,0,2,1,1,2,1,2,3,0,2,1,16,0,0
201329431794,6,3,2,50,8,211.692,1,1,3,2013,13,56,25,0,0,1,1,2,0,0,2,3,0,1,3,0,0,0
201329431925,1,3,5,50,8,4.602,2,1,1,2013,10,45,12,2,0,2,1,1,3,2,2,3,0,2,1,0,0,0
201329431927,3,3,5,50,8,18.408,1,1,5,2013,7,54,18,0,0,2,1,10,2,1,2,3,0,,1,0,0,0
201329431960,1,3,7,50,8,13.677052,1,1,3,2013,15,15,42,0,0,1,1,2,3,1,2,1,0,1,4,0,0,0
201329431967,1,3,7,50,8,13.677052,1,1,5,2013,23,50,17,0,0,2,3,1,3,2,1,1,0,2,4,0,0,0
201329431975,4,3,7,50,8,355.60336,1,1,1,2013,15,55,30,0,0,2,1,1,0,0,2,1,0,2,4,0,0,0
201329432015,1,3,2,50,8,4.602,1,1,5,2013,12,57,30,0,0,1,1,1,3,1,2,3,0,1,4,0,0,0
201329432034,3,3,2,50,8,18.408,1,1,2,2013,16,1,8,0,0,1,1,1,2,1,2,3,0,1,1,0,0,0
201329432050,4,3,2,50,8,349.752,1,1,4,2013,8,34,19,0,0,1,1,1,0,0,2,3,0,1,5,0,0,0
201329432073,6,3,1,50,8,211.692,3,1,1,2013,6,55,12,1,0,1,2,1,1,1,2,3,0,1,1,19,14,0
201329432221,1,3,7,50,8,13.677052,2,1,5,2013,12,20,12,6,0,2,1,1,3,2,2,1,0,2,1,0,0,0
201329432222,6,3,7,50,8,205.15578,2,1,6,2013,18,55,12,1,0,1,2,1,1,1,2,1,0,1,1,0,0,0
201329432227,5,3,7,50,8,95.739365,2,1,1,2013,17,4,12,7,0,1,1,1,2,2,2,1,0,1,1,0,0,0
201329432236,2,3,5,50,8,59.826,2,1,7,2013,5,40,12,6,0,2,3,2,1,1,2,3,0,2,1,0,0,0
201329432237,3,3,5,50,8,18.408,2,1,7,2013,12,26,12,1,0,1,1,10,2,2,2,3,0,1,1,0,0,0
201329432264,3,3,2,50,8,18.408,1,1,6,2013,7,45,9,0,0,2,1,1,2,1,2,3,0,3,1,0,0,0
201329432283,6,3,2,50,8,211.692,2,1,1,2013,1,30,12,9,0,2,3,1,0,0,1,3,0,2,1,0,0,0
201329432301,1,3,2,50,8,4.602,1,1,4,2013,2,55,25,0,1,5,3,1,3,1,2,3,0,1,4,0,0,0
201329432350,2,3,4,50,8,59.826,2,1,6,2013,13,20,12,7,0,1,1,1,0,0,2,3,0,1,1,0,0,0
201329432361,1,3,4,50,8,4.602,2,1,2,2013,22,47,12,6,0,2,3,1,3,2,1,3,0,2,1,0,0,0
201329432374,1,3,4,50,8,4.602,1,1,5,2013,16,16,24,0,1,5,1,10,3,1,2,3,0,1,4,0,0,0
201329432377,6,3,4,50,8,211.692,2,1,6,2013,9,2,12,6,0,2,1,1,0,0,2,3,0,2,1,0,0,0
201329432393,5,3,4,50,8,92.04,2,1,2,2013,8,19,12,6,0,2,1,10,1,2,2,3,0,2,1,0,0,0
201329432401,3,3,4,50,8,18.408,2,1,3,2013,9,5,12,6,0,2,1,4,2,2,2,3,0,2,1,0,0,0
201329432458,6,3,3,50,8,211.692,2,1,5,2013,5,21,12,1,0,1,3,2,2,1,2,3,0,1,1,19,23,0
201329432460,1,3,3,50,8,4.602,1,1,5,2013,6,7,24,0,0,1,3,10,4,1,2,3,0,1,4,0,0,0
201329432467,3,3,3,50,8,18.408,1,1,6,2013,12,53,1,0,0,1,1,10,2,1,2,3,0,1,1,0,0,0
201329432471,3,3,3,50,8,18.408,1,1,7,2013,2,13,33,0,0,1,3,1,2,1,1,3,0,1,4,0,0,0
201329432474,2,3,3,50,8,59.826,4,1,7,2013,14,20,12,7,0,1,1,2,1,1,2,3,0,1,1,0,0,0
201329432523,1,3,2,50,8,4.602,3,1,3,2013,18,12,12,2,0,2,3,10,3,2,2,3,0,,1,0,0,0
201329432538,3,3,2,50,8,18.408,1,1,5,2013,19,37,1,0,0,2,3,1,2,1,2,3,0,2,1,0,0,0
201329432576,3,3,2,50,8,18.408,1,1,5,2013,17,6,9,0,0,4,1,1,2,1,2,3,0,1,1,16,0,0
201329432586,5,3,2,50,8,92.04,2,2,6,2013,15,43,12,6,0,2,1,1,2,3,2,3,0,2,1,0,0,0
201329432628,1,3,1,50,8,4.602,1,1,1,2013,4,30,1,0,0,1,3,5,3,1,2,3,0,1,6,0,0,0
201329432639,5,3,1,50,8,92.04,2,1,2,2013,20,58,12,1,0,1,3,1,1,2,2,3,0,1,1,0,0,0
201329432661,1,3,5,50,8,4.602,1,2,7,2013,1,12,33,0,0,1,3,1,3,1,2,3,0,1,3,0,0,0
201329432662,6,3,5,50,8,211.692,1,2,7,2013,12,50,43,0,0,1,1,10,0,0,2,3,0,1,4,0,0,0
201329432682,1,3,7,50,8,13.677052,3,2,2,2013,13,29,12,1,0,2,1,1,3,2,2,1,0,2,1,0,0,0
201329432720,6,3,2,50,8,211.692,1,2,6,2013,17,0,25,0,0,1,1,1,0,0,1,3,0,1,3,0,0,0
201329432723,1,3,2,50,8,4.602,2,2,7,2013,17,39,12,6,0,2,1,2,3,4,2,3,0,2,1,0,0,0
201329432731,1,3,2,50,8,4.602,1,2,1,2013,2,59,46,0,0,2,3,2,3,2,2,3,0,2,4,0,0,0
201329432781,5,3,3,50,8,92.04,3,1,4,2013,9,45,12,1,0,1,1,1,1,4,2,3,0,1,1,0,0,0
201329432804,4,3,3,50,8,349.752,1,1,5,2013,13,0,53,0,0,2,1,1,1,1,2,3,0,3,4,0,0,0
201329432875,4,3,2,50,8,349.752,2,2,3,2013,9,2,12,1,0,2,1,2,0,0,2,3,0,3,1,0,0,0
201329432881,3,3,2,50,8,18.408,3,2,4,2013,6,40,12,1,0,1,3,10,2,2,2,3,0,1,1,0,0,0
201329432944,1,3,4,50,8,4.602,1,1,1,2013,18,14,1,0,0,1,1,1,3,1,2,3,0,1,4,0,0,0
201329432965,3,3,4,50,8,18.408,1,1,5,2013,19,28,8,0,0,2,3,1,4,1,2,3,0,2,1,0,0,0
201329432990,4,3,4,50,8,349.752,1,1,5,2013,14,55,43,0,0,6,1,1,0,0,2,3,0,1,1,0,0,0
201329432991,1,3,4,50,8,4.602,1,1,5,2013,22,37,18,0,0,2,3,1,3,1,2,3,0,3,1,0,0,0
201329432992,1,3,4,50,8,4.602,4,1,5,2013,22,32,12,7,0,1,2,1,4,4,1,3,0,1,1,0,0,0
201329433004,6,3,10,50,8,190.98277,2,1,2,2013,12,9,12,6,0,1,1,10,0,0,2,2,0,1,1,0,0,0
201329433007,3,3,10,50,8,38.196552,2,1,3,2013,7,40,12,6,0,2,1,1,3,3,2,2,0,2,1,0,0,0
201329433013,5,3,10,50,8,76.393105,2,1,5,2013,18,36,12,6,0,4,3,1,1,4,1,2,0,1,1,0,0,0
201329433015,1,3,10,50,8,38.196552,3,1,6,2013,12,28,12,6,0,4,1,1,3,2,2,2,0,1,1,0,0,0
201329433016,4,3,10,50,8,343.76898,1,1,7,2013,9,13,33,0,0,1,1,10,0,0,2,2,0,1,4,0,0,0
201329433020,6,3,10,50,8,190.98277,2,1,3,2013,8,18,12,8,0,1,1,3,0,0,2,2,0,1,1,0,0,0
201329433042,3,3,5,50,8,18.408,2,2,3,2013,19,35,12,7,0,1,3,1,2,2,2,3,0,1,1,0,0,0
201329433068,3,3,2,50,8,18.408,3,2,2,2013,17,19,12,1,0,2,1,1,2,4,2,3,0,2,1,0,0,0
201329433099,6,3,2,50,8,211.692,2,2,6,2013,23,10,12,6,0,2,3,1,0,0,1,3,0,2,1,0,0,0
201329433135,3,3,5,50,8,18.408,2,2,4,2013,17,43,33,0,0,1,1,1,2,2,2,3,1,1,4,14,0,0
201329433139,5,3,5,50,8,92.04,1,3,6,2013,23,55,20,0,0,1,3,1,1,1,1,3,0,1,4,0,0,0
201329433140,3,3,7,50,8,13.677052,1,2,5,2013,17,15,8,0,0,2,1,1,2,1,2,1,0,2,1,0,0,0
201329433146,6,3,7,50,8,205.15578,2,2,7,2013,23,22,12,7,0,1,3,1,0,0,2,1,0,1,1,0,0,0
201329433159,4,3,7,50,8,355.60336,2,3,4,2013,12,4,12,6,0,2,1,1,0,0,2,1,0,2,1,0,0,0
201329433162,2,3,2,50,8,59.826,2,2,2,2013,13,40,12,1,0,2,1,10,0,0,2,3,0,,1,0,0,0
201329433188,5,3,2,50,8,92.04,2,3,6,2013,19,9,12,6,0,4,3,1,2,2,2,3,0,1,1,0,0,0
201329433221,1,3,4,50,8,4.602,1,2,6,2013,19,11,5,0,0,1,3,1,3,1,2,3,0,1,1,0,0,0
201329433251,1,3,4,50,8,4.602,2,2,4,2013,22,31,12,6,0,2,3,1,3,1,2,3,0,2,1,0,0,0
201329433266,6,3,4,50,8,211.692,1,2,7,2013,13,47,42,0,0,1,1,10,0,0,2,3,0,1,3,0,0,0
201329433276,3,3,4,50,8,18.408,2,2,3,2013,15,48,12,6,0,1,1,1,2,1,2,3,0,1,1,0,0,0
201329433304,3,3,3,50,8,18.408,1,2,6,2013,22,20,46,0,0,2,3,1,2,1,2,3,0,2,4,0,0,0
201329433320,3,3,3,50,8,18.408,3,2,6,2013,18,32,12,1,0,2,2,1,2,2,2,3,0,,1,0,0,0