CASENUM,STRATUM,REGION,PJ,PSU,PSUSTRAT,WEIGHT,VE_TOTAL,MONTH,WKDY_IM,YEAR,HOUR_IM,MINUTE_IM,EVENT1_IM,MANCOL_IM,RELJCT1_IM,RELJCT2_IM,LGTCON_IM,WEATHR_IM,MAXSEV_IM,NO_INJ_IM,ALCHL_IM,LAND_USE,PVH_INVL,TYP_INT,REL_ROAD,CF1,CF2,CF3
201329440617,5,3,10,50,8,76.393105,1,11,1,2013,20,52,42,0,0,1,2,1,1,1,2,2,0,1,3,0,0,0
201329440622,6,3,10,50,8,190.98277,2,11,5,2013,1,28,12,7,0,1,2,10,0,0,1,2,0,1,1,0,0,0
201329440625,3,3,10,50,8,38.196552,2,11,6,2013,8,49,12,6,0,4,2,10,2,1,2,2,0,1,1,0,0,0
201329440629,6,3,10,50,8,190.98277,1,11,7,2013,15,20,30,0,0,1,1,2,0,0,2,2,0,1,4,0,0,0
201329440634,3,3,10,50,8,38.196552,1,11,4,2013,18,47,8,0,0,1,2,1,3,1,2,2,0,1,1,0,0,0
201329440635,1,3,10,50,8,38.196552,1,11,6,2013,1,40,42,0,0,1,6,1,3,1,1,2,0,1,4,0,0,0
201329440637,6,3,10,50,8,190.98277,2,11,6,2013,12,22,12,1,0,2,1,1,0,0,2,2,0,,1,0,0,0
201329440651,5,3,3,50,8,92.04,2,11,2,2013,13,0,12,7,0,2,1,1,2,2,2,3,0,2,1,0,0,0
201329440672,3,3,3,50,8,18.408,1,11,6,2013,15,44,8,0,0,1,1,2,2,1,2,3,0,1,1,0,0,0
201329440677,1,3,3,50,8,4.602,1,11,7,2013,0,10,42,0,0,1,3,2,3,2,2,3,0,1,4,0,0,0
201329440763,1,3,4,50,8,4.602,2,12,1,2013,14,53,12,6,0,2,1,10,4,3,2,3,0,2,1,0,0,0
201329440764,5,3,4,50,8,92.04,2,12,1,2013,18,58,12,1,0,2,3,1,1,1,2,3,0,3,1,0,0,0
201329440775,1,3,4,50,8,4.602,1,12,5,2013,16,15,30,0,0,1,1,10,3,1,2,3,0,1,4,0,0,0
201329440807,1,3,4,50,8,4.602,1,12,4,2013,5,37,30,0,0,1,3,1,3,1,2,3,0,1,4,0,0,0
201329440810,2,3,4,50,8,59.826,2,12,4,2013,10,31,12,1,0,1,1,10,0,0,2,3,0,1,1,0,0,0
201329440841,3,3,7,50,8,13.677052,1,12,3,2013,18,13,8,0,0,1,3,1,2,1,2,1,0,1,1,0,0,0
201329440850,6,3,7,50,8,205.15578,2,12,5,2013,7,48,12,6,0,2,1,10,0,0,2,1,0,2,1,0,0,0
201329440858,3,3,7,50,8,13.677052,1,12,6,2013,13,30,1,0,0,1,1,1,3,1,2,1,0,1,2,0,0,0
201329440869,5,3,5,50,8,92.04,3,12,2,2013,16,43,12,1,0,1,1,1,2,1,2,3,0,1,1,0,0,0
201329440886,1,3,2,50,8,4.602,2,12,4,2013,7,28,12,1,0,1,1,1,3,4,2,3,0,1,1,0,0,0
201329440914,5,3,2,50,8,92.04,2,12,7,2013,21,27,12,6,0,2,3,10,2,1,2,3,0,,1,0,0,0
201329440927,6,3,2,50,8,211.692,4,12,2,2013,12,10,12,7,0,1,1,1,0,0,2,3,0,1,1,0,0,0
201329440954,1,3,2,50,8,4.602,2,12,5,2013,15,0,12,6,0,2,1,1,3,4,2,3,0,2,1,0,0,0
201329440955,1,3,2,50,8,4.602,1,12,5,2013,19,10,30,0,0,1,3,1,3,1,1,3,0,1,3,0,0,0
201329441005,1,3,3,50,8,4.602,4,12,2,2013,16,3,12,6,0,2,1,1,3,1,2,3,0,2,1,0,0,0
201329441023,3,3,3,50,8,18.408,3,12,6,2013,16,13,12,1,0,1,1,10,2,1,2,3,0,1,1,0,0,0
201329441026,1,3,3,50,8,4.602,1,12,6,2013,21,52,1,0,0,1,2,10,3,1,1,3,0,1,2,0,0,0
201329441045,6,3,3,50,8,211.692,2,12,4,2013,19,58,12,2,0,2,3,10,1,3,2,3,0,2,1,0,0,0
201329441089,6,3,5,50,8,211.692,1,12,1,2013,2,45,30,0,0,2,3,10,2,1,1,3,0,2,4,0,0,0
201329441093,3,3,2,50,8,18.408,2,12,3,2013,17,40,12,6,0,2,3,1,2,1,2,3,0,2,1,0,0,0
201329441182,4,3,10,50,8,343.76898,2,12,3,2013,10,48,12,6,0,4,1,1,0,0,2,2,0,1,1,0,0,0
201329441186,3,3,10,50,8,38.196552,1,12,2,2013,11,31,8,0,0,1,1,1,3,1,2,2,0,1,1,0,0,0
201329441189,5,3,10,50,8,76.393105,1,12,6,2013,8,8,1,0,0,1,1,1,1,1,2,2,0,1,1,0,0,0
201329441191,6,3,10,50,8,190.98277,1,12,7,2013,1,35,24,0,0,2,3,10,0,0,2,2,0,2,3,0,0,0
201329441193,2,3,10,50,8,76.393105,2,12,1,2013,20,28,12,9,0,1,3,1,2,1,2,2,0,1,1,0,0,0
201329441194,1,3,10,50,8,38.196552,2,12,2,2013,17,48,12,6,0,2,3,10,3,3,2,2,0,2,1,0,0,0
201329441198,3,3,10,50,8,38.196552,2,12,2,2013,14,41,12,6,0,2,1,1,2,1,2,2,0,3,1,0,0,0
201329441202,6,3,10,50,8,190.98277,2,12,4,2013,15,14,12,6,0,2,1,1,2,5,2,2,0,3,1,0,0,0
201329441205,3,3,10,50,8,38.196552,1,12,7,2013,14,37,8,0,0,4,1,1,2,2,2,2,0,1,1,0,0,0
201329441207,4,3,10,50,8,343.76898,2,12,1,2013,16,29,12,6,0,4,1,10,1,3,2,2,0,1,1,0,0,0
201329441254,3,3,4,50,8,18.408,2,12,2,2013,17,45,12,1,0,2,5,1,2,1,2,3,0,2,1,0,0,0
201329441259,6,3,4,50,8,211.692,2,12,3,2013,20,56,12,6,0,1,2,1,0,0,2,3,0,1,1,0,0,0
201329441265,1,3,4,50,8,4.602,1,12,6,2013,1,5,30,0,0,1,3,1,3,3,1,3,0,1,3,0,0,0
201329441267,4,3,4,50,8,349.752,2,12,6,2013,1,35,14,0,0,1,2,1,1,1,2,3,1,1,7,0,0,0
201329441274,1,3,4,50,8,4.602,1,12,7,2013,0,43,39,0,0,1,3,1,3,1,2,3,0,1,5,0,0,0
201329441284,5,3,4,50,8,92.04,1,12,3,2013,2,8,1,0,0,1,3,1,1,1,2,3,0,1,3,0,0,0
201329441383,3,3,3,50,8,18.408,2,12,2,2013,14,35,12,6,0,1,1,1,2,1,1,3,0,1,1,0,0,0
201329441401,4,3,3,50,8,349.752,2,12,6,2013,18,4,12,6,0,4,3,1,0,0,2,3,0,1,1,0,0,0
201329441406,3,3,3,50,8,18.408,1,12,7,2013,8,25,52,0,1,19,1,2,2,1,2,3,0,1,4,0,0,0
201329441434,5,3,3,50,8,92.04,3,12,1,2013,17,51,12,8,0,1,2,1,2,3,1,3,0,1,1,0,0,0
201329536139,4,2,46,91,5,355.1383,2,1,3,2013,16,10,12,6,0,2,1,1,0,0,2,1,0,2,1,0,0,0
201329536146,3,2,46,91,5,14.797429,1,1,6,2013,17,7,9,0,0,2,3,4,2,1,2,1,0,3,1,0,0,0
201329536153,3,2,46,91,5,14.797429,1,1,3,2013,19,18,8,0,0,2,2,2,2,1,2,1,0,3,1,0,0,0
201329536200,1,2,15,91,5,5.167218,2,1,1,2013,12,5,12,6,0,1,1,2,3,1,2,2,0,1,1,0,0,0
201329536220,4,2,15,91,5,351.37082,3,1,2,2013,3,35,14,0,0,1,3,1,0,0,2,2,2,1,7,0,0,0
201329536237,5,2,15,91,5,87.842705,2,1,7,2013,14,2,12,1,0,4,1,1,1,1,2,2,0,1,1,0,0,0
201329536243,1,2,15,91,5,5.167218,2,1,2,2013,18,12,12,2,0,2,3,1,3,2,1,2,0,3,1,,,
201329536340,1,2,1,91,5,2.7926,4,1,3,2013,18,39,12,2,0,2,3,1,3,2,1,3,0,3,1,0,0,0
201329536376,6,2,1,91,5,209.445,3,2,3,2013,6,41,12,1,0,2,4,4,1,2,2,3,0,2,1,0,0,0
201329536434,4,2,7,91,5,350.90524,2,1,5,2013,18,7,12,1,0,2,3,1,0,0,2,3,0,,1,0,0,0
201329536670,4,2,3,91,5,349.63617,2,1,6,2013,16,54,14,0,0,2,1,4,1,1,2,3,1,,6,0,0,0
201329536748,4,2,3,91,5,349.63617,1,2,1,2013,13,14,19,0,0,2,1,4,0,0,2,3,0,,5,0,0,0
201329536757,2,2,3,91,5,62.032223,2,2,4,2013,14,48,12,1,0,2,1,1,0,0,2,3,0,,1,0,0,0
201329536795,3,2,3,91,5,22.557173,3,2,6,2013,6,59,12,6,0,2,1,4,2,3,2,3,0,2,1,0,0,0
201329536863,5,2,19,91,5,88.35927,2,1,3,2013,20,2,12,6,0,2,3,1,1,1,2,2,0,2,1,0,0,0
201329536874,1,2,19,91,5,6.796867,3,1,2,2013,7,55,12,1,0,2,1,4,3,5,2,2,0,2,1,0,0,0
201329536886,4,2,19,91,5,346.64023,2,1,3,2013,16,10,12,1,0,2,1,1,1,1,2,2,0,3,1,0,0,0
201329536917,6,2,19,91,5,210.70288,2,1,4,2013,11,48,12,6,0,4,1,1,0,0,2,2,0,1,1,0,0,0
201329536954,4,2,19,91,5,346.64023,2,2,4,2013,16,33,12,6,0,2,1,1,0,0,2,2,0,,1,0,0,0
201329536982,3,2,19,91,5,20.3906,1,2,4,2013,18,15,8,0,0,2,3,1,2,1,2,2,0,3,1,0,0,0
201329537026,4,2,19,91,5,346.64023,2,2,2,2013,7,52,12,1,0,2,1,1,1,1,2,2,0,2,1,0,0,0
201329537060,1,2,4,91,5,5.496088,1,1,6,2013,10,55,42,0,0,1,1,4,4,1,2,3,0,1,4,0,0,0
201329537061,1,2,4,91,5,5.496088,2,1,4,2013,12,14,12,6,0,2,1,1,3,3,2,3,0,2,1,0,0,0
201329537111,4,2,4,91,5,351.74963,2,1,5,2013,19,57,12,1,0,2,3,2,0,0,2,3,0,,1,0,0,0
201329537296,4,2,32,91,5,352.3388,2,1,7,2013,8,25,12,6,0,2,1,1,0,0,2,1,0,2,1,0,0,0
201329537299,5,2,32,91,5,93.26615,2,1,1,2013,4,14,14,0,0,1,3,1,2,1,1,1,1,1,7,,,
201329537337,4,2,32,91,5,352.3388,2,2,2,2013,8,30,12,2,0,2,1,1,0,0,2,1,0,,1,,,
201329537359,1,2,7,91,5,5.659762,2,1,6,2013,14,35,12,6,0,4,1,1,3,1,2,3,0,1,1,0,0,0
201329537364,5,2,7,91,5,90.55619,2,2,5,2013,15,25,12,6,0,2,1,1,2,2,2,3,0,2,1,0,0,0
201329537380,6,2,7,91,5,209.4112,2,3,6,2013,11,6,12,6,0,2,1,1,0,0,2,3,0,2,1,0,0,0
201329537431,4,2,7,91,5,350.90524,2,1,5,2013,18,0,14,0,0,4,3,1,0,0,2,3,1,1,7,0,0,0
201329537483,6,2,55,91,5,208.93744,1,1,5,2013,0,1,41,0,0,1,3,1,0,0,1,1,0,1,4,0,0,0
201329537504,4,2,55,91,5,353.58646,2,2,4,2013,8,44,12,7,0,2,1,1,0,0,2,1,0,2,1,0,0,0
201329537508,1,2,55,91,5,16.072111,2,3,7,2013,1,35,12,6,0,2,3,1,3,2,1,1,0,3,1,0,0,0
201329537510,5,2,55,91,5,96.43266,3,3,6,2013,13,43,12,1,0,1,1,1,2,5,2,1,0,1,1,0,0,0
201329537524,4,2,67,91,5,344.5197,2,3,4,2013,13,30,12,1,0,4,1,1,0,0,2,1,0,1,1,0,0,0
201329537534,5,2,67,91,5,86.12993,2,1,4,2013,14,40,12,6,0,2,1,1,2,2,2,1,0,2,1,0,0,0
201329537537,3,2,67,91,5,21.532482,1,1,3,2013,17,30,8,0,0,2,5,2,3,2,2,1,0,3,1,0,0,0
201329537545,4,2,67,91,5,344.5197,2,2,2,2013,8,5,14,0,0,2,1,4,0,0,2,1,1,3,7,0,0,0
201329537557,6,2,67,91,5,215.32481,2,2,7,2013,20,35,12,6,0,2,3,1,0,0,2,1,0,2,1,0,0,0
201329537573,4,2,67,91,5,344.5197,2,3,4,2013,21,18,12,1,0,1,2,1,0,0,2,1,0,1,1,0,0,0
201329537585,6,2,67,91,5,215.32481,1,3,3,2013,19,0,53,0,0,1,1,1,0,0,2,1,0,1,4,0,0,0
201329537602,4,2,113,91,5,364.94534,2,1,2,2013,19,36,12,6,0,4,2,1,0,0,2,8,0,1,1,0,0,0
201329537612,2,2,113,91,5,60.824223,2,1,5,2013,6,6,12,6,0,4,2,1,5,1,2,8,0,1,1,0,0,0
201329537618,4,2,113,91,5,364.94534,1,1,6,2013,8,25,59,0,0,2,1,4,0,0,2,8,0,2,4,0,0,0
201329537630,6,2,113,91,5,212.88478,2,1,5,2013,6,0,12,6,0,2,4,4,0,0,2,8,0,2,1,0,0,0
201329537634,4,2,113,91,5,364.94534,1,2,2,2013,9,57,34,0,0,1,1,8,0,0,2,8,0,1,4,0,0,0
201329537635,5,2,113,91,5,91.236336,3,2,3,2013,15,9,12,1,0,2,1,4,2,3,2,8,0,3,1,0,0,0
201329537654,4,2,113,91,5,364.94534,2,3,6,2013,7,20,12,1,0,2,1,6,0,0,2,8,0,2,1,0,0,0
201329537657,1,2,113,91,5,30.412111,4,3,2,2013,13,28,12,8,0,1,1,1,3,1,2,8,0,1,1,0,0,0
201329537664,5,2,113,91,5,91.236336,2,3,5,2013,23,30,12,1,0,4,2,1,1,4,2,8,0,1,1,0,0,0
201329537670,6,2,113,91,5,212.88478,1,3,6,2013,16,23,7,0,0,1,1,1,0,0,2,8,0,1,1,0,0,0
201329537676,3,2,113,91,5,30.412111,1,3,7,2013,11,21,9,0,0,1,1,1,2,1,2,8,0,1,1,0,0,0
201329537680,1,2,112,91,5,30.412111,2,1,5,2013,16,40,12,2,0,2,5,1,3,2,2,8,0,2,1,0,0,0
201329537684,5,2,112,91,5,91.236336,1,1,1,2013,13,0,34,0,1,19,1,4,1,1,2,8,0,1,4,0,0,0
201329537693,6,2,112,91,5,212.88478,1,1,2,2013,16,30,40,0,0,2,1,8,0,0,2,8,0,3,4,0,0,0
201329537699,4,2,112,91,5,364.94534,2,1,4,2013,19,5,12,1,1,2,3,4,0,0,2,8,0,3,1,0,0,0
201329537708,6,2,112,91,5,212.88478,3,2,5,2013,11,43,12,6,0,2,1,8,0,0,2,8,0,2,1,0,0,0
201329537717,2,2,112,91,5,60.824223,2,2,2,2013,8,18,12,1,0,2,1,1,2,1,2,8,0,2,1,0,0,0
201329537720,4,2,112,91,5,364.94534,2,3,2,2013,11,59,12,1,0,2,1,1,0,0,2,8,0,2,1,0,0,0
201329537737,4,2,112,91,5,364.94534,2,3,7,2013,11,5,12,1,0,2,1,1,0,0,2,8,0,2,1,0,0,0
201329537738,5,2,112,91,5,91.236336,1,3,7,2013,12,4,30,0,0,1,1,1,2,6,1,8,0,1,4,0,0,0
201329537850,4,2,15,91,5,351.37082,2,3,6,2013,16,30,12,7,0,2,5,4,0,0,2,2,0,,1,0,0,0
201329537976,6,2,19,91,5,210.70288,2,3,6,2013,17,10,12,7,0,2,1,1,0,0,2,2,0,2,1,0,0,0
201329537984,4,2,19,91,5,346.64023,2,3,1,2013,18,10,14,0,0,1,1,1,0,0,2,2,1,1,,0,0,0
201329538008,1,2,19,91,5,6.796867,2,3,4,2013,15,47,12,6,0,2,1,1,3,1,2,2,0,3,1,0,0,0
201329538087,4,2,3,91,5,349.63617,2,3,6,2013,3,30,12,1,0,1,3,1,0,0,2,3,0,1,1,0,0,0
201329538094,6,2,3,91,5,208.65384,2,3,7,2013,9,40,12,6,0,4,1,1,0,0,2,3,0,1,1,0,0,0
201329538162,5,2,3,91,5,90.22869,3,3,6,2013,21,50,14,0,0,1,3,1,2,1,2,3,2,1,7,0,0,0
201329538167,4,2,3,91,5,349.63617,2,3,2,2013,16,30,14,0,0,1,1,1,0,0,2,3,1,1,7,0,0,0
201329538174,3,2,3,91,5,22.557173,1,3,6,2013,11,18,9,0,0,2,1,1,2,1,2,3,0,3,1,0,0,0
201329538282,4,2,1,91,5,349.075,1,3,7,2013,1,45,11,0,0,1,2,1,0,0,2,3,0,1,1,0,0,0
201329538304,1,2,1,91,5,2.7926,1,2,5,2013,14,24,24,0,0,4,1,1,3,1,2,3,0,1,4,0,0,0
201329538327,1,2,1,91,5,2.7926,3,2,1,2013,12,2,12,2,0,1,1,4,3,1,2,3,0,1,1,0,0,0
201329538328,5,2,1,91,5,89.3632,1,2,2,2013,8,35,53,0,0,1,1,1,2,1,2,3,0,1,4,0,0,0
201329538342,1,2,1,91,5,2.7926,3,3,6,2013,13,43,12,1,0,1,1,3,4,4,1,3,0,1,1,0,0,0
201329538363,1,2,1,91,5,2.7926,2,3,5,2013,11,25,12,6,0,4,1,1,3,3,2,3,0,1,1,0,0,0
201329538376,1,2,1,91,5,2.7926,2,3,3,2013,3,9,12,2,0,1,3,1,4,2,1,3,0,1,1,0,0,0
201329538707,6,2,32,91,5,207.25812,4,3,7,2013,17,59,12,6,0,1,3,1,1,2,2,1,2,1,1,0,0,0
201329538708,4,2,32,91,5,352.3388,2,3,1,2013,3,56,14,0,0,1,3,1,0,0,2,1,1,1,6,0,0,0
201329538717,1,2,32,91,5,10.362906,2,3,3,2013,15,44,12,6,0,2,1,1,3,2,2,1,0,,1,0,0,0
201329538757,4,2,32,91,5,352.3388,2,4,4,2013,19,11,12,6,0,4,5,2,0,0,2,1,0,1,1,0,0,0
201329538780,1,2,7,91,5,5.659762,2,3,6,2013,17,49,12,6,0,2,1,1,3,3,2,3,0,4,1,0,0,0
201329538798,6,2,7,91,5,209.4112,2,4,3,2013,9,10,12,1,0,2,1,1,0,0,2,3,0,,1,0,0,0
201329538827,4,2,7,91,5,350.90524,2,4,3,2013,15,0,12,1,0,2,1,1,1,1,2,3,0,2,1,0,0,0
201329538845,3,2,7,91,5,22.639048,3,4,1,2013,16,38,12,1,0,1,1,1,3,3,2,3,0,1,1,0,0,0
201329538899,1,2,4,91,5,5.496088,1,1,7,2013,1,15,42,0,0,2,2,4,3,3,1,3,0,2,6,0,0,0
201329538904,6,2,4,91,5,208.85135,2,1,4,2013,7,55,12,6,0,2,1,1,0,0,2,3,0,,1,0,0,0
201329538954,4,2,15,91,5,351.37082,2,4,1,2013,1,50,12,6,0,4,3,1,0,0,2,2,0,1,1,0,0,0
201329538994,6,2,15,91,5,211.85594,2,4,7,2013,21,21,12,6,0,2,3,1,1,4,2,2,0,2,1,0,0,0
201329538995,1,2,15,91,5,5.167218,1,4,1,2013,2,29,25,0,0,2,3,1,3,1,2,2,0,3,3,0,0,0
201329539054,1,2,19,91,5,6.796867,3,4,5,2013,15,33,12,1,0,1,1,1,3,1,2,2,0,1,1,0,0,0
201329539084,5,2,19,91,5,88.35927,2,4,2,2013,11,56,12,1,0,2,1,1,3,1,2,2,0,3,1,0,0,0
201329539110,4,2,19,91,5,346.64023,2,4,2,2013,17,55,12,1,0,2,1,1,0,0,2,2,0,,1,0,0,0
201329539135,3,2,19,91,5,20.3906,1,5,1,2013,19,35,33,0,0,1,1,1,3,2,1,2,0,1,4,0,0,0
201329539203,4,2,3,91,5,349.63617,1,4,2,2013,20,40,33,0,0,1,5,4,0,0,2,3,0,1,4,0,0,0
201329539275,2,2,1,91,5,58.6446,2,4,2,2013,11,40,12,6,0,2,1,1,2,1,2,3,0,2,1,0,0,0
201329539436,5,2,32,91,5,93.26615,2,4,2,2013,13,23,12,6,0,2,1,1,1,1,2,1,0,,1,0,0,0
201329539451,4,2,32,91,5,352.3388,2,5,4,2013,9,0,12,10,0,4,1,1,0,0,2,1,0,1,1,0,0,0
201329539455,3,2,32,91,5,20.725813,1,5,1,2013,11,0,1,0,0,1,1,1,2,1,2,1,0,1,1,0,0,0
201329539464,2,2,32,91,5,62.177437,2,5,3,2013,13,30,12,6,0,4,1,1,1,1,2,1,0,1,1,0,0,0
201329539562,4,2,24,91,5,353.43002,2,1,3,2013,12,10,12,6,0,4,1,1,0,0,2,1,0,1,1,0,0,0
201329539567,3,2,24,91,5,22.559364,2,1,6,2013,14,34,12,6,0,2,1,1,3,1,2,1,0,2,1,0,0,0
201329539575,5,2,9,91,5,91.44301,2,1,5,2013,10,0,12,6,0,2,1,1,2,2,2,3,0,2,1,0,0,0
201329539620,4,2,9,91,5,349.8689,2,2,6,2013,19,50,12,1,1,5,3,1,0,0,2,3,0,1,1,0,0,0
201329539681,1,2,7,91,5,5.659762,1,5,5,2013,2,30,42,0,0,1,2,1,3,2,1,3,0,1,4,0,0,0
201329539753,4,2,4,91,5,351.74963,8,2,3,2013,23,25,14,0,0,1,3,8,0,0,2,3,7,1,7,0,0,0
201329539788,4,2,7,91,5,350.90524,2,2,3,2013,13,0,12,6,0,1,1,4,0,0,2,3,0,1,1,0,0,0
201329539792,5,2,4,91,5,87.93741,1,2,6,2013,18,27,25,0,0,2,3,4,2,1,2,3,0,,3,0,0,0
201329539801,3,2,4,91,5,21.984352,2,2,3,2013,14,15,12,1,0,2,1,4,2,1,2,3,0,,1,0,0,0
201329539843,5,2,46,91,5,88.78458,1,2,4,2013,10,42,38,0,0,1,1,1,5,1,2,1,0,1,4,0,0,0
201329539848,6,2,46,91,5,207.164,2,2,1,2013,16,19,12,6,0,2,1,1,0,0,2,1,0,3,1,0,0,0
201329539868,4,2,46,91,5,355.1383,2,3,5,2013,1,6,14,0,0,1,3,1,0,0,2,1,1,1,7,0,0,0
201329539893,4,2,46,91,5,355.1383,2,3,2,2013,13,15,12,6,0,4,1,2,0,0,2,1,0,1,1,0,0,0
201329539917,3,2,46,91,5,14.797429,2,3,6,2013,14,0,12,7,0,2,1,1,2,2,2,1,0,2,1,0,0,0
201329539918,4,2,46,91,5,355.1383,2,2,7,2013,15,15,14,0,0,1,1,2,0,0,2,1,1,1,7,0,0,0
201329539922,3,2,46,91,5,14.797429,1,3,3,2013,15,30,8,0,0,2,1,1,2,1,2,1,0,3,1,0,0,0
201329539923,3,2,46,91,5,14.797429,1,2,7,2013,15,50,8,0,0,1,1,1,3,1,2,1,0,1,1,0,0,0
201329539924,3,2,46,91,5,14.797429,1,3,4,2013,13,46,9,0,0,2,1,1,2,1,2,1,0,2,1,0,0,0
201329539925,3,2,46,91,5,14.797429,1,2,3,2013,20,10,8,0,0,4,3,4,3,1,2,1,0,1,1,0,0,0
201329539926,3,2,46,91,5,14.797429,1,2,2,2013,17,55,8,0,0,2,3,1,3,1,2,1,0,3,1,0,0,0
201329539956,3,2,15,91,5,20.668873,2,5,2,2013,9,48,12,6,0,2,1,1,2,2,2,2,0,2,1,0,0,0
201329539958,4,2,15,91,5,351.37082,2,5,2,2013,16,30,12,8,0,2,1,1,0,0,2,2,0,2,1,0,0,0
201329539971,1,2,15,91,5,5.167218,2,5,7,2013,16,38,12,6,0,2,1,1,3,5,2,2,0,3,1,0,0,0
201329540003,5,2,15,91,5,87.842705,2,5,5,2013,9,16,12,6,0,2,1,2,1,2,2,2,0,3,1,0,0,0
201329540045,6,2,19,91,5,210.70288,2,5,3,2013,13,59,12,1,0,2,1,1,1,1,2,2,0,3,1,0,0,0
201329540086,1,2,19,91,5,6.796867,3,5,6,2013,14,17,12,1,0,2,1,1,3,1,2,2,0,2,1,0,0,0
201329540092,4,2,19,91,5,346.64023,2,5,7,2013,12,56,14,0,0,1,1,1,0,0,2,2,1,1,7,0,0,0
201329540098,1,2,19,91,5,6.796867,2,5,7,2013,21,0,12,6,0,1,2,1,3,3,1,2,0,1,1,0,0,0
201329540142,1,2,19,91,5,6.796867,3,5,5,2013,16,30,12,1,0,1,1,1,3,3,2,2,0,1,1,0,0,0
201329540166,4,2,19,91,5,346.64023,1,6,5,2013,0,24,38,0,0,1,3,1,0,0,1,2,0,1,4,0,0,0
201329540225,4,2,46,91,5,355.1383,2,4,4,2013,16,45,12,9,0,4,1,2,0,0,2,1,0,1,1,0,0,0
201329540233,3,2,46,91,5,14.797429,1,4,3,2013,15,1,8,0,0,1,1,1,3,1,2,1,0,1,1,0,0,0
201329540271,4,2,4,91,5,351.74963,2,3,3,2013,19,0,14,0,0,1,2,4,0,0,2,3,1,1,7,,,
201329540335,4,2,4,91,5,351.74963,3,3,5,2013,17,26,12,1,0,2,1,1,1,1,2,3,0,2,1,0,0,0
201329540398,4,2,9,91,5,349.8689,2,1,5,2013,13,17,12,6,0,2,1,1,0,0,2,3,0,2,1,0,0,0
201329540432,4,2,46,91,5,355.1383,2,5,6,2013,13,20,12,6,0,4,1,1,0,0,2,1,0,1,1,0,0,0
201329540456,4,2,46,91,5,355.1383,2,5,7,2013,19,29,14,0,0,1,1,1,0,0,2,1,1,1,7,,,
201329540470,3,2,46,91,5,14.797429,1,6,2,2013,15,0,8,0,0,2,1,1,3,1,2,1,0,2,1,0,0,0
201329540471,3,2,46,91,5,14.797429,1,5,7,2013,15,50,8,0,0,2,1,1,3,1,2,1,0,2,1,0,0,0
201329540472,3,2,46,91,5,14.797429,2,6,5,2013,21,22,12,1,0,1,3,1,2,1,1,1,0,1,1,0,0,0
201329540496,4,2,3,91,5,349.63617,2,5,7,2013,18,15,14,0,0,1,1,1,0,0,2,3,1,1,7,0,0,0
201329540526,6,2,3,91,5,208.65384,1,5,3,2013,2,8,43,0,0,1,2,2,0,0,1,3,0,1,5,,,
201329540548,3,2,3,91,5,22.557173,1,6,5,2013,8,20,8,0,0,2,1,1,2,1,2,3,0,2,4,0,0,0
201329540575,1,2,1,91,5,2.7926,2,5,7,2013,21,59,12,2,0,1,5,1,3,6,2,3,0,1,1,0,0,0
201329540597,4,2,1,91,5,349.075,2,6,4,2013,18,0,12,7,0,2,1,1,0,0,2,3,0,3,1,0,0,0
201329540601,1,2,1,91,5,2.7926,1,6,2,2013,15,53,32,0,0,1,1,2,4,1,2,3,0,1,4,0,0,0
201329540638,6,2,1,91,5,209.445,2,5,5,2013,21,21,12,1,0,2,3,1,0,0,2,3,0,2,1,0,0,0
201329540704,4,2,55,91,5,353.58646,2,5,1,2013,10,20,14,0,0,1,1,1,0,0,2,1,1,1,4,0,0,0
201329540709,3,2,55,91,5,16.072111,1,5,2,2013,15,49,8,0,0,2,1,1,3,2,2,1,0,2,1,0,0,0
201329540718,5,2,55,91,5,96.43266,2,5,6,2013,18,45,12,2,0,2,1,1,2,2,2,1,0,2,1,0,0,0
201329540719,3,2,55,91,5,16.072111,1,5,1,2013,22,6,8,0,0,2,3,2,4,2,1,1,0,,1,0,0,0
201329540721,6,2,55,91,5,208.93744,2,6,2,2013,16,51,12,6,0,2,1,1,1,1,2,1,0,3,1,0,0,0
201329540735,4,2,55,91,5,353.58646,2,6,4,2013,9,51,12,1,0,1,1,1,0,0,2,1,0,1,1,0,0,0
201329540744,4,2,67,91,5,344.5197,2,4,2,2013,16,30,14,0,0,4,1,1,0,0,2,1,1,1,7,0,0,0
201329540764,3,2,67,91,5,21.532482,1,4,3,2013,20,15,9,0,0,2,3,1,3,2,2,1,0,3,1,0,0,0
201329540770,1,2,67,91,5,21.532482,2,5,1,2013,1,24,12,1,0,2,3,1,3,2,1,1,0,2,1,0,0,0
201329540771,5,2,67,91,5,86.12993,2,5,1,2013,21,19,12,6,0,2,3,1,2,2,2,1,0,2,1,0,0,0
201329540772,4,2,67,91,5,344.5197,2,5,3,2013,7,55,12,1,1,2,1,1,0,0,2,1,0,3,1,0,0,0
201329540786,5,2,67,91,5,86.12993,2,5,4,2013,17,2,12,6,0,2,1,1,2,2,2,1,0,,1,0,0,0