CASENUM,STRATUM,REGION,PJ,PSU,PSUSTRAT,WEIGHT,VE_TOTAL,MONTH,WKDY_IM,YEAR,HOUR_IM,MINUTE_IM,EVENT1_IM,MANCOL_IM,RELJCT1_IM,RELJCT2_IM,LGTCON_IM,WEATHR_IM,MAXSEV_IM,NO_INJ_IM,ALCHL_IM,LAND_USE,PVH_INVL,TYP_INT,REL_ROAD,CF1,CF2,CF3
201329540794,6,2,67,91,5,215.32481,3,6,3,2013,21,32,12,1,0,2,3,1,0,0,1,1,0,2,1,0,0,0
201329540800,1,2,67,91,5,21.532482,1,6,6,2013,2,56,42,0,0,1,3,1,3,1,2,1,0,1,4,0,0,0
201329540811,3,2,113,91,5,30.412111,2,4,4,2013,16,53,12,7,0,1,1,2,2,2,2,8,0,1,1,0,0,0
201329540816,4,2,113,91,5,364.94534,2,4,3,2013,15,0,12,1,0,2,1,2,0,0,2,8,0,,1,0,0,0
201329540828,4,2,113,91,5,364.94534,2,5,1,2013,0,17,12,1,0,2,2,1,0,0,2,8,0,2,1,0,0,0
201329540832,5,2,113,91,5,91.236336,2,5,3,2013,7,17,12,6,0,2,1,1,2,1,2,8,0,2,1,0,0,0
201329540842,4,2,113,91,5,364.94534,2,5,2,2013,22,5,12,1,0,2,2,1,0,0,2,8,0,,1,0,0,0
201329540856,2,2,113,91,5,60.824223,3,6,6,2013,12,20,50,0,0,1,1,1,2,3,2,8,0,1,1,14,0,0
201329540859,6,2,113,91,5,212.88478,2,6,3,2013,8,45,12,1,0,1,1,1,0,0,2,8,0,1,1,0,0,0
201329540861,4,2,113,91,5,364.94534,2,6,6,2013,9,35,12,7,0,4,1,1,0,0,2,8,0,1,1,19,0,0
201329540863,5,2,113,91,5,91.236336,2,6,6,2013,9,13,12,6,0,2,1,1,2,2,2,8,0,2,1,0,0,0
201329540865,3,2,113,91,5,30.412111,2,6,4,2013,13,35,12,1,0,2,1,1,2,1,2,8,0,3,1,0,0,0
201329540877,6,2,112,91,5,212.88478,2,4,3,2013,18,20,14,0,0,1,1,1,0,0,1,8,1,1,7,0,0,0
201329540882,4,2,112,91,5,364.94534,2,5,6,2013,9,0,14,0,0,4,1,1,0,0,2,8,1,1,7,0,0,0
201329540884,5,2,112,91,5,91.236336,2,5,7,2013,12,40,12,2,0,2,1,1,2,2,2,8,0,3,1,0,0,0
201329540887,3,2,112,91,5,30.412111,1,5,7,2013,19,46,1,0,0,4,5,1,2,2,2,8,0,1,3,0,0,0
201329540891,1,2,112,91,5,30.412111,1,5,5,2013,8,7,30,0,0,1,1,2,3,1,2,8,0,1,4,0,0,0
201329540904,4,2,112,91,5,364.94534,2,6,6,2013,16,50,12,1,0,2,1,1,0,0,2,8,0,2,1,0,0,0
201329540905,5,2,112,91,5,91.236336,2,6,7,2013,10,29,12,1,0,2,1,2,1,2,2,8,0,2,1,0,0,0
201329540992,6,2,32,91,5,207.25812,2,5,4,2013,7,55,12,1,0,2,1,10,0,0,2,1,0,,1,0,0,0
201329541010,3,2,32,91,5,20.725813,1,6,6,2013,16,10,8,0,0,1,1,1,2,1,2,1,0,1,1,0,0,0
201329541019,4,2,32,91,5,352.3388,2,6,5,2013,22,55,12,7,0,1,3,1,0,0,2,1,0,1,1,0,0,0
201329541066,4,2,32,91,5,352.3388,2,6,6,2013,15,50,12,6,0,4,1,1,0,0,2,1,0,1,1,0,0,0
201329541081,4,2,15,91,5,351.37082,2,6,1,2013,18,30,14,0,0,1,3,1,0,0,2,2,1,1,7,0,0,0
201329541128,1,2,15,91,5,5.167218,1,7,3,2013,23,46,31,0,0,1,3,1,3,1,2,2,0,1,5,0,0,0
201329541171,1,2,19,91,5,6.796867,4,6,4,2013,23,7,14,0,0,1,3,2,3,1,1,2,3,1,7,14,0,0
201329541175,6,2,19,91,5,210.70288,2,6,6,2013,21,45,12,1,0,1,3,1,0,0,2,2,0,1,1,0,0,0
201329541202,3,2,19,91,5,20.3906,2,6,4,2013,23,41,12,1,0,1,3,1,3,1,1,2,0,1,1,0,0,0
201329541218,1,2,19,91,5,6.796867,3,6,3,2013,9,37,12,6,0,2,1,1,3,2,2,2,0,2,1,0,0,0
201329541219,1,2,19,91,5,6.796867,4,6,3,2013,8,44,12,1,0,2,1,1,3,2,2,2,0,,1,0,0,0
201329541223,3,2,19,91,5,20.3906,1,6,4,2013,7,39,11,0,0,1,1,1,2,4,2,2,0,1,1,0,0,0
201329541245,1,2,19,91,5,6.796867,2,7,2,2013,17,9,12,6,0,2,1,1,3,3,2,2,0,2,1,0,0,0
201329541248,3,2,19,91,5,20.3906,2,7,3,2013,12,0,12,1,0,2,1,1,2,1,2,2,0,3,1,0,0,0
201329541249,5,2,19,91,5,88.35927,3,7,3,2013,16,53,12,1,0,1,1,10,2,3,2,2,0,1,1,0,0,0
201329541300,2,2,9,91,5,59.636745,3,4,4,2013,13,33,12,1,0,1,1,1,1,3,2,3,0,1,1,0,0,0
201329541343,1,2,9,91,5,3.975783,5,3,6,2013,18,27,14,0,0,1,3,4,3,3,1,3,1,1,7,0,0,0
201329541359,6,2,9,91,5,210.71649,2,3,1,2013,16,11,14,0,0,1,1,2,0,0,2,3,1,1,7,0,0,0
201329541380,3,2,9,91,5,19.878916,2,3,1,2013,15,5,12,1,0,2,1,1,2,1,2,3,0,2,1,0,0,0
201329541393,6,2,24,91,5,210.55406,1,1,7,2013,6,10,30,0,0,1,3,1,0,0,2,1,0,1,4,0,0,0
201329541425,1,2,24,91,5,7.519788,2,3,1,2013,19,22,12,1,0,2,1,1,3,2,2,1,0,2,1,0,0,0
201329541429,1,2,24,91,5,7.519788,2,2,6,2013,14,50,12,6,0,4,1,1,3,1,2,1,0,1,1,0,0,0
201329541438,1,2,24,91,5,7.519788,2,3,1,2013,4,6,12,2,0,2,3,1,3,1,1,1,0,2,1,0,0,0
201329541461,4,2,3,91,5,349.63617,2,6,1,2013,11,18,12,6,0,2,1,1,0,0,2,3,0,2,1,0,0,0
201329541499,3,2,3,91,5,22.557173,1,6,5,2013,17,33,9,0,0,2,1,2,2,1,2,3,0,2,1,0,0,0
201329541500,1,2,3,91,5,5.639293,2,6,5,2013,17,45,12,6,0,4,1,2,3,2,2,3,0,1,1,0,0,0
201329541530,3,2,3,91,5,22.557173,1,7,6,2013,18,15,8,0,0,1,5,1,3,1,2,3,0,1,1,0,0,0
201329541552,4,2,3,91,5,349.63617,2,7,6,2013,5,30,12,6,0,2,1,1,0,0,2,3,0,,1,0,0,0
201329541623,1,2,1,91,5,2.7926,1,6,2,2013,17,53,32,0,0,1,1,2,4,1,2,3,0,1,4,0,0,0
201329541660,4,2,1,91,5,349.075,2,6,5,2013,13,45,12,7,0,1,1,1,0,0,2,3,0,1,1,0,0,0
201329541830,4,2,4,91,5,351.74963,3,4,5,2013,13,30,12,1,0,2,1,2,0,0,2,3,0,,1,0,0,0
201329541844,3,2,4,91,5,21.984352,2,4,4,2013,11,57,12,6,0,4,1,1,2,1,2,3,0,1,1,0,0,0
201329541852,6,2,4,91,5,208.85135,2,4,5,2013,19,37,12,6,0,4,5,10,0,0,2,3,0,1,1,0,0,0
201329541920,2,2,7,91,5,62.25738,2,6,5,2013,17,57,12,6,0,4,5,1,0,0,2,3,0,1,1,0,0,0
201329541962,6,2,7,91,5,209.4112,3,4,3,2013,8,15,12,1,0,2,1,2,0,0,2,3,0,,1,0,0,0
201329541988,4,2,7,91,5,350.90524,2,5,6,2013,15,8,12,7,0,1,1,2,0,0,1,3,0,1,1,0,0,0
201329542007,3,2,46,91,5,14.797429,2,7,7,2013,11,23,12,1,0,2,1,1,2,1,2,1,0,2,1,0,0,0
201329542010,6,2,46,91,5,207.164,2,6,7,2013,8,44,12,6,0,2,1,2,0,0,2,1,0,,1,0,0,0
201329542015,4,2,46,91,5,355.1383,2,6,1,2013,12,30,12,7,0,1,1,1,0,0,2,1,0,1,1,0,0,0
201329542037,3,2,46,91,5,14.797429,1,7,3,2013,15,0,9,0,0,1,1,10,2,1,2,1,0,1,1,0,0,0
201329542044,4,2,46,91,5,355.1383,2,6,5,2013,18,48,12,6,0,2,1,1,0,0,2,1,0,,1,0,0,0
201329542066,4,2,15,91,5,351.37082,2,7,4,2013,9,0,12,1,0,2,1,1,0,0,2,2,0,,1,0,0,0
201329542074,3,2,15,91,5,20.668873,2,7,7,2013,0,9,12,6,0,4,3,2,2,1,2,2,0,1,1,0,0,0
201329542098,6,2,15,91,5,211.85594,2,7,4,2013,12,32,12,6,0,2,1,1,0,0,2,2,0,2,1,0,0,0
201329542156,4,2,19,91,5,346.64023,2,7,5,2013,15,40,12,1,0,2,1,1,0,0,2,2,0,,1,0,0,0
201329542168,3,2,19,91,5,20.3906,1,7,2,2013,20,49,9,0,0,2,3,1,2,1,2,2,0,2,1,0,0,0
201329542229,3,2,19,91,5,20.3906,3,8,5,2013,14,39,12,1,0,1,1,1,2,1,2,2,0,1,1,0,0,0
201329542255,6,2,19,91,5,210.70288,4,8,6,2013,18,43,12,6,0,2,1,1,0,0,2,2,2,2,1,0,0,0
201329542268,3,2,19,91,5,20.3906,1,8,1,2013,16,29,9,0,0,2,1,1,2,1,2,2,0,3,1,0,0,0
201329542284,5,2,19,91,5,88.35927,2,8,6,2013,7,34,12,6,0,2,1,1,1,1,2,2,0,2,1,0,0,0
201329542328,3,2,3,91,5,22.557173,1,7,6,2013,14,2,8,0,0,1,1,1,2,1,2,3,0,1,1,16,0,0
201329542334,5,2,3,91,5,90.22869,2,7,7,2013,11,49,12,6,0,4,1,1,2,1,2,3,0,1,1,0,0,0
201329542363,6,2,3,91,5,208.65384,2,8,5,2013,13,43,12,2,0,2,1,1,0,0,2,3,0,10,1,0,0,0
201329542370,4,2,3,91,5,349.63617,2,8,7,2013,16,50,12,7,0,2,1,1,0,0,2,3,0,,1,0,0,0
201329542404,3,2,1,91,5,19.5482,2,7,3,2013,13,50,12,7,0,4,1,1,2,1,2,3,0,1,1,0,0,0
201329542463,1,2,1,91,5,2.7926,2,7,1,2013,10,5,12,1,0,1,1,1,3,5,1,3,0,1,1,0,0,0
201329542530,1,2,9,91,5,3.975783,3,4,5,2013,8,33,12,8,0,2,1,1,3,2,2,3,0,2,1,0,0,0
201329542537,4,2,9,91,5,349.8689,2,4,5,2013,8,15,12,7,0,1,1,2,0,0,2,3,0,1,1,5,0,0
201329542564,3,2,9,91,5,19.878916,1,5,5,2013,15,13,8,0,0,2,1,1,2,1,2,3,0,2,1,0,0,0
201329542592,4,2,24,91,5,353.43002,2,2,2,2013,16,0,12,7,0,1,1,2,0,0,2,1,0,1,1,0,0,0
201329542597,1,2,24,91,5,7.519788,2,2,1,2013,12,52,12,1,0,2,1,1,3,2,2,1,0,,1,0,0,0
201329542598,3,2,24,91,5,22.559364,2,2,2,2013,15,9,12,1,0,1,1,1,2,2,2,1,0,1,1,0,0,0
201329542619,6,2,24,91,5,210.55406,2,4,6,2013,7,10,12,6,0,2,1,1,0,0,2,1,0,2,1,0,0,0
201329542620,1,2,24,91,5,7.519788,2,4,1,2013,7,0,12,6,0,2,1,1,3,1,2,1,0,2,1,0,0,0
201329542633,2,2,24,91,5,60.158302,2,5,4,2013,7,28,12,6,0,2,1,1,2,1,2,1,0,2,1,0,0,0
201329542658,5,2,24,91,5,90.23746,2,5,4,2013,18,0,12,1,0,4,1,1,2,1,2,1,0,1,1,0,0,0
201329542662,1,2,24,91,5,7.519788,3,5,5,2013,22,7,12,6,0,2,3,2,3,1,2,1,0,2,1,0,0,0
201329542664,1,2,24,91,5,7.519788,5,5,1,2013,10,12,12,1,0,2,1,1,3,2,1,1,0,,1,0,0,0
201329542679,4,2,46,91,5,355.1383,2,8,6,2013,18,16,14,0,0,1,1,1,0,0,2,1,1,1,7,,,
201329542705,6,2,46,91,5,207.164,3,8,7,2013,5,25,14,0,0,1,4,1,0,0,2,1,2,1,7,0,0,0
201329542711,4,2,46,91,5,355.1383,2,8,4,2013,17,31,12,1,0,2,1,1,0,0,2,1,0,,1,0,0,0
201329542724,1,2,4,91,5,5.496088,3,6,4,2013,13,30,12,6,0,2,1,1,3,2,2,3,0,2,1,0,0,0
201329542729,3,2,4,91,5,21.984352,1,5,2,2013,6,6,9,0,0,2,1,1,2,1,2,3,0,3,1,0,0,0
201329542733,4,2,4,91,5,351.74963,2,5,3,2013,8,38,12,7,0,2,1,1,0,0,2,3,0,,1,0,0,0
201329542742,1,2,4,91,5,5.496088,2,5,7,2013,20,40,12,1,0,1,3,1,3,3,2,3,0,1,1,23,0,0
201329542810,1,2,7,91,5,5.659762,1,5,3,2013,23,5,46,0,0,2,3,1,3,1,2,3,0,2,4,0,0,0
201329542816,3,2,7,91,5,22.639048,2,5,2,2013,15,45,14,0,0,1,1,1,3,1,2,3,1,1,7,0,0,0
201329542823,1,2,7,91,5,5.659762,3,5,4,2013,21,51,12,6,0,2,3,1,3,2,2,3,0,2,1,0,0,0
201329542988,2,2,32,91,5,62.177437,2,8,3,2013,8,42,12,1,0,1,1,1,1,1,2,1,0,1,1,0,0,0
201329543003,1,2,32,91,5,10.362906,3,8,7,2013,11,13,12,8,0,2,1,1,3,2,2,1,0,3,1,0,0,0
201329543005,3,2,32,91,5,20.725813,1,8,7,2013,19,35,9,0,0,4,5,1,2,1,2,1,0,1,1,0,0,0
201329543006,4,2,32,91,5,352.3388,2,8,2,2013,7,42,12,1,0,1,1,1,0,0,2,1,0,1,1,0,0,0
201329543018,6,2,32,91,5,207.25812,2,9,4,2013,15,2,12,6,0,2,1,1,0,0,2,1,0,2,1,0,0,0
201329543090,1,2,15,91,5,5.167218,1,8,2,2013,20,12,43,0,0,2,3,1,3,1,2,2,0,,3,0,0,0
201329543099,1,2,15,91,5,5.167218,2,8,6,2013,11,0,12,6,0,2,1,1,3,1,2,2,0,2,1,0,0,0
201329543115,5,2,15,91,5,87.842705,5,9,3,2013,5,46,14,0,0,1,4,1,1,1,2,2,4,1,7,14,0,0
201329543161,4,2,19,91,5,346.64023,2,8,6,2013,7,10,12,1,0,6,1,1,0,0,2,2,0,1,1,0,0,0
201329543266,6,2,55,91,5,208.93744,2,7,7,2013,12,6,12,8,0,2,1,1,1,2,2,1,0,2,1,0,0,0
201329543267,4,2,55,91,5,353.58646,2,7,1,2013,15,32,14,0,0,1,1,1,0,0,2,1,1,1,7,0,0,0
201329543268,1,2,55,91,5,16.072111,1,7,2,2013,22,14,38,0,0,2,3,1,4,2,2,1,0,3,4,0,0,0
201329543294,4,2,55,91,5,353.58646,2,8,6,2013,19,5,12,6,0,2,3,2,1,1,2,1,0,2,1,0,0,0
201329543301,4,2,67,91,5,344.5197,2,7,4,2013,15,33,14,0,0,1,1,1,0,0,2,1,1,1,7,0,0,0
201329543310,3,2,67,91,5,21.532482,2,7,5,2013,11,46,12,1,0,2,1,1,3,1,2,1,0,3,1,0,0,0
201329543313,3,2,67,91,5,21.532482,2,7,7,2013,12,58,12,6,0,4,1,1,2,3,2,1,0,1,1,0,0,0
201329543322,5,2,67,91,5,86.12993,2,7,1,2013,0,17,12,2,0,2,3,1,1,1,2,1,0,3,1,0,0,0
201329543326,3,2,67,91,5,21.532482,1,7,1,2013,1,10,9,0,0,1,3,1,2,1,1,1,0,1,1,0,0,0
201329543328,6,2,67,91,5,215.32481,3,8,2,2013,15,15,12,6,0,4,1,1,0,0,2,1,0,1,1,0,0,0
201329543330,4,2,67,91,5,344.5197,2,8,5,2013,19,45,12,7,0,2,1,1,0,0,2,1,0,3,1,0,0,0
201329543339,3,2,67,91,5,21.532482,2,8,7,2013,11,5,12,6,0,2,1,1,2,2,2,1,0,3,1,0,0,0
201329543343,1,2,67,91,5,21.532482,2,8,7,2013,8,5,12,6,1,2,1,1,3,1,2,1,0,3,1,0,0,0
201329543344,3,2,67,91,5,21.532482,1,8,7,2013,14,15,1,0,0,1,1,1,3,1,2,1,0,1,1,0,0,0
201329543346,3,2,67,91,5,21.532482,1,8,6,2013,7,32,1,0,0,2,1,1,3,1,2,1,0,2,1,0,0,0
201329543357,5,2,67,91,5,86.12993,2,9,4,2013,15,4,12,6,0,2,1,1,2,5,2,1,0,2,1,0,0,0
201329543363,4,2,67,91,5,344.5197,2,9,4,2013,19,40,12,1,0,2,3,2,0,0,2,1,0,2,1,0,0,0
201329543366,6,2,67,91,5,215.32481,3,9,5,2013,17,37,12,6,0,2,1,1,0,0,2,1,0,2,1,0,0,0
201329543370,1,2,67,91,5,21.532482,2,9,6,2013,15,15,12,6,0,4,1,1,3,1,2,1,0,1,1,0,0,0
201329543384,1,2,113,91,5,30.412111,3,7,1,2013,11,28,12,1,0,2,1,1,3,2,2,8,0,2,1,0,0,0
201329543389,4,2,113,91,5,364.94534,2,7,4,2013,13,52,12,1,0,1,1,1,0,0,2,8,0,1,1,0,0,0
201329543392,6,2,113,91,5,212.88478,2,7,6,2013,13,31,12,6,0,2,1,1,0,0,2,8,0,3,1,0,0,0
201329543393,5,2,113,91,5,91.236336,3,7,6,2013,13,48,12,2,0,2,1,1,2,1,2,8,0,3,1,0,0,0
201329543401,3,2,113,91,5,30.412111,1,7,7,2013,6,0,9,0,0,2,1,1,2,1,2,8,0,2,1,0,0,0
201329543409,4,2,113,91,5,364.94534,2,8,4,2013,14,20,12,8,0,2,1,1,0,0,2,8,0,2,1,0,0,0
201329543417,5,2,113,91,5,91.236336,2,8,6,2013,14,36,12,6,0,4,1,1,2,3,2,8,0,1,1,0,0,0
201329543423,6,2,113,91,5,212.88478,2,9,7,2013,11,4,12,6,0,2,1,1,0,0,2,8,0,3,1,0,0,0
201329543431,3,2,113,91,5,30.412111,1,9,5,2013,13,20,1,0,0,4,1,1,2,1,2,8,0,1,1,0,0,0
201329543433,3,2,113,91,5,30.412111,2,9,2,2013,16,45,12,1,0,2,1,1,2,1,2,8,0,2,1,0,0,0
201329543436,4,2,112,91,5,364.94534,2,7,4,2013,19,55,14,0,0,1,3,1,0,0,2,8,1,1,7,0,0,0
201329543442,6,2,112,91,5,212.88478,2,7,5,2013,8,14,12,1,0,2,1,1,0,0,2,8,0,3,1,0,0,0
201329543451,4,2,112,91,5,364.94534,2,8,1,2013,17,57,12,7,0,2,1,1,1,1,2,8,0,2,1,0,0,0
201329543455,5,2,112,91,5,91.236336,2,8,1,2013,8,37,12,6,0,2,1,1,1,3,2,8,0,2,1,0,0,0
201329543465,3,2,112,91,5,30.412111,1,8,5,2013,20,35,9,0,0,2,3,1,3,1,2,8,0,2,1,0,0,0
201329543466,5,2,112,91,5,91.236336,3,8,6,2013,8,7,12,2,0,2,1,1,2,2,2,8,0,2,1,0,0,0
201329543474,4,2,112,91,5,364.94534,1,8,4,2013,12,10,31,0,0,2,1,1,0,0,2,8,0,3,4,0,0,0
201329543491,4,2,112,91,5,364.94534,2,9,5,2013,19,51,12,7,0,2,3,1,0,0,2,8,0,3,1,0,0,0
201329543523,4,2,46,91,5,355.1383,2,9,7,2013,22,45,14,0,0,1,6,1,0,0,2,1,1,1,7,,,
201329543529,5,2,46,91,5,88.78458,1,9,7,2013,8,54,19,0,0,1,1,1,1,1,2,1,0,1,4,0,0,0
201329543541,3,2,46,91,5,14.797429,1,9,5,2013,7,40,9,0,0,2,1,1,2,1,2,1,0,3,1,0,0,0
201329543568,1,2,24,91,5,7.519788,2,6,7,2013,16,38,12,6,0,4,1,1,3,2,2,1,0,1,1,0,0,0
201329543574,4,2,24,91,5,353.43002,2,7,2,2013,11,40,12,1,0,6,1,1,0,0,2,1,0,1,1,0,0,0
201329543580,1,2,24,91,5,7.519788,2,7,4,2013,13,8,12,6,0,4,1,1,3,1,2,1,0,1,1,0,0,0
201329543593,6,2,24,91,5,210.55406,2,7,5,2013,16,54,12,2,0,2,1,1,0,0,2,1,0,3,1,0,0,0
201329543644,1,2,3,91,5,5.639293,1,8,2,2013,14,10,33,0,0,2,1,1,3,2,2,3,0,2,4,0,0,0
201329543694,3,2,3,91,5,22.557173,1,9,4,2013,7,39,9,0,0,2,1,2,2,1,2,3,0,2,1,0,0,0
201329543707,4,2,3,91,5,349.63617,1,9,6,2013,18,45,30,0,0,1,1,1,0,0,2,3,0,1,4,0,0,0
201329543762,1,2,1,91,5,2.7926,2,8,4,2013,18,40,12,6,0,1,1,1,3,1,2,3,0,1,1,0,0,0
201329543786,5,2,1,91,5,89.3632,3,8,4,2013,15,53,12,1,0,1,1,1,2,1,2,3,0,1,1,0,0,0
201329543816,3,2,1,91,5,19.5482,2,8,3,2013,18,50,12,7,0,2,1,1,2,3,2,3,0,2,1,0,0,0
201329543840,4,2,1,91,5,349.075,2,8,1,2013,8,50,12,7,0,2,1,1,0,0,2,3,0,3,1,0,0,0
201329543863,1,2,1,91,5,2.7926,2,9,4,2013,13,45,12,1,0,2,1,1,3,2,2,3,0,3,1,0,0,0
201329544024,4,2,9,91,5,349.8689,3,3,3,2013,9,50,12,1,0,1,1,1,0,0,2,3,0,1,1,0,0,0
201329544111,4,2,7,91,5,350.90524,2,6,5,2013,19,28,12,1,0,2,1,1,0,0,2,3,0,,1,0,0,0
201329544123,5,2,7,91,5,90.55619,2,6,6,2013,11,20,14,0,0,1,1,1,1,1,2,3,1,1,5,0,0,0
201329544174,6,2,7,91,5,209.4112,1,7,5,2013,19,0,44,0,0,2,1,1,0,0,2,3,0,2,5,3,0,0
201329544192,2,2,15,91,5,62.006615,2,9,3,2013,14,5,12,7,0,4,1,1,0,0,2,2,0,1,1,0,0,0
201329544193,3,2,15,91,5,20.668873,2,9,4,2013,18,23,12,1,0,2,1,1,3,1,2,2,0,,1,0,0,0
201329544200,4,2,15,91,5,351.37082,2,9,7,2013,16,39,12,7,0,2,1,1,0,0,2,2,0,3,1,0,0,0
201329544237,1,2,15,91,5,5.167218,2,10,7,2013,19,36,12,8,0,1,3,1,3,1,2,2,0,1,1,0,0,0
201329544273,4,2,19,91,5,346.64023,2,9,4,2013,14,18,12,1,0,2,1,1,0,0,2,2,0,,1,0,0,0
201329544300,1,2,19,91,5,6.796867,3,9,2,2013,13,30,12,6,0,2,1,1,3,2,1,2,0,2,1,0,0,0
201329544312,6,2,19,91,5,210.70288,2,9,5,2013,19,42,12,6,0,2,3,1,0,0,2,2,0,2,1,0,0,0
201329544337,3,2,19,91,5,20.3906,2,10,5,2013,16,46,12,1,0,4,1,2,3,1,2,2,0,1,1,0,0,0
201329544341,4,2,19,91,5,346.64023,2,10,6,2013,8,1,12,1,0,2,1,1,0,0,2,2,0,,1,0,0,0
201329544426,3,2,46,91,5,14.797429,1,10,5,2013,17,0,9,0,0,2,1,1,2,1,2,1,0,2,1,0,0,0
201329544430,4,2,46,91,5,355.1383,2,10,7,2013,14,30,14,0,0,1,1,2,0,0,2,1,1,1,7,,,
201329544442,3,2,46,91,5,14.797429,1,10,5,2013,8,36,8,0,0,2,1,2,3,1,2,1,0,2,1,0,0,0
201329544450,3,2,46,91,5,14.797429,1,10,1,2013,18,55,8,0,0,2,3,2,2,2,1,1,0,2,1,0,0,0
201329544464,4,2,46,91,5,355.1383,2,10,1,2013,3,37,14,0,0,1,2,1,0,0,2,1,1,1,7,,,
201329544473,3,2,4,91,5,21.984352,2,6,7,2013,19,15,12,8,0,4,1,1,2,2,2,3,0,1,1,0,0,0
201329544486,4,2,4,91,5,351.74963,2,6,4,2013,10,6,12,1,0,1,1,1,0,0,2,3,0,1,1,0,0,0
201329544576,3,2,4,91,5,21.984352,1,8,5,2013,14,40,9,0,0,2,1,1,3,1,2,3,0,2,1,0,0,0
201329544591,2,2,4,91,5,60.456966,2,4,3,2013,6,51,12,7,0,1,1,1,2,1,2,3,0,1,1,0,0,0
201329544593,5,2,4,91,5,87.93741,5,4,3,2013,9,9,12,1,0,1,1,1,2,1,2,3,0,1,1,0,0,0
201329544597,1,2,4,91,5,5.496088,4,4,1,2013,3,24,12,6,0,2,3,1,3,6,1,3,0,2,1,0,0,0
201329544658,4,2,3,91,5,349.63617,2,10,6,2013,17,35,14,0,0,1,5,1,0,0,2,3,1,1,7,0,0,0
201329544670,3,2,3,91,5,22.557173,1,10,4,2013,2,0,15,0,0,2,3,1,2,1,2,3,0,2,1,0,0,0
201329544811,6,2,1,91,5,209.445,1,9,4,2013,13,50,24,0,0,1,1,1,0,0,2,3,0,1,4,0,0,0
201329544843,1,2,1,91,5,2.7926,2,10,3,2013,11,3,12,6,0,2,1,10,3,1,2,3,0,2,1,0,0,0
201329544845,1,2,1,91,5,2.7926,1,10,3,2013,12,5,42,0,0,1,1,1,3,1,2,3,0,1,6,0,0,0
201329544878,4,2,9,91,5,349.8689,2,5,4,2013,7,16,12,1,0,2,1,1,0,0,2,3,0,,1,0,0,0
201329544901,3,2,9,91,5,19.878916,2,5,5,2013,7,35,12,1,0,2,1,1,2,2,2,3,0,2,1,0,0,0
201329544963,3,2,32,91,5,20.725813,2,9,4,2013,13,51,12,6,0,2,1,1,2,1,2,1,0,3,1,0,0,0
201329544973,4,2,32,91,5,352.3388,2,9,7,2013,20,47,12,6,0,2,3,1,0,0,2,1,0,,1,0,0,0
201329544981,5,2,32,91,5,93.26615,1,9,7,2013,1,41,25,0,0,1,3,1,2,1,2,1,0,1,4,0,0,0
201329545015,4,2,32,91,5,352.3388,2,10,3,2013,16,6,12,8,0,2,1,2,0,0,2,1,0,,1,0,0,0
201329545020,3,2,32,91,5,20.725813,1,10,5,2013,6,27,8,0,0,1,2,2,3,1,2,1,0,1,1,0,0,0
201329545061,4,2,32,91,5,352.3388,2,11,4,2013,8,53,12,6,0,2,1,1,0,0,2,1,0,,1,0,0,0
201329545067,3,2,32,91,5,20.725813,2,11,5,2013,15,15,12,7,0,1,1,1,2,1,2,1,0,1,1,0,0,0
201329545211,4,2,15,91,5,351.37082,1,10,5,2013,16,13,18,0,0,1,1,2,0,0,1,2,0,1,4,0,0,0
201329545220,6,2,15,91,5,211.85594,1,11,3,2013,12,41,30,0,0,1,1,2,0,0,2,2,0,1,4,0,0,0
201329545269,5,2,19,91,5,88.35927,1,11,1,2013,2,55,42,0,0,1,3,1,2,1,1,2,0,1,4,0,0,0
201329545288,1,2,19,91,5,6.796867,2,11,6,2013,12,30,12,6,0,2,1,1,3,1,2,2,0,2,1,0,0,0
201329545295,1,2,19,91,5,6.796867,2,11,7,2013,17,24,12,6,0,2,3,1,3,1,2,2,0,2,1,0,0,0
201329545306,3,2,19,91,5,20.3906,2,11,3,2013,7,45,12,6,0,4,1,1,2,2,2,2,0,1,1,0,0,0
201329545360,3,2,7,91,5,22.639048,1,7,2,2013,19,10,1,0,0,4,1,1,2,1,2,3,0,1,1,0,0,0
201329545361,4,2,7,91,5,350.90524,3,7,3,2013,16,45,12,1,0,1,1,1,0,0,2,3,0,1,1,0,0,0
201329545390,1,2,7,91,5,5.659762,2,6,4,2013,14,25,12,2,0,2,1,1,3,3,2,3,0,,1,0,0,0
201329545453,4,2,7,91,5,350.90524,2,9,6,2013,22,18,12,1,0,2,3,1,0,0,2,3,0,,1,0,0,0
201329545495,6,2,46,91,5,207.164,3,11,6,2013,21,46,12,6,0,2,3,1,2,1,1,1,0,2,1,,,
201329545501,1,2,46,91,5,14.797429,2,11,1,2013,15,59,12,2,0,1,1,1,3,4,1,1,0,1,1,0,0,0
201329545520,4,2,46,91,5,355.1383,2,11,2,2013,12,58,12,1,0,2,1,4,1,1,2,1,0,,1,0,0,0