CASENUM,STRATUM,REGION,PJ,PSU,PSUSTRAT,WEIGHT,VE_TOTAL,MONTH,WKDY_IM,YEAR,HOUR_IM,MINUTE_IM,EVENT1_IM,MANCOL_IM,RELJCT1_IM,RELJCT2_IM,LGTCON_IM,WEATHR_IM,MAXSEV_IM,NO_INJ_IM,ALCHL_IM,LAND_USE,PVH_INVL,TYP_INT,REL_ROAD,CF1,CF2,CF3
201329625727,3,4,3,94,11,15.7591,1,5,3,2013,13,40,9,0,0,2,1,1,2,1,2,3,0,2,1,0,0,0
201329625740,4,4,3,94,11,346.7002,2,5,4,2013,16,2,12,1,0,2,1,1,0,0,2,3,0,3,1,0,0,0
201329625773,3,4,1,94,11,15.7591,1,5,1,2013,17,24,1,0,0,1,1,1,3,1,2,3,0,1,4,24,0,0
201329625774,1,4,1,94,11,15.7591,1,5,1,2013,15,22,39,0,0,2,1,1,3,1,1,3,0,,3,0,0,0
201329625776,4,4,1,94,11,346.7002,2,5,2,2013,10,54,12,1,0,2,1,2,1,1,2,3,0,,1,0,0,0
201329625791,3,4,1,94,11,15.7591,1,5,5,2013,6,40,7,0,0,1,1,1,2,1,2,3,0,1,1,0,0,0
201329625797,2,4,1,94,11,63.0364,3,5,5,2013,13,56,12,6,0,2,1,1,2,1,2,3,0,,1,0,0,0
201329625800,6,4,1,94,11,204.8683,2,5,6,2013,10,22,12,6,0,2,1,1,0,0,2,3,0,,1,0,0,0
201329625814,4,4,1,94,11,346.7002,2,5,1,2013,15,24,14,0,0,1,1,1,0,0,2,3,1,1,7,24,0,0
201329625828,3,4,1,94,11,15.7591,1,5,4,2013,7,30,9,0,0,2,1,1,2,1,2,3,0,,1,16,0,0
201329625842,3,4,1,94,11,15.7591,1,5,5,2013,11,35,9,0,0,2,1,1,2,1,2,3,0,,1,0,0,0
201329625845,4,4,1,94,11,346.7002,2,5,6,2013,13,37,12,1,0,1,1,1,0,0,2,3,0,1,1,0,0,0
201329625885,5,4,2,94,11,94.5546,2,5,7,2013,12,16,12,1,0,1,1,1,1,1,2,8,0,1,1,0,0,0
201329625886,1,4,2,94,11,15.7591,1,5,2,2013,20,20,1,0,0,1,5,1,3,1,2,8,0,1,4,0,0,0
201329625893,1,4,2,94,11,15.7591,2,4,2,2013,6,12,12,6,0,4,4,1,3,3,1,8,0,1,1,0,0,0
201329625901,4,4,2,94,11,346.7002,2,5,5,2013,19,45,12,7,0,4,1,1,0,0,2,8,0,1,1,0,0,0
201329625906,6,4,2,94,11,204.8683,1,6,1,2013,4,58,11,0,0,1,2,1,0,0,2,8,0,1,1,0,0,0
201329625910,3,4,2,94,11,15.7591,1,5,1,2013,20,20,31,0,0,1,2,1,2,1,1,8,0,1,4,0,0,0
201329625916,5,4,2,94,11,94.5546,1,5,4,2013,16,5,31,0,0,1,1,1,2,2,1,8,0,1,4,0,0,0
201329625922,3,4,2,94,11,15.7591,2,5,1,2013,10,45,1,0,0,1,1,1,2,1,2,8,0,1,1,14,0,0
201329625960,6,4,5,94,11,218.5204,2,5,7,2013,19,57,12,6,0,4,5,1,0,0,2,1,0,1,1,0,0,0
201329625963,4,4,5,94,11,343.38922,2,5,3,2013,18,5,12,1,0,2,1,1,0,0,2,1,0,2,1,0,0,0
201329625978,4,4,5,94,11,343.38922,2,6,6,2013,12,0,14,0,0,2,1,1,0,0,2,1,1,,6,0,0,0
201329626006,1,4,4,94,11,15.7591,3,5,3,2013,7,44,12,6,0,2,1,1,3,1,2,1,0,3,1,0,0,0
201329626021,6,4,4,94,11,204.8683,2,5,5,2013,16,27,12,1,1,18,1,1,0,0,2,1,0,1,1,0,0,0
201329626034,4,4,4,94,11,346.7002,1,5,2,2013,0,36,30,0,0,1,3,1,0,0,2,1,0,1,4,0,0,0
201329626040,1,4,4,94,11,15.7591,4,5,3,2013,13,30,12,1,0,1,1,1,3,2,2,1,0,1,1,0,0,0
201329626049,3,4,4,94,11,15.7591,1,5,5,2013,12,47,9,0,0,1,1,1,3,1,2,1,0,1,1,16,0,0
201329626052,5,4,4,94,11,94.5546,4,5,5,2013,17,43,12,1,0,2,1,1,1,1,2,1,0,,1,0,0,0
201329626057,3,4,4,94,11,15.7591,2,5,6,2013,14,58,12,6,0,2,1,1,3,1,2,1,0,2,1,0,0,0
201329626062,3,4,4,94,11,15.7591,1,5,1,2013,11,4,9,0,0,2,1,1,2,1,2,1,0,,4,16,0,0
201329626069,6,4,4,94,11,204.8683,2,5,3,2013,12,21,12,1,0,1,1,1,0,0,2,1,0,1,1,0,0,0
201329626075,4,4,4,94,11,346.7002,2,5,4,2013,14,37,12,1,0,2,1,1,1,1,2,1,0,2,1,0,0,0
201329626095,5,4,4,94,11,94.5546,2,6,5,2013,8,24,12,2,0,2,1,1,1,1,2,1,0,3,1,0,0,0
201329626120,5,4,1,94,11,94.5546,3,5,6,2013,10,8,12,1,0,1,1,1,2,3,2,3,0,1,1,0,0,0
201329626148,6,4,1,94,11,204.8683,2,6,3,2013,14,5,12,6,0,4,1,1,0,0,2,3,0,1,1,0,0,0
201329626157,3,4,1,94,11,15.7591,1,6,4,2013,16,8,9,0,0,2,1,1,2,1,2,3,0,,1,0,0,0
201329626168,4,4,1,94,11,346.7002,2,6,6,2013,16,58,12,1,0,2,1,1,0,0,2,3,0,,1,0,0,0
201329626190,3,4,1,94,11,15.7591,1,6,4,2013,9,15,1,0,0,1,1,1,3,1,2,3,0,1,1,0,0,0
201329626193,3,4,1,94,11,15.7591,1,6,3,2013,14,45,33,0,0,2,1,1,2,1,2,3,0,,3,0,0,0
201329626198,4,4,1,94,11,346.7002,3,6,5,2013,14,41,12,1,0,2,1,1,1,3,2,3,0,,1,0,0,0
201329626220,1,4,3,94,11,15.7591,2,5,7,2013,8,57,12,6,0,2,1,1,3,3,2,3,0,2,1,0,0,0
201329626224,5,4,3,94,11,94.5546,2,5,2,2013,14,55,12,2,0,2,1,1,1,4,2,3,0,2,1,0,0,0
201329626233,6,4,3,94,11,204.8683,2,5,4,2013,18,51,12,6,0,2,1,1,0,0,2,3,0,3,1,0,0,0
201329626242,1,4,3,94,11,15.7591,4,5,6,2013,16,24,12,6,0,2,1,1,3,3,2,3,0,2,1,14,0,0
201329626247,4,4,3,94,11,346.7002,2,6,7,2013,12,40,14,0,0,1,2,1,0,0,2,3,1,1,7,0,0,0
201329626274,4,4,3,94,11,346.7002,2,6,6,2013,19,11,12,1,0,2,1,1,0,0,2,3,0,2,1,0,0,0
201329626280,1,4,3,94,11,15.7591,2,6,7,2013,15,38,12,6,0,4,1,1,3,4,2,3,0,1,1,0,0,0
201329626282,3,4,3,94,11,15.7591,1,6,7,2013,23,45,9,0,0,2,2,1,2,1,2,3,0,2,1,0,0,0
201329626285,3,4,3,94,11,15.7591,2,6,2,2013,16,9,12,6,0,2,1,1,2,1,2,3,0,2,1,0,0,0
201329626292,3,4,3,94,11,15.7591,2,6,3,2013,22,13,12,6,0,2,3,1,2,1,2,3,0,2,1,0,0,0
201329626296,3,4,3,94,11,15.7591,2,6,5,2013,14,24,12,1,0,2,1,1,3,1,2,3,0,2,1,0,0,0
201329626298,3,4,3,94,11,15.7591,1,6,5,2013,18,25,9,0,0,2,1,1,2,1,1,3,0,2,1,0,0,0
201329626300,1,4,3,94,11,15.7591,2,6,6,2013,9,54,12,6,0,2,1,1,3,1,2,3,0,2,1,0,0,0
201329626304,1,4,3,94,11,15.7591,2,6,6,2013,16,57,12,6,0,2,1,1,3,3,2,3,0,2,1,0,0,0
201329626306,5,4,3,94,11,94.5546,2,6,7,2013,13,8,12,6,0,2,1,1,1,4,2,3,0,2,1,0,0,0
201329626312,3,4,3,94,11,15.7591,2,6,1,2013,10,22,12,1,0,2,1,1,2,1,2,3,0,2,1,0,0,0
201329626320,4,4,3,94,11,346.7002,1,6,3,2013,16,51,1,0,0,4,1,1,1,1,2,3,0,1,1,0,0,0
201329626325,3,4,3,94,11,15.7591,2,6,3,2013,22,35,12,1,0,2,3,1,3,2,1,3,0,3,1,0,0,0
201329626328,6,4,3,94,11,204.8683,2,6,5,2013,10,46,12,1,0,1,1,1,0,0,2,3,0,1,1,0,0,0
201329626330,2,4,3,94,11,63.0364,2,6,5,2013,15,16,12,6,0,2,1,1,0,0,2,3,0,2,1,0,0,0
201329626444,5,4,1,94,11,94.5546,3,6,7,2013,17,16,12,1,0,2,1,1,2,1,2,3,0,2,1,0,0,0
201329626451,6,4,1,94,11,204.8683,2,6,1,2013,22,10,12,1,0,2,3,1,2,2,2,3,0,2,1,0,0,0
201329626456,4,4,1,94,11,346.7002,2,6,2,2013,15,27,12,6,0,4,1,1,5,1,2,3,0,1,1,0,0,0
201329626460,3,4,1,94,11,15.7591,1,6,2,2013,17,40,9,0,0,2,1,1,2,1,2,3,0,2,1,0,0,0
201329626477,3,4,1,94,11,15.7591,1,6,5,2013,18,26,9,0,0,2,1,1,2,1,2,3,0,2,1,0,0,0
201329626480,3,4,1,94,11,15.7591,1,6,6,2013,9,39,9,0,0,2,1,1,2,1,2,3,0,2,1,0,0,0
201329626488,4,4,1,94,11,346.7002,2,6,7,2013,17,57,14,0,0,1,3,1,0,0,2,3,1,1,7,0,0,0
201329626500,1,4,1,94,11,15.7591,1,6,3,2013,9,27,59,0,0,4,1,1,3,1,2,3,0,1,4,0,0,0
201329626509,3,4,1,94,11,15.7591,1,6,4,2013,9,59,1,0,0,2,1,1,2,1,2,3,0,2,1,0,0,0
201329626517,4,4,1,94,11,346.7002,2,6,4,2013,17,17,12,1,0,1,1,1,1,1,2,3,0,1,1,0,0,0
201329626527,3,4,1,94,11,15.7591,1,6,6,2013,9,4,9,0,0,2,1,1,2,1,2,3,0,3,1,0,0,0
201329626542,3,4,2,94,11,15.7591,1,6,7,2013,18,15,1,0,0,1,1,1,2,1,2,8,0,1,1,0,0,0
201329626548,6,4,2,94,11,204.8683,1,6,2,2013,7,5,1,0,0,1,1,1,0,0,2,8,0,1,4,0,0,0
201329626552,4,4,2,94,11,346.7002,1,6,5,2013,18,20,33,0,0,2,1,1,0,0,2,8,0,,4,0,0,0
201329626554,3,4,2,94,11,15.7591,1,6,1,2013,15,50,1,0,0,1,1,1,3,1,2,8,0,1,4,0,0,0
201329626568,5,4,2,94,11,94.5546,1,6,2,2013,16,20,38,0,0,1,1,1,1,1,2,8,0,1,5,0,0,0
201329626571,3,4,2,94,11,15.7591,1,6,3,2013,17,40,9,0,0,1,1,1,3,1,2,8,0,1,2,16,0,0
201329626585,3,4,2,94,11,15.7591,1,6,1,2013,12,30,9,0,0,4,1,1,2,1,2,8,0,1,1,16,0,0
201329626588,6,4,2,94,11,204.8683,1,6,3,2013,23,30,42,0,0,1,2,1,0,0,2,8,0,1,4,0,0,0
201329626590,3,4,2,94,11,15.7591,1,6,4,2013,12,15,24,0,0,1,1,1,2,1,2,8,0,1,4,0,0,0
201329626606,6,4,5,94,11,218.5204,2,6,3,2013,18,18,12,2,0,2,1,1,0,0,2,1,0,2,1,0,0,0
201329626612,5,4,5,94,11,93.6516,2,6,2,2013,16,45,12,1,0,2,1,1,1,1,2,1,0,,1,0,0,0
201329626618,4,4,5,94,11,343.38922,2,6,6,2013,16,31,12,1,0,2,1,1,0,0,2,1,0,2,1,0,0,0
201329626626,6,4,5,94,11,218.5204,1,6,7,2013,10,47,30,0,0,1,1,1,1,1,2,1,0,1,4,0,0,0
201329626647,6,4,4,94,11,204.8683,1,6,1,2013,16,21,30,0,0,2,1,1,0,0,1,1,0,,4,0,0,0
201329626656,2,4,4,94,11,63.0364,2,6,3,2013,13,11,12,1,0,2,1,1,1,3,2,1,0,2,1,0,0,0
201329626661,3,4,4,94,11,15.7591,1,6,3,2013,17,40,1,0,0,1,1,1,2,1,2,1,0,1,1,0,0,0
201329626664,4,4,4,94,11,346.7002,2,6,4,2013,10,3,12,1,0,2,1,1,0,0,2,1,0,2,1,13,0,0
201329626680,6,4,4,94,11,204.8683,1,6,1,2013,16,42,33,0,0,1,1,1,0,0,2,1,0,1,4,0,0,0
201329626689,5,4,4,94,11,94.5546,2,6,6,2013,8,43,12,1,0,2,1,1,1,3,2,1,0,2,1,0,0,0
201329626694,3,4,4,94,11,15.7591,2,6,6,2013,18,22,12,1,0,1,1,1,2,1,2,1,0,1,1,0,0,0
201329626702,1,4,4,94,11,15.7591,1,6,1,2013,5,32,1,0,0,1,3,1,3,1,2,1,0,1,4,0,0,0
201329626711,3,4,4,94,11,15.7591,1,6,4,2013,12,56,1,0,0,1,1,1,2,1,2,1,0,1,3,0,0,0
201329626712,4,4,4,94,11,346.7002,1,6,4,2013,15,42,9,0,0,2,1,1,0,0,2,1,0,3,1,0,0,0
201329626723,6,4,4,94,11,204.8683,4,6,5,2013,17,16,12,1,0,2,1,1,0,0,2,1,0,2,1,0,0,0
201329626732,5,4,4,94,11,94.5546,2,6,1,2013,12,9,12,2,1,2,1,1,2,1,2,1,0,7,1,0,0,0
201329626770,4,4,1,94,11,346.7002,2,6,1,2013,14,6,12,1,0,2,1,1,1,1,2,3,0,,1,0,0,0
201329626788,6,4,1,94,11,204.8683,2,7,2,2013,21,13,12,6,0,2,3,1,0,0,2,3,0,,1,0,0,0
201329626801,5,4,1,94,11,94.5546,2,7,7,2013,10,54,12,2,0,2,1,1,2,2,2,3,0,,1,0,0,0
201329626802,4,4,1,94,11,346.7002,1,7,6,2013,16,0,9,0,0,2,1,1,0,0,2,3,0,,1,16,0,0
201329626807,3,4,1,94,11,15.7591,1,7,1,2013,22,4,9,0,0,2,3,1,2,1,2,3,0,,1,16,0,0
201329626819,3,4,1,94,11,15.7591,1,7,3,2013,17,0,8,0,0,2,1,1,2,2,2,3,0,,1,0,0,0
201329626834,6,4,1,94,11,204.8683,2,7,4,2013,16,49,12,6,0,2,1,1,0,0,2,3,0,,1,0,0,0
201329626836,4,4,1,94,11,346.7002,2,7,6,2013,18,25,12,1,0,1,1,1,0,0,2,3,0,1,1,0,0,0
201329626838,3,4,1,94,11,15.7591,1,7,5,2013,15,30,9,0,0,4,1,1,3,1,2,3,0,1,1,0,0,0
201329626873,3,4,3,94,11,15.7591,2,6,2,2013,17,33,12,2,0,2,1,1,2,1,2,3,0,2,1,0,0,0
201329626878,5,4,3,94,11,94.5546,2,6,3,2013,20,32,12,2,0,2,5,1,2,1,2,3,0,2,1,0,0,0
201329626881,4,4,3,94,11,346.7002,3,6,4,2013,16,1,12,1,0,2,1,1,1,1,2,3,0,2,1,0,0,0
201329626889,3,4,3,94,11,15.7591,1,6,6,2013,11,57,1,0,0,1,1,1,2,1,2,3,0,1,1,0,0,0
201329626906,3,4,3,94,11,15.7591,1,7,2,2013,10,49,9,0,0,2,1,1,2,1,2,3,0,2,1,16,0,0
201329626915,3,4,3,94,11,15.7591,1,7,3,2013,18,4,5,0,0,2,1,1,3,1,2,3,0,2,1,0,0,0
201329626917,4,4,3,94,11,346.7002,1,7,4,2013,4,55,43,0,0,1,4,1,0,0,2,3,0,1,4,0,0,0
201329626918,6,4,3,94,11,204.8683,2,7,4,2013,17,13,12,6,0,2,1,1,0,0,2,3,0,2,1,0,0,0
201329626951,4,4,3,94,11,346.7002,2,7,6,2013,14,3,12,1,0,2,1,1,1,2,2,3,0,2,1,0,0,0
201329626973,6,4,3,94,11,204.8683,2,7,2,2013,14,36,12,6,0,2,1,1,0,0,2,3,0,2,1,0,0,0
201329626986,1,4,3,94,11,15.7591,2,7,4,2013,17,18,12,1,0,2,1,1,3,2,2,3,0,2,1,0,0,0
201329626987,4,4,3,94,11,346.7002,3,7,5,2013,12,14,12,1,0,2,1,1,1,1,2,3,0,3,1,0,0,0
201329626992,5,4,3,94,11,94.5546,2,7,6,2013,7,59,12,1,0,1,1,1,1,1,2,3,0,1,1,0,0,0
201329627023,4,4,1,94,11,346.7002,2,7,4,2013,16,47,12,7,0,1,1,1,0,0,2,3,0,1,1,0,0,0
201329627029,3,4,1,94,11,15.7591,1,7,3,2013,6,50,9,0,0,2,1,1,2,1,2,3,0,2,1,0,0,0
201329627053,6,4,1,94,11,204.8683,3,7,2,2013,12,19,12,1,0,2,1,1,0,0,2,3,0,,1,0,0,0
201329627055,4,4,1,94,11,346.7002,1,7,5,2013,15,30,9,0,0,2,1,1,1,1,2,3,0,,1,0,0,0
201329627059,5,4,1,94,11,94.5546,3,7,4,2013,10,52,12,1,0,2,1,1,2,2,2,3,0,,1,0,0,0
201329627060,3,4,1,94,11,15.7591,1,7,4,2013,11,50,59,0,0,2,1,1,2,1,2,3,0,,5,15,0,0
201329627061,3,4,1,94,11,15.7591,1,7,4,2013,6,30,9,0,0,2,1,1,3,2,2,3,0,,1,0,0,0
201329627063,3,4,1,94,11,15.7591,1,7,5,2013,6,52,9,0,0,2,4,1,2,1,2,3,0,,1,0,0,0
201329627073,3,4,1,94,11,15.7591,1,7,5,2013,17,26,9,0,0,2,1,1,2,1,2,3,0,,1,16,0,0
201329627074,3,4,1,94,11,15.7591,1,7,6,2013,10,0,9,0,0,2,1,1,2,1,2,3,0,,1,16,0,0
201329627077,3,4,1,94,11,15.7591,1,7,6,2013,15,30,9,0,0,4,1,1,2,2,2,3,0,1,1,0,0,0
201329627080,4,4,2,94,11,346.7002,1,7,7,2013,20,51,11,0,0,1,2,1,0,0,2,8,0,1,1,0,0,0
201329627082,5,4,2,94,11,94.5546,3,7,3,2013,15,55,12,1,0,1,1,1,1,1,2,8,0,1,1,0,0,0
201329627092,3,4,2,94,11,15.7591,1,7,6,2013,20,45,11,0,0,1,5,1,2,1,2,8,0,1,1,0,0,0
201329627100,5,4,2,94,11,94.5546,2,7,1,2013,11,10,12,6,0,2,1,1,2,1,2,8,0,,1,0,0,0
201329627122,3,4,2,94,11,15.7591,1,7,7,2013,14,15,9,0,0,1,1,1,2,1,2,8,0,1,1,16,0,0
201329627123,6,4,2,94,11,204.8683,2,7,6,2013,9,15,12,6,0,2,1,1,0,0,2,8,0,,1,0,0,0
201329627126,4,4,2,94,11,346.7002,2,7,5,2013,16,45,12,1,0,1,1,1,0,0,2,8,0,1,1,0,0,0
201329627128,3,4,2,94,11,15.7591,1,7,4,2013,6,23,9,0,0,2,1,1,2,1,2,8,0,,1,0,0,0
201329627129,5,4,2,94,11,94.5546,3,7,4,2013,14,37,12,1,0,2,1,1,1,2,2,8,0,,1,0,0,0
201329627137,3,4,2,94,11,15.7591,1,7,3,2013,9,20,9,0,0,1,1,1,3,1,2,8,0,1,1,16,0,0
201329627171,6,4,4,94,11,204.8683,2,7,3,2013,15,48,12,7,0,1,1,1,0,0,2,1,0,1,1,0,0,0
201329627174,2,4,4,94,11,63.0364,2,7,4,2013,14,11,12,1,0,2,1,1,1,1,2,1,0,,1,0,0,0
201329627176,4,4,4,94,11,346.7002,2,7,5,2013,1,23,12,7,0,2,3,1,0,0,2,1,0,2,1,0,0,0
201329627178,3,4,4,94,11,15.7591,1,7,5,2013,12,28,8,0,0,2,1,1,3,1,2,1,0,2,1,0,0,0
201329627193,3,4,4,94,11,15.7591,3,7,2,2013,14,31,12,1,0,2,1,1,3,2,2,1,0,2,1,0,0,0
201329627194,5,4,4,94,11,94.5546,2,7,2,2013,17,5,12,1,0,4,1,1,1,2,2,1,0,1,1,0,0,0
201329627216,4,4,4,94,11,346.7002,2,7,2,2013,12,45,12,1,0,2,1,1,0,0,2,1,0,2,1,0,0,0
201329627233,6,4,4,94,11,204.8683,2,7,5,2013,12,45,12,1,0,2,1,1,0,0,2,1,0,2,1,0,0,0
201329627246,4,4,4,94,11,346.7002,2,7,1,2013,19,0,12,1,0,2,1,1,0,0,2,1,0,2,1,0,0,0
201329627250,1,4,4,94,11,15.7591,1,7,1,2013,5,47,59,0,0,1,1,2,3,1,2,1,0,1,3,0,0,0
201329627254,3,4,4,94,11,15.7591,2,7,3,2013,15,13,12,1,0,1,1,1,1,1,2,1,0,1,1,0,0,0
201329627266,5,4,4,94,11,94.5546,2,8,6,2013,8,1,12,6,0,2,1,1,2,1,2,1,0,,1,0,0,0
201329627282,4,4,5,94,11,343.38922,1,7,3,2013,12,20,59,0,0,2,1,1,0,0,2,1,0,2,3,0,0,0
201329627301,4,4,5,94,11,343.38922,2,8,6,2013,23,32,12,1,0,2,3,1,1,2,2,1,0,,1,0,0,0
201329627328,3,4,1,94,11,15.7591,1,7,2,2013,11,42,9,0,0,2,1,1,2,1,2,3,0,3,1,0,0,0
201329627331,4,4,1,94,11,346.7002,2,7,2,2013,14,15,12,1,0,2,1,2,0,0,2,3,0,3,1,0,0,0
201329627339,1,4,1,94,11,15.7591,2,7,4,2013,8,18,12,6,0,2,1,1,3,3,2,3,0,2,1,0,0,0
201329627363,4,4,1,94,11,346.7002,2,8,6,2013,12,28,12,1,0,2,1,1,0,0,2,3,0,2,1,0,0,0
201329627375,6,4,1,94,11,204.8683,2,8,1,2013,20,2,12,1,0,2,5,1,1,1,2,3,0,2,1,0,0,0
201329627379,3,4,1,94,11,15.7591,1,8,6,2013,18,56,9,0,0,4,1,1,2,1,2,3,0,1,1,16,0,0
201329627390,3,4,1,94,11,15.7591,2,8,1,2013,21,13,14,0,0,1,2,1,3,1,1,3,1,1,7,0,0,0
201329627399,6,4,1,94,11,204.8683,3,8,3,2013,11,59,12,1,0,1,1,1,0,0,2,3,0,1,1,0,0,0
201329627406,3,4,1,94,11,15.7591,1,8,3,2013,17,3,9,0,0,4,1,1,3,1,2,3,0,1,1,16,0,0
201329627412,4,4,1,94,11,346.7002,2,8,4,2013,14,52,12,7,0,2,1,1,0,0,2,3,0,2,1,0,0,0
201329627426,3,4,1,94,11,15.7591,1,8,5,2013,17,33,8,0,0,2,1,1,2,1,2,3,0,2,1,0,0,0
201329627466,4,4,3,94,11,346.7002,1,7,4,2013,9,30,9,0,0,2,1,1,1,1,2,3,0,3,1,0,0,0
201329627467,5,4,3,94,11,94.5546,3,7,4,2013,12,25,12,1,0,2,1,1,3,1,2,3,0,2,1,0,0,0
201329627468,1,4,3,94,11,15.7591,1,7,4,2013,14,9,46,0,0,2,1,1,3,1,2,3,0,2,4,0,0,0
201329627473,6,4,3,94,11,204.8683,2,7,6,2013,7,51,12,1,0,2,1,1,0,0,2,3,0,2,1,0,0,0
201329627475,1,4,3,94,11,15.7591,2,7,6,2013,10,1,12,6,0,2,1,1,3,1,2,3,0,2,1,0,0,0
201329627489,3,4,3,94,11,15.7591,1,7,7,2013,22,59,1,0,0,1,3,1,3,1,2,3,0,1,1,0,0,0
201329627492,5,4,3,94,11,94.5546,2,7,2,2013,14,43,12,6,0,2,1,1,1,1,2,3,0,2,1,0,0,0
201329627498,3,4,3,94,11,15.7591,1,7,3,2013,19,36,9,0,0,4,1,1,2,1,2,3,0,1,1,16,0,0
201329627516,4,4,3,94,11,346.7002,2,8,6,2013,9,31,12,1,0,2,1,1,0,0,2,3,0,2,1,0,0,0
201329627519,6,4,3,94,11,204.8683,2,8,6,2013,15,30,12,6,0,4,1,1,0,0,2,3,0,1,1,0,0,0
201329627525,3,4,3,94,11,15.7591,2,8,1,2013,9,48,12,1,0,2,1,1,3,1,2,3,0,2,1,0,0,0
201329627551,4,4,3,94,11,346.7002,2,8,1,2013,1,27,14,0,0,1,3,1,0,0,2,3,1,1,7,0,0,0
201329627565,3,4,3,94,11,15.7591,2,8,4,2013,14,18,12,1,0,2,1,1,2,1,2,3,0,2,1,0,0,0
201329627566,6,4,3,94,11,204.8683,2,8,5,2013,6,26,12,7,0,1,1,1,0,0,2,3,0,1,1,0,0,0
201329627571,3,4,3,94,11,15.7591,1,8,5,2013,12,46,8,0,0,2,1,1,2,1,2,3,0,3,1,0,0,0
201329627581,5,4,3,94,11,94.5546,2,8,6,2013,21,35,12,2,0,2,1,1,2,3,2,3,0,3,1,0,0,0
201329627611,4,4,1,94,11,346.7002,2,8,4,2013,11,25,14,0,0,1,1,1,0,0,2,3,1,1,7,0,0,0
201329627619,3,4,1,94,11,15.7591,1,8,4,2013,21,12,9,0,0,2,3,1,2,1,2,3,0,,1,16,0,0
201329627627,5,4,1,94,11,94.5546,2,8,5,2013,19,26,12,6,0,2,1,1,1,1,2,3,0,,1,0,0,0
201329627629,3,4,1,94,11,15.7591,1,8,5,2013,21,47,9,0,0,2,3,1,2,1,2,3,0,,1,0,0,0
201329627643,6,4,1,94,11,204.8683,2,8,6,2013,15,5,12,6,0,2,1,1,0,0,2,3,0,,1,0,0,0
201329627644,4,4,1,94,11,346.7002,1,8,7,2013,5,5,43,0,0,2,3,1,2,1,1,3,0,3,5,0,0,0
201329627668,3,4,1,94,11,15.7591,1,8,3,2013,14,37,9,0,0,2,1,1,2,1,2,3,0,,1,0,0,0
201329627672,3,4,1,94,11,15.7591,1,8,4,2013,7,50,9,0,0,4,1,1,2,1,2,3,0,1,1,16,0,0
201329627678,4,4,1,94,11,346.7002,2,8,4,2013,12,36,12,1,0,1,1,1,0,0,2,3,0,1,1,0,0,0
201329627694,3,4,1,94,11,15.7591,1,8,6,2013,16,3,9,0,0,2,1,1,2,1,2,3,0,,1,16,0,0
201329627702,3,4,2,94,11,15.7591,1,8,1,2013,20,40,1,0,0,1,2,1,3,1,1,8,0,1,1,0,0,0
201329627710,5,4,2,94,11,94.5546,3,8,5,2013,16,30,12,1,0,1,1,1,2,1,2,8,0,1,1,0,0,0
201329627721,2,4,2,94,11,63.0364,1,8,3,2013,6,55,9,0,0,4,1,1,4,1,2,8,0,1,1,0,0,0
201329627726,3,4,2,94,11,15.7591,1,8,3,2013,17,0,1,0,0,1,1,1,2,1,2,8,0,1,4,0,0,0
201329627729,6,4,2,94,11,204.8683,2,8,5,2013,8,55,12,1,0,2,1,1,0,0,2,8,0,,1,0,0,0
201329627735,4,4,2,94,11,346.7002,2,8,4,2013,16,47,12,6,0,2,1,1,0,0,2,8,0,,1,0,0,0
201329627737,5,4,2,94,11,94.5546,1,8,3,2013,15,30,32,0,0,1,1,1,1,1,1,8,0,1,4,0,0,0
201329627762,5,4,5,94,11,93.6516,2,8,5,2013,12,45,12,6,0,2,1,1,1,3,2,1,0,2,1,0,0,0
201329627772,6,4,5,94,11,218.5204,2,8,6,2013,17,30,12,1,0,2,1,1,0,0,2,1,0,3,1,0,0,0
201329627773,4,4,5,94,11,343.38922,1,8,6,2013,20,45,42,0,0,1,3,1,0,0,2,1,0,1,3,,,
201329627776,5,4,5,94,11,93.6516,2,8,2,2013,17,59,12,2,0,2,1,1,1,2,2,1,0,2,1,0,0,0
201329627805,1,4,4,94,11,15.7591,2,8,2,2013,19,39,12,6,0,2,1,1,3,3,2,1,0,2,1,0,0,0
201329627812,6,4,4,94,11,204.8683,1,8,5,2013,4,57,18,0,0,1,2,1,0,0,2,1,0,1,5,0,0,0
201329627817,4,4,4,94,11,346.7002,2,8,6,2013,17,49,12,1,0,2,1,1,0,0,2,1,0,2,1,0,0,0
201329627828,3,4,4,94,11,15.7591,1,8,2,2013,21,18,8,0,0,2,3,2,2,1,2,1,0,2,1,0,0,0
201329627838,3,4,4,94,11,15.7591,1,8,3,2013,17,50,31,0,0,1,1,1,2,1,2,1,0,1,3,0,0,0
201329627843,1,4,4,94,11,15.7591,2,8,5,2013,14,3,12,2,0,1,1,1,3,2,2,1,0,1,1,0,0,0
201329627853,5,4,4,94,11,94.5546,2,8,7,2013,15,41,12,6,0,2,1,1,1,1,2,1,0,,1,0,0,0
201329627858,4,4,4,94,11,346.7002,2,8,2,2013,9,28,12,11,0,2,1,1,0,0,2,1,0,,1,0,0,0
201329627861,6,4,4,94,11,204.8683,4,8,2,2013,15,51,12,1,0,1,1,1,0,0,2,1,0,1,1,0,0,0
201329627891,6,4,4,94,11,204.8683,2,8,3,2013,6,45,12,1,0,1,1,1,0,0,2,1,0,1,1,0,0,0