CASENUM,STRATUM,REGION,PJ,PSU,PSUSTRAT,WEIGHT,VE_TOTAL,MONTH,WKDY_IM,YEAR,HOUR_IM,MINUTE_IM,EVENT1_IM,MANCOL_IM,RELJCT1_IM,RELJCT2_IM,LGTCON_IM,WEATHR_IM,MAXSEV_IM,NO_INJ_IM,ALCHL_IM,LAND_USE,PVH_INVL,TYP_INT,REL_ROAD,CF1,CF2,CF3
201329627899,4,4,4,94,11,346.7002,2,8,4,2013,11,45,12,6,0,2,1,1,0,0,2,1,0,,1,,,
201329627925,6,4,1,94,11,204.8683,2,8,7,2013,16,41,12,1,0,1,1,1,0,0,2,3,0,1,1,0,0,0
201329627933,4,4,1,94,11,346.7002,2,8,1,2013,10,41,12,1,0,2,1,1,0,0,2,3,0,2,1,0,0,0
201329627934,3,4,1,94,11,15.7591,1,8,2,2013,7,50,15,0,0,2,1,1,2,1,2,3,0,2,1,16,0,0
201329627944,3,4,1,94,11,15.7591,1,8,3,2013,11,19,9,0,0,4,1,1,2,1,2,3,0,1,1,0,0,0
201329627954,3,4,1,94,11,15.7591,1,8,4,2013,7,35,9,0,0,2,1,1,2,1,2,3,0,3,1,0,0,0
201329627963,4,4,1,94,11,346.7002,2,8,4,2013,14,46,14,0,0,1,1,1,0,0,2,3,1,1,7,0,0,0
201329627967,3,4,1,94,11,15.7591,1,8,5,2013,12,56,1,0,0,1,1,1,2,1,2,3,0,1,1,0,0,0
201329627973,3,4,1,94,11,15.7591,1,8,6,2013,10,28,9,0,0,1,1,1,2,1,2,3,0,1,1,0,0,0
201329627976,3,4,1,94,11,15.7591,1,8,6,2013,12,17,9,0,0,2,1,1,2,1,2,3,0,2,1,0,0,0
201329627987,3,4,1,94,11,15.7591,1,9,2,2013,10,10,9,0,0,2,1,1,2,1,2,3,0,2,1,0,0,0
201329627991,2,4,1,94,11,63.0364,1,9,3,2013,7,55,9,0,0,2,4,1,2,1,2,3,0,2,1,0,0,0
201329627998,4,4,1,94,11,346.7002,1,9,3,2013,19,26,9,0,0,2,5,1,0,0,2,3,0,2,1,0,0,0
201329628002,3,4,1,94,11,15.7591,1,9,4,2013,7,45,9,0,0,2,1,1,2,1,2,3,0,,1,16,0,0
201329628008,3,4,1,94,11,15.7591,1,9,4,2013,11,4,15,0,0,2,1,1,3,1,2,3,0,3,1,0,0,0
201329628010,3,4,1,94,11,15.7591,1,8,6,2013,18,7,9,0,0,4,1,10,2,1,2,3,0,1,1,0,0,0
201329628013,3,4,1,94,11,15.7591,1,9,5,2013,9,27,9,0,0,2,1,1,2,1,2,3,0,2,1,0,0,0
201329628014,6,4,1,94,11,204.8683,3,8,4,2013,17,55,12,1,0,1,1,1,0,0,2,3,0,1,1,0,0,0
201329628015,3,4,1,94,11,15.7591,2,9,5,2013,9,56,12,6,0,4,1,1,2,1,2,3,0,1,1,0,0,0
201329628021,3,4,1,94,11,15.7591,1,9,6,2013,7,28,9,0,0,1,1,1,2,1,2,3,0,1,4,0,0,0
201329628042,1,4,3,94,11,15.7591,2,8,7,2013,14,59,12,6,0,2,1,1,3,2,2,3,0,3,1,0,0,0
201329628049,4,4,3,94,11,346.7002,2,8,1,2013,22,10,14,0,0,4,2,1,0,0,2,3,1,1,7,0,0,0
201329628064,1,4,3,94,11,15.7591,2,8,3,2013,14,7,12,6,0,2,1,1,3,3,2,3,0,3,1,0,0,0
201329628071,6,4,3,94,11,204.8683,2,8,4,2013,9,36,12,1,0,2,1,1,0,0,2,3,0,2,1,19,0,0
201329628077,3,4,3,94,11,15.7591,1,8,6,2013,10,44,9,0,0,2,1,1,2,1,2,3,0,2,1,0,0,0
201329628080,3,4,3,94,11,15.7591,1,8,7,2013,13,46,9,0,0,2,1,1,2,1,2,3,0,2,1,16,0,0
201329628083,5,4,3,94,11,94.5546,2,8,1,2013,16,14,12,6,0,2,1,1,1,3,2,3,0,2,1,0,0,0
201329628087,4,4,3,94,11,346.7002,2,8,2,2013,16,41,12,1,0,2,1,1,0,0,2,3,0,2,1,0,0,0
201329628097,1,4,3,94,11,15.7591,3,8,4,2013,14,49,12,6,0,2,1,1,3,2,2,3,0,2,1,0,0,0
201329628098,1,4,3,94,11,15.7591,2,8,4,2013,15,6,12,6,0,2,1,1,3,2,2,3,0,2,1,0,0,0
201329628108,1,4,3,94,11,15.7591,2,9,2,2013,11,15,12,6,0,2,1,1,3,2,2,3,0,2,1,0,0,0
201329628116,3,4,3,94,11,15.7591,1,9,3,2013,6,15,8,0,0,2,4,1,2,2,2,3,0,2,1,0,0,0
201329628124,4,4,3,94,11,346.7002,2,9,5,2013,11,6,12,1,0,2,1,1,0,0,2,3,0,2,1,0,0,0
201329628130,3,4,3,94,11,15.7591,2,9,7,2013,11,41,12,1,0,2,1,1,3,1,2,3,0,2,1,0,0,0
201329628133,5,4,3,94,11,94.5546,1,9,7,2013,23,53,33,0,0,2,3,1,2,1,1,3,0,2,4,0,0,0
201329628144,6,4,3,94,11,204.8683,2,9,2,2013,18,16,12,1,0,2,5,2,0,0,2,3,0,2,1,0,0,0
201329628159,4,4,3,94,11,346.7002,1,9,4,2013,23,9,30,0,0,4,3,2,0,0,2,3,0,1,4,0,0,0
201329628188,4,4,1,94,11,346.7002,2,9,4,2013,22,10,14,0,0,1,3,1,0,0,2,3,1,1,7,0,0,0
201329628190,3,4,1,94,11,15.7591,1,9,5,2013,19,20,9,0,0,4,5,1,2,1,2,3,0,1,1,16,0,0
201329628196,3,4,1,94,11,15.7591,1,9,2,2013,15,0,9,0,0,2,1,1,2,1,2,3,0,,1,16,0,0
201329628201,6,4,1,94,11,204.8683,2,8,6,2013,12,27,12,1,0,2,1,1,0,0,2,3,0,,1,0,0,0
201329628204,3,4,1,94,11,15.7591,1,9,2,2013,17,59,9,0,0,2,5,2,2,1,2,3,0,,1,0,0,0
201329628209,3,4,1,94,11,15.7591,1,9,3,2013,12,1,9,0,0,2,1,2,2,1,2,3,0,,1,0,0,0
201329628233,4,4,1,94,11,346.7002,2,9,2,2013,14,2,12,1,0,1,1,1,0,0,2,3,0,1,1,0,0,0
201329628259,4,4,1,94,11,346.7002,2,9,4,2013,11,37,12,6,0,2,1,1,0,0,2,3,0,,1,0,0,0
201329628280,3,4,2,94,11,15.7591,1,9,2,2013,16,45,17,0,0,1,1,1,3,1,2,8,0,1,4,0,0,0
201329628283,6,4,2,94,11,204.8683,2,8,7,2013,11,55,12,1,0,2,1,1,0,0,2,8,0,,1,0,0,0
201329628296,3,4,2,94,11,15.7591,1,9,3,2013,9,0,9,0,0,2,1,1,3,1,2,8,0,2,1,16,0,0
201329628297,3,4,2,94,11,15.7591,1,9,2,2013,15,18,24,0,0,1,1,1,3,2,2,8,0,1,4,0,0,0
201329628307,1,4,2,94,11,15.7591,2,9,7,2013,17,45,12,2,0,2,1,1,3,2,2,8,0,2,1,0,0,0
201329628311,4,4,2,94,11,346.7002,2,9,6,2013,18,10,12,1,0,2,1,2,0,0,2,8,0,,1,0,0,0
201329628333,5,4,2,94,11,94.5546,1,9,5,2013,12,40,25,0,1,19,1,1,1,1,2,8,0,1,3,0,0,0
201329628344,3,4,2,94,11,15.7591,1,9,1,2013,16,45,8,0,1,2,1,1,2,1,2,8,0,,1,0,0,0
201329628350,5,4,2,94,11,94.5546,2,9,5,2013,12,20,12,2,0,2,1,2,2,3,2,8,0,,1,0,0,0
201329628351,6,4,2,94,11,204.8683,2,9,3,2013,12,8,12,1,0,1,1,2,0,0,2,8,0,1,1,0,0,0
201329628356,4,4,2,94,11,346.7002,2,9,2,2013,16,56,12,6,0,2,1,2,0,0,2,8,0,,1,0,0,0
201329628360,1,4,2,94,11,15.7591,1,8,6,2013,21,22,1,0,0,2,3,1,4,8,1,8,0,2,1,0,0,0
201329628366,3,4,2,94,11,15.7591,1,9,4,2013,17,25,1,0,0,1,1,1,2,1,2,8,0,1,1,0,0,0
201329628395,5,4,5,94,11,93.6516,2,9,2,2013,16,49,30,0,0,2,1,1,1,1,2,1,0,,4,0,0,0
201329628400,4,4,5,94,11,343.38922,2,9,6,2013,17,23,12,1,0,2,1,1,0,0,2,1,0,,1,0,0,0
201329628427,5,4,4,94,11,94.5546,1,9,4,2013,14,46,33,0,0,1,1,1,2,1,2,1,0,1,4,0,0,0
201329628435,3,4,4,94,11,15.7591,1,9,6,2013,8,30,8,0,0,2,1,1,2,1,2,1,0,,1,0,0,0
201329628447,4,4,4,94,11,346.7002,3,9,2,2013,17,40,12,1,0,2,1,2,0,0,2,1,0,,1,0,0,0
201329628456,6,4,4,94,11,204.8683,2,9,4,2013,20,5,12,6,0,2,3,2,0,0,2,1,0,,1,0,0,0
201329628473,5,4,4,94,11,94.5546,2,9,7,2013,20,20,12,2,0,2,3,1,2,1,2,1,0,,1,0,0,0
201329628478,6,4,4,94,11,204.8683,2,9,1,2013,18,55,12,1,0,2,3,2,0,0,2,1,0,2,1,0,0,0
201329628502,4,4,4,94,11,346.7002,2,9,5,2013,16,15,54,11,0,2,1,1,0,0,2,1,0,,1,14,0,0
201329628507,1,4,4,94,11,15.7591,2,9,6,2013,14,45,12,6,0,2,1,1,3,1,2,1,0,2,1,0,0,0
201329628508,6,4,4,94,11,204.8683,1,9,6,2013,11,22,25,0,1,5,1,1,0,0,2,1,0,1,6,0,0,0
201329628535,2,4,4,94,11,63.0364,2,9,5,2013,22,48,12,6,0,2,3,1,0,0,2,1,0,2,1,0,0,0
201329628545,6,4,1,94,11,204.8683,2,9,6,2013,15,59,12,1,0,2,1,1,1,1,2,3,0,,1,0,0,0
201329628555,4,4,1,94,11,346.7002,2,9,4,2013,13,3,12,7,0,1,1,1,0,0,2,3,0,1,1,0,0,0
201329628559,3,4,1,94,11,15.7591,1,9,4,2013,17,11,9,0,0,2,1,1,2,1,2,3,0,,1,0,0,0
201329628567,3,4,1,94,11,15.7591,1,9,2,2013,23,0,9,0,0,2,3,1,2,1,2,3,0,,1,0,0,0
201329628570,3,4,1,94,11,15.7591,1,9,2,2013,17,35,8,0,0,1,5,1,3,1,2,3,0,1,1,0,0,0
201329628573,3,4,1,94,11,15.7591,1,9,3,2013,8,58,9,0,0,2,1,1,2,1,2,3,0,,1,16,0,0
201329628576,3,4,1,94,11,15.7591,2,9,3,2013,11,22,12,7,0,2,1,1,2,1,2,3,0,,1,0,0,0
201329628579,3,4,1,94,11,15.7591,1,9,3,2013,17,54,9,0,0,2,1,1,2,1,2,3,0,,1,16,0,0
201329628590,4,4,1,94,11,346.7002,1,9,4,2013,16,50,59,0,0,2,1,1,0,0,2,3,0,,3,0,0,0
201329628591,3,4,1,94,11,15.7591,1,9,4,2013,16,5,9,0,0,4,1,1,2,1,2,3,0,1,1,16,0,0
201329628600,3,4,1,94,11,15.7591,1,9,5,2013,8,0,9,0,0,4,1,1,2,1,2,3,0,1,1,0,0,0
201329628609,3,4,1,94,11,15.7591,1,9,7,2013,14,37,9,0,0,4,1,1,2,1,2,3,0,1,1,16,0,0
201329628611,3,4,1,94,11,15.7591,1,9,7,2013,16,34,9,0,0,2,1,1,2,1,2,3,0,,1,16,0,0
201329628620,3,4,1,94,11,15.7591,1,9,4,2013,16,45,8,0,0,2,1,1,2,1,2,3,0,,1,0,0,0
201329628623,6,4,1,94,11,204.8683,3,9,2,2013,14,19,12,1,0,1,1,1,1,3,2,3,0,1,1,0,0,0
201329628628,4,4,1,94,11,346.7002,2,10,3,2013,1,19,12,1,0,1,3,1,0,0,1,3,0,1,1,0,0,0
201329628649,3,4,1,94,11,15.7591,1,10,4,2013,22,38,9,0,0,2,3,1,2,1,2,3,0,,1,16,0,0
201329628659,4,4,1,94,11,346.7002,2,10,5,2013,20,23,12,1,0,2,3,2,1,2,2,3,0,,1,0,0,0
201329628668,5,4,1,94,11,94.5546,3,10,6,2013,13,35,12,6,0,2,1,1,1,4,2,3,0,,1,0,0,0
201329628708,1,4,3,94,11,15.7591,3,9,2,2013,12,36,12,1,0,1,1,1,3,4,2,3,0,1,1,0,0,0
201329628709,5,4,3,94,11,94.5546,4,9,2,2013,12,46,12,1,0,1,1,2,1,1,2,3,0,1,1,0,0,0
201329628730,4,4,3,94,11,346.7002,2,9,4,2013,13,0,12,1,0,2,1,1,0,0,2,3,0,2,1,0,0,0
201329628742,6,4,3,94,11,204.8683,3,9,1,2013,10,15,14,0,0,1,1,1,0,0,2,3,2,1,7,14,0,0
201329628757,5,4,3,94,11,94.5546,3,9,4,2013,18,24,12,1,0,2,1,1,1,1,2,3,0,2,1,0,0,0
201329628765,3,4,3,94,11,15.7591,2,9,5,2013,17,33,12,6,0,2,1,1,2,1,2,3,0,2,1,0,0,0
201329628769,1,4,3,94,11,15.7591,3,9,6,2013,8,54,12,6,0,2,1,2,3,4,2,3,0,2,1,0,0,0
201329628774,4,4,3,94,11,346.7002,2,9,6,2013,19,40,12,7,0,2,3,1,0,0,2,3,0,2,1,0,0,0
201329628792,3,4,3,94,11,15.7591,2,10,3,2013,12,22,12,1,0,2,1,1,3,1,2,3,0,2,1,0,0,0
201329628798,5,4,3,94,11,94.5546,2,10,4,2013,8,33,12,1,0,1,1,1,1,1,2,3,0,1,1,0,0,0
201329628805,4,4,3,94,11,346.7002,2,10,4,2013,16,29,12,7,0,2,1,1,0,0,2,3,0,2,1,0,0,0
201329628811,3,4,3,94,11,15.7591,1,10,5,2013,12,33,15,0,0,2,1,1,3,1,2,3,0,2,1,16,0,0
201329628813,6,4,3,94,11,204.8683,3,10,5,2013,15,41,12,1,0,1,1,1,0,0,2,3,0,1,1,0,0,0
201329628836,3,4,3,94,11,15.7591,3,10,2,2013,7,52,12,1,0,1,1,1,3,1,2,3,0,1,1,0,0,0
201329628845,4,4,3,94,11,346.7002,2,10,3,2013,9,5,12,1,0,2,1,1,0,0,2,3,0,,1,20,0,0
201329628850,5,4,3,94,11,94.5546,2,10,4,2013,8,10,12,1,0,1,1,1,1,1,2,3,0,1,1,0,0,0
201329628857,1,4,3,94,11,15.7591,2,10,5,2013,17,36,12,6,0,2,1,1,3,3,2,3,0,2,1,0,0,0
201329628865,1,4,3,94,11,15.7591,2,10,6,2013,14,40,12,1,0,4,1,1,3,1,2,3,0,1,1,0,0,0
201329628866,3,4,3,94,11,15.7591,1,10,6,2013,15,0,9,0,0,2,1,1,3,1,2,3,0,2,1,0,0,0
201329628887,5,4,2,94,11,94.5546,1,10,4,2013,15,40,59,0,0,1,1,1,1,1,2,8,0,1,3,0,0,0
201329628893,1,4,2,94,11,15.7591,2,10,5,2013,18,30,12,2,0,2,3,2,3,2,2,8,0,2,1,0,0,0
201329628909,6,4,2,94,11,204.8683,1,10,2,2013,8,28,42,0,0,1,1,1,0,0,2,8,0,1,4,0,0,0
201329628912,4,4,2,94,11,346.7002,2,10,2,2013,13,35,54,11,0,1,1,1,0,0,2,8,0,1,1,14,0,0
201329628933,3,4,2,94,11,15.7591,1,10,3,2013,1,0,8,0,0,1,2,1,2,1,2,8,0,1,1,0,0,0
201329628941,5,4,2,94,11,94.5546,1,10,4,2013,1,0,58,0,0,1,2,1,2,1,1,8,0,1,4,0,0,0
201329628973,6,4,1,94,11,204.8683,2,10,1,2013,10,44,12,7,0,2,1,1,0,0,2,3,0,,1,0,0,0
201329628983,4,4,1,94,11,346.7002,3,10,7,2013,20,50,14,0,0,1,2,1,0,0,2,3,2,1,7,14,0,0
201329629014,6,4,1,94,11,204.8683,2,10,5,2013,19,0,12,1,0,2,3,2,0,0,2,3,0,,1,0,0,0
201329629015,4,4,1,94,11,346.7002,1,10,5,2013,18,45,8,0,0,2,5,2,2,1,2,3,0,,1,0,0,0
201329629023,3,4,1,94,11,15.7591,2,10,6,2013,12,27,12,7,0,2,1,1,3,1,2,3,0,,1,0,0,0
201329629029,3,4,1,94,11,15.7591,1,10,7,2013,19,44,9,0,0,2,2,1,2,1,2,3,0,,1,16,0,0
201329629036,1,4,1,94,11,15.7591,2,10,1,2013,11,38,12,6,0,4,1,1,3,2,2,3,0,1,1,0,0,0
201329629041,3,4,1,94,11,15.7591,1,10,2,2013,19,12,9,0,0,2,3,1,2,1,2,3,0,,1,16,0,0
201329629050,5,4,1,94,11,94.5546,2,10,4,2013,8,42,12,2,0,2,1,1,1,1,2,3,0,,1,0,0,0
201329629053,4,4,1,94,11,346.7002,2,10,4,2013,15,6,12,1,0,4,1,1,0,0,2,3,0,1,1,0,0,0
201329629070,6,4,1,94,11,204.8683,2,10,6,2013,16,23,12,1,0,2,1,1,0,0,1,3,0,,1,0,0,0
201329629081,1,4,2,94,11,15.7591,2,10,1,2013,17,15,12,6,0,1,1,2,3,1,2,8,0,1,1,0,0,0
201329629092,6,4,2,94,11,204.8683,2,10,3,2013,9,0,12,2,0,2,1,1,0,0,2,8,0,,1,0,0,0
201329629095,3,4,2,94,11,15.7591,1,10,2,2013,17,0,9,0,0,2,5,1,2,1,2,8,0,,1,0,0,0
201329629096,4,4,2,94,11,346.7002,2,10,2,2013,7,55,12,6,0,2,1,1,0,0,2,8,0,,1,0,0,0
201329629106,3,4,2,94,11,15.7591,1,10,6,2013,16,25,1,0,0,1,1,1,3,2,2,8,0,1,1,0,0,0
201329629133,4,4,5,94,11,343.38922,2,10,5,2013,10,43,14,0,0,1,1,1,0,0,2,1,1,1,7,0,0,0
201329629136,6,4,5,94,11,218.5204,3,10,6,2013,17,36,12,1,0,1,1,1,0,0,2,1,0,1,1,0,0,0
201329629145,1,4,5,94,11,31.217201,2,10,3,2013,17,44,12,2,0,2,1,1,3,7,2,1,0,2,1,0,0,0
201329629160,6,4,4,94,11,204.8683,1,9,7,2013,1,48,33,0,0,1,3,1,0,0,2,1,0,1,4,0,0,0
201329629167,5,4,4,94,11,94.5546,3,9,2,2013,17,51,12,1,0,1,1,1,1,2,2,1,0,1,1,0,0,0
201329629169,3,4,4,94,11,15.7591,1,9,2,2013,20,55,8,0,0,2,3,1,2,4,2,1,0,2,1,0,0,0
201329629171,3,4,4,94,11,15.7591,1,10,3,2013,15,8,9,0,0,2,1,1,2,1,2,1,0,3,1,0,0,0
201329629172,4,4,4,94,11,346.7002,2,10,3,2013,17,25,12,1,0,1,1,1,0,0,2,1,0,1,1,0,0,0
201329629193,6,4,4,94,11,204.8683,2,10,2,2013,18,37,12,1,0,2,1,1,0,0,2,1,0,,1,0,0,0
201329629203,1,4,4,94,11,15.7591,2,10,5,2013,8,49,12,1,0,2,1,1,3,2,2,1,0,,1,0,0,0
201329629206,1,4,4,94,11,15.7591,1,10,5,2013,19,44,33,0,0,1,3,2,3,2,2,1,0,1,4,0,0,0
201329629209,1,4,4,94,11,15.7591,2,10,6,2013,22,53,12,2,0,1,6,1,3,2,2,1,0,1,1,0,0,0
201329629216,4,4,4,94,11,346.7002,2,10,2,2013,9,13,12,1,1,18,1,1,0,0,2,1,0,1,1,28,0,0
201329629228,5,4,4,94,11,94.5546,2,10,4,2013,20,29,12,1,0,2,3,1,1,1,2,1,0,2,1,0,0,0
201329629248,6,4,4,94,11,204.8683,2,10,2,2013,7,47,12,1,0,2,1,1,0,0,2,1,0,,1,0,0,0
201329629252,4,4,4,94,11,346.7002,2,10,2,2013,17,12,12,1,0,1,1,1,0,0,2,1,0,1,1,0,0,0
201329629269,3,4,4,94,11,15.7591,1,10,6,2013,16,49,8,0,0,1,1,1,3,1,2,1,0,1,1,0,0,0
201329629291,4,4,1,94,11,346.7002,2,10,2,2013,16,58,12,1,0,2,1,1,0,0,2,3,0,,1,0,0,0
201329629303,2,4,1,94,11,63.0364,2,10,4,2013,9,5,12,1,0,4,1,1,0,0,2,3,0,1,1,0,0,0
201329629304,3,4,1,94,11,15.7591,1,10,4,2013,8,46,1,0,0,2,1,1,2,1,2,3,0,,1,0,0,0
201329629313,3,4,1,94,11,15.7591,1,10,4,2013,17,15,9,0,0,2,1,1,2,1,2,3,0,,1,16,0,0
201329629315,3,4,1,94,11,15.7591,1,10,5,2013,10,41,9,0,0,4,1,1,3,1,2,3,0,1,1,16,0,0
201329629317,3,4,1,94,11,15.7591,1,10,5,2013,15,19,9,0,0,2,1,1,2,1,2,3,0,,1,0,0,0
201329629319,3,4,1,94,11,15.7591,1,10,5,2013,15,20,9,0,0,2,1,1,2,1,2,3,0,,4,0,0,0
201329629325,4,4,1,94,11,346.7002,2,10,1,2013,23,0,14,0,0,1,2,1,0,0,2,3,1,1,7,0,0,0
201329629327,1,4,1,94,11,15.7591,2,10,6,2013,21,2,12,1,0,2,3,1,3,4,2,3,0,,1,0,0,0
201329629343,3,4,1,94,11,15.7591,1,10,2,2013,19,56,8,0,0,2,3,1,3,1,2,3,0,,1,0,0,0
201329629346,1,4,1,94,11,15.7591,2,10,3,2013,16,9,12,2,0,1,1,1,4,1,2,3,0,1,2,0,0,0
201329629354,4,4,1,94,11,346.7002,2,10,3,2013,15,45,12,1,0,2,1,2,0,0,2,3,0,,1,0,0,0
201329629357,6,4,1,94,11,204.8683,1,10,4,2013,7,15,33,0,0,2,4,4,0,0,2,3,0,,4,0,0,0
201329629400,1,4,3,94,11,15.7591,2,10,7,2013,10,15,12,6,0,2,1,1,3,4,2,3,0,2,1,0,0,0
201329629405,6,4,3,94,11,204.8683,2,10,7,2013,18,10,12,1,0,2,1,1,0,0,2,3,0,3,1,0,0,0
201329629409,4,4,3,94,11,346.7002,2,10,1,2013,20,9,14,0,0,2,3,1,0,0,2,3,1,,7,0,0,0
201329629436,5,4,3,94,11,94.5546,3,10,6,2013,11,17,12,1,0,1,1,1,1,1,2,3,0,1,1,23,0,0
201329629439,6,4,3,94,11,204.8683,2,10,6,2013,15,13,12,1,0,1,1,1,0,0,2,3,0,1,1,0,0,0
201329629456,5,4,3,94,11,94.5546,2,10,2,2013,10,48,12,6,0,2,1,1,1,1,2,3,0,2,1,0,0,0
201329629459,4,4,3,94,11,346.7002,2,10,2,2013,15,16,12,1,0,2,1,1,0,0,2,3,0,,1,0,0,0
201329629464,3,4,3,94,11,15.7591,1,10,3,2013,13,16,9,0,0,2,1,1,2,1,2,3,0,2,1,0,0,0
201329629471,3,4,3,94,11,15.7591,2,10,4,2013,21,2,12,6,0,2,3,1,2,1,2,3,0,2,1,0,0,0
201329629478,1,4,3,94,11,15.7591,2,10,5,2013,10,51,12,6,0,2,1,1,3,2,2,3,0,2,1,0,0,0
201329629491,6,4,3,94,11,204.8683,1,10,1,2013,5,0,33,0,0,1,2,1,0,0,2,3,0,1,4,0,0,0
201329629492,5,4,3,94,11,94.5546,2,10,1,2013,7,49,12,6,0,2,1,1,1,1,2,3,0,2,1,0,0,0
201329629504,3,4,3,94,11,15.7591,1,10,3,2013,14,34,9,0,0,4,1,1,3,1,2,3,0,1,1,0,0,0
201329629509,4,4,3,94,11,346.7002,2,11,6,2013,10,53,12,11,0,2,1,1,0,0,2,3,0,2,1,0,0,0
201329629510,3,4,3,94,11,15.7591,1,11,6,2013,12,34,9,0,0,2,1,1,2,1,2,3,0,2,1,0,0,0
201329629514,3,4,3,94,11,15.7591,1,11,6,2013,18,14,9,0,0,1,5,1,3,1,2,3,0,1,1,0,0,0
201329629536,5,4,3,94,11,94.5546,2,11,3,2013,17,50,12,1,0,1,3,1,1,3,2,3,0,1,1,0,0,0
201329629545,4,4,3,94,11,346.7002,2,11,4,2013,18,52,12,1,0,1,3,1,0,0,2,3,0,1,1,0,0,0
201329629546,6,4,3,94,11,204.8683,3,11,5,2013,7,39,12,6,0,2,1,1,0,0,2,3,0,2,1,14,0,0
201329629554,1,4,3,94,11,15.7591,4,11,6,2013,12,29,12,6,0,2,1,1,3,3,2,3,0,2,1,0,0,0
201329629561,3,4,1,94,11,15.7591,1,11,7,2013,8,43,8,0,0,2,1,1,2,2,2,3,0,,1,0,0,0
201329629563,3,4,1,94,11,15.7591,1,11,7,2013,10,58,9,0,0,4,1,1,2,1,2,3,0,1,1,0,0,0
201329629568,4,4,1,94,11,346.7002,2,11,7,2013,18,30,12,1,0,4,3,1,0,0,2,3,0,1,1,0,0,0
201329629585,3,4,1,94,11,15.7591,1,11,4,2013,7,26,8,0,0,2,1,1,3,1,2,3,0,,1,0,0,0
201329629590,6,4,1,94,11,204.8683,2,11,4,2013,16,26,12,1,0,1,1,1,0,0,2,3,0,1,1,0,0,0
201329629608,4,4,1,94,11,346.7002,2,11,1,2013,10,31,12,7,0,4,1,1,0,0,2,3,0,1,1,0,0,0
201329629623,3,4,1,94,11,15.7591,1,11,2,2013,13,30,9,0,0,4,1,1,2,1,2,3,0,1,1,0,0,0
201329629631,6,4,1,94,11,204.8683,2,11,3,2013,20,31,12,6,0,2,2,1,0,0,2,3,0,,1,0,0,0
201329629640,4,4,1,94,11,346.7002,2,11,4,2013,19,22,12,6,0,2,3,1,1,1,2,3,0,,1,0,0,0
201329629641,3,4,1,94,11,15.7591,1,11,4,2013,21,56,9,0,0,4,3,1,1,1,2,3,0,1,1,0,0,0
201329629649,3,4,1,94,11,15.7591,1,11,6,2013,8,37,8,0,0,2,1,1,3,1,2,3,0,,1,0,0,0
201329629653,3,4,1,94,11,15.7591,1,11,6,2013,15,23,9,0,0,1,1,1,2,1,2,3,0,1,1,0,0,0
201329629687,3,4,2,94,11,15.7591,1,10,1,2013,13,55,9,0,0,2,1,1,2,1,2,8,0,,1,0,0,0
201329629690,1,4,2,94,11,15.7591,3,10,2,2013,7,15,12,6,0,2,1,1,3,3,2,8,0,2,1,0,0,0
201329629694,5,4,2,94,11,94.5546,3,11,2,2013,17,55,12,1,0,4,2,1,1,1,2,8,0,1,1,0,0,0
201329629701,4,4,2,94,11,346.7002,2,11,2,2013,17,0,12,1,0,2,6,1,0,0,2,8,0,,1,0,0,0
201329629705,6,4,2,94,11,204.8683,2,11,6,2013,15,45,12,1,0,2,1,1,0,0,2,8,0,,1,0,0,0
201329629741,2,4,2,94,11,63.0364,1,10,5,2013,16,25,35,0,0,1,1,1,0,0,2,8,0,1,4,0,0,0
201329629744,3,4,2,94,11,15.7591,1,11,2,2013,13,0,9,0,0,1,1,1,2,1,2,8,0,1,4,0,0,0
201329629759,5,4,2,94,11,94.5546,2,11,4,2013,7,30,12,1,0,1,1,1,1,1,2,8,0,1,1,0,0,0
201329629763,3,4,2,94,11,15.7591,1,11,1,2013,14,30,1,0,0,1,1,1,4,1,2,8,0,1,4,0,0,0
201329629765,6,4,2,94,11,204.8683,1,11,5,2013,5,1,38,0,0,2,3,4,0,0,2,8,0,3,4,0,0,0
201329629778,3,4,2,94,11,15.7591,1,11,2,2013,14,0,53,0,0,1,1,1,2,1,2,8,0,1,4,0,0,0
201329629784,4,4,2,94,11,346.7002,2,11,7,2013,18,0,12,1,0,1,6,1,0,0,2,8,0,1,1,0,0,0
201329629794,5,4,2,94,11,94.5546,3,11,4,2013,18,20,12,1,0,1,1,1,2,1,2,8,0,1,1,0,0,0
201329629801,4,4,5,94,11,343.38922,3,10,2,2013,13,33,12,6,0,2,1,2,0,0,2,1,0,2,1,0,0,0
201329629810,6,4,5,94,11,218.5204,1,11,3,2013,15,0,33,0,0,4,1,1,1,1,2,1,0,1,3,0,0,0
201329629818,4,4,5,94,11,343.38922,2,11,5,2013,8,40,14,0,0,4,1,4,0,0,2,1,1,1,5,0,0,0
201329629841,6,4,4,94,11,204.8683,1,10,7,2013,9,22,25,0,0,1,1,1,0,0,2,1,0,1,3,0,0,0
201329629857,1,4,4,94,11,15.7591,3,10,4,2013,19,32,12,1,0,1,2,1,3,1,2,1,0,1,1,0,0,0
201329629873,6,4,4,94,11,204.8683,2,11,1,2013,17,15,12,6,0,2,1,1,0,0,1,1,0,2,1,0,0,0