CASENUM,STRATUM,REGION,PJ,PSU,PSUSTRAT,WEIGHT,VE_TOTAL,MONTH,WKDY_IM,YEAR,HOUR_IM,MINUTE_IM,EVENT1_IM,MANCOL_IM,RELJCT1_IM,RELJCT2_IM,LGTCON_IM,WEATHR_IM,MAXSEV_IM,NO_INJ_IM,ALCHL_IM,LAND_USE,PVH_INVL,TYP_INT,REL_ROAD,CF1,CF2,CF3
201329745248,3,4,2,97,11,13.3372,2,4,2,2013,8,23,12,7,0,2,1,10,2,1,2,8,0,3,1,0,0,0
201329745264,6,4,2,97,11,213.3952,2,4,7,2013,12,15,12,1,1,2,1,1,0,0,2,8,0,,1,0,0,0
201329745269,5,4,2,97,11,93.3604,1,4,2,2013,7,13,33,0,0,1,1,1,1,1,2,8,0,1,4,0,0,0
201329745287,5,4,4,97,11,93.3604,2,5,6,2013,16,54,12,6,0,2,1,1,2,1,2,3,0,3,1,0,0,0
201329745291,6,4,4,97,11,213.3952,2,5,7,2013,14,49,12,6,0,2,1,1,0,0,2,3,0,3,1,0,0,0
201329745294,3,4,4,97,11,13.3372,1,5,5,2013,12,0,8,0,0,2,1,1,3,1,2,3,0,3,1,0,0,0
201329745301,4,4,4,97,11,346.7672,2,4,3,2013,22,13,14,0,0,1,3,1,0,0,2,3,1,1,7,0,0,0
201329745336,6,4,3,97,11,213.3952,3,5,6,2013,2,10,14,0,0,1,3,1,0,0,1,3,2,1,7,14,0,0
201329745357,4,4,3,97,11,346.7672,2,4,3,2013,19,20,12,1,0,2,1,10,1,1,2,3,0,2,1,0,0,0
201329745362,3,4,3,97,11,13.3372,1,4,5,2013,14,31,8,0,0,2,1,1,2,2,2,3,0,2,1,0,0,0
201329745370,5,4,3,97,11,93.3604,1,4,5,2013,0,7,38,0,0,1,3,1,2,1,1,3,0,1,4,0,0,0
201329745439,6,4,2,96,14,210.0,4,2,3,2013,12,10,12,7,1,18,1,10,1,2,2,3,0,1,1,0,0,0
201329745511,1,4,2,96,14,2.0,1,3,7,2013,14,50,30,0,0,1,1,1,3,1,1,3,0,1,4,0,0,0
201329745594,5,4,2,96,14,90.0,1,3,3,2013,1,38,33,0,1,2,3,1,2,2,1,3,0,2,4,0,0,0
201329745653,1,4,2,96,14,2.0,2,4,3,2013,22,45,12,2,0,1,2,1,3,2,1,3,0,1,1,0,0,0
201329745732,4,4,2,96,14,350.0,2,4,3,2013,17,35,12,1,0,1,1,1,0,0,2,3,0,1,1,0,0,0
201329745877,4,4,3,96,14,582.75,2,3,6,2013,15,45,12,1,0,1,1,1,0,0,2,3,0,1,1,0,0,0
201329746052,5,4,18,96,14,90.9855,2,4,3,2013,18,31,12,6,0,2,5,1,1,2,2,3,0,2,1,0,0,0
201329746057,1,4,18,96,14,5.05475,5,3,7,2013,23,16,12,2,0,2,3,1,3,5,1,3,0,2,1,0,0,0
201329746194,3,4,1,96,14,20.0,2,1,3,2013,21,25,12,6,0,2,3,1,3,1,1,3,0,2,1,0,0,0
201329746272,1,4,1,96,14,2.0,2,1,4,2013,18,18,12,1,0,1,3,1,3,3,2,3,0,1,1,0,0,0
201329746323,4,4,8,96,14,580.9385,3,1,3,2013,16,0,12,6,0,4,1,1,1,1,2,3,0,1,1,0,0,0
201329746343,5,4,8,96,14,154.91693,2,1,7,2013,18,10,12,1,0,1,2,10,1,2,2,3,0,1,1,0,0,0
201329746344,3,4,8,96,14,38.729233,2,1,1,2013,9,20,1,0,0,1,1,10,3,1,2,3,0,1,1,0,0,0
201329746365,6,4,8,96,14,348.56308,1,1,4,2013,8,35,25,0,0,1,1,1,1,1,2,3,0,1,3,0,0,0
201329746423,2,4,8,96,14,103.277954,2,1,6,2013,12,50,12,7,0,1,1,1,0,0,2,3,0,1,1,0,0,0
201329746442,6,4,8,96,14,348.56308,2,1,2,2013,18,35,12,1,0,1,3,1,0,0,2,3,0,1,1,0,0,0
201329746456,3,4,8,96,14,38.729233,2,1,5,2013,8,29,12,1,0,2,1,1,2,1,2,3,0,3,1,0,0,0
201329746461,5,4,8,96,14,154.91693,2,1,5,2013,23,15,33,0,0,1,3,1,1,2,2,3,1,1,4,14,0,0
201329746482,2,4,11,96,14,58.98798,1,1,6,2013,12,43,39,0,0,1,1,1,2,1,2,3,0,1,4,0,0,0
201329746489,1,4,11,96,14,6.55422,3,1,1,2013,12,15,12,6,0,1,1,10,3,5,2,3,0,1,1,0,0,0
201329746511,6,4,11,96,14,209.73505,2,1,3,2013,17,35,12,1,0,1,3,1,0,0,2,3,0,1,1,0,0,0
201329746537,4,4,11,96,14,347.37366,3,1,6,2013,18,43,12,1,0,1,3,1,0,0,2,3,0,1,1,0,0,0
201329746542,1,4,11,96,14,6.55422,1,1,3,2013,12,38,25,0,0,1,1,1,3,1,2,3,0,1,4,0,0,0
201329746565,3,4,11,96,14,19.66266,1,1,3,2013,15,45,8,0,0,2,1,1,2,1,2,3,0,2,1,0,0,0
201329746570,1,4,11,96,14,6.55422,2,1,4,2013,21,35,14,0,0,1,3,1,3,1,1,3,1,1,7,0,0,0
201329746578,1,4,11,96,14,6.55422,1,1,6,2013,0,5,1,0,0,1,3,1,3,1,2,3,0,1,4,0,0,0
201329746622,4,4,11,96,14,347.37366,2,1,4,2013,17,50,12,1,0,1,3,10,0,0,2,3,0,1,1,0,0,0
201329746630,1,4,11,96,14,6.55422,1,1,5,2013,15,30,1,0,0,1,1,10,3,3,2,3,0,1,3,0,0,0
201329746645,6,4,11,96,14,209.73505,3,1,6,2013,19,10,12,7,1,18,3,2,1,1,2,3,0,1,1,0,0,0
201329746670,5,4,11,96,14,91.75908,2,1,4,2013,8,30,12,1,0,1,1,1,1,1,2,3,0,1,1,0,0,0
201329746708,1,4,1,96,14,2.0,2,2,1,2013,2,20,12,7,0,1,3,10,3,1,2,3,0,1,1,,,
201329746749,6,4,1,96,14,210.0,2,2,1,2013,3,0,14,0,0,1,1,1,0,0,2,3,1,1,7,0,0,0
201329746789,4,4,1,96,14,350.0,2,2,2,2013,17,15,12,1,0,2,5,1,0,0,2,3,0,,1,0,0,0
201329746904,2,4,11,96,14,58.98798,2,2,2,2013,23,10,12,1,0,1,3,10,2,1,1,3,0,1,1,0,0,0
201329746919,4,4,11,96,14,347.37366,2,2,3,2013,10,15,12,7,0,1,1,10,0,0,2,3,0,1,1,0,0,0
201329746928,6,4,11,96,14,209.73505,2,2,5,2013,19,40,12,1,0,1,2,1,0,0,2,3,0,1,1,19,0,0
201329747004,4,4,11,96,14,347.37366,1,2,3,2013,11,0,73,0,0,1,1,10,0,0,2,3,0,1,1,0,0,0
201329747018,3,4,11,96,14,19.66266,1,2,5,2013,19,55,39,0,1,5,3,1,3,1,2,3,0,1,3,0,0,0
201329747041,6,4,11,96,14,209.73505,2,2,7,2013,18,20,12,1,0,1,2,1,0,0,2,3,0,1,1,0,0,0
201329747141,4,4,8,96,14,580.9385,3,2,5,2013,14,10,12,1,0,1,1,1,0,0,2,3,0,1,1,0,0,0
201329747151,2,4,8,96,14,103.277954,2,2,7,2013,10,10,12,7,0,1,1,1,1,1,2,3,0,1,1,0,0,0
201329747169,1,4,8,96,14,12.909744,1,2,3,2013,13,0,73,0,0,1,1,1,3,1,2,3,0,1,1,0,0,0
201329747180,3,4,8,96,14,38.729233,2,2,4,2013,16,50,12,6,0,1,1,1,2,1,2,3,0,1,1,0,0,0
201329747181,6,4,8,96,14,348.56308,3,2,4,2013,16,55,12,1,0,1,1,1,1,2,2,3,0,1,1,0,0,0
201329747229,4,4,8,96,14,580.9385,2,2,4,2013,13,30,12,7,0,1,1,1,0,0,2,3,0,1,1,0,0,0
201329747257,5,4,8,96,14,154.91693,2,2,2,2013,22,5,12,1,0,2,3,1,1,1,1,3,0,,1,0,0,0
201329747294,4,4,8,96,14,580.9385,3,3,7,2013,21,35,12,1,1,5,3,1,0,0,2,3,0,1,1,0,0,0
201329747324,6,4,8,96,14,348.56308,1,3,6,2013,2,30,1,0,0,1,3,2,0,0,2,3,0,1,4,0,0,0
201329747330,3,4,8,96,14,38.729233,3,3,6,2013,16,20,12,7,0,1,1,10,3,1,2,3,0,1,1,0,0,0
201329747367,4,4,8,96,14,580.9385,1,3,5,2013,12,15,25,0,0,1,1,1,0,0,2,3,0,1,3,0,0,0
201329747420,6,4,8,96,14,348.56308,3,3,6,2013,15,40,12,1,0,1,1,1,1,1,2,3,0,1,1,0,0,0
201329747421,2,4,8,96,14,103.277954,5,3,6,2013,17,20,12,1,0,1,1,1,1,4,2,3,0,1,1,0,0,0
201329747439,5,4,8,96,14,154.91693,2,3,2,2013,20,20,12,7,0,1,2,1,3,2,1,3,0,1,1,0,0,0
201329747443,4,4,8,96,14,580.9385,2,3,3,2013,11,10,12,7,0,1,1,1,0,0,2,3,0,1,1,0,0,0
201329747455,1,4,8,96,14,12.909744,2,3,5,2013,2,24,12,2,1,18,3,1,4,2,2,3,0,1,1,19,23,0
201329747487,4,4,11,96,14,347.37366,2,3,6,2013,14,35,12,1,0,1,1,1,0,0,2,3,0,1,1,0,0,0
201329747497,5,4,11,96,14,91.75908,2,3,7,2013,13,19,12,6,0,4,1,1,2,1,2,3,0,1,1,0,0,0
201329747508,1,4,11,96,14,6.55422,2,3,2,2013,15,35,12,2,0,2,1,1,3,2,2,3,0,3,1,0,0,0
201329747515,2,4,11,96,14,58.98798,2,3,3,2013,9,20,12,2,0,1,1,1,2,1,1,3,0,1,1,0,0,0
201329747536,3,4,11,96,14,19.66266,2,3,5,2013,6,45,12,7,0,1,1,10,3,1,2,3,0,1,1,0,0,0
201329747572,1,4,11,96,14,6.55422,2,3,3,2013,14,27,12,1,0,1,1,1,3,1,2,3,0,1,1,0,0,0
201329747577,6,4,11,96,14,209.73505,2,3,3,2013,21,35,12,1,1,5,3,1,0,0,2,3,0,1,1,0,0,0
201329747585,4,4,11,96,14,347.37366,2,3,4,2013,12,55,12,7,0,1,1,1,0,0,2,3,0,1,1,0,0,0
201329747646,5,4,11,96,14,91.75908,2,3,5,2013,8,30,12,1,0,1,1,1,1,1,2,3,0,1,1,0,0,0
201329747676,6,4,11,96,14,209.73505,2,3,2,2013,19,40,12,1,0,1,3,1,1,1,2,3,0,1,1,0,0,0
201329747680,4,4,11,96,14,347.37366,2,3,3,2013,13,20,12,7,0,1,1,1,0,0,2,3,0,1,1,0,0,0
201329747709,3,4,11,96,14,19.66266,1,3,7,2013,0,30,8,0,0,1,2,1,3,2,2,3,0,1,1,0,0,0
201329747730,3,4,1,96,14,20.0,1,3,7,2013,14,50,8,0,0,2,1,1,2,1,2,3,0,3,1,0,0,0
201329747883,5,4,1,96,14,90.0,2,3,3,2013,18,21,12,7,0,1,2,2,1,1,2,3,0,1,1,0,0,0
201329747956,4,4,1,96,14,350.0,2,3,7,2013,19,0,14,0,0,1,5,1,0,0,1,3,1,1,7,0,0,0
201329747971,3,4,1,96,14,20.0,1,3,5,2013,9,55,9,0,0,2,1,1,2,1,2,3,0,3,1,0,0,0
201329748055,4,4,20,96,14,348.7408,3,5,1,2013,16,40,12,1,0,2,1,10,1,1,2,3,0,2,1,0,0,0
201329748070,6,4,20,96,14,208.02084,3,5,4,2013,13,35,12,2,0,2,1,1,0,0,2,3,0,2,1,0,0,0
201329748082,3,4,20,96,14,18.35478,1,5,3,2013,9,47,8,0,0,2,1,1,2,1,2,3,0,2,1,0,0,0
201329748155,3,4,6,96,14,18.36636,1,5,6,2013,15,57,8,0,0,1,1,1,2,1,2,3,0,1,1,0,0,0
201329748180,6,4,6,96,14,208.15208,2,6,7,2013,21,21,14,0,0,2,2,1,0,0,1,3,1,2,7,0,0,0
201329748202,4,4,6,96,14,348.96085,2,7,7,2013,7,20,14,0,0,1,2,1,0,0,2,3,1,1,7,0,0,0
201329748210,3,4,6,96,14,18.36636,1,5,1,2013,17,14,9,0,0,2,1,1,2,1,2,3,0,3,1,0,0,0
201329748214,5,4,6,96,14,91.8318,2,6,5,2013,15,37,12,1,0,2,1,1,1,2,1,3,0,2,1,0,0,0
201329748263,3,4,33,96,14,19.19398,1,4,6,2013,16,47,1,0,0,1,1,1,2,1,2,2,0,1,1,0,0,0
201329748304,3,4,43,96,14,15.9509,2,6,5,2013,22,17,12,6,0,2,3,1,3,1,2,2,0,3,1,0,0,0
201329748305,3,4,43,96,14,15.9509,1,6,1,2013,13,3,9,0,0,2,1,1,2,1,2,2,0,2,1,16,0,0
201329748311,5,4,43,96,14,95.7054,1,5,4,2013,12,2,30,0,0,2,1,1,1,2,2,2,0,3,4,0,0,0
201329748319,4,4,43,96,14,350.9198,1,4,4,2013,19,58,9,0,0,2,1,1,0,0,2,2,0,2,1,0,0,0
201329748321,3,4,43,96,14,15.9509,1,4,5,2013,14,55,9,0,0,2,1,1,2,1,2,2,0,2,1,0,0,0
201329748323,1,4,43,96,14,15.9509,1,4,5,2013,17,15,30,0,0,1,1,1,3,1,2,2,0,1,4,0,0,0
201329748328,6,4,1,96,14,210.0,1,4,2,2013,17,20,33,0,0,1,1,1,0,0,1,3,0,1,4,0,0,0
201329748556,4,4,8,96,14,580.9385,2,4,2,2013,7,50,12,8,0,2,1,10,0,0,2,3,0,3,1,28,0,0
201329748563,6,4,8,96,14,348.56308,3,4,3,2013,15,40,12,1,0,1,1,1,2,1,2,3,0,1,1,0,0,0
201329748572,3,4,8,96,14,38.729233,2,4,4,2013,17,20,12,1,0,1,1,1,2,1,2,3,0,1,1,0,0,0
201329748573,5,4,8,96,14,154.91693,3,4,4,2013,18,35,12,1,0,1,1,1,2,1,2,3,0,1,1,0,0,0
201329748641,4,4,8,96,14,580.9385,2,4,2,2013,11,20,12,1,0,1,1,1,0,0,2,3,0,1,1,0,0,0
201329748664,6,4,8,96,14,348.56308,2,4,5,2013,17,40,12,1,0,1,1,1,0,0,2,3,0,1,1,0,0,0
201329748668,3,4,8,96,14,38.729233,2,4,6,2013,12,25,1,0,0,1,1,1,2,1,2,3,0,1,1,0,0,0
201329748733,4,4,11,96,14,347.37366,3,4,7,2013,18,25,12,7,0,1,1,1,0,0,2,3,0,1,1,0,0,0
201329748757,6,4,11,96,14,209.73505,2,4,3,2013,16,25,12,7,0,1,1,1,0,0,2,3,0,1,1,0,0,0
201329748759,2,4,11,96,14,58.98798,3,4,3,2013,17,20,12,7,0,1,1,1,1,2,2,3,0,1,1,0,0,0
201329748790,3,4,11,96,14,19.66266,1,4,1,2013,14,45,9,0,0,1,1,10,2,1,2,3,0,1,1,0,0,0
201329748791,5,4,11,96,14,91.75908,1,4,2,2013,0,15,24,0,0,1,3,2,1,1,2,3,0,1,4,0,0,0
201329748803,1,4,11,96,14,6.55422,1,4,4,2013,4,50,30,0,0,1,3,1,3,1,2,3,0,1,4,0,0,0
201329748826,4,4,11,96,14,347.37366,2,4,7,2013,18,25,12,1,0,1,1,1,1,1,2,3,0,1,1,0,0,0
201329748905,6,4,11,96,14,209.73505,1,4,2,2013,6,20,25,0,0,1,1,10,0,0,2,3,0,1,3,0,0,0
201329748910,4,4,11,96,14,347.37366,1,4,2,2013,21,5,59,0,1,5,3,1,0,0,2,3,0,1,4,0,0,0
201329749027,6,4,3,96,14,349.65,2,5,6,2013,13,35,12,1,0,1,1,1,0,0,2,3,0,1,1,0,0,0
201329749170,5,4,3,96,14,149.85,4,6,7,2013,1,55,14,0,0,1,3,1,1,1,2,3,3,1,7,14,0,0
201329749292,3,4,1,96,14,20.0,1,5,7,2013,14,53,8,0,0,4,1,1,3,1,2,3,0,1,1,0,0,0
201329749303,2,4,1,96,14,60.0,2,5,3,2013,0,59,12,6,0,1,2,1,0,0,1,3,0,1,1,0,0,0
201329749343,4,4,1,96,14,350.0,2,5,3,2013,7,10,12,7,1,5,1,1,0,0,2,3,0,1,1,0,0,0
201329749356,5,4,1,96,14,90.0,4,5,5,2013,17,15,12,6,0,1,1,1,1,2,2,3,0,1,1,0,0,0
201329749370,1,4,1,96,14,2.0,2,5,7,2013,8,35,12,1,0,1,1,1,3,2,1,3,0,1,1,0,0,0
201329749424,4,4,8,96,14,580.9385,2,5,7,2013,7,45,12,7,0,1,1,1,0,0,2,3,0,1,1,0,0,0
201329749427,2,4,8,96,14,103.277954,2,5,7,2013,15,35,12,7,0,2,1,1,2,1,2,3,0,,1,0,0,0
201329749446,5,4,8,96,14,154.91693,3,5,3,2013,14,10,12,1,0,1,1,1,1,5,2,3,0,1,1,0,0,0
201329749469,3,4,8,96,14,38.729233,2,5,7,2013,17,28,12,1,0,1,1,1,3,1,2,3,0,1,1,0,0,0
201329749471,6,4,8,96,14,348.56308,4,5,1,2013,11,0,12,1,0,1,1,1,1,1,2,3,0,1,1,0,0,0
201329749513,4,4,8,96,14,580.9385,2,5,1,2013,16,46,12,1,0,1,1,1,1,1,2,3,0,1,1,0,0,0
201329749559,1,4,8,96,14,12.909744,1,5,2,2013,22,31,33,0,0,1,2,1,3,2,2,3,0,1,4,0,0,0
201329749575,4,4,8,96,14,580.9385,2,5,5,2013,9,0,12,1,0,1,1,1,0,0,2,3,0,1,1,0,0,0
201329749578,6,4,8,96,14,348.56308,2,5,6,2013,12,45,12,1,0,1,1,1,1,1,2,3,0,1,1,0,0,0
201329749579,1,4,8,96,14,12.909744,3,5,6,2013,12,47,12,8,1,18,1,1,4,2,2,3,0,1,1,0,0,0
201329749596,3,4,11,96,14,19.66266,2,5,6,2013,7,40,12,9,0,1,1,1,3,1,2,3,0,1,1,0,0,0
201329749612,5,4,11,96,14,91.75908,4,5,7,2013,18,36,12,7,0,1,1,1,2,1,2,3,0,1,1,0,0,0
201329749627,2,4,11,96,14,58.98798,2,5,2,2013,13,0,12,7,0,1,1,10,0,0,2,3,0,1,1,0,0,0
201329749672,4,4,11,96,14,347.37366,2,5,1,2013,4,45,12,1,0,1,3,1,0,0,2,3,0,1,1,0,0,0
201329749698,5,4,11,96,14,91.75908,3,5,3,2013,21,1,12,1,0,1,3,1,2,3,2,3,0,1,1,19,0,0
201329749714,1,4,11,96,14,6.55422,1,5,6,2013,3,20,33,0,0,1,2,1,3,2,1,3,0,1,4,0,0,0
201329749722,6,4,11,96,14,209.73505,1,5,7,2013,3,45,25,0,0,1,2,1,0,0,1,3,0,1,3,0,0,0
201329749732,3,4,11,96,14,19.66266,1,5,1,2013,18,5,1,0,0,1,1,1,2,1,2,3,0,1,2,0,0,0
201329749760,4,4,11,96,14,347.37366,2,5,5,2013,3,55,12,7,0,1,2,1,0,0,2,3,0,1,1,0,0,0
201329749797,3,4,11,96,14,19.66266,2,5,1,2013,11,55,12,6,0,1,1,1,3,2,2,3,0,1,1,0,0,0
201329749814,2,4,11,96,14,58.98798,2,5,5,2013,13,50,12,1,0,1,1,1,0,0,2,3,0,1,1,0,0,0
201329749841,5,4,1,97,11,93.3604,1,4,2,2013,15,20,1,0,0,1,1,10,2,2,2,8,0,1,1,0,0,0
201329749854,6,4,1,97,11,213.3952,2,4,1,2013,20,45,12,6,0,2,3,1,0,0,1,8,0,2,1,0,0,0
201329749879,3,4,1,97,11,13.3372,3,4,7,2013,12,27,1,0,0,1,1,1,2,1,2,8,2,1,1,0,0,0
201329749887,5,4,1,97,11,93.3604,1,4,7,2013,19,49,42,0,0,1,2,1,2,1,1,8,0,1,4,0,0,0
201329749895,4,4,1,97,11,346.7672,2,4,7,2013,17,38,12,1,0,1,1,1,1,1,2,8,0,1,1,0,0,0
201329749900,6,4,1,97,11,213.3952,1,4,5,2013,6,45,24,0,0,1,1,1,0,0,2,8,0,1,3,0,0,0
201329749907,2,4,1,97,11,53.3488,2,4,2,2013,1,5,12,1,0,1,3,1,2,2,2,8,0,1,1,0,0,0
201329749923,3,4,1,97,11,13.3372,1,5,3,2013,16,50,1,0,1,18,1,1,2,1,2,8,0,1,1,0,0,0
201329749937,3,4,1,97,11,13.3372,2,5,2,2013,21,25,12,1,0,1,3,1,2,1,2,8,0,1,1,0,0,0
201329749941,4,4,1,97,11,346.7672,3,5,3,2013,16,50,12,1,0,1,1,1,0,0,2,8,0,1,1,0,0,0
201329749960,1,4,1,97,11,13.3372,1,5,4,2013,18,23,42,0,0,1,1,1,3,1,2,8,0,1,4,0,0,0
201329749970,1,4,1,97,11,13.3372,1,5,7,2013,3,5,24,0,1,19,2,1,3,1,1,8,0,1,4,0,0,0
201329749972,3,4,1,97,11,13.3372,2,5,1,2013,12,0,12,8,0,1,1,1,2,1,2,8,0,1,1,0,0,0
201329749973,6,4,1,97,11,213.3952,3,5,2,2013,12,50,12,1,0,1,1,1,1,1,2,8,0,1,1,0,0,0
201329749975,5,4,1,97,11,93.3604,1,5,4,2013,5,34,25,0,0,1,1,1,1,1,2,8,0,1,3,0,0,0
201329749977,1,4,1,97,11,13.3372,1,5,2,2013,1,48,30,0,0,1,3,10,3,4,1,8,0,1,4,0,0,0
201329749985,1,4,1,97,11,13.3372,2,5,5,2013,11,32,12,8,0,1,1,1,3,2,2,8,0,1,1,0,0,0
201329749986,3,4,1,97,11,13.3372,1,5,1,2013,12,15,38,0,0,2,1,1,2,1,2,8,0,,4,0,0,0
201329749991,4,4,1,97,11,346.7672,2,5,6,2013,15,50,12,1,0,1,1,1,0,0,2,8,0,1,1,0,0,0
201329750007,3,4,1,97,11,13.3372,1,6,5,2013,19,45,11,0,0,1,1,1,2,1,2,8,0,1,1,0,0,0
201329750014,6,4,1,97,11,213.3952,2,6,1,2013,11,10,12,7,0,1,1,1,1,4,2,8,0,1,1,0,0,0
201329750037,5,4,1,97,11,93.3604,2,6,1,2013,8,20,12,6,0,1,1,1,1,1,2,8,0,1,1,0,0,0
201329750041,3,4,1,97,11,13.3372,2,6,2,2013,13,0,12,6,0,1,1,1,3,1,2,8,0,1,5,3,0,0
201329750051,4,4,1,97,11,346.7672,1,6,5,2013,15,25,18,0,0,1,1,1,0,0,2,8,0,1,1,0,0,0
201329750059,3,4,1,97,11,13.3372,1,6,1,2013,16,20,1,0,0,1,1,1,3,2,2,8,0,1,4,0,0,0
201329750071,6,4,1,97,11,213.3952,2,6,1,2013,14,50,12,1,0,2,1,1,0,0,2,8,0,2,1,0,0,0
201329750074,3,4,1,97,11,13.3372,2,6,1,2013,10,28,12,7,1,18,1,1,2,1,2,8,0,1,1,0,0,0
201329750085,5,4,1,97,11,93.3604,1,6,5,2013,15,35,34,0,0,1,1,1,2,1,2,8,0,1,4,0,0,0
201329750119,3,4,2,97,11,13.3372,2,6,6,2013,17,30,12,1,0,2,1,1,3,1,2,8,0,3,1,0,0,0
201329750134,6,4,2,97,11,213.3952,2,6,4,2013,7,57,12,2,0,2,1,1,0,0,2,8,0,,1,0,0,0
201329750135,4,4,2,97,11,346.7672,1,6,3,2013,8,7,8,0,0,2,1,10,1,1,2,8,0,,1,0,0,0
201329750141,3,4,2,97,11,13.3372,2,6,6,2013,15,10,12,6,0,2,1,1,3,2,2,8,0,3,1,0,0,0
201329750146,3,4,2,97,11,13.3372,2,5,6,2013,18,14,12,6,0,2,1,1,2,1,2,8,0,,1,0,0,0
201329750147,3,4,2,97,11,13.3372,1,5,6,2013,18,13,1,0,0,2,1,1,2,1,2,8,0,,1,0,0,0
201329750150,5,4,2,97,11,93.3604,2,5,1,2013,10,15,14,0,0,1,1,1,2,1,2,8,1,1,7,0,0,0
201329750164,3,4,2,97,11,13.3372,1,5,6,2013,1,51,33,0,0,1,3,1,3,1,1,8,0,1,4,0,0,0
201329750165,3,4,2,97,11,13.3372,1,5,2,2013,9,36,8,0,0,2,1,1,3,1,2,8,0,3,1,0,0,0
201329750172,2,4,2,97,11,53.3488,2,5,4,2013,13,5,12,6,0,2,1,1,1,2,2,8,0,2,1,0,0,0
201329750173,6,4,2,97,11,213.3952,2,5,5,2013,16,30,12,6,0,4,1,1,2,1,2,8,0,1,1,0,0,0
201329750176,3,4,2,97,11,13.3372,2,5,1,2013,13,43,12,8,0,1,1,1,2,2,2,8,0,1,1,0,0,0
201329750189,4,4,2,97,11,346.7672,2,5,2,2013,14,8,12,6,0,2,1,1,0,0,2,8,0,2,1,0,0,0
201329750194,3,4,2,97,11,13.3372,2,5,6,2013,16,28,12,8,0,1,1,1,2,1,2,8,0,1,1,0,0,0
201329750199,3,4,2,97,11,13.3372,1,5,4,2013,8,19,9,0,0,2,1,1,3,1,2,8,0,3,1,0,0,0
201329750206,3,4,2,97,11,13.3372,1,4,4,2013,15,41,9,0,0,2,1,1,2,1,2,8,0,2,1,0,0,0
201329750210,5,4,5,97,11,82.15715,2,6,6,2013,13,55,24,0,0,1,1,1,2,2,2,1,0,1,4,0,0,0
201329750228,4,4,5,97,11,349.1679,2,5,4,2013,13,45,12,6,0,2,1,1,0,0,2,1,0,2,1,0,0,0
201329750232,3,4,4,97,11,13.3372,1,7,2,2013,21,4,9,0,0,1,3,1,2,1,2,3,0,1,1,0,0,0
201329750244,3,4,4,97,11,13.3372,1,5,7,2013,14,6,9,0,0,4,1,1,3,1,2,3,0,1,1,0,0,0
201329750255,1,4,4,97,11,13.3372,1,5,2,2013,1,50,33,0,0,2,3,1,3,3,2,3,0,3,4,0,0,0
201329750257,4,4,4,97,11,346.7672,2,5,6,2013,16,45,12,1,0,2,1,1,0,0,2,3,0,,1,0,0,0
201329750272,6,4,3,97,11,213.3952,1,5,1,2013,15,44,41,0,0,1,1,1,2,2,2,3,0,1,4,0,0,0
201329750288,4,4,3,97,11,346.7672,2,5,7,2013,14,30,12,1,0,2,1,1,1,1,2,3,0,,1,0,0,0
201329750299,1,4,3,97,11,13.3372,4,3,5,2013,9,33,12,6,0,2,1,1,3,6,2,3,0,2,1,0,0,0
201329750310,3,4,3,97,11,13.3372,1,6,6,2013,20,20,8,0,0,1,3,1,2,1,2,3,0,1,1,0,0,0
201329750314,3,4,3,97,11,13.3372,1,5,5,2013,18,35,9,0,0,4,1,1,2,1,2,3,0,1,1,16,0,0
201329750318,6,4,3,97,11,213.3952,3,6,7,2013,14,40,12,6,0,2,1,1,1,1,2,3,0,2,1,0,0,0
201329750329,3,4,3,97,11,13.3372,1,5,3,2013,20,36,9,0,0,6,3,1,4,1,2,3,0,1,1,0,0,0
201329750330,4,4,3,97,11,346.7672,2,6,3,2013,17,45,12,1,0,2,1,1,1,1,2,3,0,,1,0,0,0
201329750336,5,4,3,97,11,93.3604,2,6,1,2013,11,51,12,6,0,2,1,1,1,1,2,3,0,2,1,0,0,0
201329750360,1,4,18,96,14,5.05475,2,3,1,2013,21,25,12,7,0,1,1,1,4,3,1,3,0,1,1,0,0,0
201329750364,3,4,18,96,14,20.219,1,4,4,2013,8,22,8,0,0,1,1,1,2,1,2,3,0,1,1,0,0,0
201329750375,4,4,18,96,14,348.77774,2,3,4,2013,6,12,12,7,0,2,3,1,1,1,2,3,0,3,1,0,0,0
201329750389,1,4,18,96,14,5.05475,2,4,5,2013,18,53,12,6,0,2,1,1,3,3,2,3,0,2,1,0,0,0
201329750460,4,4,9,97,11,346.7672,2,4,2,2013,7,55,12,7,0,1,1,10,0,0,2,1,0,1,1,0,0,0
201329750462,5,4,9,97,11,93.3604,1,4,3,2013,17,10,39,0,0,1,1,1,1,1,2,1,0,1,4,0,0,0
201329750473,3,4,9,97,11,13.3372,1,4,5,2013,13,50,9,0,0,1,1,1,2,1,2,1,0,1,2,0,0,0
201329750484,6,4,9,97,11,213.3952,4,4,5,2013,16,55,12,1,0,2,1,1,0,0,2,1,0,2,1,0,0,0
201329750506,4,4,9,97,11,346.7672,2,4,7,2013,12,25,12,1,0,1,1,1,0,0,2,1,0,1,1,0,0,0