CASENUM,STRATUM,REGION,PJ,PSU,PSUSTRAT,WEIGHT,VE_TOTAL,MONTH,WKDY_IM,YEAR,HOUR_IM,MINUTE_IM,EVENT1_IM,MANCOL_IM,RELJCT1_IM,RELJCT2_IM,LGTCON_IM,WEATHR_IM,MAXSEV_IM,NO_INJ_IM,ALCHL_IM,LAND_USE,PVH_INVL,TYP_INT,REL_ROAD,CF1,CF2,CF3
201339512642,6,1,11,22,2,156.77637,1,2,3,2013,11,35,59,0,0,1,1,1,0,0,2,1,0,1,4,0,0,0
201339512643,6,1,11,22,2,156.77637,1,2,4,2013,7,25,42,0,0,1,1,10,0,0,2,1,0,1,4,0,0,0
201339512644,6,1,11,22,2,156.77637,1,2,4,2013,7,30,1,0,0,1,1,10,0,0,2,1,0,1,4,0,0,0
201339512645,4,1,11,22,2,313.55273,2,2,2,2013,13,45,12,6,0,2,1,10,0,0,2,1,0,2,1,0,0,0
201339512646,5,1,11,22,2,156.77637,1,2,4,2013,7,15,42,0,0,1,1,10,2,1,2,1,0,1,4,0,0,0
201339512670,2,1,10,1,2,67.7738,1,2,4,2013,3,35,24,0,0,1,2,4,0,0,2,8,0,1,3,0,0,0
201339512692,6,1,31,21,2,210.92007,1,1,4,2013,7,19,30,0,0,1,4,4,0,0,2,1,0,1,4,0,0,0
201339512696,4,1,31,21,2,342.74512,2,1,3,2013,15,10,14,0,0,4,1,1,0,0,2,1,1,1,7,0,0,0
201339512699,5,1,31,21,2,79.095024,1,2,3,2013,16,49,42,0,0,1,5,1,2,1,2,1,0,1,4,0,0,0
201339512708,6,1,9,21,2,206.70299,2,1,5,2013,14,22,12,1,0,4,1,1,0,0,2,1,0,1,1,0,0,0
201339512770,4,1,9,21,2,349.80505,2,2,5,2013,10,10,12,6,0,2,1,1,0,0,2,1,0,3,1,0,0,0
201339512784,6,1,9,21,2,206.70299,2,2,4,2013,17,22,12,1,0,5,5,3,0,0,1,1,0,1,1,0,0,0
201339512800,4,1,2,1,2,338.869,2,3,5,2013,18,6,12,9,0,4,2,3,0,0,2,2,0,1,1,0,0,0
201339512810,5,1,2,1,2,101.6607,2,3,3,2013,11,11,12,2,0,1,1,4,1,1,2,2,0,1,1,0,0,0
201339512813,6,1,2,1,2,203.3214,2,3,4,2013,16,33,12,1,0,2,1,1,0,0,2,2,0,2,1,0,0,0
201339512827,4,1,8,1,2,338.869,2,3,4,2013,18,36,12,1,0,1,1,1,1,1,2,1,0,1,1,0,0,0
201339512848,6,1,4,22,2,215.26096,1,1,4,2013,8,19,42,0,0,1,1,10,0,0,2,1,0,1,4,0,0,0
201339512853,5,1,4,22,2,107.63048,1,1,7,2013,22,19,30,0,0,1,2,1,2,1,2,1,0,1,4,0,0,0
201339512856,6,1,4,22,2,215.26096,2,1,6,2013,13,35,12,8,0,1,1,1,0,0,2,1,0,1,1,0,0,0
201339512861,6,1,4,22,2,215.26096,1,1,3,2013,9,35,35,0,0,1,1,10,0,0,2,1,0,1,4,0,0,0
201339512866,5,1,4,22,2,107.63048,1,2,3,2013,22,37,53,0,0,1,2,4,2,1,2,1,0,1,4,0,0,0
201339512867,6,1,4,22,2,215.26096,1,2,4,2013,5,57,42,0,0,1,4,1,0,0,2,1,0,1,4,0,0,0
201339512871,6,1,4,22,2,215.26096,1,2,6,2013,15,40,42,0,0,1,1,4,0,0,2,1,0,1,4,0,0,0
201339512877,6,1,4,22,2,215.26096,2,2,6,2013,12,27,12,1,0,1,1,1,0,0,2,1,0,1,1,0,0,0
201339512878,4,1,4,22,2,376.70667,1,2,7,2013,5,11,34,0,0,1,4,4,0,0,2,1,0,1,4,0,0,0
201339512879,2,1,4,22,2,53.81524,2,2,7,2013,9,17,45,0,0,2,1,4,1,1,2,1,1,4,1,0,0,0
201339512880,5,1,4,22,2,107.63048,1,2,5,2013,5,25,1,0,0,1,2,8,2,1,2,1,0,1,4,0,0,0
201339512887,6,1,4,22,2,215.26096,1,2,4,2013,3,32,42,0,0,1,2,4,0,0,2,1,0,1,4,0,0,0
201339512893,5,1,4,22,2,107.63048,1,3,1,2013,20,22,42,0,0,2,2,10,2,1,2,1,0,3,4,0,0,0
201339512896,4,1,4,22,2,376.70667,2,3,1,2013,13,50,12,6,0,2,1,1,0,0,2,1,0,2,1,0,0,0
201339512897,6,1,4,22,2,215.26096,1,3,6,2013,8,26,43,0,0,1,4,1,0,0,2,1,0,1,4,0,0,0
201339512909,1,1,1,22,2,29.3172,1,1,5,2013,22,20,42,0,0,1,3,1,3,1,2,2,0,1,4,0,0,0
201339512914,2,1,1,22,2,58.6344,2,1,2,2013,15,58,12,2,0,2,1,4,0,0,2,2,0,3,1,0,0,0
201339512917,6,1,1,22,2,205.2204,2,1,7,2013,15,51,14,0,0,1,1,1,0,0,2,2,1,1,6,0,0,0
201339512929,4,1,1,22,2,351.8064,2,1,3,2013,21,12,12,6,0,2,1,10,0,0,2,2,0,3,1,0,0,0
201339512935,6,1,1,22,2,205.2204,2,1,6,2013,7,23,12,1,0,1,1,10,0,0,2,2,0,1,1,0,0,0
201339512947,1,1,1,22,2,29.3172,2,2,1,2013,13,10,12,6,0,2,1,1,3,3,2,2,0,3,1,0,0,0
201339512948,6,1,1,22,2,205.2204,2,2,1,2013,13,24,12,6,0,4,1,1,0,0,2,2,0,1,1,0,0,0
201339512956,5,1,1,22,2,87.9516,1,2,6,2013,19,4,48,0,0,2,2,1,2,2,2,2,0,4,4,0,0,0
201339512958,4,1,1,22,2,351.8064,2,2,7,2013,10,22,12,6,0,2,1,10,0,0,2,2,0,3,1,0,0,0
201339512975,4,1,1,22,2,351.8064,2,2,4,2013,18,26,12,7,0,2,3,10,0,0,2,2,0,2,1,0,0,0
201339512976,6,1,1,22,2,205.2204,2,2,4,2013,22,29,12,6,0,2,1,10,0,0,2,2,0,2,1,0,0,0
201339512983,3,1,1,22,2,29.3172,1,3,5,2013,18,26,8,0,0,2,3,4,2,2,2,2,0,3,1,0,0,0
201339512990,6,1,1,22,2,205.2204,2,3,3,2013,16,9,12,6,0,2,1,10,0,0,2,2,0,3,1,0,0,0
201339512993,1,1,1,22,2,29.3172,2,3,3,2013,21,57,12,2,0,1,3,4,3,3,2,2,0,1,1,0,0,0
201339513002,4,1,1,22,2,351.8064,2,3,6,2013,16,22,12,7,0,1,1,1,0,0,1,2,0,1,1,0,0,0
201339513003,3,1,1,22,2,29.3172,2,3,6,2013,22,25,12,2,0,2,5,1,2,1,2,2,0,3,1,0,0,0
201339513031,6,1,1,1,2,203.3214,2,3,6,2013,10,3,12,1,0,2,1,4,0,0,2,2,0,,1,0,0,0
201339513036,1,1,1,1,2,33.8869,1,3,1,2013,10,22,59,0,0,1,1,1,3,1,2,2,0,1,4,0,0,0
201339513040,4,1,1,1,2,338.869,2,3,3,2013,10,57,12,7,0,1,1,2,0,0,2,2,0,1,1,0,0,0
201339513053,6,1,1,1,2,203.3214,2,4,4,2013,8,48,12,2,0,4,1,1,0,0,2,2,0,1,1,0,0,0
201339513054,3,1,1,1,2,33.8869,1,3,1,2013,20,4,34,0,0,2,3,2,2,1,2,2,0,,4,0,0,0
201339513055,4,1,1,1,2,338.869,2,3,6,2013,11,47,12,1,0,2,1,1,0,0,2,2,0,,1,0,0,0
201339513067,5,1,4,1,2,101.6607,1,3,6,2013,0,56,30,0,0,1,3,4,1,1,2,1,0,1,4,0,0,0
201339513070,6,1,4,1,2,203.3214,2,3,6,2013,7,53,12,6,0,1,1,3,0,0,2,1,0,1,1,0,0,0
201339513072,2,1,4,1,2,67.7738,2,3,6,2013,8,22,12,9,0,1,1,3,0,0,2,1,0,1,1,0,0,0
201339513081,4,1,4,1,2,338.869,2,3,7,2013,15,55,12,2,0,2,1,1,0,0,2,1,0,3,1,0,0,0
201339513093,3,1,4,1,2,33.8869,1,3,2,2013,10,51,8,0,0,2,1,1,3,1,2,1,0,3,1,0,0,0
201339513096,4,1,4,1,2,338.869,2,3,3,2013,11,48,12,1,0,2,1,4,0,0,2,1,0,,1,0,0,0
201339513098,6,1,4,1,2,203.3214,1,3,3,2013,14,1,30,0,0,1,1,3,0,0,2,1,0,1,4,0,0,0
201339513105,1,1,4,1,2,33.8869,2,3,1,2013,17,32,12,6,0,2,1,10,3,1,2,1,0,2,1,0,0,0
201339513110,4,1,4,1,2,338.869,2,3,5,2013,10,23,12,1,0,2,1,10,0,0,2,1,0,,1,0,0,0
201339513119,6,1,4,1,2,203.3214,2,4,2,2013,19,57,12,2,0,2,3,1,1,1,2,1,0,2,1,0,0,0
201339513126,6,1,11,22,2,156.77637,2,3,2,2013,15,45,12,1,0,2,1,1,0,0,2,1,0,3,1,0,0,0
201339513128,4,1,11,22,2,313.55273,1,3,7,2013,22,50,48,0,0,2,1,1,0,0,1,1,0,4,4,0,0,0
201339513130,4,1,11,22,2,313.55273,2,3,6,2013,7,55,12,1,0,1,1,10,0,0,2,1,0,1,1,28,0,0
201339513131,6,1,11,22,2,156.77637,1,3,3,2013,8,0,30,0,0,1,1,2,0,0,2,1,0,1,4,0,0,0
201339513171,6,1,2,1,2,203.3214,2,3,6,2013,7,19,14,0,0,1,1,1,0,0,2,2,1,1,7,0,0,0
201339513172,4,1,2,1,2,338.869,2,3,1,2013,18,34,14,0,0,1,1,1,0,0,2,2,1,1,7,0,0,0
201339513178,5,1,2,1,2,101.6607,2,4,4,2013,14,4,12,1,0,4,1,1,1,1,2,2,0,1,1,0,0,0
201339513186,6,1,2,1,2,203.3214,2,4,3,2013,16,53,12,1,0,1,1,1,0,0,2,2,0,1,1,0,0,0
201339513192,4,1,2,1,2,338.869,2,4,7,2013,13,28,12,7,0,1,1,1,0,0,2,2,0,1,1,0,0,0
201339513203,4,1,2,1,2,338.869,1,4,1,2013,21,49,34,0,0,1,3,1,0,0,1,2,0,1,4,0,0,0
201339513206,2,1,2,1,2,67.7738,2,4,7,2013,14,5,12,7,0,2,1,1,0,0,2,2,0,,1,0,0,0
201339513211,6,1,2,1,2,203.3214,2,4,3,2013,7,43,12,6,0,2,1,10,0,0,2,2,0,,1,0,0,0
201339513218,4,1,2,1,2,338.869,2,5,4,2013,14,40,12,1,0,2,1,2,0,0,2,2,0,,1,0,0,0
201339513230,6,1,8,1,2,203.3214,2,4,3,2013,7,5,12,1,0,1,1,4,0,0,2,1,0,1,1,19,0,0
201339513238,4,1,8,1,2,338.869,2,4,6,2013,21,40,12,1,0,2,2,1,0,0,2,1,0,,1,0,0,0
201339513239,5,1,8,1,2,101.6607,2,4,3,2013,18,16,12,6,0,2,1,1,1,1,2,1,0,,1,0,0,0
201339513250,3,1,1,1,2,33.8869,2,4,6,2013,13,20,12,1,0,1,1,1,2,1,2,2,0,1,1,0,0,0
201339513251,4,1,1,1,2,338.869,2,4,6,2013,17,24,12,7,0,4,1,1,0,0,2,2,0,1,1,0,0,0
201339513258,5,1,1,1,2,101.6607,2,4,3,2013,18,58,12,6,0,2,1,10,1,2,2,2,0,,1,0,0,0
201339513260,6,1,1,1,2,203.3214,1,4,4,2013,20,11,31,0,0,1,3,2,0,0,2,2,0,1,4,0,0,0
201339513267,4,1,1,1,2,338.869,2,4,5,2013,10,59,12,1,0,2,1,1,0,0,2,2,0,,1,0,0,0
201339513269,1,1,1,1,2,33.8869,2,4,6,2013,19,6,26,0,0,1,1,10,3,2,1,2,0,1,4,0,0,0
201339513277,1,1,1,1,2,33.8869,2,4,1,2013,3,38,12,7,0,1,3,1,3,3,1,2,0,1,1,0,0,0
201339513281,6,1,1,1,2,203.3214,1,4,2,2013,14,27,33,0,0,1,1,10,0,0,2,2,0,1,4,0,0,0
201339513283,4,1,1,1,2,338.869,2,4,3,2013,10,8,12,1,0,2,1,1,0,0,2,2,0,6,1,0,0,0
201339513289,3,1,1,1,2,33.8869,1,5,4,2013,21,26,8,0,0,2,3,1,3,1,2,2,0,3,1,0,0,0
201339513311,6,1,4,1,2,203.3214,1,4,3,2013,17,58,17,0,0,1,1,1,0,0,2,1,0,1,4,0,0,0
201339513315,4,1,4,1,2,338.869,2,4,5,2013,17,9,14,0,0,4,1,10,0,0,2,1,1,1,7,0,0,0
201339513323,3,1,4,1,2,33.8869,1,4,4,2013,12,6,9,0,0,2,1,1,2,1,2,1,0,3,1,0,0,0
201339513327,4,1,4,1,2,338.869,2,4,5,2013,13,41,12,1,0,2,1,1,0,0,2,1,0,3,1,0,0,0
201339513329,5,1,4,1,2,101.6607,2,4,6,2013,7,34,12,6,0,2,1,10,1,1,2,1,0,2,1,0,0,0
201339513335,3,1,4,1,2,33.8869,1,4,4,2013,17,12,9,0,0,2,1,10,2,1,2,1,0,3,1,0,0,0
201339513339,6,1,4,1,2,203.3214,1,4,6,2013,13,21,24,0,0,1,1,10,0,0,2,1,0,1,4,0,0,0
201339513340,5,1,4,1,2,101.6607,2,4,6,2013,15,41,12,1,0,2,1,1,1,1,2,1,0,2,1,0,0,0
201339513377,6,1,31,21,2,210.92007,2,4,2,2013,7,39,12,2,0,2,1,1,0,0,2,1,0,2,1,0,0,0
201339513424,5,1,9,21,2,87.45126,1,3,4,2013,21,8,42,0,0,1,6,1,2,1,2,1,0,1,4,0,0,0
201339513434,4,1,9,21,2,349.80505,2,4,6,2013,17,17,12,1,0,2,1,10,0,0,2,1,0,2,1,0,0,0
201339513455,4,1,11,22,2,313.55273,1,3,5,2013,19,40,11,0,0,1,2,1,0,0,2,1,0,1,1,0,0,0
201339513456,5,1,11,22,2,156.77637,2,4,5,2013,15,30,12,1,0,2,1,10,2,3,2,1,0,3,1,0,0,0
201339513457,5,1,11,22,2,156.77637,1,4,1,2013,14,27,23,0,0,1,1,1,1,2,1,1,0,1,4,0,0,0
201339513459,5,1,11,22,2,156.77637,2,4,3,2013,17,55,12,1,0,4,1,1,0,0,2,1,0,1,1,0,0,0
201339513467,3,1,5,21,2,20.8863,1,2,6,2013,9,0,59,0,0,2,1,1,1,1,2,3,0,2,4,15,0,0
201339513517,6,1,5,21,2,208.863,5,2,5,2013,8,20,12,1,0,1,1,1,0,0,1,3,0,1,1,0,0,0
201339513556,4,1,5,21,2,350.4257,2,2,7,2013,16,0,12,7,0,1,3,2,0,0,2,3,0,1,1,0,0,0
201339513630,3,1,5,21,2,20.8863,1,3,4,2013,7,35,8,0,0,2,1,10,1,1,2,3,0,7,1,0,0,0
201339513766,4,1,5,21,2,350.4257,2,4,5,2013,11,0,14,0,0,2,1,1,0,0,2,3,1,3,7,0,0,0
201339513770,3,1,5,21,2,20.8863,1,4,6,2013,17,58,9,0,0,2,1,1,2,1,2,3,0,,1,16,0,0
201339513882,3,1,5,21,2,20.8863,1,5,4,2013,11,55,8,0,0,2,1,10,2,1,2,3,0,3,1,0,0,0
201339513927,4,1,12,1,2,338.869,2,3,2,2013,19,49,12,7,0,5,2,10,0,0,2,8,0,1,1,0,0,0
201339513931,6,1,12,1,2,203.3214,1,3,3,2013,9,5,24,0,0,1,1,4,0,0,2,8,0,1,4,0,0,0
201339513940,2,1,12,1,2,67.7738,2,5,1,2013,20,19,12,1,0,1,3,1,0,0,2,8,0,1,1,25,0,0
201339513945,4,1,10,1,2,338.869,2,5,4,2013,15,2,12,1,0,1,1,2,0,0,2,8,0,1,1,19,0,0
201339513969,6,1,11,22,2,156.77637,1,5,7,2013,22,30,3,0,0,1,6,10,0,0,1,1,0,1,4,0,0,0
201339513970,5,1,11,22,2,156.77637,2,5,4,2013,17,30,12,2,0,4,1,10,2,2,2,1,0,1,1,0,0,0
201339513992,5,1,2,1,2,101.6607,2,5,2,2013,15,9,12,1,0,2,1,10,1,1,1,2,0,2,1,0,0,0
201339513999,6,1,2,1,2,203.3214,1,5,5,2013,20,22,33,0,0,2,3,1,0,0,2,2,0,3,4,0,0,0
201339514000,4,1,2,1,2,338.869,2,5,6,2013,15,24,12,1,0,1,1,2,1,3,2,2,0,1,1,0,0,0
201339514002,3,1,2,1,2,33.8869,1,5,2,2013,12,15,9,0,0,2,1,1,2,1,2,2,0,3,1,0,0,0
201339514051,3,1,1,1,2,33.8869,2,5,6,2013,17,43,12,1,0,1,1,1,3,2,2,2,0,1,1,0,0,0
201339514054,4,1,1,1,2,338.869,2,5,1,2013,7,29,12,1,0,2,1,1,0,0,2,2,0,,1,0,0,0
201339514059,6,1,1,1,2,203.3214,2,5,1,2013,12,30,12,2,0,1,1,2,0,0,2,2,0,1,1,0,0,0
201339514067,4,1,1,1,2,338.869,3,5,7,2013,12,22,14,0,0,4,1,2,0,0,2,2,2,1,5,14,0,0
201339514072,1,1,1,1,2,33.8869,2,5,3,2013,14,51,12,6,0,2,1,10,3,1,2,2,0,,1,0,0,0
201339514091,4,1,4,1,2,338.869,2,5,5,2013,14,58,12,1,0,2,1,10,1,1,2,1,0,3,1,0,0,0
201339514097,5,1,4,1,2,101.6607,2,5,7,2013,11,6,12,1,0,1,1,10,1,2,2,1,0,1,1,0,0,0
201339514105,6,1,4,1,2,203.3214,2,5,4,2013,9,15,12,6,0,2,1,10,0,0,2,1,0,3,1,0,0,0
201339514106,4,1,4,1,2,338.869,2,5,5,2013,12,15,12,6,0,2,1,1,0,0,2,1,0,2,1,0,0,0
201339514122,4,1,4,1,2,338.869,2,5,4,2013,14,37,12,6,0,2,1,10,0,0,2,1,0,2,1,0,0,0
201339514129,6,1,4,1,2,203.3214,2,6,2,2013,7,32,12,1,0,2,1,1,0,0,2,1,0,,1,0,0,0
201339514131,2,1,4,1,2,67.7738,2,6,4,2013,8,28,12,1,0,2,1,10,1,1,2,1,0,,1,0,0,0
201339514147,5,1,13,1,2,101.6607,2,4,7,2013,23,0,12,1,0,2,3,1,3,1,2,8,0,,1,0,0,0
201339514149,4,1,11,22,2,313.55273,1,6,3,2013,17,0,59,0,0,2,1,2,0,0,2,1,0,3,4,0,0,0
201339514151,4,1,11,22,2,313.55273,1,6,3,2013,7,45,11,0,0,1,1,1,0,0,2,1,0,1,1,0,0,0
201339514157,6,1,7,1,2,203.3214,1,1,7,2013,17,50,34,0,0,1,2,1,0,0,2,1,0,1,4,0,0,0
201339514158,4,1,7,1,2,338.869,2,1,5,2013,11,31,12,1,0,1,1,1,0,0,2,1,0,1,1,0,0,0
201339514171,6,1,7,1,2,203.3214,1,1,7,2013,6,55,24,0,0,1,4,10,0,0,2,1,0,1,3,0,0,0
201339514181,4,1,7,1,2,338.869,1,2,1,2013,16,17,11,0,0,1,1,10,0,0,2,1,0,1,1,0,0,0
201339514182,2,1,7,1,2,67.7738,2,2,2,2013,11,45,12,1,0,2,1,4,0,0,2,1,0,,1,0,0,0
201339514189,6,1,7,1,2,203.3214,2,6,7,2013,21,30,12,6,0,5,2,1,0,0,1,1,0,1,1,0,0,0
201339514193,5,1,7,1,2,101.6607,1,6,5,2013,11,5,42,0,0,1,1,1,1,1,2,1,0,1,4,0,0,0
201339514199,1,1,7,1,2,33.8869,6,2,4,2013,15,49,12,7,0,1,1,1,3,2,2,1,0,1,1,0,0,0
201339514205,6,1,7,1,2,203.3214,1,2,4,2013,7,30,24,0,0,1,1,3,0,0,2,1,0,1,4,0,0,0
201339514209,4,1,7,1,2,338.869,1,3,6,2013,7,9,53,0,0,1,1,4,0,0,2,1,0,1,4,0,0,0
201339514216,1,1,7,1,2,33.8869,1,3,7,2013,15,5,35,0,0,1,1,10,3,5,2,1,0,1,4,0,0,0
201339514217,6,1,7,1,2,203.3214,1,3,7,2013,4,49,24,0,0,1,2,10,0,0,2,1,0,1,3,0,0,0
201339514228,4,1,7,1,2,338.869,1,5,3,2013,20,59,11,0,0,1,3,1,0,0,2,1,0,1,1,0,0,0
201339514231,1,1,7,1,2,33.8869,1,6,1,2013,18,10,42,0,0,1,1,1,3,2,2,1,0,1,4,0,0,0
201339514233,6,1,7,1,2,203.3214,1,2,6,2013,13,24,24,0,0,1,1,10,0,0,2,1,0,1,4,0,0,0
201339514242,5,1,7,1,2,101.6607,2,5,5,2013,7,47,12,1,0,1,1,10,1,2,2,1,0,1,1,0,0,0
201339514248,4,1,7,1,2,338.869,2,3,3,2013,16,38,12,6,0,2,1,10,0,0,2,1,0,3,1,0,0,0
201339514250,2,1,7,1,2,67.7738,1,3,3,2013,19,55,51,0,0,1,2,4,0,0,2,1,0,1,4,0,0,0
201339514251,6,1,7,1,2,203.3214,2,4,4,2013,8,15,12,8,0,1,1,10,0,0,2,1,0,1,1,0,0,0
201339514256,3,1,7,1,2,33.8869,1,4,1,2013,2,30,1,0,0,1,2,1,3,1,2,1,0,1,4,0,0,0
201339514264,6,1,7,1,2,203.3214,1,3,7,2013,7,54,32,0,0,1,1,4,0,0,2,1,0,1,4,0,0,0
201339514273,2,1,7,1,2,67.7738,1,5,4,2013,14,6,24,0,0,1,1,2,0,0,2,1,0,1,4,0,0,0
201339514275,4,1,7,1,2,338.869,1,5,3,2013,6,39,11,0,0,1,1,1,0,0,2,1,0,1,1,0,0,0
201339514279,5,1,7,1,2,101.6607,1,2,1,2013,7,5,35,0,0,1,1,3,1,1,2,1,0,1,4,0,0,0
201339514281,6,1,7,1,2,203.3214,1,3,2,2013,21,27,35,0,0,1,2,4,0,0,2,1,0,1,4,0,0,0
201339514290,1,1,7,1,2,33.8869,1,3,6,2013,11,28,34,0,0,1,1,10,3,1,2,1,0,1,4,0,0,0
201339514293,6,1,7,1,2,203.3214,1,3,3,2013,10,52,42,0,0,1,1,4,0,0,2,1,0,1,4,0,0,0
201339514298,4,1,7,1,2,338.869,2,4,3,2013,11,57,12,1,0,2,1,10,1,2,2,1,0,3,1,0,0,0
201339514374,6,1,3,23,2,209.5338,1,1,2,2013,15,45,33,0,0,1,1,4,0,0,2,8,0,1,4,0,0,0
201339514384,1,1,3,23,2,2.1381,1,1,7,2013,5,46,30,0,0,1,3,2,3,3,2,8,0,1,4,0,0,0
201339514448,5,1,3,23,2,89.8002,1,1,5,2013,16,11,24,0,0,1,1,1,1,4,2,8,0,1,4,0,0,0
201339514513,1,1,3,23,2,2.1381,1,2,2,2013,4,17,30,0,0,1,3,1,4,4,1,8,0,1,4,0,0,0
201339514514,1,1,3,23,2,2.1381,2,5,3,2013,3,7,12,1,0,1,3,1,3,2,1,8,0,1,1,0,0,0
201339514566,1,1,3,23,2,2.1381,1,5,6,2013,4,55,42,0,0,1,4,10,3,1,2,8,0,1,4,0,0,0
201339514614,6,1,3,23,2,209.5338,2,2,1,2013,12,56,12,1,0,1,1,1,0,0,2,8,0,1,1,0,0,0
201339514625,1,1,3,23,2,2.1381,1,2,7,2013,18,47,42,0,0,1,1,2,3,2,2,8,0,1,4,0,0,0
201339514632,4,1,3,23,2,350.6484,3,2,6,2013,19,28,12,1,0,5,3,1,0,0,2,8,0,1,1,0,0,0
201339514702,3,1,3,23,2,19.2429,1,4,2,2013,20,15,33,0,0,1,3,1,2,1,2,8,0,1,4,0,0,0
201339514790,5,1,3,23,2,89.8002,2,5,7,2013,13,47,12,1,0,1,1,2,1,3,2,8,0,1,1,0,0,0
201339514830,5,1,4,22,2,107.63048,1,4,5,2013,13,51,17,0,0,1,1,1,1,2,2,1,0,1,4,0,0,0
201339514833,6,1,4,22,2,215.26096,1,4,6,2013,10,52,30,0,0,1,1,10,0,0,2,1,0,1,4,0,0,0
201339514834,5,1,4,22,2,107.63048,1,4,1,2013,10,51,30,0,0,1,1,1,2,1,2,1,0,1,4,0,0,0
201339514840,5,1,4,22,2,107.63048,2,4,3,2013,17,16,12,2,0,2,1,1,1,2,2,1,0,3,1,0,0,0
201339514842,5,1,4,22,2,107.63048,1,5,7,2013,1,15,42,0,0,1,2,1,1,1,2,1,0,1,4,0,0,0
201339514846,4,1,4,22,2,376.70667,2,5,7,2013,13,57,12,2,0,4,1,10,0,0,2,1,0,1,1,0,0,0
201339514848,6,1,4,22,2,215.26096,2,5,3,2013,19,27,12,2,0,2,1,10,0,0,2,1,0,2,1,0,0,0
201339514850,5,1,4,22,2,107.63048,1,5,2,2013,14,26,34,0,0,1,1,1,2,2,2,1,0,1,4,0,0,0
201339514854,5,1,4,22,2,107.63048,2,5,2,2013,14,32,12,8,0,1,1,1,1,1,2,1,0,1,1,0,0,0
201339514858,4,1,4,22,2,376.70667,1,6,7,2013,17,35,44,0,0,1,1,1,0,0,2,1,0,1,4,0,0,0
201339514863,6,1,4,22,2,215.26096,2,6,2,2013,7,25,12,6,0,2,1,1,0,0,2,1,0,3,1,0,0,0
201339514868,5,1,4,22,2,107.63048,1,5,3,2013,16,30,42,0,0,1,1,1,2,1,2,1,0,1,4,0,0,0
201339514873,5,1,4,22,2,107.63048,1,7,2,2013,23,12,24,0,0,1,3,1,2,1,2,1,0,1,4,0,0,0
201339514887,6,1,1,22,2,205.2204,2,4,4,2013,11,9,12,6,0,2,1,1,0,0,2,2,0,3,1,0,0,0
201339514895,5,1,1,22,2,87.9516,2,4,2,2013,22,16,12,1,0,2,6,1,1,1,2,2,0,2,1,0,0,0
201339514904,4,1,1,22,2,351.8064,2,4,3,2013,18,36,12,6,0,2,1,1,0,0,2,2,0,2,1,0,0,0
201339514912,6,1,1,22,2,205.2204,1,4,1,2013,17,43,30,0,0,2,1,1,0,0,2,2,0,3,4,0,0,0
201339514914,5,1,1,22,2,87.9516,2,4,4,2013,8,17,12,6,0,2,1,1,2,1,2,2,0,2,1,0,0,0
201339514925,4,1,1,22,2,351.8064,2,5,5,2013,7,54,12,6,0,4,1,1,0,0,2,2,0,1,1,0,0,0
201339514934,6,1,1,22,2,205.2204,3,5,4,2013,12,35,12,7,0,1,1,10,0,0,2,2,1,1,1,0,0,0
201339514942,3,1,1,22,2,29.3172,2,5,5,2013,17,28,12,1,0,4,1,1,2,1,2,2,0,1,1,0,0,0
201339514944,4,1,1,22,2,351.8064,2,5,2,2013,13,52,12,1,0,2,1,1,0,0,2,2,0,7,1,0,0,0
201339514947,5,1,1,22,2,87.9516,2,5,5,2013,16,3,12,2,0,4,1,2,2,1,2,2,0,1,1,0,0,0
201339514962,3,1,1,22,2,29.3172,1,6,1,2013,11,4,9,0,0,4,1,1,2,1,2,2,0,1,1,0,0,0
201339514963,2,1,1,22,2,58.6344,1,6,2,2013,17,25,50,0,0,1,1,1,0,0,2,2,0,1,1,0,0,0
201339514964,5,1,1,22,2,87.9516,2,6,4,2013,15,40,12,2,0,1,1,1,2,1,2,2,0,1,1,0,0,0
201339514968,6,1,1,22,2,205.2204,3,6,6,2013,17,13,12,1,0,2,1,2,1,1,2,2,0,2,1,0,0,0
201339514970,4,1,1,22,2,351.8064,2,6,2,2013,10,42,12,6,0,4,1,10,0,0,2,2,0,1,1,0,0,0
201339514975,5,1,1,22,2,87.9516,3,6,2,2013,13,2,12,1,0,1,1,1,2,1,2,2,0,1,1,0,0,0
201339514986,5,1,1,22,2,87.9516,2,6,1,2013,19,12,12,6,0,2,1,1,2,1,1,2,0,2,1,0,0,0
201339514987,6,1,1,22,2,205.2204,2,6,3,2013,13,47,12,6,0,4,1,1,0,0,2,2,0,1,1,0,0,0
201339514999,4,1,1,22,2,351.8064,2,7,2,2013,17,28,12,7,0,1,1,2,0,0,2,2,0,1,1,0,0,0
201339515003,3,1,1,22,2,29.3172,1,7,4,2013,20,10,9,0,0,2,5,10,2,1,2,2,0,3,1,0,0,0
201339515006,4,1,4,22,2,376.70667,1,7,7,2013,21,9,11,0,0,1,2,1,0,0,2,1,0,1,1,0,0,0
201339515007,6,1,4,22,2,215.26096,2,7,3,2013,7,24,12,1,0,1,1,1,0,0,2,1,0,1,1,0,0,0
201339515096,1,1,3,23,2,2.1381,1,5,3,2013,1,4,17,0,0,1,2,1,3,1,1,8,0,1,4,0,0,0
201339515123,6,1,3,23,2,209.5338,1,2,4,2013,12,42,24,0,0,5,1,1,0,0,2,8,0,1,4,0,0,0
201339515131,1,1,3,23,2,2.1381,1,2,6,2013,13,48,24,0,0,1,1,1,0,0,2,8,0,1,3,0,0,0