CASENUM,STRATUM,REGION,PJ,PSU,PSUSTRAT,WEIGHT,VE_TOTAL,MONTH,WKDY_IM,YEAR,HOUR_IM,MINUTE_IM,EVENT1_IM,MANCOL_IM,RELJCT1_IM,RELJCT2_IM,LGTCON_IM,WEATHR_IM,MAXSEV_IM,NO_INJ_IM,ALCHL_IM,LAND_USE,PVH_INVL,TYP_INT,REL_ROAD,CF1,CF2,CF3
201339517209,4,1,2,1,2,338.869,2,12,4,2013,19,0,12,1,0,2,3,1,0,0,2,2,0,6,1,0,0,0
201339517210,5,1,2,1,2,101.6607,2,12,6,2013,7,46,12,6,0,2,4,10,1,2,2,2,0,,1,0,0,0
201339517216,1,1,2,1,2,33.8869,1,12,2,2013,17,26,42,0,0,1,3,10,3,1,1,2,0,1,4,0,0,0
201339517234,4,1,8,1,2,338.869,2,12,5,2013,9,38,12,1,0,2,1,10,0,0,2,1,0,,1,0,0,0
201339517246,6,1,1,1,2,203.3214,1,11,6,2013,4,25,1,0,0,1,3,1,0,0,2,2,0,1,4,0,0,0
201339517250,4,1,1,1,2,338.869,2,11,6,2013,14,33,12,9,0,4,1,10,0,0,2,2,0,1,1,0,0,0
201339517262,4,1,1,1,2,338.869,2,11,1,2013,11,40,12,6,0,2,1,1,0,0,2,2,0,,1,0,0,0
201339517274,4,1,1,1,2,338.869,2,11,6,2013,16,52,12,1,0,2,3,1,0,0,2,2,0,,1,0,0,0
201339517282,6,1,1,1,2,203.3214,2,12,2,2013,17,10,12,2,0,2,3,1,0,0,2,2,0,,1,0,0,0
201339517288,2,1,1,1,2,67.7738,1,12,6,2013,16,50,32,0,0,1,1,10,0,0,2,2,0,1,4,0,0,0
201339517290,4,1,1,1,2,338.869,2,12,6,2013,15,50,12,1,0,1,1,10,0,0,2,2,0,1,1,0,0,0
201339517312,4,1,4,1,2,338.869,1,11,7,2013,19,25,24,0,0,2,3,10,0,0,2,1,0,3,4,0,0,0
201339517322,5,1,4,1,2,101.6607,2,12,2,2013,10,51,12,6,0,2,1,10,2,3,2,1,0,2,1,0,0,0
201339517326,6,1,4,1,2,203.3214,1,12,5,2013,9,6,33,0,0,1,1,10,0,0,2,1,0,1,4,0,0,0
201339517327,4,1,4,1,2,338.869,1,12,5,2013,16,55,11,0,0,1,3,2,0,0,2,1,0,1,1,0,0,0
201339517356,6,1,10,1,2,203.3214,1,12,2,2013,8,19,24,0,0,1,1,10,2,1,2,8,0,1,4,0,0,0
201339517357,1,1,10,1,2,33.8869,1,11,1,2013,22,35,11,0,0,1,2,1,3,1,2,8,0,1,1,0,0,0
201339517387,4,1,4,22,2,376.70667,2,10,3,2013,8,51,12,1,0,4,1,1,0,0,2,1,0,1,1,0,0,0
201339517391,6,1,4,22,2,215.26096,1,11,7,2013,2,48,34,0,0,1,2,5,0,0,2,1,0,1,4,0,0,0
201339517400,6,1,4,22,2,215.26096,2,11,5,2013,7,23,12,1,0,2,1,1,2,1,2,1,0,2,1,0,0,0
201339517405,4,1,4,22,2,376.70667,2,11,1,2013,10,20,12,6,0,4,1,1,0,0,2,1,0,1,1,0,0,0
201339517410,6,1,4,22,2,215.26096,1,11,5,2013,21,35,30,0,0,1,2,1,1,1,2,1,0,1,4,0,0,0
201339517416,4,1,4,22,2,376.70667,1,12,2,2013,14,25,35,0,0,1,1,2,0,0,2,1,0,1,4,0,0,0
201339517420,6,1,4,22,2,215.26096,2,12,6,2013,7,42,12,1,0,4,1,1,0,0,2,1,0,1,1,0,0,0
201339517432,6,1,1,22,2,205.2204,2,11,2,2013,17,7,12,6,0,2,3,1,0,0,2,2,0,3,1,0,0,0
201339517435,1,1,1,22,2,29.3172,1,11,4,2013,3,52,33,0,0,2,3,1,3,1,2,2,0,3,4,0,0,0
201339517438,4,1,1,22,2,351.8064,2,11,5,2013,17,36,12,6,0,4,1,1,0,0,2,2,0,1,1,0,0,0
201339517443,5,1,1,22,2,87.9516,2,11,7,2013,16,16,12,6,0,4,1,1,1,1,2,2,0,1,1,0,0,0
201339517457,6,1,1,22,2,205.2204,3,11,1,2013,14,48,12,6,0,4,1,10,0,0,2,2,1,1,1,0,0,0
201339517458,4,1,1,22,2,351.8064,2,11,1,2013,14,35,12,1,0,2,1,2,2,1,2,2,0,3,1,0,0,0
201339517475,3,1,1,22,2,29.3172,1,11,7,2013,12,54,9,0,0,1,1,1,2,1,2,2,0,1,1,0,0,0
201339517478,6,1,1,22,2,205.2204,2,11,2,2013,13,0,12,7,0,1,1,1,0,0,1,2,0,1,1,0,0,0
201339517479,5,1,1,22,2,87.9516,1,11,2,2013,13,54,30,0,0,1,1,1,1,1,2,2,0,1,4,0,0,0
201339517481,4,1,1,22,2,351.8064,3,11,3,2013,7,28,12,6,0,1,1,10,0,0,2,2,0,1,1,0,0,0
201339517492,6,1,1,22,2,205.2204,2,12,4,2013,7,45,12,6,0,2,1,1,0,0,2,2,0,3,1,0,0,0
201339517505,4,1,1,22,2,351.8064,2,12,2,2013,7,21,14,0,0,1,4,3,0,0,2,2,1,1,7,0,0,0
201339517508,6,1,1,22,2,205.2204,2,12,2,2013,13,44,12,2,0,2,1,2,0,0,2,2,0,3,1,0,0,0
201339517521,5,1,1,22,2,87.9516,2,12,4,2013,16,56,12,6,0,2,2,1,2,1,2,2,0,3,1,0,0,0
201339517525,3,1,1,22,2,29.3172,1,12,5,2013,9,0,8,0,0,2,1,1,2,1,2,2,0,3,1,0,0,0
201339517591,3,1,5,21,2,20.8863,1,11,4,2013,23,2,8,0,0,2,3,1,3,3,2,3,0,3,1,0,0,0
201339517687,3,1,5,21,2,20.8863,2,12,3,2013,15,57,12,7,0,4,3,4,2,2,2,3,0,1,1,0,0,0
201339517697,4,1,5,21,2,350.4257,2,12,6,2013,11,10,14,0,0,2,1,1,0,0,2,3,1,3,7,0,0,0
201339517746,4,1,1,22,2,351.8064,2,12,6,2013,10,11,12,2,0,4,1,10,0,0,2,2,0,1,1,0,0,0
201339517748,3,1,1,22,2,29.3172,1,12,6,2013,14,0,9,0,0,16,1,10,2,1,2,2,0,1,1,16,0,0
201339517752,6,1,1,22,2,205.2204,1,12,5,2013,13,24,42,0,1,2,1,10,0,0,2,2,0,3,4,0,0,0
201339517774,2,1,31,21,2,52.73002,2,12,5,2013,13,1,12,11,0,2,1,4,0,0,2,1,0,2,1,0,0,0
201339517787,5,1,4,22,2,107.63048,1,12,6,2013,22,41,18,0,0,1,2,1,1,1,2,1,0,1,4,0,0,0
201339517790,6,1,4,22,2,215.26096,1,12,5,2013,10,12,42,0,0,1,1,4,0,0,2,1,0,1,4,0,0,0
201339517795,5,1,4,22,2,107.63048,2,12,1,2013,15,0,12,6,0,2,1,2,1,1,2,1,0,2,1,0,0,0
201339517796,6,1,4,22,2,215.26096,1,12,2,2013,2,36,42,0,0,1,3,10,0,0,2,1,0,1,4,0,0,0
201339517809,2,1,7,1,2,67.7738,1,7,2,2013,4,45,11,0,0,1,4,1,0,0,2,1,0,1,1,0,0,0
201339517811,6,1,7,1,2,203.3214,1,7,1,2013,18,55,24,0,0,1,1,2,0,0,2,1,0,1,4,0,0,0
201339517821,4,1,7,1,2,338.869,3,7,5,2013,14,19,14,0,0,1,1,1,0,0,2,1,2,1,7,0,0,0
201339517823,6,1,7,1,2,203.3214,1,8,2,2013,7,4,18,0,0,1,1,1,0,0,2,1,0,1,1,0,0,0
201339517832,3,1,7,1,2,33.8869,1,8,6,2013,12,17,1,0,0,1,1,10,2,1,2,1,0,1,1,0,0,0
201339517840,5,1,7,1,2,101.6607,1,8,7,2013,19,0,34,0,0,1,1,1,1,1,2,1,0,1,4,0,0,0
201339517848,4,1,7,1,2,338.869,2,9,5,2013,12,30,12,9,0,1,1,1,0,0,2,1,0,1,1,0,0,0
201339517851,1,1,7,1,2,33.8869,2,9,5,2013,14,13,12,6,0,2,1,1,3,2,2,1,0,,1,0,0,0
201339517852,6,1,7,1,2,203.3214,1,10,1,2013,11,49,30,0,0,1,1,10,0,0,2,1,0,1,4,0,0,0
201339517853,2,1,7,1,2,67.7738,1,10,6,2013,9,30,51,0,0,1,1,2,0,0,2,1,0,1,3,0,0,0
201339517866,6,1,7,1,2,203.3214,1,11,3,2013,5,30,34,0,0,1,2,3,0,0,2,1,0,1,4,0,0,0
201339517870,5,1,7,1,2,101.6607,1,11,1,2013,7,10,24,0,0,1,4,10,1,1,2,1,0,1,3,0,0,0
201339517874,1,1,5,1,2,33.8869,2,11,6,2013,18,40,12,2,0,2,3,10,3,6,2,8,0,3,1,0,0,0
201339517877,4,1,7,1,2,338.869,1,11,4,2013,8,13,34,0,0,1,1,2,0,0,2,1,0,1,4,0,0,0
201339517883,6,1,7,1,2,203.3214,1,12,7,2013,21,41,34,0,0,1,2,3,0,0,2,1,0,1,4,0,0,0
201339517884,2,1,7,1,2,67.7738,1,12,7,2013,15,55,1,0,0,1,1,4,1,1,2,1,0,1,3,0,0,0
201339517899,6,1,7,1,2,203.3214,2,12,2,2013,15,5,12,6,0,2,1,1,0,0,2,1,0,3,1,0,0,0
201339517901,2,1,7,1,2,67.7738,2,9,5,2013,8,3,12,7,0,1,1,1,0,0,2,1,0,1,1,0,0,0
201339517902,4,1,7,1,2,338.869,1,10,1,2013,20,30,11,0,0,1,2,1,0,0,2,1,0,1,1,0,0,0
201339517910,6,1,7,1,2,203.3214,1,10,3,2013,18,5,18,0,0,1,5,1,0,0,2,1,0,1,1,0,0,0
201339517921,6,1,7,1,2,203.3214,1,11,7,2013,17,35,34,0,0,1,2,3,0,0,2,1,0,1,4,0,0,0
201339517929,4,1,7,1,2,338.869,1,11,7,2013,18,58,34,0,0,1,2,3,0,0,2,1,0,1,4,0,0,0
201339517935,5,1,7,1,2,101.6607,1,8,3,2013,0,20,34,0,0,1,2,1,1,1,2,1,0,1,4,0,0,0
201339517937,6,1,7,1,2,203.3214,1,9,2,2013,6,31,24,0,0,1,1,1,0,0,2,1,0,1,4,0,0,0
201339517946,6,1,7,1,2,203.3214,1,11,7,2013,9,20,34,0,0,1,1,10,0,0,2,1,0,1,4,0,0,0
201339517952,4,1,7,1,2,338.869,2,10,5,2013,8,25,12,6,0,4,1,1,0,0,2,1,0,1,1,0,0,0
201339517969,3,1,7,1,2,33.8869,1,9,7,2013,22,5,34,0,0,1,2,1,3,1,2,1,0,1,4,0,0,0
201339517971,4,1,7,1,2,338.869,1,10,2,2013,16,53,18,0,0,1,1,1,0,0,2,1,0,1,1,0,0,0
201339517976,6,1,7,1,2,203.3214,1,11,3,2013,6,44,34,0,0,1,4,4,0,0,2,1,0,1,4,0,0,0
201339518182,6,1,3,23,2,209.5338,1,7,2,2013,19,46,24,0,0,1,1,1,2,1,1,8,0,1,4,0,0,0
201339518187,4,1,3,23,2,350.6484,2,8,5,2013,21,52,12,1,0,1,3,1,0,0,2,8,0,1,1,0,0,0
201339518323,1,1,3,23,2,2.1381,2,10,1,2013,5,35,12,2,0,1,1,1,3,2,1,8,0,1,1,0,0,0
201339518324,1,1,3,23,2,2.1381,1,10,5,2013,10,44,1,0,0,1,1,1,3,1,2,8,0,1,4,0,0,0
201339518329,1,1,3,23,2,2.1381,1,8,1,2013,3,49,24,0,0,1,3,1,4,1,2,8,0,1,4,0,0,0
201339518349,5,1,3,23,2,89.8002,2,11,5,2013,17,11,12,6,0,5,3,10,1,2,2,8,0,1,1,0,0,0
201339518443,1,1,3,23,2,2.1381,4,11,3,2013,18,25,12,1,0,1,3,10,3,3,2,8,0,1,1,0,0,0
201339518475,1,1,3,23,2,2.1381,1,8,5,2013,0,40,33,0,0,1,3,10,3,1,1,8,0,1,4,0,0,0
201339518476,3,1,3,23,2,19.2429,1,9,4,2013,23,7,1,0,0,1,3,1,3,1,2,8,0,1,1,0,0,0
201339518493,6,1,3,23,2,209.5338,1,9,3,2013,19,32,11,0,0,1,2,1,0,0,2,8,0,1,1,0,0,0
201339518548,4,1,3,23,2,350.6484,3,11,5,2013,17,19,12,1,0,1,3,1,0,0,2,8,0,1,1,0,0,0
201339518573,1,1,3,23,2,2.1381,1,12,2,2013,5,5,42,0,0,1,2,2,3,1,2,8,0,1,3,0,0,0
201339518639,5,1,3,23,2,89.8002,2,11,3,2013,18,17,12,1,0,1,3,10,1,1,2,8,0,1,1,0,0,0
201339518704,1,1,3,23,2,2.1381,1,12,5,2013,23,6,42,0,0,1,3,10,3,2,2,8,0,1,4,0,0,0
201339518718,1,1,3,23,2,2.1381,1,7,6,2013,2,0,24,0,0,1,3,10,3,2,1,8,0,1,4,0,0,0
201339518791,1,1,3,23,2,2.1381,1,11,2,2013,4,22,42,0,0,1,3,1,4,1,2,8,0,1,4,0,0,0
201339518801,6,1,3,23,2,209.5338,2,11,3,2013,7,44,12,1,0,1,1,1,0,0,2,8,0,1,1,0,0,0
201339518833,6,1,2,1,2,203.3214,1,12,4,2013,10,55,1,0,0,1,1,1,2,1,2,2,0,1,4,0,0,0
201339518838,4,1,2,1,2,338.869,2,12,2,2013,16,58,12,1,0,2,3,10,0,0,2,2,0,,1,0,0,0
201339518851,6,1,2,1,2,203.3214,2,12,2,2013,13,2,12,6,0,2,1,2,0,0,2,2,0,,1,0,0,0
201339518856,4,1,2,1,2,338.869,1,12,7,2013,18,55,11,0,0,1,3,1,0,0,2,2,0,1,1,0,0,0
201339518928,5,1,12,1,2,101.6607,2,11,3,2013,21,46,12,2,0,1,2,10,2,2,1,8,0,1,1,0,0,0
201339518931,4,1,12,1,2,338.869,1,11,6,2013,19,44,11,0,0,1,2,1,0,0,2,8,0,1,1,0,0,0
201339518938,6,1,10,1,2,203.3214,1,12,3,2013,9,18,24,0,0,1,1,3,0,0,2,8,0,1,4,0,0,0
201339518939,2,1,10,1,2,67.7738,2,12,3,2013,10,36,24,0,0,1,1,4,2,2,2,8,0,1,3,0,0,0
201339518942,6,1,12,1,2,203.3214,1,12,4,2013,7,19,24,0,0,1,1,1,0,0,2,8,0,1,4,0,0,0
201339518974,4,1,4,1,2,338.869,2,12,4,2013,9,57,12,6,0,2,1,10,0,0,2,1,0,2,1,0,0,0
201339518986,6,1,4,1,2,203.3214,1,12,7,2013,18,28,30,0,0,1,3,3,1,1,2,1,0,1,4,0,0,0
201339518987,4,1,4,1,2,338.869,2,12,7,2013,19,1,12,1,0,2,3,4,1,1,2,1,0,2,1,0,0,0
201339518998,5,1,4,1,2,101.6607,2,12,4,2013,21,50,12,2,0,2,3,10,1,2,2,1,0,2,1,0,0,0
201339519001,6,1,4,1,2,203.3214,2,12,5,2013,19,31,14,0,0,1,3,10,0,0,1,1,1,1,7,0,0,0
201339519011,4,1,4,1,2,338.869,3,12,2,2013,10,30,12,1,0,2,1,2,0,0,2,1,0,,1,0,0,0
201339519015,6,1,4,1,2,203.3214,1,12,5,2013,15,54,42,0,0,1,1,10,0,0,2,1,0,1,4,0,0,0
201339519077,6,1,1,1,2,203.3214,1,12,3,2013,9,8,24,0,0,5,1,4,0,0,2,2,0,1,4,0,0,0
201339519088,3,1,1,1,2,33.8869,1,12,6,2013,18,42,8,0,0,2,3,10,2,1,2,2,0,3,1,0,0,0
201339519094,6,1,1,1,2,203.3214,2,12,2,2013,12,37,12,6,0,2,1,2,0,0,2,2,0,,1,0,0,0
201339519095,4,1,1,1,2,338.869,2,12,2,2013,13,35,12,1,0,1,1,2,0,0,2,2,0,1,1,0,0,0
201339519106,5,1,1,1,2,101.6607,1,12,6,2013,21,46,42,0,0,1,3,1,1,2,2,2,0,1,4,0,0,0
201339519110,4,1,1,1,2,338.869,2,12,2,2013,20,5,12,1,0,2,3,1,0,0,2,2,0,,1,0,0,0
201339519113,6,1,1,1,2,203.3214,1,12,3,2013,17,11,24,0,0,1,3,4,0,0,2,2,0,1,4,0,0,0
201339519194,4,1,8,1,2,338.869,2,12,6,2013,15,57,12,1,0,2,1,10,1,1,2,1,0,,1,0,0,0
201339519227,6,1,11,22,2,156.77637,1,11,3,2013,23,30,30,0,0,1,3,1,0,0,2,1,0,1,4,0,0,0
201339519228,6,1,11,22,2,156.77637,2,11,5,2013,17,34,12,1,0,4,3,1,2,2,2,1,0,1,1,0,0,0
201339519229,4,1,11,22,2,313.55273,2,11,5,2013,3,30,11,0,0,1,3,10,5,1,1,1,0,1,1,0,0,0
201339519230,6,1,11,22,2,156.77637,1,11,7,2013,17,30,11,0,0,1,3,4,2,1,2,1,0,1,1,0,0,0
201339519246,5,1,11,22,2,156.77637,1,12,7,2013,16,20,17,0,0,1,1,3,2,1,2,1,0,1,4,0,0,0
201339519248,4,1,11,22,2,313.55273,2,12,3,2013,12,0,12,1,0,1,1,1,2,4,2,1,0,1,1,0,0,0
201349800326,5,1,51,5,2,97.37049,3,2,7,2013,15,19,12,1,0,1,1,1,2,1,2,8,0,1,1,0,0,0
201349800327,5,1,51,5,2,97.37049,1,2,6,2013,10,4,25,0,0,1,1,4,1,1,2,8,0,1,3,0,0,0
201349800329,6,1,51,5,2,194.74098,2,1,3,2013,17,1,12,1,0,1,5,1,0,0,2,8,0,1,1,28,0,0
201349800332,6,1,51,5,2,194.74098,2,1,2,2013,19,49,12,1,0,1,3,4,0,0,2,8,0,1,1,0,0,0
201349800333,4,1,51,5,2,389.48196,1,1,5,2013,5,33,25,0,0,1,3,2,0,0,2,8,0,1,3,0,0,0
201349800336,6,1,51,5,2,194.74098,3,1,1,2013,14,4,12,1,0,1,1,1,0,0,2,8,0,1,1,28,0,0
201349800342,6,1,1,5,2,209.874,2,1,5,2013,19,37,12,1,0,2,3,1,1,1,2,3,0,2,1,0,0,0
201349800364,5,1,5,5,2,96.43158,3,1,3,2013,10,27,12,6,0,2,1,1,1,1,2,2,0,2,1,0,0,0
201349800371,2,1,8,5,2,65.83416,4,1,4,2013,21,49,30,0,0,1,3,2,5,1,2,1,3,1,4,14,0,0
201349800382,6,1,16,5,2,201.81042,2,1,3,2013,9,54,12,6,0,2,1,1,0,0,2,1,0,3,1,0,0,0
201349800386,2,1,16,5,2,67.27014,2,1,2,2013,6,52,33,0,0,2,3,1,0,0,2,1,0,3,4,0,0,0
201349800389,6,1,22,5,2,214.95515,2,1,2,2013,22,11,12,6,0,4,2,2,0,0,2,1,0,1,1,0,0,0
201349800391,6,1,39,5,2,194.74098,1,1,3,2013,6,13,42,0,0,1,2,5,0,0,2,8,0,1,4,0,0,0
201350002443,3,1,14,6,1,23.24152,1,1,2,2013,19,0,8,0,0,1,3,1,2,1,2,3,0,1,1,0,0,0
201350002486,3,1,1,6,1,19.3375,1,1,6,2013,17,20,8,0,0,2,3,2,2,1,2,3,0,2,1,0,0,0
201350002504,3,1,20,6,1,14.820011,1,1,5,2013,12,40,8,0,0,2,1,1,2,1,2,3,0,2,1,0,0,0
201350002567,5,1,14,6,1,92.96608,2,1,3,2013,14,0,12,1,0,2,1,1,2,1,2,3,0,2,1,0,0,0
201350002568,6,1,14,6,1,209.17368,2,1,7,2013,18,50,14,0,0,1,3,1,0,0,2,3,1,1,7,0,0,0
201350002570,3,1,14,6,1,23.24152,2,1,3,2013,17,16,12,6,0,2,1,1,2,3,2,3,0,2,1,0,0,0
201350002577,5,1,2,6,1,91.1625,3,1,2,2013,16,35,12,2,0,4,5,1,1,1,2,3,1,1,1,0,0,0
201350002598,6,1,4,6,1,212.602,3,1,5,2013,11,20,14,0,0,1,1,1,0,0,2,3,2,1,7,23,0,0
201350002602,3,1,11,6,1,17.882711,1,1,6,2013,15,9,8,0,0,2,1,1,2,1,2,3,0,2,1,0,0,0
201350002618,5,1,4,6,1,91.936,4,1,2,2013,7,35,12,2,0,1,1,2,1,1,2,3,0,1,1,0,0,0
201350002623,3,1,2,6,1,19.3375,1,1,1,2013,1,0,8,0,0,1,6,1,2,1,2,3,0,1,1,0,0,0
201350002632,5,1,1,6,1,91.1625,2,1,1,2013,2,19,12,1,0,1,3,1,5,3,2,3,0,1,1,23,0,0
201350002640,1,1,20,6,1,14.820011,1,1,1,2013,9,11,30,0,0,1,1,1,3,2,2,3,0,1,4,0,0,0
201350002670,3,1,4,6,1,17.238,1,1,5,2013,11,47,8,0,0,1,1,1,2,2,2,3,0,1,1,0,0,0
201350002737,5,1,26,6,1,80.96987,2,2,2,2013,8,6,12,6,0,2,1,2,1,1,2,3,0,2,1,0,0,0
201350002746,5,1,7,6,1,87.80021,2,2,2,2013,18,35,12,1,0,2,3,1,1,1,2,3,0,2,1,0,0,0
201350002775,1,1,4,6,1,5.746,2,2,6,2013,23,28,12,2,0,2,3,1,3,3,1,3,0,,1,0,0,0
201350002779,6,1,11,6,1,205.65118,1,2,1,2013,3,1,46,0,0,2,3,1,1,1,2,3,0,2,4,0,0,0
201350002785,3,1,26,6,1,20.242468,1,2,3,2013,15,37,8,0,0,2,1,1,3,1,2,3,0,2,1,0,0,0
201350002910,3,1,1,6,1,19.3375,3,2,6,2013,18,30,12,1,0,2,3,1,2,1,2,3,0,2,1,0,0,0
201350002957,3,1,2,6,1,19.3375,1,3,7,2013,18,55,8,0,0,2,3,1,2,2,2,3,0,2,1,0,0,0
201350002963,5,1,4,6,1,91.936,3,3,6,2013,11,20,12,6,0,2,1,4,1,1,2,3,0,2,1,0,0,0
201350002976,3,1,11,6,1,17.882711,1,3,5,2013,14,15,8,0,0,1,1,1,3,2,2,3,0,1,1,0,0,0
201350002987,6,1,20,6,1,207.48015,2,2,5,2013,17,30,12,6,0,2,5,1,5,1,2,3,0,2,1,0,0,0
201350002994,5,1,14,6,1,92.96608,2,3,1,2013,21,8,12,6,0,2,3,1,2,3,2,3,0,2,1,0,0,0
201350002995,1,1,14,6,1,11.62076,3,3,7,2013,23,30,14,0,0,1,3,1,3,1,2,3,2,1,7,14,0,0
201350003022,3,1,5,6,1,21.817892,2,3,4,2013,15,38,12,1,0,2,1,2,2,1,2,3,0,2,1,0,0,0
201350003047,6,1,5,6,1,212.72444,3,1,2,2013,0,10,38,0,0,2,3,1,1,1,2,3,2,2,4,14,0,0
201350003053,4,1,5,6,1,349.08627,3,3,2,2013,21,42,12,1,0,2,3,1,1,4,1,3,0,2,1,0,0,0
201350003073,3,1,20,6,1,14.820011,1,3,6,2013,16,18,5,0,0,1,1,1,2,1,2,3,0,1,1,0,0,0
201350003105,3,1,1,6,1,19.3375,1,3,4,2013,8,0,8,0,0,1,1,1,3,2,1,3,0,1,1,0,0,0
201350003160,5,1,11,6,1,89.41356,2,3,3,2013,20,45,12,6,0,2,3,1,2,1,2,3,0,2,1,0,0,0
201350003166,2,1,1,6,1,60.775,2,3,5,2013,8,25,12,6,0,2,1,1,2,2,2,3,0,2,1,0,0,0
201350003173,3,1,14,6,1,23.24152,1,3,5,2013,5,59,8,0,0,2,3,1,2,1,2,3,0,,1,0,0,0
201350003175,3,1,4,6,1,17.238,2,2,1,2013,1,30,12,6,0,2,3,4,3,2,2,3,0,2,1,0,0,0
201350003190,6,1,7,6,1,208.5255,2,3,4,2013,9,50,12,6,0,2,1,1,0,0,2,3,0,2,1,0,0,0
201350003207,3,1,26,6,1,20.242468,3,3,4,2013,14,13,12,1,0,2,1,1,2,1,2,3,0,,1,0,0,0
201350003210,6,1,26,6,1,202.42467,2,3,5,2013,19,50,12,7,0,2,1,1,0,0,2,3,0,3,1,0,0,0
201350003211,3,1,26,6,1,20.242468,1,3,3,2013,18,4,44,0,0,1,1,1,2,1,2,3,0,1,1,0,0,0
201350003237,5,1,5,6,1,92.72604,3,3,2,2013,19,40,12,6,0,1,6,2,1,1,2,3,1,1,1,0,0,0
201350003239,2,1,5,6,1,59.999203,2,3,2,2013,16,23,12,7,0,2,1,3,1,1,2,3,0,3,1,0,0,0
201350003240,4,1,20,6,1,355.68027,1,3,2,2013,21,59,8,0,0,2,3,2,1,1,2,3,0,2,1,0,0,0
201350003241,5,1,20,6,1,88.92007,3,3,2,2013,13,0,12,1,0,2,1,2,5,2,2,3,0,3,1,0,0,0
201350003243,1,1,1,6,1,2.7625,2,3,6,2013,20,39,12,6,0,2,3,1,3,2,2,3,0,2,1,0,0,0
201350003275,6,1,14,6,1,209.17368,5,3,7,2013,4,33,14,0,0,1,3,1,0,0,1,3,4,1,7,0,0,0
201350003279,5,1,14,6,1,92.96608,2,3,3,2013,9,0,12,6,0,2,1,1,2,2,2,3,0,2,1,0,0,0
201350003280,1,1,2,6,1,2.7625,2,3,5,2013,6,5,12,6,0,2,3,4,3,1,2,3,0,2,1,0,0,0
201350003285,1,1,4,6,1,5.746,2,3,3,2013,6,25,14,0,0,1,4,8,3,1,2,3,1,1,7,0,0,0
201350003291,3,1,7,6,1,21.950052,1,3,4,2013,22,7,8,0,0,1,3,1,2,2,2,3,0,1,1,0,0,0
201350003297,3,1,11,6,1,17.882711,2,3,7,2013,2,1,9,0,0,1,3,1,3,2,2,3,1,1,1,14,0,0
201350003324,3,1,2,6,1,19.3375,4,4,7,2013,19,29,12,2,0,2,3,1,2,2,2,3,0,3,1,0,0,0
201350003346,5,1,7,6,1,87.80021,2,4,1,2013,15,0,12,6,0,2,1,1,2,7,2,3,0,2,1,0,0,0
201350003353,3,1,7,6,1,21.950052,1,4,3,2013,21,45,8,0,0,2,3,1,2,2,2,3,0,2,1,0,0,0
201350003355,4,1,7,6,1,351.20084,1,4,4,2013,14,22,8,0,0,2,1,1,1,1,2,3,0,3,1,0,0,0
201350003365,3,1,11,6,1,17.882711,1,4,3,2013,18,50,8,0,0,1,1,1,2,2,2,3,0,1,7,0,0,0
201350003389,5,1,4,6,1,91.936,2,4,6,2013,22,50,12,7,0,1,3,1,1,1,2,3,0,1,1,0,0,0
201350003404,3,1,26,6,1,20.242468,1,4,6,2013,18,0,8,0,0,1,1,1,2,1,2,3,0,1,1,0,0,0
201350003405,3,1,20,6,1,14.820011,1,3,5,2013,8,20,8,0,0,1,1,1,2,1,2,3,0,1,1,23,0,0
201350003431,3,1,4,6,1,17.238,1,4,5,2013,8,24,8,0,0,1,1,1,2,1,2,3,0,1,1,0,0,0
201350003451,3,1,1,6,1,19.3375,1,4,7,2013,0,6,8,0,0,2,3,2,3,2,2,3,0,3,1,0,0,0
201350003458,3,1,14,6,1,23.24152,1,4,2,2013,11,30,18,0,0,2,1,1,2,1,2,3,0,2,1,15,0,0
201350003465,3,1,20,6,1,14.820011,1,4,5,2013,3,15,9,0,0,2,3,1,2,1,2,3,0,2,1,20,0,0
201350003466,3,1,20,6,1,14.820011,1,4,6,2013,16,10,9,0,0,2,1,1,2,2,2,3,0,2,1,0,0,0
201350003467,3,1,20,6,1,14.820011,1,4,4,2013,17,5,8,0,0,1,1,1,3,1,2,3,0,1,1,16,0,0
201350003490,3,1,26,6,1,20.242468,1,4,7,2013,7,15,8,0,0,2,1,1,3,2,2,3,0,2,7,0,0,0
201350003493,4,1,26,6,1,344.12195,2,4,4,2013,21,15,12,6,0,2,3,1,1,2,2,3,0,2,1,0,0,0
201350003495,5,1,26,6,1,80.96987,2,4,5,2013,23,17,12,6,0,2,3,1,1,2,2,3,0,2,1,0,0,0
201350003497,3,1,26,6,1,20.242468,1,4,1,2013,18,48,8,0,0,1,1,1,2,1,2,3,0,1,1,0,0,0
201350003498,3,1,26,6,1,20.242468,1,4,6,2013,3,58,9,0,0,1,3,2,2,2,1,3,0,1,1,0,0,0
201350003500,3,1,26,6,1,20.242468,1,4,1,2013,20,43,8,0,0,2,1,1,2,1,2,3,0,2,1,0,0,0
201350003502,3,1,26,6,1,20.242468,1,4,3,2013,18,40,8,0,0,1,1,1,2,2,1,3,0,1,1,0,0,0
201350003507,3,1,26,6,1,20.242468,1,4,2,2013,15,6,8,0,0,1,1,1,2,1,2,3,0,1,1,0,0,0
201350003510,3,1,26,6,1,20.242468,1,4,6,2013,22,23,25,0,0,1,3,2,2,1,2,3,0,1,3,0,0,0
201350003532,3,1,20,6,1,14.820011,2,4,5,2013,8,51,14,0,0,5,1,1,4,1,2,3,1,1,3,23,0,0