CASENUM,STRATUM,REGION,PJ,PSU,PSUSTRAT,WEIGHT,VE_TOTAL,MONTH,WKDY_IM,YEAR,HOUR_IM,MINUTE_IM,EVENT1_IM,MANCOL_IM,RELJCT1_IM,RELJCT2_IM,LGTCON_IM,WEATHR_IM,MAXSEV_IM,NO_INJ_IM,ALCHL_IM,LAND_USE,PVH_INVL,TYP_INT,REL_ROAD,CF1,CF2,CF3
201350302577,1,3,6,9,8,4.7975,1,9,3,2013,21,48,32,0,0,1,3,1,3,1,1,8,0,1,4,0,0,0
201350302631,6,3,6,9,8,211.09,1,9,7,2013,20,33,42,0,0,1,2,2,0,0,2,8,0,1,4,0,0,0
201350302637,1,3,6,9,8,4.7975,2,9,4,2013,7,49,33,0,0,1,1,1,3,13,2,8,0,1,4,0,0,0
201350302650,1,3,6,9,8,4.7975,1,10,3,2013,8,40,42,0,0,1,1,1,4,3,2,8,0,1,4,0,0,0
201350302680,1,3,6,9,8,4.7975,2,9,7,2013,7,17,12,2,0,1,1,1,3,2,2,8,0,1,1,0,0,0
201350302689,1,3,6,9,8,4.7975,3,10,4,2013,12,52,12,6,0,2,1,1,3,4,2,8,0,2,1,0,0,0
201350302693,1,3,6,9,8,4.7975,3,10,7,2013,19,20,12,1,0,2,3,1,3,1,2,8,0,2,1,0,0,0
201350302694,1,3,6,9,8,4.7975,1,10,7,2013,20,20,34,0,0,1,2,1,3,1,2,8,0,1,4,0,0,0
201350302713,3,3,6,9,8,19.19,2,10,6,2013,16,20,12,6,0,2,1,1,2,2,2,8,0,2,1,0,0,0
201350302736,1,3,6,9,8,4.7975,1,10,6,2013,19,32,42,0,0,1,2,1,4,3,2,8,0,1,4,0,0,0
201350302761,6,3,6,9,8,211.09,1,10,6,2013,2,4,33,0,0,2,3,1,0,0,1,8,0,6,4,0,0,0
201350302762,1,3,6,9,8,4.7975,1,10,6,2013,13,14,53,0,0,1,1,5,3,1,2,8,0,1,4,0,0,0
201350302764,1,3,6,9,8,4.7975,2,10,5,2013,7,32,12,2,0,1,4,1,3,2,2,8,0,1,1,0,0,0
201350302765,5,3,6,9,8,91.1525,2,10,3,2013,15,38,12,6,0,2,1,1,3,3,2,8,0,3,1,0,0,0
201350302834,1,3,6,9,8,4.7975,2,10,2,2013,17,40,12,1,0,2,1,1,3,1,2,8,0,2,1,0,0,0
201350302836,4,3,6,9,8,350.2175,2,10,4,2013,13,37,12,1,0,2,1,1,0,0,2,8,0,2,1,0,0,0
201350302839,1,3,6,9,8,4.7975,2,11,2,2013,18,10,12,6,0,2,2,1,3,5,2,8,0,2,1,0,0,0
201350302886,1,3,6,9,8,4.7975,3,11,7,2013,16,38,12,6,0,2,1,1,3,4,2,8,0,2,1,0,0,0
201350302952,1,3,6,9,8,4.7975,2,11,6,2013,18,50,12,6,0,2,5,1,3,2,2,8,0,2,1,0,0,0
201350302953,1,3,6,9,8,4.7975,1,11,6,2013,21,34,53,0,0,1,2,1,3,1,2,8,0,1,4,0,0,0
201350302977,6,3,6,9,8,211.09,1,11,7,2013,19,40,11,0,0,1,2,5,0,0,2,8,0,1,1,0,0,0
201350302990,1,3,6,9,8,4.7975,3,11,3,2013,13,13,12,1,0,2,1,1,3,2,2,8,0,3,1,0,0,0
201350302999,3,3,6,9,8,19.19,1,11,5,2013,19,30,40,0,0,1,2,1,2,1,2,8,0,1,4,0,0,0
201350303020,5,3,6,9,8,91.1525,2,11,7,2013,18,4,12,6,0,2,3,1,1,2,2,8,0,2,1,0,0,0
201350303050,1,3,6,9,8,4.7975,2,11,4,2013,17,41,12,1,0,1,2,2,1,1,2,8,0,1,1,0,0,0
201350303078,6,3,6,9,8,211.09,1,12,4,2013,9,52,34,0,0,1,1,4,0,0,2,8,0,1,4,0,0,0
201350303081,3,3,6,9,8,19.19,1,12,7,2013,2,25,33,0,0,2,2,1,2,1,1,8,0,2,4,0,0,0
201350303136,4,3,6,9,8,350.2175,1,12,2,2013,4,30,11,0,0,1,2,1,0,0,2,8,0,1,1,0,0,0
201350303146,3,3,6,9,8,19.19,2,12,2,2013,12,20,12,1,0,4,1,2,2,1,2,8,0,1,1,0,0,0
201350303166,1,3,6,9,8,4.7975,2,12,4,2013,13,37,12,6,0,4,1,1,3,1,2,8,0,1,1,0,0,0
201350303196,1,3,6,9,8,4.7975,1,12,1,2013,15,41,35,0,0,1,1,2,3,1,1,8,0,1,4,0,0,0
201350303198,1,3,6,9,8,4.7975,3,12,2,2013,17,17,12,1,0,2,3,2,3,1,2,8,0,,1,0,0,0
201350603049,4,2,1,11,6,342.9126,1,1,4,2013,18,26,18,0,0,1,2,10,0,0,2,8,0,1,1,0,0,0
201350603053,5,2,1,11,6,95.2535,2,1,5,2013,18,29,12,6,0,2,2,10,1,1,2,8,0,2,1,0,0,0
201350603069,3,2,1,11,6,19.0507,1,1,2,2013,7,17,42,0,0,1,4,10,2,1,2,8,0,1,4,0,0,0
201350603071,4,2,1,11,6,342.9126,2,1,2,2013,7,17,12,1,0,1,1,10,0,0,2,8,0,1,1,0,0,0
201350603072,3,2,1,11,6,19.0507,1,1,2,2013,11,20,34,0,0,2,1,1,2,2,2,8,0,3,4,0,0,0
201350603079,6,2,1,11,6,209.5577,1,1,3,2013,7,58,11,0,0,1,4,1,0,0,2,8,0,1,1,0,0,0
201350603101,4,2,1,11,6,342.9126,1,1,4,2013,19,41,11,0,0,1,2,1,0,0,2,8,0,1,1,0,0,0
201350603107,1,2,1,11,6,19.0507,2,1,5,2013,15,16,12,6,0,2,1,10,3,4,2,8,0,2,1,0,0,0
201350603108,1,2,1,11,6,19.0507,2,1,7,2013,21,47,12,6,0,2,2,11,3,3,2,8,0,3,1,0,0,0
201350603126,5,2,1,11,6,95.2535,1,1,2,2013,5,24,42,0,0,1,1,1,2,1,2,8,0,1,4,0,0,0
201350603129,4,2,1,11,6,342.9126,2,1,2,2013,7,23,12,1,0,2,4,10,1,2,2,8,0,2,1,0,0,0
201350603168,4,2,1,11,6,342.9126,2,1,4,2013,14,24,12,7,0,4,1,1,1,1,2,8,0,1,1,0,0,0
201350603170,1,2,1,11,6,19.0507,1,1,2,2013,19,49,42,0,0,1,2,1,3,1,1,8,0,1,4,0,0,0
201350603172,6,2,1,11,6,209.5577,2,1,3,2013,18,25,12,6,0,5,2,1,0,0,2,8,0,1,1,0,0,0
201350603176,3,2,1,11,6,19.0507,2,1,6,2013,13,6,12,6,0,2,1,1,2,1,2,8,0,2,1,0,0,0
201350603185,1,2,1,11,6,19.0507,2,1,1,2013,10,49,12,6,0,2,1,1,3,4,2,8,0,2,1,0,0,0
201350603194,4,2,1,11,6,342.9126,2,1,2,2013,10,23,12,1,0,2,1,11,0,0,2,8,0,2,1,19,0,0
201350603214,4,2,1,11,6,342.9126,2,1,2,2013,16,47,12,1,0,2,1,11,0,0,2,8,0,3,1,0,0,0
201350603246,4,2,1,11,6,342.9126,2,1,6,2013,11,19,12,6,0,1,1,1,0,0,2,8,0,1,1,20,0,0
201350603251,5,2,1,11,6,95.2535,1,1,4,2013,21,10,42,0,0,1,2,11,1,1,2,8,0,1,4,0,0,0
201350603263,3,2,1,11,6,19.0507,1,1,6,2013,9,39,35,0,0,1,1,10,3,1,2,8,0,1,4,0,0,0
201350603271,4,2,1,11,6,342.9126,1,1,6,2013,16,26,53,0,0,1,1,11,0,0,2,8,0,1,4,0,0,0
201350603287,3,2,1,11,6,19.0507,1,1,1,2013,20,14,34,0,0,2,2,11,3,1,1,8,0,2,4,0,0,0
201350603293,4,2,1,11,6,342.9126,1,1,2,2013,7,41,24,0,0,1,1,2,0,0,2,8,0,1,4,0,0,0
201350603297,6,2,1,11,6,209.5577,1,1,2,2013,10,52,42,0,0,1,1,5,0,0,2,8,0,1,4,0,0,0
201350603326,4,2,1,11,6,342.9126,2,1,6,2013,15,47,14,0,0,1,1,1,1,1,2,8,1,1,7,,,
201350603328,1,2,1,11,6,19.0507,1,1,3,2013,4,30,42,0,0,1,2,1,3,1,1,8,0,1,4,0,0,0
201350603349,3,2,1,11,6,19.0507,1,1,5,2013,8,58,8,0,0,1,1,11,2,2,2,8,0,1,4,19,0,0
201350603353,4,2,1,11,6,342.9126,2,1,5,2013,9,19,12,1,0,2,1,4,0,0,2,8,0,,1,0,0,0
201350603372,4,2,1,11,6,342.9126,2,1,5,2013,6,33,12,1,0,1,2,11,1,1,2,8,0,1,1,28,0,0
201350603392,2,2,1,11,6,57.1521,2,2,6,2013,16,16,12,1,0,1,1,10,1,1,2,8,0,1,1,0,0,0
201350603394,4,2,1,11,6,342.9126,2,2,7,2013,1,32,12,6,0,2,3,1,0,0,2,8,0,6,1,0,0,0
201350603395,5,2,1,11,6,95.2535,1,2,7,2013,8,7,42,0,0,1,1,11,2,1,2,8,0,1,4,0,0,0
201350603398,6,2,1,11,6,209.5577,1,2,7,2013,11,45,42,0,0,1,1,11,0,0,2,8,0,1,4,0,0,0
201350603433,4,2,1,11,6,342.9126,2,1,4,2013,19,32,12,6,0,2,3,2,1,2,2,8,0,3,1,19,0,0
201350603454,4,2,1,11,6,342.9126,1,2,2,2013,18,35,11,0,0,1,2,11,0,0,2,8,0,1,1,0,0,0
201350603478,6,2,1,11,6,209.5577,2,2,4,2013,17,53,12,1,0,1,1,1,0,0,2,8,0,1,1,0,0,0
201350603482,4,2,1,11,6,342.9126,1,2,5,2013,9,35,42,0,0,1,1,1,0,0,2,8,0,1,4,0,0,0
201350603503,4,2,1,11,6,342.9126,2,2,7,2013,19,52,12,6,0,4,2,1,0,0,2,8,0,1,1,0,0,0
201350603524,4,2,1,11,6,342.9126,1,2,2,2013,18,39,11,0,0,1,2,10,0,0,2,8,0,1,1,0,0,0
201350603549,5,2,1,11,6,95.2535,1,2,1,2013,15,49,24,0,0,1,1,1,1,2,1,8,0,1,4,0,0,0
201350603560,4,2,1,11,6,342.9126,1,2,6,2013,2,13,8,0,0,1,2,1,1,1,2,8,0,1,1,0,0,0
201350603580,4,2,1,11,6,342.9126,1,2,1,2013,12,45,35,0,0,1,1,1,0,0,2,8,0,1,5,0,0,0
201350603581,6,2,1,11,6,209.5577,1,2,1,2013,20,37,42,0,0,1,2,1,0,0,2,8,0,1,4,0,0,0
201350603606,3,2,1,11,6,19.0507,1,2,1,2013,18,17,8,0,0,1,2,1,2,2,2,8,0,1,2,0,0,0
201350603610,3,2,1,11,6,19.0507,2,2,4,2013,7,19,12,8,0,1,1,1,2,1,2,8,0,1,1,0,0,0
201350603612,4,2,1,11,6,342.9126,2,2,4,2013,8,48,12,1,0,2,1,10,0,0,2,8,0,6,1,0,0,0
201350603614,1,2,1,11,6,19.0507,2,2,4,2013,17,7,12,6,0,2,1,1,3,2,2,8,0,3,1,0,0,0
201350603617,3,2,1,11,6,19.0507,2,2,5,2013,16,45,12,1,0,1,1,1,2,1,2,8,0,1,1,0,0,0
201350603628,3,2,1,11,6,19.0507,1,2,6,2013,7,37,35,0,0,1,4,11,2,1,2,8,0,1,4,0,0,0
201350603633,4,2,1,11,6,342.9126,1,2,6,2013,16,0,59,0,0,2,1,10,0,0,2,8,0,3,4,0,0,0
201350603660,5,2,1,11,6,95.2535,1,2,3,2013,16,4,42,0,0,1,1,3,2,1,2,8,0,1,4,0,0,0
201350603661,4,2,1,11,6,342.9126,1,2,3,2013,17,1,42,0,0,1,1,11,0,0,2,8,0,1,4,19,0,0
201350603671,6,2,1,11,6,209.5577,1,2,3,2013,18,9,34,0,0,1,2,11,0,0,2,8,0,1,4,0,0,0
201350603681,4,2,1,11,6,342.9126,1,2,4,2013,2,36,34,0,0,1,2,11,0,0,2,8,0,1,4,0,0,0
201350603707,4,2,1,11,6,342.9126,1,2,3,2013,22,53,34,0,0,1,2,11,0,0,1,8,0,1,4,0,0,0
201350603722,1,2,1,11,6,19.0507,1,3,6,2013,18,35,31,0,0,1,5,1,3,1,2,8,0,1,4,0,0,0
201350603725,6,2,1,11,6,209.5577,1,3,7,2013,3,36,34,0,0,1,3,1,0,0,2,8,0,1,4,0,0,0
201350603747,4,2,1,11,6,342.9126,1,2,4,2013,9,1,34,0,0,1,1,4,0,0,2,8,0,1,4,0,0,0
201350603789,4,2,1,11,6,342.9126,2,3,2,2013,8,37,12,1,0,2,1,1,0,0,2,8,0,2,1,0,0,0
201350603802,2,2,1,11,6,57.1521,2,3,6,2013,15,12,12,1,0,4,1,1,0,0,2,8,0,1,11,0,0,0
201350603814,4,2,1,11,6,342.9126,1,3,2,2013,8,22,11,0,0,1,4,2,0,0,2,8,0,1,1,0,0,0
201350603834,4,2,1,11,6,342.9126,1,3,4,2013,20,38,11,0,0,1,2,10,0,0,2,8,0,1,1,0,0,0
201350603850,6,2,1,11,6,209.5577,2,3,3,2013,8,15,12,6,0,2,1,10,3,4,2,8,0,2,1,0,0,0
201350603852,5,2,1,11,6,95.2535,2,3,3,2013,20,12,12,6,0,2,2,4,2,4,2,8,0,2,1,0,0,0
201350603872,4,2,1,11,6,342.9126,1,3,6,2013,9,15,59,0,0,1,1,1,0,0,2,8,0,1,4,0,0,0
201350603886,6,2,1,11,6,209.5577,1,3,2,2013,14,54,42,0,0,1,1,2,0,0,2,8,0,1,4,0,0,0
201350603887,3,2,1,11,6,19.0507,2,3,2,2013,17,45,12,6,0,4,1,2,2,2,2,8,0,1,1,0,0,0
201350603898,4,2,1,11,6,342.9126,1,3,4,2013,7,23,11,0,0,1,4,10,0,0,2,8,0,1,1,0,0,0
201350603905,3,2,1,11,6,19.0507,2,3,5,2013,7,20,12,1,0,1,1,1,2,1,2,8,0,1,1,0,0,0
201350603927,3,2,1,11,6,19.0507,2,3,3,2013,14,46,12,7,0,4,1,10,2,2,2,8,0,1,1,0,0,0
201350603942,4,2,1,11,6,342.9126,1,3,6,2013,5,0,11,0,0,1,3,1,0,0,2,8,0,1,1,0,0,0
201350603947,3,2,1,11,6,19.0507,1,3,7,2013,13,1,9,0,0,1,1,1,2,1,2,8,0,1,2,0,0,0
201350603968,6,2,1,11,6,209.5577,3,3,5,2013,17,15,12,1,0,1,1,1,0,0,2,8,0,1,1,0,0,0
201350603973,3,2,1,11,6,19.0507,2,4,2,2013,8,18,12,2,0,2,1,1,3,2,2,8,0,3,1,0,0,0
201350603976,4,2,1,11,6,342.9126,2,4,4,2013,9,44,14,0,0,1,1,1,0,0,2,8,1,1,7,0,0,0
201350603992,5,2,1,11,6,95.2535,2,4,7,2013,17,41,12,6,0,2,1,10,1,1,2,8,0,2,1,0,0,0
201350603998,4,2,1,11,6,342.9126,2,4,2,2013,11,44,12,1,0,2,1,10,1,1,2,8,0,,1,0,0,0
201350604006,1,2,1,11,6,19.0507,1,4,1,2013,20,18,42,0,0,1,1,1,3,1,1,8,0,1,4,0,0,0
201350604027,1,2,1,11,6,19.0507,1,4,4,2013,7,17,42,0,0,1,1,1,4,1,2,8,0,1,4,0,0,0
201350604039,4,2,1,11,6,342.9126,1,4,6,2013,10,56,59,0,0,2,1,10,0,0,2,8,0,3,4,0,0,0
201350604060,3,2,1,11,6,19.0507,1,4,3,2013,17,51,1,0,0,1,1,1,3,1,2,8,0,1,4,0,0,0
201350604063,3,2,1,11,6,19.0507,2,4,4,2013,16,3,12,7,0,1,1,1,2,1,2,8,0,1,1,0,0,0
201350604065,4,2,1,11,6,342.9126,1,4,4,2013,20,42,33,0,0,4,2,2,0,0,2,8,0,1,4,0,0,0
201350604081,5,2,1,11,6,95.2535,2,4,6,2013,11,26,12,6,0,2,1,10,2,2,2,8,0,2,1,0,0,0
201350604086,4,2,1,11,6,342.9126,1,4,7,2013,8,42,53,0,0,1,1,1,0,0,2,8,0,1,4,0,0,0
201350604108,6,2,1,11,6,209.5577,1,4,6,2013,2,50,18,0,0,1,2,2,0,0,2,8,0,1,1,0,0,0
201350604131,4,2,1,11,6,342.9126,2,4,5,2013,12,24,12,1,0,2,1,10,0,0,2,8,0,,1,0,0,0
201350604170,4,2,1,11,6,342.9126,2,4,1,2013,1,0,12,1,0,2,2,1,0,0,2,8,0,2,1,0,0,0
201350604189,4,2,1,11,6,342.9126,1,5,4,2013,15,28,1,0,0,2,1,1,1,1,2,8,0,3,1,0,0,0
201350604192,6,2,1,11,6,209.5577,1,5,4,2013,19,35,59,0,0,1,1,1,1,1,2,8,0,1,4,0,0,0
201350604194,3,2,1,11,6,19.0507,1,5,5,2013,16,11,32,0,0,1,1,1,2,1,2,8,0,1,4,0,0,0
201350604214,3,2,1,11,6,19.0507,2,5,5,2013,18,25,12,6,0,4,1,1,2,1,2,8,0,1,1,0,0,0
201350604230,4,2,1,11,6,342.9126,1,5,6,2013,21,28,11,0,0,1,2,1,0,0,2,8,0,1,1,0,0,0
201350604232,3,2,1,11,6,19.0507,2,5,1,2013,0,58,12,6,0,2,3,1,2,2,2,8,0,2,1,0,0,0
201350604254,3,2,1,11,6,19.0507,1,5,6,2013,13,56,1,0,0,2,1,10,2,1,2,8,0,3,1,0,0,0
201350604257,4,2,1,11,6,342.9126,2,5,7,2013,13,40,12,6,0,4,1,10,1,1,2,8,0,1,1,0,0,0
201350604261,3,2,1,11,6,19.0507,1,5,6,2013,18,37,42,0,0,1,1,1,2,1,1,8,0,1,4,0,0,0
201350604262,3,2,1,11,6,19.0507,1,5,6,2013,18,0,1,0,0,1,1,1,2,1,2,8,0,1,4,0,0,0
201350604267,6,2,1,11,6,209.5577,2,5,3,2013,14,52,12,8,0,1,1,1,2,1,1,8,0,1,1,0,0,0
201350604291,4,2,1,11,6,342.9126,2,5,5,2013,17,5,12,2,0,2,1,10,1,1,2,8,0,2,1,0,0,0
201350604294,5,2,1,11,6,95.2535,1,5,1,2013,1,49,35,0,0,1,2,1,1,1,2,8,0,1,4,0,0,0
201350604295,1,2,1,11,6,19.0507,2,5,1,2013,17,14,12,2,0,1,1,10,3,2,2,8,0,1,1,0,0,0
201350604296,3,2,1,11,6,19.0507,2,5,2,2013,12,38,12,2,0,4,1,1,2,1,2,8,0,1,1,0,0,0
201350604297,3,2,1,11,6,19.0507,1,5,4,2013,11,21,1,0,0,2,1,1,2,1,2,8,0,2,1,0,0,0
201350604303,1,2,1,11,6,19.0507,1,5,6,2013,20,49,42,0,0,1,2,10,3,1,2,8,0,1,4,0,0,0
201350604316,4,2,1,11,6,342.9126,1,5,2,2013,12,10,59,0,0,1,1,1,1,1,2,8,0,1,4,0,0,0
201350604330,3,2,1,11,6,19.0507,1,5,5,2013,9,44,8,0,0,1,1,10,2,1,2,8,0,1,4,0,0,0
201350604351,4,2,1,11,6,342.9126,1,5,3,2013,6,0,11,0,0,1,1,1,0,0,2,8,0,1,1,0,0,0
201350604364,3,2,1,11,6,19.0507,1,5,7,2013,9,39,1,0,0,1,1,1,2,1,2,8,0,1,4,0,0,0
201350604367,6,2,1,11,6,209.5577,2,5,7,2013,10,46,12,8,0,1,1,1,1,1,2,8,0,1,1,0,0,0
201350604379,4,2,1,11,6,342.9126,2,5,3,2013,18,9,12,1,0,2,1,10,1,1,2,8,0,2,1,0,0,0
201350604412,3,2,1,11,6,19.0507,1,5,7,2013,23,39,5,0,0,1,2,1,4,1,2,8,0,1,1,0,0,0
201350604427,4,2,1,11,6,342.9126,2,6,7,2013,21,56,12,1,0,2,3,1,0,0,2,8,0,2,1,0,0,0
201350604436,6,2,1,11,6,209.5577,1,6,2,2013,18,31,34,0,0,1,1,1,1,1,2,8,0,1,4,0,0,0
201350604438,3,2,1,11,6,19.0507,3,6,3,2013,17,12,12,1,0,1,1,1,3,5,2,8,0,1,1,0,0,0
201350604447,5,2,1,11,6,95.2535,2,5,7,2013,23,15,12,6,0,2,3,1,2,3,2,8,0,2,1,0,0,0
201350604464,4,2,1,11,6,342.9126,2,6,2,2013,15,32,12,7,0,1,1,1,0,0,2,8,0,1,1,0,0,0
201350604484,4,2,1,11,6,342.9126,1,6,1,2013,12,24,34,0,0,2,1,1,0,0,2,8,0,3,4,0,0,0
201350604485,3,2,1,11,6,19.0507,1,6,7,2013,20,30,33,0,0,2,1,1,3,1,2,8,0,6,4,0,0,0
201350604511,4,2,1,11,6,342.9126,1,6,4,2013,21,30,11,0,0,1,2,1,0,0,2,8,0,1,1,0,0,0
201350604529,3,2,1,11,6,19.0507,1,6,5,2013,18,52,9,0,0,4,1,1,3,1,2,8,0,1,1,0,0,0
201350604533,2,2,1,11,6,57.1521,1,6,7,2013,9,47,50,0,0,1,1,1,0,0,2,8,0,1,1,0,0,0
201350604534,6,2,1,11,6,209.5577,2,6,6,2013,16,49,12,1,0,1,1,1,2,2,2,8,0,1,1,0,0,0
201350604537,4,2,1,11,6,342.9126,1,6,7,2013,16,40,11,0,0,1,1,2,0,0,2,8,0,1,1,0,0,0
201350604541,3,2,1,11,6,19.0507,1,6,7,2013,2,31,8,0,0,1,3,1,2,1,2,8,0,1,4,0,0,0
201350604556,5,2,1,11,6,95.2535,2,6,4,2013,12,52,12,1,0,2,1,1,1,1,2,8,0,3,1,0,0,0
201350604572,4,2,1,11,6,342.9126,2,6,7,2013,15,20,12,1,0,2,1,1,0,0,2,8,0,4,1,0,0,0
201350604575,3,2,1,11,6,19.0507,2,6,2,2013,12,46,12,6,0,2,1,1,3,3,2,8,0,3,1,0,0,0
201350604585,3,2,1,11,6,19.0507,2,6,4,2013,17,15,12,6,0,4,1,1,2,2,2,8,0,1,1,0,0,0
201350604595,6,2,1,11,6,209.5577,2,6,6,2013,16,51,12,1,0,2,1,1,0,0,2,8,0,,1,0,0,0
201350604598,3,2,1,11,6,19.0507,1,6,7,2013,2,44,30,0,0,1,3,1,2,1,1,8,0,1,4,0,0,0
201350604599,4,2,1,11,6,342.9126,1,6,7,2013,6,29,24,0,0,1,4,1,0,0,1,8,0,1,4,0,0,0
201350604604,3,2,1,11,6,19.0507,1,6,7,2013,22,4,15,0,0,1,2,1,2,1,2,8,0,1,1,0,0,0
201350604606,3,2,1,11,6,19.0507,1,6,1,2013,5,35,8,0,0,1,4,1,2,1,2,8,0,1,1,0,0,0
201350604617,3,2,1,11,6,19.0507,2,6,4,2013,8,39,12,6,0,7,1,10,2,1,2,8,0,1,1,0,0,0
201350604634,4,2,1,11,6,342.9126,2,6,4,2013,13,20,12,1,0,2,1,1,0,0,2,8,0,2,1,0,0,0
201350604636,5,2,1,11,6,95.2535,1,6,4,2013,13,36,42,0,0,1,1,1,1,1,2,8,0,1,4,0,0,0
201350604659,4,2,1,11,6,342.9126,1,6,1,2013,1,47,11,0,0,1,2,1,0,0,2,8,0,1,1,0,0,0
201350604666,3,2,1,11,6,19.0507,1,6,4,2013,19,15,9,0,0,2,1,1,3,1,2,8,0,3,1,0,0,0
201350604698,4,2,1,11,6,342.9126,2,7,2,2013,13,52,12,1,0,2,1,2,0,0,2,8,0,3,1,0,0,0
201350604708,5,2,1,11,6,95.2535,1,7,2,2013,22,13,38,0,0,1,2,10,2,1,1,8,0,1,4,0,0,0
201350604723,4,2,1,11,6,342.9126,2,7,6,2013,12,2,12,6,0,2,1,1,1,2,2,8,0,2,1,0,0,0
201350604730,3,2,1,11,6,19.0507,1,7,7,2013,17,0,34,0,0,1,1,10,3,1,2,8,0,1,4,0,0,0
201350604739,3,2,1,11,6,19.0507,1,7,5,2013,14,40,1,0,0,1,1,1,2,1,2,8,0,1,1,0,0,0
201350604746,4,2,1,11,6,342.9126,2,7,6,2013,11,15,12,1,0,2,1,10,0,0,2,8,0,3,1,0,0,0
201350604749,3,2,1,11,6,19.0507,1,7,3,2013,7,15,9,0,0,1,1,10,2,1,2,8,0,1,2,0,0,0
201350604762,6,2,1,11,6,209.5577,2,7,6,2013,15,7,14,0,0,1,1,1,0,0,2,8,1,1,7,0,0,0
201350604772,4,2,1,11,6,342.9126,2,7,3,2013,8,18,12,9,0,4,1,1,0,0,2,8,0,1,1,0,0,0
201350604773,3,2,1,11,6,19.0507,1,7,3,2013,9,41,9,0,0,1,1,1,2,1,2,8,0,1,1,16,0,0
201350604786,3,2,1,11,6,19.0507,1,7,3,2013,19,6,9,0,0,2,1,2,2,1,2,8,0,2,1,0,0,0
201350604792,3,2,1,11,6,19.0507,1,7,6,2013,16,21,8,0,0,1,1,1,2,1,2,8,0,1,1,0,0,0
201350604806,4,2,1,11,6,342.9126,2,7,1,2013,10,23,12,2,0,2,1,1,0,0,2,8,0,2,1,0,0,0
201350604807,3,2,1,11,6,19.0507,1,7,7,2013,21,53,1,0,0,1,2,1,3,1,2,8,0,1,1,0,0,0
201350604818,5,2,1,11,6,95.2535,1,7,2,2013,16,34,42,0,0,1,1,1,1,1,2,8,0,1,4,0,0,0
201350604829,4,2,1,11,6,342.9126,1,7,4,2013,17,55,50,0,0,1,1,1,0,0,2,8,0,1,1,0,0,0
201350604831,3,2,1,11,6,19.0507,1,7,5,2013,10,31,11,0,0,1,1,1,2,1,2,8,0,1,1,0,0,0
201350604834,3,2,1,11,6,19.0507,2,7,5,2013,16,51,12,6,0,4,1,10,2,1,2,8,0,1,1,0,0,0
201350604838,6,2,1,11,6,209.5577,2,7,6,2013,11,10,12,6,0,2,1,1,2,1,2,8,0,2,1,0,0,0
201350604846,3,2,1,11,6,19.0507,3,7,1,2013,22,49,12,1,0,1,1,1,3,2,1,8,0,1,1,23,0,0
201350604847,2,2,1,11,6,57.1521,2,7,3,2013,13,12,12,6,0,1,1,10,1,1,2,8,0,1,1,0,0,0
201350604848,1,2,1,11,6,19.0507,1,7,3,2013,7,36,19,0,0,1,1,1,3,1,1,8,0,1,4,0,0,0
201350604854,1,2,1,11,6,19.0507,2,7,6,2013,17,6,12,6,0,2,1,10,3,2,2,8,0,3,1,0,0,0
201350604855,1,2,1,11,6,19.0507,2,7,6,2013,15,26,12,2,0,2,1,1,3,2,2,8,0,3,1,0,0,0
201350604865,3,2,1,11,6,19.0507,1,7,3,2013,0,14,42,0,0,1,2,1,2,1,2,8,0,1,4,0,0,0
201350604870,1,2,1,11,6,19.0507,1,7,7,2013,15,24,35,0,0,1,1,2,3,2,1,8,0,1,4,0,0,0
201350604871,4,2,1,11,6,342.9126,1,7,4,2013,6,5,11,0,0,1,4,1,0,0,2,8,0,1,1,0,0,0
201350604898,4,2,1,11,6,342.9126,1,8,6,2013,19,25,34,0,0,2,1,1,5,1,2,8,0,3,4,0,0,0
201350604914,6,2,1,11,6,209.5577,2,8,4,2013,10,23,12,2,0,1,1,2,0,0,2,8,0,1,1,0,0,0
201350604920,4,2,1,11,6,342.9126,2,8,5,2013,18,38,12,1,0,2,1,1,0,0,2,8,0,2,1,0,0,0
201350604936,4,2,2,11,6,342.9126,2,10,7,2013,20,12,12,1,0,1,3,10,1,1,2,1,0,1,1,0,0,0
201350604966,3,2,1,11,6,19.0507,1,10,1,2013,12,6,9,0,0,4,1,1,2,1,2,8,0,1,1,16,0,0
201350604986,4,2,1,11,6,342.9126,1,11,6,2013,12,39,50,0,0,1,1,10,0,0,2,8,0,1,1,0,0,0
201350605000,6,2,1,11,6,209.5577,1,11,1,2013,9,26,11,0,0,1,1,1,0,0,2,8,0,1,1,0,0,0
201350605006,4,2,1,11,6,342.9126,1,11,1,2013,19,25,11,0,0,1,2,10,0,0,2,8,0,1,1,0,0,0
201350605007,3,2,1,11,6,19.0507,1,11,2,2013,8,25,11,0,0,1,1,10,2,1,2,8,0,1,1,0,0,0
201350605053,5,2,2,11,6,95.2535,3,11,2,2013,18,42,12,7,0,2,2,1,1,1,2,1,0,2,1,0,0,0
201350605059,4,2,2,11,6,342.9126,2,11,4,2013,21,14,12,6,0,2,2,2,0,0,2,1,0,2,1,0,0,0
201350605066,3,2,1,11,6,19.0507,1,11,6,2013,7,51,9,0,0,2,2,1,2,1,2,8,0,3,1,0,0,0
201350605068,4,2,1,11,6,342.9126,2,11,4,2013,7,16,12,1,0,2,1,10,0,0,2,8,0,,1,0,0,0
201350605089,4,2,1,11,6,342.9126,1,11,7,2013,5,0,11,0,0,1,2,1,0,0,2,8,0,1,1,0,0,0