CASENUM,STRATUM,REGION,PJ,PSU,PSUSTRAT,WEIGHT,VE_TOTAL,MONTH,WKDY_IM,YEAR,HOUR_IM,MINUTE_IM,EVENT1_IM,MANCOL_IM,RELJCT1_IM,RELJCT2_IM,LGTCON_IM,WEATHR_IM,MAXSEV_IM,NO_INJ_IM,ALCHL_IM,LAND_USE,PVH_INVL,TYP_INT,REL_ROAD,CF1,CF2,CF3
201368807627,4,2,1,74,4,350.7672,2,3,4,2013,16,41,12,1,0,1,1,1,0,0,2,3,0,1,1,0,0,0
201368807632,5,2,1,74,4,91.8676,2,3,4,2013,18,18,12,2,0,2,1,1,2,2,2,3,0,3,1,0,0,0
201368807654,3,2,1,74,4,20.879,1,3,6,2013,18,0,9,0,0,2,5,1,2,1,2,3,0,2,1,0,0,0
201368807692,1,2,1,74,4,4.1758,3,4,2,2013,7,26,12,6,0,2,1,1,3,3,2,3,0,2,1,0,0,0
201368807753,1,2,9,74,4,4.1758,1,3,7,2013,1,47,25,0,0,1,3,2,3,1,1,3,0,1,3,0,0,0
201368807766,1,2,9,74,4,4.1758,2,4,3,2013,15,37,12,2,0,1,1,1,4,2,2,3,0,1,1,0,0,0
201368807787,1,2,9,74,4,4.1758,2,4,7,2013,1,40,12,2,0,2,3,1,3,1,1,3,0,2,1,0,0,0
201368807803,4,2,9,74,4,350.7672,2,4,2,2013,10,40,12,6,0,2,1,10,0,0,2,3,0,3,1,0,0,0
201368807889,3,2,1,74,4,20.879,1,3,6,2013,15,9,8,0,0,1,1,1,3,1,2,3,0,1,1,0,0,0
201368807894,4,2,1,74,4,350.7672,1,4,3,2013,6,20,26,0,0,1,3,10,0,0,2,3,0,1,4,5,0,0
201368807922,6,2,1,74,4,208.79,3,4,3,2013,16,35,12,6,0,2,1,10,1,1,2,3,0,2,1,0,0,0
201368807960,6,2,2,74,4,208.79,1,4,1,2013,2,23,42,0,0,2,3,10,1,1,2,8,0,3,4,0,0,0
201368807987,1,2,9,74,4,4.1758,1,4,1,2013,3,47,30,0,0,2,3,10,4,1,2,3,0,2,4,0,0,0
201368808005,4,2,9,74,4,350.7672,2,4,3,2013,19,5,12,1,1,5,1,1,0,0,2,3,0,1,1,0,0,0
201368808013,6,2,9,74,4,208.79,2,4,5,2013,12,50,12,6,0,2,1,3,2,1,2,3,0,2,1,0,0,0
201368808021,1,2,9,74,4,4.1758,2,4,5,2013,12,1,12,6,0,2,1,4,3,3,2,3,0,3,1,0,0,0
201368808033,1,2,1,74,4,4.1758,1,4,5,2013,19,9,41,0,0,1,1,10,3,1,2,3,0,1,5,0,0,0
201368808066,5,2,1,74,4,91.8676,2,4,4,2013,8,40,12,6,0,2,1,2,1,1,2,3,0,2,1,0,0,0
201368808071,2,2,1,74,4,58.4612,1,4,4,2013,13,7,42,0,0,2,1,3,0,0,2,3,0,2,3,0,0,0
201368808138,3,2,9,74,4,20.879,2,4,6,2013,18,29,12,6,0,2,1,1,2,1,2,3,0,2,1,0,0,0
201368808162,5,2,9,74,4,91.8676,1,4,1,2013,14,33,42,0,0,1,1,1,1,2,2,3,0,1,4,0,0,0
201368808178,4,2,9,74,4,350.7672,2,4,3,2013,11,33,12,1,0,1,1,1,0,0,2,3,0,1,1,0,0,0
201368808250,3,2,2,74,4,20.879,1,5,2,2013,15,40,9,0,0,2,1,1,3,1,2,8,0,3,1,16,0,0
201368808253,4,2,2,74,4,350.7672,2,5,7,2013,15,25,12,6,0,2,1,10,0,0,2,8,0,2,1,0,0,0
201368808256,1,2,2,74,4,4.1758,2,5,6,2013,17,20,12,6,0,2,1,10,3,2,2,8,0,2,1,28,0,0
201368808259,1,2,2,74,4,4.1758,2,4,6,2013,16,10,12,2,0,2,1,10,3,4,1,8,0,2,1,0,0,0
201368808264,1,2,2,74,4,4.1758,2,5,4,2013,16,55,12,8,0,1,1,3,3,3,2,8,0,1,1,0,0,0
201368808281,1,2,2,74,4,4.1758,3,4,5,2013,8,5,12,6,0,2,1,1,3,3,2,8,0,2,1,0,0,0
201368808291,4,2,1,74,4,350.7672,2,5,4,2013,17,20,12,1,0,2,1,2,0,0,2,3,0,,1,0,0,0
201368808299,3,2,1,74,4,20.879,1,5,4,2013,5,0,8,0,0,2,4,10,2,1,2,3,0,,1,0,0,0
201368808366,1,2,1,74,4,4.1758,1,4,6,2013,1,39,42,0,0,1,3,1,3,1,1,3,0,1,4,0,0,0
201368808372,1,2,1,74,4,4.1758,1,5,6,2013,18,15,59,0,0,2,3,10,3,1,1,3,0,6,4,0,0,0
201368808441,6,2,9,74,4,208.79,2,5,4,2013,21,25,12,2,0,2,3,1,0,0,2,3,0,2,1,0,0,0
201368808487,4,2,9,74,4,350.7672,2,5,6,2013,17,20,12,1,1,5,1,1,0,0,2,3,0,1,1,0,0,0
201368808532,1,2,1,74,4,4.1758,1,5,2,2013,17,42,30,0,0,1,1,1,3,2,1,3,0,1,4,0,0,0
201368808556,1,2,9,74,4,4.1758,2,5,4,2013,16,58,12,6,0,2,1,10,3,7,2,3,0,2,1,0,0,0
201368808569,3,2,9,74,4,20.879,1,5,5,2013,7,13,1,0,0,2,3,1,2,1,2,3,0,2,1,0,0,0
201368808582,1,2,9,74,4,4.1758,1,5,5,2013,0,50,34,0,0,2,3,1,3,1,2,3,0,3,4,0,0,0
201368808606,1,2,9,74,4,4.1758,1,5,6,2013,22,59,30,0,0,1,3,1,3,1,1,3,0,1,4,0,0,0
201368808609,5,2,9,74,4,91.8676,2,5,4,2013,13,13,12,6,0,2,1,2,1,1,2,3,0,2,1,0,0,0
201368808634,1,2,9,74,4,4.1758,2,5,4,2013,17,30,12,2,0,2,1,1,3,1,2,3,0,2,1,0,0,0
201368808646,1,2,1,74,4,4.1758,4,5,2,2013,22,18,12,6,0,2,3,1,3,2,2,3,0,2,1,0,0,0
201368808650,1,2,1,74,4,4.1758,2,5,6,2013,9,50,12,2,0,1,1,10,3,2,1,3,0,1,1,0,0,0
201368808668,5,2,1,74,4,91.8676,2,5,3,2013,18,34,12,6,0,2,1,1,1,1,2,3,0,3,1,0,0,0
201368808669,1,2,1,74,4,4.1758,3,5,3,2013,7,42,12,6,0,2,1,10,3,2,2,3,0,2,1,0,0,0
201368808680,4,2,1,74,4,350.7672,2,5,5,2013,14,55,12,8,0,1,1,10,0,0,2,3,0,1,1,0,0,0
201368808711,3,2,1,74,4,20.879,2,5,2,2013,20,30,14,0,0,2,1,10,2,1,1,3,1,2,7,0,0,0
201368808774,4,2,1,74,4,350.7672,2,6,7,2013,5,48,14,0,0,1,3,10,0,0,2,3,1,1,7,,,
201368808803,3,2,1,74,4,20.879,1,6,2,2013,8,47,9,0,0,2,1,1,2,1,2,3,0,3,1,0,0,0
201368808818,1,2,1,74,4,4.1758,4,6,2,2013,19,21,14,0,0,1,1,1,3,1,1,3,3,1,7,0,0,0
201368808822,6,2,1,74,4,208.79,2,6,4,2013,14,35,12,6,0,2,1,1,2,1,2,3,0,2,1,0,0,0
201368808859,3,2,9,74,4,20.879,1,5,5,2013,15,53,8,0,0,2,1,1,3,1,2,3,0,3,1,0,0,0
201368808875,4,2,9,74,4,350.7672,2,5,5,2013,14,50,12,7,0,1,1,10,0,0,2,3,0,1,1,0,0,0
201368808931,1,2,9,74,4,4.1758,2,6,3,2013,22,54,12,6,1,2,3,10,3,3,1,3,0,3,1,20,0,0
201368808981,6,2,9,74,4,208.79,2,6,7,2013,7,50,14,0,0,1,1,10,0,0,2,3,1,1,7,0,0,0
201368809017,3,2,9,74,4,20.879,2,6,2,2013,16,45,12,7,0,2,1,1,2,1,2,3,0,2,1,28,0,0
201368809025,4,2,9,74,4,350.7672,2,6,2,2013,12,45,12,1,0,2,1,1,0,0,2,3,0,2,1,0,0,0
201368809048,1,2,1,74,4,4.1758,3,6,4,2013,16,34,12,6,0,2,1,1,3,1,2,3,0,3,1,0,0,0
201368809111,1,2,2,74,4,4.1758,2,6,7,2013,18,10,12,6,0,2,1,1,3,1,2,8,0,2,1,0,0,0
201368809123,2,2,2,74,4,58.4612,2,6,5,2013,17,0,12,1,0,2,1,10,2,1,2,8,0,2,1,0,0,0
201368809182,6,2,9,74,4,208.79,2,6,3,2013,10,8,12,6,0,2,1,1,0,0,2,3,0,2,1,0,0,0
201368809190,3,2,9,74,4,20.879,2,6,5,2013,16,51,12,6,0,2,1,10,2,3,2,3,0,2,1,0,0,0
201368809214,4,2,9,74,4,350.7672,2,6,7,2013,20,5,12,1,0,2,5,1,0,0,1,3,0,3,1,0,0,0
201368809215,3,2,9,74,4,20.879,1,6,7,2013,11,48,9,0,0,2,1,10,2,1,2,3,0,2,1,0,0,0
201368809236,5,2,9,74,4,91.8676,2,6,2,2013,18,51,12,6,0,2,1,10,1,1,2,3,0,2,1,0,0,0
201368809268,1,2,9,74,4,4.1758,1,6,6,2013,3,43,42,0,0,1,3,10,4,1,2,3,0,1,4,0,0,0
201368809271,3,2,9,74,4,20.879,1,6,7,2013,21,3,1,0,1,5,3,1,3,1,2,3,0,1,4,0,0,0
201368809332,3,2,9,74,4,20.879,1,6,1,2013,12,57,25,0,1,5,1,1,3,1,2,3,0,1,4,0,0,0
201368809348,5,2,1,74,4,91.8676,2,6,6,2013,1,15,12,8,0,2,3,1,1,3,1,3,0,2,1,0,0,0
201368809396,4,2,1,74,4,350.7672,2,7,4,2013,10,38,12,6,0,2,1,1,0,0,2,3,0,3,1,0,0,0
201368809403,6,2,1,74,4,208.79,1,7,4,2013,3,20,30,0,0,1,3,1,0,0,1,3,0,1,4,0,0,0
201368809442,1,2,9,74,4,4.1758,1,6,1,2013,23,33,42,0,0,1,3,1,4,2,1,3,0,1,5,0,0,0
201368809449,6,2,9,74,4,208.79,2,7,3,2013,15,40,12,6,0,2,1,10,0,0,2,3,0,2,1,0,0,0
201368809458,4,2,9,74,4,350.7672,2,7,5,2013,22,25,12,2,0,1,3,1,0,0,2,3,0,1,1,0,0,0
201368809511,1,2,1,74,4,4.1758,1,7,1,2013,16,11,42,0,0,1,1,10,3,2,2,3,0,1,4,0,0,0
201368809517,3,2,1,74,4,20.879,2,7,3,2013,22,3,12,6,0,2,3,1,2,1,2,3,0,2,1,0,0,0
201368809577,3,2,1,74,4,20.879,2,7,2,2013,11,36,12,6,0,2,1,1,2,1,2,3,0,2,1,0,0,0
201368809578,4,2,1,74,4,350.7672,2,7,2,2013,10,45,12,7,1,5,1,1,0,0,2,3,0,1,1,0,0,0
201368809690,6,2,1,74,4,208.79,2,7,6,2013,20,50,12,6,0,2,5,1,1,1,1,3,0,2,1,0,0,0
201368809693,3,2,9,74,4,20.879,3,7,6,2013,17,27,12,1,0,1,1,1,2,2,1,3,0,1,1,0,0,0
201368809701,1,2,9,74,4,4.1758,2,7,3,2013,13,30,12,6,0,2,1,1,3,3,2,3,0,2,1,0,0,0
201368809711,3,2,9,74,4,20.879,2,7,5,2013,7,41,12,1,1,5,1,1,3,1,2,3,0,1,1,0,0,0
201368809712,4,2,9,74,4,350.7672,2,7,5,2013,10,31,12,7,0,2,1,1,0,0,2,3,0,2,1,0,0,0
201368809734,6,2,9,74,4,208.79,2,7,5,2013,17,25,12,6,0,2,1,1,2,1,2,3,0,2,1,0,0,0
201368809756,4,2,1,74,4,350.7672,2,7,3,2013,7,28,12,1,0,1,1,2,0,0,2,3,0,1,1,0,0,0
201368809777,3,2,1,74,4,20.879,2,7,5,2013,18,37,12,6,0,2,1,1,2,1,2,3,0,2,1,0,0,0
201368809789,1,2,9,74,4,4.1758,2,7,6,2013,21,18,40,0,0,1,3,1,4,2,1,3,0,1,4,14,0,0
201368809796,1,2,9,74,4,4.1758,2,7,2,2013,14,9,12,6,0,2,1,1,3,1,2,3,0,2,1,0,0,0
201368809829,1,2,1,74,4,4.1758,2,7,7,2013,0,38,12,6,0,2,3,1,3,3,1,3,0,2,1,0,0,0
201368809830,3,2,1,74,4,20.879,1,7,7,2013,0,37,30,0,0,1,3,1,3,1,1,3,0,1,4,0,0,0
201368809894,1,2,9,74,4,4.1758,2,7,4,2013,0,2,12,6,0,2,3,1,3,3,2,3,0,2,1,0,0,0
201368809895,1,2,9,74,4,4.1758,1,7,6,2013,8,40,42,0,0,1,1,10,3,1,1,3,0,1,6,0,0,0
201368809902,1,2,9,74,4,4.1758,2,7,1,2013,9,32,12,1,0,1,1,1,3,2,2,3,0,1,1,0,0,0
201368809909,1,2,9,74,4,4.1758,2,7,3,2013,6,31,12,2,0,1,4,10,3,6,2,3,0,1,1,0,0,0
201368809918,4,2,9,74,4,350.7672,2,7,3,2013,20,30,14,0,0,1,3,10,0,0,2,3,1,1,7,0,0,0
201368810013,4,2,9,74,4,350.7672,2,8,2,2013,22,38,14,0,0,1,3,10,0,0,2,3,1,1,7,0,0,0
201368810023,3,2,9,74,4,20.879,1,8,4,2013,6,50,8,0,0,2,1,1,3,1,2,3,0,2,1,0,0,0
201368810116,4,2,1,74,4,350.7672,2,8,5,2013,7,33,12,6,0,2,4,10,0,0,2,3,0,2,1,0,0,0
201368810121,3,2,1,74,4,20.879,1,8,5,2013,15,50,8,0,0,1,1,10,3,1,2,3,0,1,1,0,0,0
201368810168,1,2,1,74,4,4.1758,3,8,4,2013,19,42,12,6,0,2,1,1,3,2,2,3,0,2,1,0,0,0
201368810187,1,2,1,74,4,4.1758,1,8,4,2013,23,9,42,0,1,5,3,1,3,1,1,3,0,1,6,0,0,0
201368810192,3,2,1,74,4,20.879,3,8,6,2013,18,0,12,1,0,1,1,1,2,2,2,3,0,1,1,0,0,0
201368810218,6,2,1,74,4,208.79,1,8,1,2013,6,4,33,0,0,2,4,10,0,0,2,3,0,,3,,,
201368810224,4,2,1,74,4,350.7672,2,8,1,2013,13,41,12,7,0,1,1,1,0,0,2,3,0,1,1,0,0,0
201368810230,1,2,1,74,4,4.1758,2,8,3,2013,12,29,12,6,0,2,1,1,3,2,2,3,0,3,1,0,0,0
201368810266,1,2,9,74,4,4.1758,2,8,7,2013,0,42,12,1,0,2,3,1,3,1,1,3,0,3,1,0,0,0
201368810470,6,2,9,74,4,208.79,2,9,6,2013,11,20,12,6,0,2,1,1,0,0,2,3,0,2,1,0,0,0
201368810488,4,2,9,74,4,350.7672,2,9,6,2013,13,10,12,11,1,2,1,1,0,0,2,3,0,2,1,0,0,0
201368810501,3,2,1,74,4,20.879,2,8,7,2013,19,31,12,6,0,2,5,1,3,2,2,3,0,2,1,0,0,0
201368810522,6,2,1,74,4,208.79,2,9,5,2013,7,45,12,6,0,2,1,10,0,0,2,3,0,2,1,0,0,0
201368810523,4,2,1,74,4,350.7672,2,9,5,2013,8,16,12,1,0,2,1,2,0,0,2,3,0,2,1,0,0,0
201368810571,3,2,1,74,4,20.879,2,9,4,2013,22,21,12,1,0,4,3,10,2,1,1,3,0,1,1,0,0,0
201368810595,1,2,1,74,4,4.1758,2,9,4,2013,16,52,12,6,0,2,1,10,3,2,2,3,0,2,1,0,0,0
201368810599,1,2,9,74,4,4.1758,1,9,6,2013,17,55,31,0,1,5,1,1,4,3,1,3,0,1,4,0,0,0
201368810602,1,2,9,74,4,4.1758,2,9,6,2013,21,19,12,2,0,1,3,1,3,3,1,3,0,1,1,0,0,0
201368810603,1,2,9,74,4,4.1758,1,9,1,2013,6,58,19,0,0,2,3,1,4,2,1,3,0,3,5,0,0,0
201368810694,6,2,9,74,4,208.79,5,9,4,2013,16,30,12,1,0,1,1,1,0,0,2,3,0,1,1,0,0,0
201368810709,4,2,9,74,4,350.7672,2,9,6,2013,12,0,1,0,0,2,1,1,0,0,2,3,0,2,1,0,0,0
201368810733,5,2,9,74,4,91.8676,1,9,6,2013,21,40,43,0,0,1,3,1,2,1,2,3,0,1,1,0,0,0
201368810734,3,2,9,74,4,20.879,2,9,6,2013,18,55,12,6,0,2,5,1,3,1,2,3,0,2,1,0,0,0
201368810744,3,2,1,74,4,20.879,1,9,6,2013,16,24,9,0,0,2,1,1,2,1,2,3,0,3,1,16,0,0
201368810790,1,2,1,74,4,4.1758,1,9,5,2013,1,20,42,0,0,2,3,1,3,2,1,3,0,2,4,0,0,0
201368810805,6,2,1,74,4,208.79,2,9,5,2013,8,0,12,6,0,2,1,2,0,0,2,3,0,2,1,0,0,0
201368810844,3,2,1,74,4,20.879,1,9,4,2013,12,50,1,0,0,1,1,1,3,2,2,3,0,1,1,0,0,0
201368810845,4,2,1,74,4,350.7672,2,9,4,2013,14,30,12,1,0,2,1,1,0,0,2,3,0,2,1,0,0,0
201368810938,3,2,9,74,4,20.879,2,9,2,2013,17,18,12,7,0,2,1,1,2,1,2,3,0,2,1,0,0,0
201368810971,1,2,9,74,4,4.1758,1,9,1,2013,3,2,50,0,1,19,3,1,3,1,1,3,0,1,4,0,0,0
201368810976,3,2,9,74,4,20.879,1,9,3,2013,14,24,8,0,0,2,1,1,2,1,2,3,0,2,1,0,0,0
201368811012,4,2,9,74,4,350.7672,2,10,4,2013,12,36,12,1,0,1,1,1,0,0,2,3,0,1,1,0,0,0
201368811017,1,2,9,74,4,4.1758,2,10,4,2013,18,41,12,6,0,2,5,1,3,2,2,3,0,2,1,0,0,0
201368811022,6,2,9,74,4,208.79,2,10,4,2013,11,37,12,1,0,2,1,10,0,0,2,3,0,2,1,0,0,0
201368811028,2,2,9,74,4,58.4612,2,10,4,2013,15,20,25,0,1,19,1,10,0,0,2,3,0,1,3,0,0,0
201368811055,1,2,1,74,4,4.1758,3,9,4,2013,14,58,12,6,0,2,1,1,3,2,2,3,0,2,1,0,0,0
201368811101,1,2,9,74,4,4.1758,2,10,3,2013,16,37,12,6,0,2,1,1,3,2,2,3,0,2,1,0,0,0
201368811133,4,2,9,74,4,350.7672,2,10,5,2013,15,8,12,6,0,2,1,1,0,0,2,3,0,2,1,0,0,0
201368811141,3,2,9,74,4,20.879,1,10,7,2013,11,30,9,0,0,2,1,1,2,1,2,3,0,2,1,0,0,0
201368811183,1,2,1,74,4,4.1758,2,10,5,2013,17,17,12,6,0,2,1,1,3,3,1,3,0,3,1,0,0,0
201368811244,1,2,1,74,4,4.1758,1,10,6,2013,23,4,20,0,1,5,3,1,4,1,2,3,0,1,10,0,0,0
201368811280,1,2,9,74,4,4.1758,2,10,4,2013,6,10,12,2,0,2,3,1,3,2,2,3,0,3,1,0,0,0
201368811296,6,2,9,74,4,208.79,2,10,4,2013,19,35,12,6,0,4,3,1,1,2,2,3,0,1,1,0,0,0
201368811301,1,2,9,74,4,4.1758,2,10,4,2013,23,50,12,6,0,2,3,10,3,3,1,3,0,2,1,0,0,0
201368811331,4,2,1,74,4,350.7672,2,10,4,2013,12,40,12,6,0,2,1,1,0,0,2,3,0,2,1,0,0,0
201368811347,6,2,1,74,4,208.79,2,10,3,2013,13,54,12,6,0,2,1,10,0,0,2,3,0,3,1,0,0,0
201368811382,2,2,3,74,4,58.4612,2,9,3,2013,8,33,12,1,0,2,1,2,0,0,2,1,0,2,1,0,0,0
201368811383,1,2,3,74,4,4.1758,2,10,7,2013,16,50,12,6,0,2,1,10,3,2,2,1,0,2,1,0,0,0
201368811413,4,2,9,74,4,350.7672,2,10,4,2013,11,37,12,1,0,2,1,10,0,0,2,3,0,2,1,0,0,0
201368811505,5,2,1,74,4,91.8676,1,10,3,2013,13,30,30,0,0,1,1,2,2,1,2,3,0,1,4,0,0,0
201368811527,1,2,1,74,4,4.1758,2,10,3,2013,7,10,12,8,0,1,3,2,3,1,2,3,0,1,1,0,0,0
201368811529,4,2,1,74,4,350.7672,2,10,3,2013,12,28,12,1,0,2,1,10,0,0,2,3,0,2,1,0,0,0
201368811557,6,2,1,74,4,208.79,1,10,1,2013,6,9,1,0,0,1,2,1,0,0,2,3,0,1,1,0,0,0
201368811559,3,2,1,74,4,20.879,1,10,1,2013,18,20,8,0,0,1,2,1,2,1,2,3,0,1,1,0,0,0
201368811583,1,2,1,74,4,4.1758,4,10,6,2013,16,27,12,1,1,17,1,1,3,2,2,3,0,1,1,0,0,0
201368811678,1,2,1,74,4,4.1758,1,10,5,2013,17,36,46,0,0,2,5,1,3,1,2,3,0,2,4,0,0,0
201368811693,4,2,1,74,4,350.7672,1,11,6,2013,15,4,38,0,0,1,1,1,1,1,2,3,0,1,5,0,0,0
201368811726,5,2,9,74,4,91.8676,1,10,6,2013,15,17,33,0,0,1,1,1,1,1,2,3,0,1,4,0,0,0
201368811761,3,2,9,74,4,20.879,2,10,5,2013,14,30,14,0,0,1,1,1,3,1,2,3,1,1,7,0,0,0
201368811776,4,2,9,74,4,350.7672,2,10,5,2013,7,45,12,6,0,2,1,1,0,0,2,3,0,2,1,0,0,0
201368811782,6,2,9,74,4,208.79,2,10,5,2013,14,53,12,6,0,2,1,1,1,2,2,3,0,2,1,0,0,0
201368811812,1,2,9,74,4,4.1758,1,11,7,2013,23,19,59,0,0,1,3,1,3,1,1,3,0,1,4,0,0,0
201368811872,5,2,1,74,4,91.8676,3,11,6,2013,17,50,12,1,0,1,1,1,1,1,2,3,0,1,1,0,0,0
201368811953,1,2,1,74,4,4.1758,2,11,2,2013,17,44,12,6,1,2,3,1,3,2,2,3,0,2,1,0,0,0
201368811956,1,2,1,74,4,4.1758,3,11,4,2013,9,48,12,6,0,2,1,1,4,2,2,3,0,2,1,0,0,0
201368812032,5,2,9,74,4,91.8676,2,11,5,2013,13,27,12,6,0,2,1,10,1,1,2,3,0,2,1,0,0,0
201368812037,6,2,9,74,4,208.79,4,11,5,2013,7,50,12,1,0,1,1,1,0,0,2,3,0,1,1,0,0,0
201368812101,4,2,9,74,4,350.7672,2,11,4,2013,20,39,12,7,0,2,3,1,0,0,2,3,0,3,1,0,0,0
201368812120,1,2,9,74,4,4.1758,2,11,6,2013,8,9,12,2,0,1,1,10,3,2,2,3,0,1,1,0,0,0
201368812164,1,2,9,74,4,4.1758,1,11,3,2013,6,55,1,0,1,5,4,10,3,1,2,3,0,1,4,0,0,0
201368812183,6,2,1,74,4,208.79,2,11,3,2013,6,59,12,6,0,2,4,1,2,1,2,3,0,2,1,0,0,0
201368812190,3,2,1,74,4,20.879,1,11,3,2013,12,7,8,0,0,1,1,1,3,1,2,3,0,1,1,0,0,0
201368812231,4,2,1,74,4,350.7672,1,11,5,2013,21,0,8,0,0,2,3,4,0,0,2,3,0,2,1,0,0,0
201368812240,1,2,1,74,4,4.1758,2,11,5,2013,13,0,12,1,0,1,1,3,3,2,2,3,0,1,1,23,0,0
201368812310,1,2,1,74,4,4.1758,1,11,7,2013,1,48,20,0,1,19,3,1,3,1,1,3,0,1,8,0,0,0
201368812329,6,2,1,74,4,208.79,2,11,4,2013,9,44,12,6,0,2,1,1,0,0,2,3,0,2,1,0,0,0
201368812347,5,2,1,74,4,91.8676,2,11,6,2013,21,7,12,6,0,2,3,1,1,3,2,3,0,2,1,0,0,0
201368812393,6,2,9,74,4,208.79,3,11,3,2013,16,39,12,1,0,1,1,1,0,0,1,3,0,1,1,0,0,0
201368812446,1,2,9,74,4,4.1758,3,12,2,2013,17,18,12,1,0,1,3,10,3,1,2,3,0,1,1,0,0,0
201368812448,4,2,9,74,4,350.7672,2,12,2,2013,17,57,12,1,0,2,3,1,0,0,2,3,0,3,1,0,0,0
201368812471,1,2,9,74,4,4.1758,1,11,7,2013,23,10,43,0,0,1,3,1,3,2,1,3,0,1,4,0,0,0
201368812503,5,2,9,74,4,91.8676,2,12,4,2013,13,10,12,6,0,2,1,10,1,1,2,3,0,3,1,0,0,0
201368812545,3,2,9,74,4,20.879,2,12,6,2013,21,20,12,6,0,2,3,1,3,2,2,3,0,2,1,0,0,0
201368812566,4,2,1,74,4,350.7672,2,12,3,2013,17,5,12,9,0,1,3,10,0,0,2,3,0,1,1,0,0,0
201368812578,3,2,1,74,4,20.879,1,12,3,2013,22,16,25,0,1,2,2,10,2,1,2,3,0,3,4,0,0,0
201368812627,6,2,1,74,4,208.79,2,12,4,2013,19,20,12,6,0,2,3,1,0,0,2,3,0,2,1,0,0,0
201368812653,4,2,1,74,4,350.7672,2,12,4,2013,12,30,12,6,0,2,1,1,0,0,2,3,0,2,1,0,0,0
201368812711,1,2,1,74,4,4.1758,2,12,6,2013,1,10,12,1,0,2,3,1,3,1,1,3,0,3,1,0,0,0
201368812712,1,2,1,74,4,4.1758,1,12,6,2013,2,39,30,0,0,1,3,1,3,1,1,3,0,1,4,0,0,0
201368812722,1,2,9,74,4,4.1758,1,12,1,2013,2,48,42,0,0,1,2,4,3,1,1,3,0,1,4,0,0,0
201368812734,1,2,9,74,4,4.1758,1,12,3,2013,13,59,30,0,0,1,1,4,3,2,2,3,0,1,4,0,0,0
201368812802,1,2,9,74,4,4.1758,2,12,5,2013,15,51,12,1,0,2,1,1,3,1,2,3,0,3,1,0,0,0
201368812826,1,2,9,74,4,4.1758,1,11,5,2013,2,30,35,0,0,1,3,1,3,1,1,3,0,1,6,0,0,0
201368812836,1,2,9,74,4,4.1758,2,12,2,2013,6,52,12,6,0,2,1,1,3,2,2,3,0,3,1,0,0,0
201368812838,6,2,9,74,4,208.79,3,12,2,2013,7,5,12,1,0,1,1,1,0,0,2,3,0,1,1,0,0,0
201368812844,5,2,9,74,4,91.8676,3,12,4,2013,14,44,12,6,0,2,1,1,1,1,2,3,0,2,1,0,0,0
201368812936,4,2,9,74,4,350.7672,2,12,1,2013,0,15,12,6,0,2,3,4,0,0,2,3,0,2,1,0,0,0
201368812984,1,2,1,74,4,4.1758,2,12,6,2013,16,32,12,6,0,2,5,1,3,1,2,3,0,2,1,0,0,0
201368813004,6,2,1,74,4,208.79,2,12,3,2013,17,45,12,1,1,18,3,10,0,0,2,3,0,1,1,0,0,0
201368813007,1,2,1,74,4,4.1758,1,12,3,2013,20,10,59,0,0,1,3,1,3,2,2,3,0,1,3,0,0,0
201368813045,4,2,1,74,4,350.7672,2,12,5,2013,11,19,12,6,0,2,1,1,0,0,2,3,0,2,1,0,0,0
201368813110,3,2,9,74,4,20.879,3,12,5,2013,15,35,12,1,1,2,1,1,2,4,2,3,0,,1,0,0,0
201368813125,1,2,1,74,4,4.1758,1,12,5,2013,0,11,38,0,0,1,3,1,3,1,1,3,0,1,4,0,0,0
201368813165,1,2,1,74,4,4.1758,1,12,1,2013,23,25,30,0,0,4,3,1,3,1,1,3,0,1,4,0,0,0
201369502620,6,4,3,75,11,209.9552,1,1,6,2013,22,47,33,0,0,2,3,1,0,0,2,3,0,,4,0,0,0
201369502625,2,4,3,75,11,56.5264,2,1,4,2013,8,51,12,6,0,2,1,1,1,1,2,3,0,,1,0,0,0
201369502630,4,4,3,75,11,347.2336,1,1,5,2013,17,14,18,0,0,1,3,1,0,0,2,3,0,1,7,0,0,0
201369502657,5,4,4,75,11,88.8272,2,1,2,2013,18,37,12,1,0,2,3,1,2,4,2,2,0,4,1,0,0,0
201369502668,4,4,4,75,11,347.2336,2,1,5,2013,1,47,14,0,0,1,2,1,0,0,1,2,1,1,7,0,0,0
201369502706,3,4,3,75,11,16.1504,1,1,4,2013,8,12,8,0,0,2,1,1,2,1,2,3,0,,1,0,0,0
201369502764,5,4,3,75,11,88.8272,2,1,5,2013,13,7,12,1,0,2,1,1,1,1,2,3,0,,1,0,0,0
201369502793,3,4,4,75,11,16.1504,2,1,4,2013,16,30,12,6,0,2,5,1,2,3,2,2,0,2,1,0,0,0
201369502837,3,4,4,75,11,16.1504,2,2,7,2013,18,37,9,0,0,2,3,1,2,1,2,2,0,3,1,0,0,0
201369502844,4,4,4,75,11,347.2336,2,2,6,2013,16,45,12,1,0,1,1,1,0,0,2,2,0,1,1,0,0,0
201369502845,3,4,4,75,11,16.1504,1,2,7,2013,11,36,1,0,0,4,1,1,3,1,2,2,0,1,1,0,0,0
201369502902,4,4,3,75,11,347.2336,2,2,6,2013,15,23,12,6,0,2,1,1,0,0,2,3,0,,1,0,0,0
201369503010,6,4,3,75,11,209.9552,2,2,3,2013,17,35,12,6,0,2,5,1,0,0,2,3,0,,1,0,0,0