CASENUM,STRATUM,REGION,PJ,PSU,PSUSTRAT,WEIGHT,VE_TOTAL,MONTH,WKDY_IM,YEAR,HOUR_IM,MINUTE_IM,EVENT1_IM,MANCOL_IM,RELJCT1_IM,RELJCT2_IM,LGTCON_IM,WEATHR_IM,MAXSEV_IM,NO_INJ_IM,ALCHL_IM,LAND_USE,PVH_INVL,TYP_INT,REL_ROAD,CF1,CF2,CF3
201369503017,5,4,3,75,11,88.8272,1,2,4,2013,21,1,25,0,1,5,3,1,1,1,2,3,0,1,,0,0,0
201369503035,4,4,3,75,11,347.2336,2,2,7,2013,11,4,12,2,0,2,1,1,0,0,2,3,0,,1,0,0,0
201369503046,5,4,4,75,11,88.8272,3,2,5,2013,14,9,12,1,0,2,1,1,1,1,2,2,0,,1,0,0,0
201369503059,4,4,4,75,11,347.2336,2,2,3,2013,20,5,12,1,0,2,3,1,0,0,2,2,0,,1,0,0,0
201369503096,1,4,1,75,11,8.0752,2,2,4,2013,18,0,12,2,0,1,3,4,3,1,2,1,0,1,1,0,0,0
201369503120,6,4,1,75,11,209.9552,1,2,3,2013,14,40,35,0,0,1,1,4,0,0,2,1,0,1,4,0,0,0
201369503138,3,4,1,75,11,16.1504,1,1,1,2013,11,40,1,0,0,1,1,1,4,1,2,1,0,1,1,0,0,0
201369503169,1,4,3,75,11,8.0752,2,3,2,2013,22,10,12,2,0,2,3,4,3,2,2,3,0,2,1,0,0,0
201369503197,6,4,3,75,11,209.9552,2,3,3,2013,6,57,12,6,0,2,1,1,0,0,2,3,0,,1,0,0,0
201369503207,4,4,3,75,11,347.2336,2,3,4,2013,17,43,12,7,0,1,1,1,0,0,2,3,0,1,1,0,0,0
201369503230,4,4,4,75,11,347.2336,2,3,3,2013,14,57,12,7,1,18,1,1,0,0,2,2,0,1,1,0,0,0
201369503239,6,4,4,75,11,209.9552,2,3,4,2013,18,58,12,6,0,4,5,1,0,0,2,2,0,1,1,0,0,0
201369503281,5,4,4,75,11,88.8272,1,3,2,2013,10,32,25,0,1,19,1,1,5,1,2,2,0,1,4,0,0,0
201369503293,5,4,3,75,11,88.8272,1,3,2,2013,17,49,33,0,0,1,1,1,2,1,2,3,0,1,4,0,0,0
201369503299,3,4,3,75,11,16.1504,2,3,6,2013,10,55,12,1,0,1,1,1,2,1,2,3,0,1,1,0,0,0
201369503345,3,4,4,75,11,16.1504,2,3,2,2013,15,1,12,6,0,4,1,1,2,3,2,2,0,1,1,0,0,0
201369503386,3,4,3,75,11,16.1504,2,4,7,2013,15,24,12,1,0,2,1,1,2,2,2,3,0,,1,0,0,0
201369503424,4,4,4,75,11,347.2336,2,3,1,2013,11,15,14,0,0,4,1,1,0,0,2,2,1,1,6,0,0,0
201369503460,6,4,4,75,11,209.9552,3,4,4,2013,9,39,12,7,1,18,1,1,0,0,2,2,0,1,1,0,0,0
201369503468,4,4,3,75,11,347.2336,2,4,3,2013,9,12,14,0,0,1,1,4,0,0,2,3,1,1,7,0,0,0
201369503478,6,4,3,75,11,209.9552,3,4,6,2013,10,10,12,1,0,1,1,1,1,2,2,3,0,1,1,0,0,0
201369503484,3,4,3,75,11,16.1504,1,4,6,2013,18,44,9,0,0,2,1,1,2,1,2,3,0,,1,0,0,0
201369503541,4,4,4,75,11,347.2336,2,4,4,2013,17,22,12,1,0,2,1,2,0,0,2,2,0,3,1,0,0,0
201369503592,3,4,3,75,11,16.1504,1,4,6,2013,18,26,1,0,0,1,1,1,2,1,1,3,0,1,1,0,0,0
201369503621,5,4,3,75,11,88.8272,1,5,4,2013,20,6,24,0,1,19,3,3,1,1,2,3,0,1,4,0,0,0
201369503633,1,4,4,75,11,8.0752,1,5,7,2013,3,19,23,0,0,1,3,1,3,1,1,2,0,1,4,0,0,0
201369503634,4,4,4,75,11,347.2336,1,5,1,2013,21,23,59,0,1,5,3,1,0,0,2,2,0,1,8,0,0,0
201369503659,3,4,3,75,11,16.1504,1,5,5,2013,7,32,9,0,0,4,1,1,3,1,2,3,0,1,1,0,0,0
201369503662,4,4,3,75,11,347.2336,2,5,2,2013,7,40,12,1,0,2,1,1,0,0,2,3,0,,1,0,0,0
201369503670,3,4,3,75,11,16.1504,2,5,7,2013,20,35,12,1,0,1,3,1,2,2,1,3,0,1,1,0,0,0
201369503681,6,4,3,75,11,209.9552,2,5,7,2013,18,1,12,6,0,2,1,1,0,0,2,3,0,,1,0,0,0
201369503689,3,4,4,75,11,16.1504,1,5,7,2013,12,56,1,0,0,1,1,1,2,2,2,2,0,1,1,0,0,0
201369503767,6,4,4,75,11,209.9552,2,5,4,2013,14,31,12,6,0,2,1,1,0,0,2,2,0,2,1,0,0,0
201369503790,4,4,3,75,11,347.2336,2,6,3,2013,9,43,12,7,0,2,1,1,0,0,2,3,0,2,1,0,0,0
201369503798,5,4,3,75,11,88.8272,2,6,7,2013,16,11,12,6,0,2,1,1,2,1,2,3,0,2,1,0,0,0
201369503813,3,4,3,75,11,16.1504,1,5,5,2013,7,0,9,0,0,2,1,1,2,1,2,3,0,,1,16,0,0
201369503816,3,4,3,75,11,16.1504,1,5,7,2013,13,43,25,0,1,5,1,1,2,1,2,3,0,1,3,0,0,0
201369503825,3,4,4,75,11,16.1504,2,5,3,2013,9,55,12,7,0,4,1,1,2,1,2,2,0,1,1,0,0,0
201369503834,4,4,4,75,11,347.2336,1,6,7,2013,4,12,9,0,0,2,4,1,0,0,2,2,0,2,1,16,0,0
201369503874,5,4,4,75,11,88.8272,3,6,6,2013,11,45,12,1,0,1,1,1,1,3,2,2,0,1,1,0,0,0
201369503916,1,4,3,75,11,8.0752,2,5,7,2013,6,58,14,0,1,5,1,1,4,3,1,3,1,1,8,23,0,0
201369503923,3,4,3,75,11,16.1504,1,6,6,2013,23,14,8,0,1,5,3,1,3,1,1,3,0,1,1,0,0,0
201369503949,4,4,3,75,11,347.2336,2,6,1,2013,20,2,12,1,0,2,1,1,0,0,2,3,0,,1,0,0,0
201369503959,6,4,3,75,11,209.9552,3,6,7,2013,9,55,12,1,0,2,1,1,0,0,2,3,0,,1,0,0,0
201369503975,4,4,4,75,11,347.2336,2,6,6,2013,17,40,12,6,0,1,1,1,0,0,2,2,0,1,1,0,0,0
201369503982,1,4,4,75,11,8.0752,2,6,3,2013,10,22,12,6,0,2,1,1,3,1,2,2,0,2,1,0,0,0
201369503990,6,4,4,75,11,209.9552,2,6,4,2013,14,7,12,6,0,2,1,1,0,0,2,2,0,,1,0,0,0
201369504066,4,4,3,75,11,347.2336,2,7,6,2013,19,41,12,11,0,2,1,1,0,0,2,3,0,,1,0,0,0
201369504096,6,4,3,75,11,209.9552,2,7,4,2013,17,39,12,1,0,2,1,1,0,0,2,3,0,,1,0,0,0
201369504097,5,4,3,75,11,88.8272,2,7,2,2013,13,33,12,6,0,2,1,1,1,1,2,3,0,,1,0,0,0
201369504103,4,4,4,75,11,347.2336,2,6,7,2013,16,15,12,1,0,2,1,1,0,0,2,2,0,,1,0,0,0
201369504106,3,4,4,75,11,16.1504,1,7,4,2013,12,23,9,0,0,2,1,1,2,1,2,2,0,3,1,0,0,0
201369504126,3,4,3,75,11,16.1504,2,7,3,2013,6,41,12,6,0,4,1,1,2,1,2,3,0,1,1,0,0,0
201369504160,4,4,3,75,11,347.2336,2,7,5,2013,7,45,12,6,0,2,1,1,0,0,2,3,0,,1,0,0,0
201369504167,3,4,3,75,11,16.1504,1,7,5,2013,19,6,15,0,0,2,1,1,2,1,2,3,0,,1,16,0,0
201369504172,5,4,4,75,11,88.8272,2,7,7,2013,13,50,12,6,0,2,1,1,1,1,2,2,0,2,1,0,0,0
201369504180,3,4,4,75,11,16.1504,2,7,7,2013,22,51,12,8,0,2,3,1,2,1,2,2,0,2,1,0,0,0
201369504233,4,4,2,75,11,347.2336,1,7,1,2013,16,36,9,0,0,2,1,1,0,0,2,3,0,3,1,16,0,0
201369504238,3,4,2,75,11,16.1504,2,7,1,2013,9,50,12,6,0,2,1,1,2,1,2,3,0,2,1,0,0,0
201369504294,3,4,3,75,11,16.1504,1,7,3,2013,8,33,38,0,0,1,1,1,3,1,2,3,0,1,4,0,0,0
201369504302,3,4,3,75,11,16.1504,1,8,2,2013,8,4,1,0,1,18,1,1,2,1,2,3,0,1,1,3,0,0
201369504308,4,4,3,75,11,347.2336,2,7,4,2013,14,29,12,7,0,1,1,10,0,0,2,3,0,1,1,0,0,0
201369504313,6,4,3,75,11,209.9552,2,7,4,2013,13,48,12,1,1,18,1,1,1,1,2,3,0,1,1,0,0,0
201369504376,1,4,3,75,11,8.0752,3,8,1,2013,11,56,12,1,0,1,1,1,3,2,2,3,0,1,1,0,0,0
201369504395,4,4,4,75,11,347.2336,2,8,2,2013,17,18,12,10,0,2,1,1,0,0,2,2,0,,1,0,0,0
201369504448,4,4,2,75,11,347.2336,2,8,2,2013,17,43,12,7,0,2,1,1,0,0,2,3,0,,1,0,0,0
201369504460,3,4,2,75,11,16.1504,2,8,6,2013,21,17,12,6,0,4,3,1,4,1,1,3,0,1,1,0,0,0
201369504462,6,4,2,75,11,209.9552,2,8,1,2013,18,36,12,1,0,2,5,1,0,0,2,3,0,,1,0,0,0
201369504474,3,4,2,75,11,16.1504,2,8,7,2013,16,28,12,7,0,2,1,1,2,1,1,3,0,,1,0,0,0
201369504499,5,4,2,75,11,88.8272,3,8,3,2013,7,56,12,6,0,2,1,1,2,2,2,3,0,,1,0,0,0
201369504510,1,4,2,75,11,8.0752,2,8,2,2013,18,7,12,6,0,2,1,1,3,2,2,3,0,,1,0,0,0
201369504533,1,4,3,75,11,8.0752,2,8,2,2013,10,41,12,6,0,2,1,1,3,2,2,3,0,,1,0,0,0
201369504534,5,4,3,75,11,88.8272,3,8,6,2013,17,52,12,6,0,2,1,1,1,1,2,3,0,2,1,0,0,0
201369504536,3,4,3,75,11,16.1504,1,8,3,2013,20,30,8,0,0,2,3,1,3,1,1,3,0,3,1,0,0,0
201369504556,4,4,3,75,11,347.2336,2,8,2,2013,11,30,12,7,0,2,1,1,0,0,2,3,0,,1,0,0,0
201369504585,3,4,3,75,11,16.1504,1,8,2,2013,7,10,8,0,0,1,1,1,2,1,2,3,0,1,1,0,0,0
201369504598,3,4,4,75,11,16.1504,2,8,5,2013,15,49,12,6,0,1,1,1,2,1,2,2,0,1,11,0,0,0
201369504615,5,4,4,75,11,88.8272,2,8,3,2013,14,55,12,6,0,1,1,1,1,2,2,2,0,1,1,0,0,0
201369504617,6,4,4,75,11,209.9552,2,8,3,2013,5,51,12,1,0,1,4,1,0,0,2,2,0,1,1,0,0,0
201369504638,6,4,3,75,11,209.9552,1,8,2,2013,15,47,9,0,0,2,1,1,2,1,2,3,0,,1,16,0,0
201369504640,1,4,3,75,11,8.0752,1,8,6,2013,23,50,33,0,0,1,3,1,3,2,1,3,0,1,3,0,0,0
201369504660,4,4,4,75,11,347.2336,2,8,1,2013,14,22,12,1,1,2,1,1,0,0,2,2,0,,1,0,0,0
201369504670,3,4,4,75,11,16.1504,1,8,5,2013,0,53,25,0,1,5,3,1,4,1,1,2,0,1,4,0,0,0
201369504749,4,4,3,75,11,347.2336,3,9,2,2013,15,18,12,1,0,1,1,2,0,0,2,3,0,1,1,0,0,0
201369504755,2,4,3,75,11,56.5264,2,9,2,2013,10,44,12,6,0,2,1,1,0,0,2,3,0,,1,0,0,0
201369504786,3,4,4,75,11,16.1504,1,9,6,2013,16,20,9,0,0,1,1,1,2,1,2,2,0,1,1,0,0,0
201369504796,4,4,4,75,11,347.2336,2,9,2,2013,15,54,12,1,0,2,1,2,0,0,2,2,0,,1,0,0,0
201369504847,4,4,2,75,11,347.2336,2,9,2,2013,14,28,12,1,0,2,1,1,0,0,2,3,0,,1,0,0,0
201369504851,5,4,2,75,11,88.8272,4,9,2,2013,21,27,11,0,0,1,3,1,1,3,2,3,0,1,1,0,0,0
201369504871,6,4,2,75,11,209.9552,2,9,7,2013,19,25,12,6,0,2,3,1,0,0,2,3,0,,1,0,0,0
201369504933,4,4,3,75,11,347.2336,2,9,3,2013,10,20,14,0,0,1,1,1,0,0,2,3,1,1,7,0,0,0
201369504935,5,4,3,75,11,88.8272,2,9,4,2013,7,48,12,6,0,2,1,1,1,1,2,3,0,,1,0,0,0
201369504957,3,4,3,75,11,16.1504,1,9,3,2013,14,15,9,0,0,2,1,1,2,1,2,3,0,3,1,0,0,0
201369504969,6,4,3,75,11,209.9552,2,9,6,2013,16,29,12,6,0,2,1,1,0,0,2,3,0,,1,0,0,0
201369505001,4,4,4,75,11,347.2336,2,9,3,2013,15,20,12,1,0,1,1,1,0,0,2,2,0,1,1,0,0,0
201369505004,3,4,4,75,11,16.1504,2,9,6,2013,23,48,1,0,0,1,3,1,3,2,1,2,1,1,1,0,0,0
201369505041,4,4,3,75,11,347.2336,2,10,4,2013,7,27,12,1,0,2,1,1,0,0,2,3,0,,1,0,0,0
201369505046,1,4,3,75,11,8.0752,1,9,1,2013,1,10,1,0,1,5,3,1,4,2,1,3,0,1,4,0,0,0
201369505091,6,4,4,75,11,209.9552,2,9,6,2013,11,5,12,1,0,2,1,2,0,0,2,2,0,,1,0,0,0
201369505152,6,4,2,75,11,209.9552,3,10,4,2013,7,35,12,1,0,1,1,1,0,0,2,3,0,1,1,0,0,0
201369505168,3,4,2,75,11,16.1504,1,10,3,2013,12,43,1,0,0,1,1,1,2,1,2,3,0,1,1,0,0,0
201369505186,4,4,2,75,11,347.2336,2,10,2,2013,14,20,12,1,0,1,1,1,0,0,2,3,0,1,1,0,0,0
201369505201,3,4,2,75,11,16.1504,1,10,7,2013,19,12,8,0,0,2,3,1,2,1,2,3,0,,1,0,0,0
201369505267,6,4,3,75,11,209.9552,2,10,4,2013,17,29,12,1,0,2,1,1,0,0,2,3,0,,1,0,0,0
201369505298,3,4,2,75,11,16.1504,1,10,3,2013,13,29,35,0,0,1,1,1,2,1,2,3,0,1,6,0,0,0
201369505319,4,4,2,75,11,347.2336,2,10,2,2013,7,5,12,7,0,2,1,1,0,0,2,3,0,,1,0,0,0
201369505353,6,4,2,75,11,209.9552,2,10,5,2013,17,45,12,1,0,1,1,1,0,0,2,3,0,1,1,0,0,0
201369505395,4,4,3,75,11,347.2336,2,10,1,2013,20,37,12,7,0,1,3,1,0,0,2,3,0,1,1,0,0,0
201369505435,3,4,4,75,11,16.1504,2,10,5,2013,17,53,12,6,0,2,1,1,2,1,2,2,0,2,1,0,0,0
201369505455,6,4,4,75,11,209.9552,2,10,4,2013,16,41,12,1,0,2,1,1,0,0,2,2,0,,1,0,0,0
201369505489,4,4,2,75,11,347.2336,2,11,4,2013,13,55,12,1,0,2,1,1,0,0,2,3,0,,1,0,0,0
201369505500,1,4,2,75,11,8.0752,2,11,6,2013,6,39,12,2,0,2,3,1,3,2,2,3,0,2,1,0,0,0
201369505538,3,4,2,75,11,16.1504,1,11,7,2013,16,24,5,0,0,1,1,1,3,1,2,3,0,1,1,0,0,0
201369505551,4,4,2,75,11,347.2336,4,11,6,2013,13,49,12,1,0,2,1,1,1,1,2,3,0,,1,0,0,0
201369505557,5,4,2,75,11,88.8272,1,11,6,2013,10,2,30,0,0,1,1,1,1,1,1,3,0,1,4,0,0,0
201369505618,3,4,3,75,11,16.1504,1,11,3,2013,17,53,8,0,0,1,3,1,3,1,2,3,0,1,1,0,0,0
201369505626,4,4,4,75,11,347.2336,2,11,2,2013,16,7,12,6,0,4,1,1,0,0,2,2,0,1,1,0,0,0
201369505633,3,4,4,75,11,16.1504,1,11,6,2013,11,56,9,0,0,2,1,1,2,1,2,2,0,2,1,16,0,0
201369505663,3,4,2,75,11,16.1504,1,11,3,2013,15,54,5,0,1,18,1,1,3,1,2,3,0,1,1,0,0,0
201369505681,6,4,2,75,11,209.9552,2,11,2,2013,9,45,12,6,1,2,1,1,0,0,2,3,0,,1,0,0,0
201369505701,4,4,2,75,11,347.2336,2,11,6,2013,18,0,12,9,0,2,3,1,0,0,2,3,0,,1,0,0,0
201369505753,6,4,1,75,11,209.9552,1,11,3,2013,21,20,32,0,0,1,2,1,0,0,1,1,0,1,4,0,0,0
201369505757,5,4,1,75,11,88.8272,2,11,3,2013,7,50,12,1,1,2,1,1,1,1,2,1,0,,1,0,0,0
201369505776,1,4,1,75,11,8.0752,1,11,7,2013,23,31,24,0,0,1,2,1,3,4,2,1,0,1,3,0,0,0
201369505811,5,4,2,75,11,88.8272,2,11,2,2013,20,38,12,1,0,2,2,1,2,1,1,3,0,,1,0,0,0
201369505839,3,4,2,75,11,16.1504,1,11,4,2013,18,50,15,0,0,2,5,1,2,1,2,3,0,,1,0,0,0
201369505863,4,4,2,75,11,347.2336,2,12,1,2013,10,0,14,0,0,1,1,1,0,0,2,3,1,1,7,0,0,0
201369505870,1,4,2,75,11,8.0752,2,12,2,2013,14,16,12,2,0,2,1,1,3,2,1,3,0,2,1,0,0,0
201369505888,6,4,2,75,11,209.9552,3,12,4,2013,6,8,12,8,0,1,3,4,0,0,2,3,0,1,1,0,0,0
201369505938,3,4,4,75,11,16.1504,3,11,3,2013,17,47,12,1,0,1,3,1,3,1,2,2,0,1,1,0,0,0
201369505960,4,4,4,75,11,347.2336,2,12,2,2013,12,1,12,6,0,2,1,1,0,0,2,2,0,,1,0,0,0
201369505976,6,4,4,75,11,209.9552,2,12,4,2013,14,55,12,6,0,1,1,4,1,1,2,2,0,1,1,0,0,0
201369506011,1,4,3,75,11,8.0752,1,12,2,2013,22,36,33,0,0,2,3,1,4,2,1,3,0,,10,0,0,0
201369506014,4,4,3,75,11,347.2336,2,12,5,2013,3,15,14,0,0,1,3,1,0,0,2,3,1,1,7,0,0,0
201369506031,5,4,3,75,11,88.8272,1,12,1,2013,16,25,38,0,0,1,1,1,2,2,2,3,0,1,4,0,0,0
201369506106,4,4,2,75,11,347.2336,1,12,7,2013,16,39,35,0,0,1,1,1,0,0,2,3,0,1,4,0,0,0
201369506196,1,4,3,75,11,8.0752,2,12,7,2013,21,48,12,2,0,1,3,4,3,3,2,3,0,1,1,0,0,0
201369506215,6,4,4,75,11,209.9552,2,12,2,2013,15,14,12,1,0,2,1,1,1,1,2,2,0,,1,0,0,0
201369506227,1,4,4,75,11,8.0752,1,12,1,2013,21,30,1,0,1,5,3,4,3,1,1,2,0,1,4,0,0,0
201369506251,3,4,2,75,11,16.1504,2,12,6,2013,18,12,12,6,0,2,3,1,3,2,2,3,0,2,1,0,0,0
201369506256,1,4,2,75,11,8.0752,1,12,4,2013,15,25,33,0,0,2,1,1,3,2,1,3,0,,4,0,0,0
201369506261,5,4,2,75,11,88.8272,2,12,6,2013,5,40,12,6,0,2,3,1,1,3,2,3,0,,1,0,0,0
201369506277,6,4,2,75,11,209.9552,1,12,2,2013,3,15,11,0,0,1,3,1,0,0,2,3,0,1,1,0,0,0
201369601732,1,4,3,75,11,8.0752,1,1,3,2013,1,14,33,0,0,1,3,1,3,1,1,3,0,1,4,0,0,0
201369601787,3,4,2,75,11,16.1504,1,1,3,2013,19,2,8,0,0,1,3,1,3,1,2,3,0,1,1,0,0,0
201369601818,6,4,2,75,11,209.9552,1,1,1,2013,8,45,59,0,0,1,1,2,0,0,2,3,0,1,5,0,0,0
201369601833,4,4,2,75,11,347.2336,2,1,6,2013,16,18,12,7,0,1,1,1,0,0,2,3,0,1,1,0,0,0
201369601871,6,4,1,75,11,209.9552,2,1,3,2013,20,50,12,8,0,1,2,1,0,0,2,1,0,1,1,0,0,0
201369601876,4,4,1,75,11,347.2336,1,1,6,2013,20,30,42,0,0,1,2,1,0,0,2,1,0,1,4,0,0,0
201369601887,5,4,1,75,11,88.8272,1,1,6,2013,19,50,24,0,0,1,1,1,2,1,2,1,0,1,3,0,0,0
201369601928,1,4,1,75,11,8.0752,1,1,3,2013,17,0,42,0,0,1,5,1,3,1,2,1,0,1,4,0,0,0
201369601954,1,4,1,75,11,8.0752,1,1,2,2013,13,0,35,0,0,1,1,1,3,1,2,1,0,1,4,0,0,0
201369601955,6,4,1,75,11,209.9552,2,1,2,2013,8,0,12,1,0,2,1,1,0,0,2,1,0,,1,0,0,0
201369601961,5,4,1,75,11,88.8272,3,1,6,2013,13,30,12,1,0,2,1,1,1,2,2,1,0,,1,0,0,0
201369601971,3,4,2,75,11,16.1504,1,1,4,2013,17,29,8,0,0,2,3,1,2,1,2,3,0,,1,0,0,0
201369601989,5,4,2,75,11,88.8272,2,1,2,2013,15,33,12,6,0,2,1,1,2,1,2,3,0,,1,0,0,0
201369602003,4,4,2,75,11,347.2336,2,1,1,2013,17,10,12,6,0,4,5,1,0,0,2,3,0,1,1,0,0,0
201369602018,3,4,2,75,11,16.1504,1,1,6,2013,18,53,38,0,0,2,3,1,2,1,2,3,0,3,5,0,0,0
201369602077,4,4,1,75,11,347.2336,2,1,3,2013,10,5,12,1,0,2,1,1,0,0,2,1,0,,1,0,0,0
201369602116,6,4,2,75,11,209.9552,3,1,3,2013,17,44,12,6,0,2,3,1,0,0,2,3,0,,1,0,0,0
201369602117,3,4,2,75,11,16.1504,1,1,3,2013,18,26,8,0,0,2,3,1,3,2,2,3,0,,1,0,0,0
201369602119,4,4,2,75,11,347.2336,2,1,3,2013,1,0,14,0,0,2,2,4,0,0,2,3,1,10,7,0,0,0
201369602191,6,4,3,75,11,209.9552,2,2,7,2013,12,3,12,1,0,2,1,1,1,3,2,3,0,2,1,0,0,0
201369602197,4,4,3,75,11,347.2336,2,2,1,2013,17,59,12,1,0,2,3,1,1,1,1,3,0,,1,0,0,0
201369602226,1,4,4,75,11,8.0752,3,1,3,2013,18,8,12,2,0,2,3,1,3,5,2,2,0,2,1,0,0,0
201369602235,6,4,4,75,11,209.9552,2,2,7,2013,11,10,12,1,0,1,1,1,0,0,2,2,0,1,1,0,0,0
201369602247,4,4,1,75,11,347.2336,2,2,7,2013,6,40,12,1,0,1,4,1,0,0,2,1,0,1,1,0,0,0
201369602293,6,4,1,75,11,209.9552,1,2,4,2013,20,40,30,0,0,1,2,4,0,0,2,1,0,1,4,0,0,0
201369602314,4,4,2,75,11,347.2336,2,2,2,2013,20,42,12,7,0,2,2,1,0,0,2,3,0,,1,0,0,0
201369602330,1,4,2,75,11,8.0752,2,2,7,2013,14,39,35,0,0,1,1,1,3,4,2,3,0,1,3,0,0,0
201369602355,1,4,2,75,11,8.0752,2,2,5,2013,17,44,12,6,0,1,2,4,3,2,2,3,0,1,1,0,0,0
201369602400,4,4,2,75,11,347.2336,2,2,6,2013,20,32,14,0,0,1,3,1,0,0,1,3,1,1,7,,,
201369602426,5,4,2,75,11,88.8272,2,2,1,2013,12,30,12,2,0,1,1,4,1,1,2,3,0,1,1,0,0,0
201369602434,3,4,2,75,11,16.1504,1,2,6,2013,19,55,8,0,0,1,3,1,2,1,1,3,0,1,1,16,0,0
201369602453,6,4,2,75,11,209.9552,2,2,5,2013,15,48,12,6,0,2,1,1,0,0,2,3,0,2,1,0,0,0
201369602454,4,4,2,75,11,347.2336,2,2,5,2013,16,29,12,7,0,1,1,1,0,0,2,3,0,1,1,0,0,0
201369602581,4,4,1,75,11,347.2336,2,3,7,2013,18,10,12,7,0,1,5,1,0,0,1,1,0,1,1,0,0,0
201369602583,5,4,1,75,11,88.8272,1,3,7,2013,15,40,17,0,0,1,1,1,2,1,2,1,0,1,3,0,0,0
201369602592,6,4,1,75,11,209.9552,2,2,3,2013,18,13,12,6,0,2,2,4,0,0,2,1,0,,1,0,0,0
201369602618,2,4,1,75,11,56.5264,2,3,7,2013,5,45,12,6,0,1,1,4,0,0,2,1,0,1,1,0,0,0
201369602647,1,4,2,75,11,8.0752,2,3,4,2013,19,51,12,2,0,1,3,1,3,2,1,3,0,1,1,0,0,0
201369602654,3,4,2,75,11,16.1504,1,3,6,2013,15,49,8,0,0,2,1,1,2,1,2,3,0,,1,16,0,0
201369602661,4,4,2,75,11,347.2336,1,3,4,2013,2,36,59,0,0,1,3,1,0,0,2,3,0,1,4,0,0,0
201369602673,5,4,2,75,11,88.8272,2,3,2,2013,23,18,12,6,0,2,3,4,1,1,2,3,0,,1,0,0,0
201369602718,4,4,2,75,11,347.2336,2,3,5,2013,15,7,12,6,0,2,1,1,0,0,2,3,0,,1,0,0,0
201369602766,5,4,1,75,11,88.8272,1,3,2,2013,5,49,1,0,0,1,3,1,2,1,2,1,0,1,4,0,0,0
201369602769,6,4,1,75,11,209.9552,1,3,2,2013,0,33,59,0,0,1,2,6,0,0,2,1,0,1,4,0,0,0
201369602799,4,4,1,75,11,347.2336,2,3,2,2013,15,0,12,6,0,4,1,1,0,0,2,1,0,1,1,0,0,0
201369602829,6,4,2,75,11,209.9552,2,3,2,2013,12,24,12,6,0,4,1,1,0,0,2,3,0,1,1,0,0,0
201369602831,3,4,2,75,11,16.1504,1,3,1,2013,18,36,5,0,0,1,1,1,2,1,2,3,0,1,1,0,0,0
201369602856,4,4,2,75,11,347.2336,2,3,5,2013,20,0,12,1,0,1,3,1,0,0,2,3,0,1,1,0,0,0
201369602888,3,4,1,75,11,16.1504,1,3,1,2013,14,6,38,0,0,2,1,8,2,2,2,1,0,,5,0,0,0
201369602906,5,4,1,75,11,88.8272,3,3,3,2013,6,45,12,8,0,1,4,4,1,1,2,1,0,1,1,0,0,0
201369602941,3,4,1,75,11,16.1504,1,3,7,2013,19,30,24,0,0,1,2,1,2,1,2,1,0,1,4,0,0,0
201369602953,4,4,3,75,11,347.2336,2,3,1,2013,14,23,12,1,0,2,1,2,0,0,2,3,0,2,1,0,0,0
201369602968,6,4,3,75,11,209.9552,1,2,1,2013,2,23,41,0,0,1,3,4,0,0,1,3,0,1,3,0,0,0
201369603026,3,4,1,75,11,16.1504,1,3,6,2013,17,39,15,0,0,1,1,1,3,1,2,1,0,1,1,0,0,0
201369603037,3,4,1,75,11,16.1504,2,3,7,2013,13,40,12,8,0,1,1,1,2,1,2,1,0,1,1,0,0,0
201369603045,5,4,1,75,11,88.8272,1,4,2,2013,1,40,17,0,0,1,2,1,2,1,2,1,0,1,4,0,0,0
201369603052,3,4,1,75,11,16.1504,1,4,5,2013,2,50,8,0,0,1,2,1,3,1,1,1,0,1,1,0,0,0
201369603054,6,4,1,75,11,209.9552,1,4,2,2013,3,0,24,0,0,1,2,4,0,0,2,1,0,1,4,0,0,0
201369603086,1,4,1,75,11,8.0752,2,4,4,2013,9,28,12,2,0,2,1,1,3,1,2,1,0,2,1,0,0,0
201369603089,1,4,1,75,11,8.0752,2,4,6,2013,12,43,12,2,0,1,1,1,3,4,2,1,0,1,1,0,0,0
201369603109,5,4,1,75,11,88.8272,1,4,3,2013,9,25,57,0,0,1,1,4,2,1,2,1,0,1,3,0,0,0
201369603111,1,4,1,75,11,8.0752,4,4,6,2013,21,10,12,6,0,2,3,1,3,2,2,1,0,2,1,14,0,0
201369603128,6,4,1,75,11,209.9552,2,4,2,2013,12,12,12,1,0,1,1,4,0,0,2,1,0,1,1,0,0,0
201369603147,4,4,1,75,11,347.2336,2,4,2,2013,16,25,14,0,0,1,1,4,0,0,2,1,1,1,2,0,0,0
201369603199,4,4,2,75,11,347.2336,2,4,5,2013,15,47,12,1,0,1,1,1,0,0,2,3,0,1,1,0,0,0
201369603217,6,4,2,75,11,209.9552,2,4,4,2013,7,15,12,6,0,2,1,2,0,0,2,3,0,3,1,0,0,0
201369603233,4,4,3,75,11,347.2336,2,4,5,2013,10,12,12,1,0,2,1,1,0,0,2,3,0,,1,0,0,0
201369603245,6,4,3,75,11,209.9552,2,4,6,2013,15,55,12,1,0,2,1,1,0,0,2,3,0,,1,0,0,0
201369603286,5,4,1,75,11,88.8272,2,5,6,2013,6,55,12,2,0,2,1,1,1,2,2,1,0,,1,0,0,0