CASENUM,STRATUM,REGION,PJ,PSU,PSUSTRAT,WEIGHT,VE_TOTAL,MONTH,WKDY_IM,YEAR,HOUR_IM,MINUTE_IM,EVENT1_IM,MANCOL_IM,RELJCT1_IM,RELJCT2_IM,LGTCON_IM,WEATHR_IM,MAXSEV_IM,NO_INJ_IM,ALCHL_IM,LAND_USE,PVH_INVL,TYP_INT,REL_ROAD,CF1,CF2,CF3
201369603298,6,4,1,75,11,209.9552,1,5,7,2013,18,28,35,0,0,1,1,1,0,0,1,1,0,1,4,0,0,0
201369603305,1,4,1,75,11,8.0752,2,4,4,2013,6,0,12,6,0,1,4,3,3,1,2,1,0,1,1,0,0,0
201369603306,3,4,1,75,11,16.1504,1,4,1,2013,11,40,17,0,0,1,1,1,4,1,2,1,0,1,4,0,0,0
201369603313,1,4,1,75,11,8.0752,1,4,6,2013,23,53,33,0,0,1,2,1,3,2,2,1,0,1,3,0,0,0
201369603329,1,4,1,75,11,8.0752,2,5,4,2013,18,55,12,6,0,1,1,3,3,1,2,1,0,1,1,0,0,0
201369603345,1,4,1,75,11,8.0752,4,4,7,2013,21,10,12,1,0,2,1,1,3,3,1,1,0,,1,0,0,0
201369603348,5,4,1,75,11,88.8272,1,4,2,2013,7,0,35,0,0,1,1,1,1,1,2,1,0,1,4,0,0,0
201369603354,3,4,1,75,11,16.1504,1,4,3,2013,15,0,8,0,0,2,1,1,3,1,2,1,0,3,1,16,0,0
201369603377,5,4,2,75,11,88.8272,3,5,5,2013,17,40,12,1,1,2,1,1,2,2,2,3,0,,1,0,0,0
201369603398,4,4,2,75,11,347.2336,2,5,7,2013,11,37,12,1,0,2,1,1,0,0,2,3,0,,1,0,0,0
201369603448,3,4,1,75,11,16.1504,1,5,7,2013,11,45,9,0,0,1,1,1,3,1,2,1,0,1,1,0,0,0
201369603488,3,4,1,75,11,16.1504,2,5,3,2013,18,30,12,1,0,2,1,1,2,1,2,1,0,2,1,0,0,0
201369603506,3,4,2,75,11,16.1504,1,5,3,2013,17,38,9,0,0,2,1,1,2,1,2,3,0,3,1,0,0,0
201369603510,2,4,2,75,11,56.5264,3,5,3,2013,12,43,12,7,0,4,1,1,1,1,2,3,0,1,1,0,0,0
201369603519,6,4,2,75,11,209.9552,2,5,2,2013,18,47,12,1,1,2,1,2,1,1,2,3,0,2,1,0,0,0
201369603531,1,4,2,75,11,8.0752,3,5,7,2013,10,49,12,6,0,2,1,1,3,3,2,3,0,2,1,0,0,0
201369603537,3,4,2,75,11,16.1504,1,5,1,2013,15,7,9,0,0,2,1,1,2,1,2,3,0,2,1,0,0,0
201369603550,4,4,2,75,11,347.2336,2,5,6,2013,11,56,12,6,0,2,1,1,0,0,2,3,0,2,1,0,0,0
201369603552,5,4,2,75,11,88.8272,3,5,6,2013,13,2,43,0,0,1,1,1,2,1,1,3,2,1,4,0,0,0
201369603589,5,4,1,75,11,88.8272,2,5,6,2013,11,30,12,6,0,2,1,1,1,3,2,1,0,2,1,0,0,0
201369603593,3,4,1,75,11,16.1504,1,5,6,2013,14,45,1,0,0,2,1,1,2,1,1,1,0,,1,0,0,0
201369603608,1,4,1,75,11,8.0752,1,6,7,2013,21,10,30,0,0,2,2,1,3,1,2,1,0,2,4,0,0,0
201369603620,6,4,1,75,11,209.9552,1,6,2,2013,7,0,11,0,0,1,1,1,0,0,2,1,0,1,1,0,0,0
201369603625,3,4,1,75,11,16.1504,2,6,1,2013,13,4,12,2,0,1,1,1,2,1,2,1,0,1,1,0,0,0
201369603672,5,4,2,75,11,88.8272,2,6,1,2013,9,23,12,6,0,2,1,1,1,2,2,3,0,2,1,0,0,0
201369603674,4,4,2,75,11,347.2336,1,6,6,2013,10,45,9,0,0,4,1,1,0,0,2,3,0,1,1,0,0,0
201369603678,1,4,2,75,11,8.0752,1,6,7,2013,16,4,30,0,0,2,1,1,3,1,2,3,0,2,4,0,0,0
201369603717,1,4,2,75,11,8.0752,2,6,7,2013,13,27,31,0,0,1,1,1,3,3,2,3,0,1,3,0,0,0
201369603743,1,4,1,75,11,8.0752,1,5,6,2013,22,40,1,0,0,1,2,1,3,2,1,1,0,1,4,0,0,0
201369603746,3,4,1,75,11,16.1504,1,6,1,2013,12,56,35,0,0,1,1,1,3,1,2,1,0,1,4,0,0,0
201369603752,5,4,1,75,11,88.8272,2,6,6,2013,20,53,12,2,0,2,3,1,2,2,2,1,0,,1,0,0,0
201369603782,4,4,1,75,11,347.2336,2,6,5,2013,12,35,12,7,0,1,1,1,0,0,2,1,0,1,1,0,0,0
201369603786,1,4,1,75,11,8.0752,1,6,5,2013,0,0,42,0,0,1,2,1,3,1,2,1,0,1,4,0,0,0
201369603806,6,4,1,75,11,209.9552,1,6,2,2013,21,10,17,0,0,1,3,1,1,1,1,1,0,1,6,0,0,0
201369603811,6,4,2,75,11,209.9552,2,6,4,2013,14,2,12,1,0,1,1,1,0,0,2,3,0,1,1,0,0,0
201369603830,4,4,2,75,11,347.2336,2,6,3,2013,8,40,12,6,0,2,1,1,0,0,2,3,0,,1,,,
201369603897,3,4,1,75,11,16.1504,1,6,1,2013,15,10,1,0,0,2,1,1,2,1,2,1,0,6,1,0,0,0
201369603909,3,4,1,75,11,16.1504,1,6,3,2013,18,51,1,0,0,1,1,1,3,1,2,1,0,1,4,0,0,0
201369603939,4,4,2,75,11,347.2336,2,6,6,2013,18,55,12,1,0,2,1,1,1,1,2,3,0,,1,0,0,0
201369603964,6,4,2,75,11,209.9552,2,5,2,2013,13,21,12,1,0,2,1,2,1,1,2,3,0,,1,0,0,0
201369603996,3,4,2,75,11,16.1504,1,6,7,2013,19,39,9,0,0,2,1,1,2,1,2,3,0,2,1,0,0,0
201369604018,5,4,2,75,11,88.8272,2,6,5,2013,18,6,12,6,0,2,1,1,2,1,2,3,0,,1,0,0,0
201369604027,4,4,2,75,11,347.2336,2,6,4,2013,12,53,12,1,0,2,1,1,0,0,2,3,0,,1,0,0,0
201369604065,3,4,3,75,11,16.1504,1,6,4,2013,22,45,9,0,1,2,3,1,2,1,2,3,0,,1,0,0,0
201369604096,1,4,4,75,11,8.0752,1,6,6,2013,19,17,24,0,0,1,1,1,3,1,2,2,0,1,4,0,0,0
201369604104,1,4,4,75,11,8.0752,1,6,1,2013,1,6,1,0,1,5,3,1,3,2,1,2,0,1,1,0,0,0
201369604110,3,4,4,75,11,16.1504,1,6,1,2013,19,39,1,0,0,1,1,1,2,1,2,2,0,1,1,0,0,0
201369604127,1,4,1,75,11,8.0752,1,7,7,2013,10,57,1,0,0,1,1,1,3,2,2,1,0,1,4,0,0,0
201369604134,3,4,1,75,11,16.1504,1,7,1,2013,16,35,24,0,0,1,1,1,3,2,2,1,0,1,4,0,0,0
201369604139,5,4,1,75,11,88.8272,2,7,1,2013,10,45,12,2,0,1,1,1,2,2,2,1,0,1,1,0,0,0
201369604151,4,4,1,75,11,347.2336,2,6,1,2013,21,40,12,1,0,1,6,1,1,2,2,1,0,1,1,0,0,0
201369604177,3,4,1,75,11,16.1504,1,7,3,2013,20,10,1,0,0,1,5,1,2,1,2,1,0,1,1,0,0,0
201369604193,1,4,1,75,11,8.0752,1,6,5,2013,22,15,17,0,0,1,6,1,3,2,1,1,0,1,4,0,0,0
201369604201,6,4,1,75,11,209.9552,3,6,7,2013,19,24,12,1,0,1,1,1,0,0,2,1,0,1,1,0,0,0
201369604214,5,4,1,75,11,88.8272,1,6,6,2013,1,30,35,0,0,1,6,1,1,1,2,1,0,1,4,0,0,0
201369604235,4,4,1,75,11,347.2336,1,6,5,2013,8,20,11,0,0,1,1,1,0,0,2,1,0,1,1,0,0,0
201369604257,3,4,2,75,11,16.1504,2,7,1,2013,16,26,12,11,0,2,1,1,2,1,2,3,0,,1,0,0,0
201369604287,6,4,2,75,11,209.9552,2,7,4,2013,16,50,12,1,0,2,1,1,0,0,2,3,0,,1,0,0,0
201369604308,4,4,2,75,11,347.2336,2,7,4,2013,0,41,14,0,0,4,6,1,0,0,2,3,1,1,7,0,0,0
201369604336,3,4,1,75,11,16.1504,1,7,7,2013,14,6,25,0,0,1,1,1,3,1,2,1,0,1,4,0,0,0
201369604355,3,4,1,75,11,16.1504,1,7,4,2013,10,0,1,0,0,1,1,1,2,1,2,1,0,1,4,0,0,0
201369604358,5,4,1,75,11,88.8272,2,7,4,2013,7,35,12,6,0,2,1,1,2,2,2,1,0,,1,0,0,0
201369604365,3,4,1,75,11,16.1504,1,7,5,2013,16,0,9,0,0,2,1,1,2,1,2,1,0,,1,0,0,0
201369604376,1,4,1,75,11,8.0752,1,7,2,2013,10,50,42,0,0,4,1,1,3,1,2,1,0,1,4,0,0,0
201369604443,4,4,2,75,11,347.2336,2,7,2,2013,1,45,14,0,0,2,6,1,0,0,2,3,1,,7,,,
201369604466,6,4,2,75,11,209.9552,3,7,3,2013,15,22,12,1,0,2,1,1,0,0,2,3,0,,1,0,0,0
201369604467,5,4,2,75,11,88.8272,2,7,3,2013,16,3,12,6,0,2,1,1,1,1,2,3,0,,1,0,0,0
201369604522,4,4,4,75,11,347.2336,1,7,7,2013,14,42,11,0,0,2,1,1,0,0,2,2,0,2,1,0,0,0
201369604533,6,4,4,75,11,209.9552,2,6,3,2013,17,30,12,1,0,1,1,1,0,0,2,2,0,1,1,0,0,0
201369604552,3,4,1,75,11,16.1504,1,7,6,2013,22,7,33,0,0,2,3,1,2,1,1,1,0,6,4,0,0,0
201369604596,4,4,2,75,11,347.2336,2,7,3,2013,19,19,12,1,0,1,1,1,0,0,2,3,0,1,1,0,0,0
201369604606,3,4,2,75,11,16.1504,1,7,1,2013,20,42,11,0,0,1,3,1,2,1,2,3,0,1,1,0,0,0
201369604626,6,4,2,75,11,209.9552,1,7,1,2013,2,20,57,0,1,5,3,1,0,0,2,3,0,1,3,,,
201369604648,3,4,2,75,11,16.1504,2,7,5,2013,9,18,12,6,0,2,1,1,2,1,2,3,0,3,1,0,0,0
201369604687,3,4,3,75,11,16.1504,1,7,4,2013,7,1,1,0,0,2,1,1,2,1,2,3,0,,1,0,0,0
201369604733,3,4,4,75,11,16.1504,2,7,4,2013,16,23,12,7,1,5,1,1,2,1,2,2,0,1,1,0,0,0
201369604775,4,4,2,75,11,347.2336,1,7,4,2013,15,43,33,0,0,2,1,1,0,0,2,3,0,2,4,0,0,0
201369604792,5,4,2,75,11,88.8272,1,8,2,2013,13,23,31,0,0,1,1,1,1,1,2,3,0,1,4,0,0,0
201369604809,3,4,2,75,11,16.1504,1,8,5,2013,21,47,9,0,0,2,3,1,3,1,1,3,0,2,1,0,0,0
201369604828,6,4,2,75,11,209.9552,2,8,4,2013,17,27,12,1,0,1,1,1,0,0,2,3,0,1,1,0,0,0
201369604852,4,4,2,75,11,347.2336,2,8,2,2013,16,35,12,1,0,2,1,1,1,1,2,3,0,,1,0,0,0
201369604864,3,4,2,75,11,16.1504,1,8,6,2013,18,9,1,0,0,1,1,1,2,1,2,3,0,1,1,0,0,0
201369604888,3,4,2,75,11,16.1504,1,8,5,2013,17,38,8,0,0,2,1,1,3,3,2,3,0,,1,0,0,0
201369604914,4,4,2,75,11,347.2336,2,8,3,2013,13,5,12,6,0,2,1,1,0,0,2,3,0,,1,0,0,0
201369604952,3,4,2,75,11,16.1504,1,8,4,2013,13,26,1,0,0,1,1,1,3,1,2,3,0,1,1,0,0,0
201369604964,6,4,2,75,11,209.9552,2,8,6,2013,9,58,12,1,0,2,1,1,0,0,2,3,0,,1,0,0,0
201369604966,3,4,2,75,11,16.1504,2,8,5,2013,10,25,12,6,0,2,1,1,2,1,2,3,0,,1,0,0,0
201369605006,3,4,1,75,11,16.1504,1,8,6,2013,14,30,9,0,0,2,1,1,3,1,2,1,0,,1,0,0,0
201369605007,5,4,1,75,11,88.8272,2,8,6,2013,10,35,12,1,0,2,1,1,1,2,2,1,0,,1,0,0,0
201369605045,3,4,1,75,11,16.1504,1,8,4,2013,13,20,24,0,0,1,1,1,3,1,2,1,0,1,4,0,0,0
201369605072,3,4,1,75,11,16.1504,1,8,7,2013,8,55,1,0,0,1,1,1,2,1,2,1,0,1,1,0,0,0
201369605092,4,4,2,75,11,347.2336,2,9,4,2013,18,27,12,6,0,4,1,1,1,1,2,3,0,1,1,0,0,0
201369605124,5,4,2,75,11,88.8272,1,9,1,2013,14,15,24,0,0,1,1,1,2,2,2,3,0,1,4,0,0,0
201369605144,3,4,2,75,11,16.1504,2,8,5,2013,14,55,12,1,0,2,1,1,2,1,2,3,0,3,1,0,0,0
201369605159,4,4,2,75,11,347.2336,2,8,4,2013,11,28,12,9,0,1,1,1,1,1,2,3,0,1,1,0,0,0
201369605190,6,4,1,75,11,209.9552,2,9,2,2013,17,28,12,1,0,2,1,2,0,0,2,1,0,,1,0,0,0
201369605202,4,4,1,75,11,347.2336,2,9,1,2013,16,0,12,7,0,1,1,1,0,0,2,1,0,1,1,0,0,0
201369605207,5,4,1,75,11,88.8272,2,9,7,2013,16,15,12,6,0,2,1,1,3,2,2,1,0,,1,0,0,0
201369605215,3,4,1,75,11,16.1504,1,9,7,2013,9,41,9,0,0,4,1,1,2,1,2,1,0,1,1,0,0,0
201369605262,6,4,2,75,11,209.9552,1,9,3,2013,17,38,30,0,0,2,1,1,0,0,2,3,0,,4,0,0,0
201369605293,3,4,2,75,11,16.1504,1,9,5,2013,22,28,9,0,0,2,3,1,2,1,2,3,0,,1,0,0,0
201369605297,4,4,2,75,11,347.2336,2,9,1,2013,11,0,14,0,0,1,1,1,0,0,2,3,1,1,7,,,
201369605328,3,4,2,75,11,16.1504,1,9,5,2013,17,17,9,0,0,4,1,1,2,1,2,3,0,1,1,0,0,0
201369605352,3,4,3,75,11,16.1504,1,9,2,2013,18,31,1,0,0,2,1,1,2,1,2,3,0,,1,0,0,0
201369605387,5,4,4,75,11,88.8272,2,9,4,2013,17,13,12,1,0,2,1,1,1,1,2,2,0,,1,0,0,0
201369605389,2,4,4,75,11,56.5264,2,9,6,2013,16,8,12,6,0,2,1,1,1,1,2,2,0,,1,0,0,0
201369605414,3,4,4,75,11,16.1504,2,9,3,2013,15,52,12,1,0,1,1,1,3,1,2,2,0,1,1,0,0,0
201369605428,4,4,2,75,11,347.2336,2,9,4,2013,17,54,12,1,0,1,1,1,0,0,2,3,0,1,1,0,0,0
201369605440,3,4,2,75,11,16.1504,1,9,3,2013,14,51,9,0,0,2,1,1,3,1,2,3,0,,1,0,0,0
201369605471,2,4,2,75,11,56.5264,3,9,6,2013,10,36,12,1,0,2,1,1,0,0,2,3,0,,1,0,0,0
201369605494,6,4,2,75,11,209.9552,2,9,4,2013,9,51,12,1,0,2,1,1,0,0,2,3,0,,1,0,0,0
201369605501,4,4,2,75,11,347.2336,2,9,5,2013,10,0,14,0,0,1,1,1,0,0,2,3,1,1,7,0,0,0
201369605555,4,4,1,75,11,347.2336,2,9,5,2013,7,29,12,6,0,2,1,1,0,0,2,1,0,,1,0,0,0
201369605576,1,4,1,75,11,8.0752,1,9,6,2013,16,55,38,0,0,1,1,2,3,1,1,1,0,1,5,0,0,0
201369605583,5,4,1,75,11,88.8272,1,9,3,2013,19,0,42,0,0,1,2,2,1,1,2,1,0,1,4,0,0,0
201369605591,3,4,1,75,11,16.1504,1,9,2,2013,14,0,1,0,0,2,1,3,3,1,2,1,0,,1,0,0,0
201369605596,6,4,1,75,11,209.9552,1,8,6,2013,11,35,24,0,0,1,1,1,0,0,2,1,0,1,4,0,0,0
201369605610,3,4,1,75,11,16.1504,3,8,7,2013,11,30,12,6,0,1,1,1,2,2,2,1,0,1,1,0,0,0
201369605612,3,4,1,75,11,16.1504,1,8,7,2013,12,44,24,0,0,1,1,1,3,1,2,1,0,1,4,0,0,0
201369605613,1,4,1,75,11,8.0752,1,9,1,2013,18,15,35,0,0,1,5,1,3,3,2,1,0,1,4,0,0,0
201369605616,3,4,1,75,11,16.1504,1,9,1,2013,14,20,1,0,0,1,1,1,2,1,2,1,0,1,4,0,0,0
201369605678,4,4,2,75,11,347.2336,2,9,7,2013,13,24,12,6,0,2,1,1,0,0,2,3,0,2,1,0,0,0
201369605696,3,4,2,75,11,16.1504,1,9,5,2013,11,37,9,0,0,2,1,1,2,1,2,3,0,3,1,0,0,0
201369605699,5,4,2,75,11,88.8272,1,9,2,2013,22,48,19,0,0,1,3,1,2,1,1,3,0,1,5,0,0,0
201369605752,3,4,1,75,11,16.1504,1,9,7,2013,15,55,1,0,0,1,1,1,2,2,2,1,0,1,1,0,0,0
201369605761,5,4,1,75,11,88.8272,2,9,6,2013,12,45,12,6,0,4,1,2,2,2,2,1,0,1,1,0,0,0
201369605770,6,4,1,75,11,209.9552,4,9,5,2013,14,50,12,1,0,1,1,1,0,0,2,1,0,1,1,3,0,0
201369605773,4,4,1,75,11,347.2336,2,9,5,2013,17,15,14,0,0,1,1,1,0,0,1,1,1,1,7,0,0,0
201369605809,5,4,4,75,11,88.8272,3,10,2,2013,12,20,12,6,0,2,1,1,1,2,2,2,0,2,1,0,0,0
201369605817,4,4,4,75,11,347.2336,2,10,6,2013,17,45,12,1,0,2,1,1,0,0,2,2,0,,1,0,0,0
201369605841,6,4,2,75,11,209.9552,2,10,7,2013,17,29,12,6,0,2,5,1,0,0,2,3,0,2,1,0,0,0
201369605845,3,4,2,75,11,16.1504,1,10,1,2013,16,2,9,0,0,2,1,1,2,1,2,3,0,2,1,0,0,0
201369605853,4,4,2,75,11,347.2336,2,10,3,2013,7,53,12,7,0,4,1,1,0,0,2,3,0,1,1,0,0,0
201369605864,3,4,2,75,11,16.1504,1,10,5,2013,17,3,8,0,0,2,5,1,2,1,2,3,0,2,1,16,0,0
201369605867,5,4,2,75,11,88.8272,2,10,5,2013,18,18,12,6,0,2,5,1,1,1,2,3,0,2,1,0,0,0
201369605916,5,4,1,75,11,88.8272,1,10,1,2013,16,55,1,0,0,1,1,1,1,1,2,1,0,1,4,0,0,0
201369605936,4,4,1,75,11,347.2336,2,10,5,2013,16,30,12,1,0,1,1,1,0,0,2,1,0,1,1,0,0,0
201369605945,3,4,1,75,11,16.1504,1,10,2,2013,12,13,1,0,0,1,1,1,2,1,2,1,0,1,1,0,0,0
201369605953,1,4,1,75,11,8.0752,2,10,7,2013,16,29,12,6,0,1,1,1,3,4,2,1,0,1,1,0,0,0
201369605955,2,4,1,75,11,56.5264,2,10,1,2013,13,7,12,8,0,1,1,1,1,1,2,1,0,1,1,0,0,0
201369605957,1,4,1,75,11,8.0752,2,10,1,2013,11,40,52,0,0,1,1,1,3,2,2,1,0,1,3,0,0,0
201369605965,6,4,1,75,11,209.9552,1,10,3,2013,18,35,1,0,0,1,2,1,0,0,2,1,0,1,4,0,0,0
201369605990,4,4,3,75,11,347.2336,2,10,6,2013,10,3,14,0,0,4,1,1,0,0,2,3,1,1,7,0,0,0
201369605996,5,4,3,75,11,88.8272,2,10,2,2013,16,29,12,6,0,4,1,1,2,3,2,3,0,1,1,0,0,0
201369606149,4,4,4,75,11,347.2336,4,10,5,2013,18,40,12,1,0,2,3,1,1,1,2,2,0,,1,0,0,0
201369606179,5,4,2,75,11,88.8272,2,10,3,2013,13,29,12,6,0,2,1,1,2,2,2,3,0,,1,0,0,0
201369606184,4,4,2,75,11,347.2336,2,10,3,2013,14,41,12,7,0,2,1,1,0,0,2,3,0,,1,0,0,0
201369606248,6,4,2,75,11,209.9552,3,10,5,2013,15,31,12,1,0,1,1,1,0,0,2,3,0,1,1,0,0,0
201369606286,6,4,3,75,11,209.9552,2,10,4,2013,9,37,12,1,0,2,1,1,0,0,2,3,0,,1,0,0,0
201369606293,4,4,3,75,11,347.2336,3,10,5,2013,8,4,12,1,0,2,1,1,0,0,2,3,0,,1,0,0,0
201369606376,6,4,2,75,11,209.9552,1,11,2,2013,6,12,43,0,0,2,3,1,0,0,1,3,0,,4,0,0,0
201369606405,4,4,2,75,11,347.2336,2,11,6,2013,10,30,12,1,0,2,1,1,0,0,2,3,0,,1,0,0,0
201369606423,5,4,2,75,11,88.8272,2,11,5,2013,10,21,12,1,0,1,1,1,1,1,2,3,0,1,1,0,0,0
201369606438,1,4,1,75,11,8.0752,2,11,2,2013,12,15,12,6,0,2,1,1,3,3,2,1,0,,1,0,0,0
201369606441,3,4,1,75,11,16.1504,1,11,7,2013,10,54,1,0,0,2,1,1,2,1,2,1,0,,1,0,0,0
201369606446,1,4,1,75,11,8.0752,2,10,5,2013,7,5,12,6,0,2,1,1,3,2,2,1,0,,1,0,0,0
201369606458,4,4,1,75,11,347.2336,2,11,6,2013,10,15,12,1,0,2,1,1,0,0,2,1,0,,1,0,0,0
201369606560,5,4,4,75,11,88.8272,1,11,5,2013,12,43,24,0,1,5,1,3,2,2,2,2,0,1,3,0,0,0
201369606562,4,4,4,75,11,347.2336,2,11,5,2013,15,10,12,1,0,2,1,3,0,0,2,2,0,,1,0,0,0
201369606614,3,4,2,75,11,16.1504,2,11,5,2013,7,45,14,0,0,1,1,3,2,1,2,3,1,1,6,19,15,0
201369606620,6,4,2,75,11,209.9552,1,11,5,2013,7,6,39,0,0,2,1,3,0,0,2,3,0,,5,0,0,0
201369606622,4,4,2,75,11,347.2336,2,11,5,2013,16,46,12,6,0,2,3,3,1,4,2,3,0,,1,0,0,0
201369606646,4,4,3,75,11,347.2336,2,11,6,2013,15,9,12,1,0,2,1,1,0,0,2,3,0,,1,0,0,0
201369606672,6,4,3,75,11,209.9552,2,11,5,2013,8,20,12,2,0,1,1,3,1,1,2,3,0,1,1,0,0,0
201369606753,3,4,2,75,11,16.1504,1,12,3,2013,15,24,8,0,0,2,1,1,2,1,2,3,0,,1,0,0,0
201369606760,5,4,2,75,11,88.8272,2,12,6,2013,12,54,12,6,0,2,1,1,2,2,2,3,0,,1,0,0,0
201369606768,4,4,2,75,11,347.2336,2,12,5,2013,20,30,14,0,0,1,3,4,0,0,2,3,1,1,7,,,
201369606821,4,4,2,75,11,347.2336,2,12,6,2013,8,51,14,0,0,1,1,1,0,0,2,3,1,1,4,0,0,0
201369606828,6,4,2,75,11,209.9552,1,12,5,2013,20,10,25,0,0,1,3,1,0,0,2,3,0,1,3,0,0,0
201369606865,5,4,1,75,11,88.8272,1,12,1,2013,8,45,42,0,0,1,1,1,2,1,2,1,0,1,4,0,0,0
201369606875,6,4,1,75,11,209.9552,1,12,7,2013,10,30,17,0,0,1,1,1,0,0,2,1,0,1,4,0,0,0
201369606876,4,4,1,75,11,347.2336,1,12,1,2013,10,5,59,0,0,2,1,1,0,0,2,1,0,,4,0,0,0
201369606933,4,4,3,75,11,347.2336,2,12,1,2013,17,32,12,1,0,2,5,1,0,0,2,3,0,,1,0,0,0
201369606938,3,4,3,75,11,16.1504,1,12,4,2013,7,15,9,0,0,2,1,1,2,1,2,3,0,,1,0,0,0
201369606944,6,4,3,75,11,209.9552,2,12,5,2013,14,10,14,0,0,1,1,1,0,0,2,3,1,1,7,0,0,0
201369606990,5,4,4,75,11,88.8272,3,12,4,2013,19,7,12,1,0,1,2,1,1,1,2,2,0,1,1,0,0,0
201369606993,1,4,4,75,11,8.0752,3,12,3,2013,18,0,12,6,0,4,3,1,3,1,2,2,0,1,1,0,0,0
201369607016,6,4,2,75,11,209.9552,2,12,2,2013,12,14,12,2,0,4,1,1,0,0,2,3,0,1,1,0,0,0
201369607030,4,4,2,75,11,347.2336,2,12,2,2013,16,30,14,0,0,1,1,1,0,0,2,3,1,1,7,,,
201369607074,3,4,2,75,11,16.1504,1,12,6,2013,17,56,8,0,0,1,2,1,3,1,2,3,0,1,1,0,0,0
201369607142,4,4,3,75,11,347.2336,2,12,6,2013,19,26,12,1,0,2,3,1,0,0,1,3,0,,1,0,0,0
201369607150,3,4,3,75,11,16.1504,2,12,7,2013,18,39,12,6,0,2,6,4,2,1,2,3,0,,1,0,0,0
201369607152,5,4,3,75,11,88.8272,1,12,3,2013,22,49,43,0,1,5,6,1,2,1,1,3,0,1,4,0,0,0
201369607174,4,4,4,75,11,347.2336,2,12,7,2013,18,51,12,1,0,4,3,4,0,0,2,2,0,1,1,0,0,0
201371500343,3,3,2,41,7,20.0536,1,8,3,2013,22,3,8,0,0,2,3,1,2,1,2,8,0,3,1,0,0,0
201371803088,4,3,1,43,9,354.4235,2,1,3,2013,17,59,12,6,0,2,3,2,0,0,2,3,0,5,1,0,0,0
201371803102,3,3,1,43,9,24.443,1,1,4,2013,3,45,30,0,0,1,2,1,2,1,1,3,0,1,4,0,0,0
201371803126,4,3,1,43,9,354.4235,2,1,4,2013,16,5,12,1,0,1,1,10,0,0,2,3,0,1,1,0,0,0
201371803134,6,3,1,43,9,207.7655,2,1,4,2013,18,9,12,1,0,1,3,1,0,0,2,3,0,1,1,0,0,0
201371803157,4,3,1,43,9,354.4235,2,1,5,2013,15,14,12,1,0,2,1,10,1,1,2,3,0,2,1,0,0,0
201371803197,4,3,1,43,9,354.4235,2,1,6,2013,13,49,12,1,0,2,1,1,1,1,2,3,0,2,1,0,0,0
201371803222,5,3,1,43,9,85.5505,3,1,7,2013,7,53,14,0,0,1,1,1,1,1,2,3,2,1,4,14,0,0
201371803234,4,3,1,43,9,354.4235,2,1,7,2013,20,13,12,1,0,2,3,1,0,0,2,3,0,3,1,0,0,0
201371803242,6,3,1,43,9,207.7655,2,1,1,2013,16,7,12,2,0,2,1,1,0,0,2,3,0,2,1,0,0,0
201371803268,2,3,1,43,9,61.1075,3,1,2,2013,11,40,12,1,0,1,1,1,0,0,2,3,0,1,1,0,0,0
201371803287,4,3,1,43,9,354.4235,2,1,2,2013,16,37,12,7,0,1,1,1,0,0,2,3,0,1,1,0,0,0
201371803288,6,3,1,43,9,207.7655,3,1,2,2013,17,11,12,1,0,2,1,1,2,1,2,3,0,2,1,0,0,0
201371803298,3,3,1,43,9,24.443,5,1,2,2013,19,22,8,0,0,1,2,1,4,1,2,3,0,1,1,0,0,0
201371803327,4,3,1,43,9,354.4235,2,1,7,2013,1,27,12,6,0,4,3,10,0,0,2,3,0,1,1,0,0,0
201371803383,4,3,1,43,9,354.4235,2,2,1,2013,13,34,12,1,0,2,1,1,1,1,2,3,0,3,1,0,0,0
201371803388,5,3,1,43,9,85.5505,3,2,1,2013,18,46,12,2,0,2,3,1,2,1,2,3,0,2,1,0,0,0
201371803402,6,3,1,43,9,207.7655,2,2,2,2013,8,32,12,1,0,1,1,1,0,0,2,3,0,1,1,19,0,0
201371803426,4,3,1,43,9,354.4235,2,2,3,2013,7,30,12,1,0,2,1,10,1,1,2,3,0,3,1,0,0,0
201371803432,3,3,1,43,9,24.443,2,2,3,2013,9,9,12,1,0,2,1,10,2,2,2,3,0,,1,0,0,0
201371803442,3,3,1,43,9,24.443,3,2,3,2013,13,28,12,6,0,2,1,1,2,2,2,3,0,2,1,0,0,0
201371803470,6,3,1,43,9,207.7655,4,2,4,2013,8,32,12,1,0,1,1,1,2,1,2,3,0,1,1,28,0,0
201371803475,4,3,1,43,9,354.4235,2,2,4,2013,8,19,12,1,0,1,1,1,0,0,2,3,0,1,1,0,0,0
201371803509,4,3,1,43,9,354.4235,3,2,2,2013,7,43,12,1,0,1,1,1,0,0,2,3,0,1,1,0,0,0
201371803546,4,3,1,43,9,354.4235,2,2,4,2013,14,4,12,7,0,2,1,1,0,0,2,3,0,,1,0,0,0
201371803547,5,3,1,43,9,85.5505,2,2,4,2013,14,19,12,6,0,2,1,1,2,2,2,3,0,2,1,0,0,0
201371803578,6,3,1,43,9,207.7655,2,2,5,2013,7,58,12,7,0,1,1,1,0,0,2,3,0,1,1,0,0,0
201371803588,4,3,1,43,9,354.4235,3,3,4,2013,17,46,12,1,0,1,1,10,0,0,2,3,0,1,1,0,0,0