CASENUM,STRATUM,REGION,PJ,PSU,PSUSTRAT,WEIGHT,VE_TOTAL,MONTH,WKDY_IM,YEAR,HOUR_IM,MINUTE_IM,EVENT1_IM,MANCOL_IM,RELJCT1_IM,RELJCT2_IM,LGTCON_IM,WEATHR_IM,MAXSEV_IM,NO_INJ_IM,ALCHL_IM,LAND_USE,PVH_INVL,TYP_INT,REL_ROAD,CF1,CF2,CF3
201378014102,4,3,1,63,7,349.05,2,1,2,2013,12,30,12,7,1,5,1,10,1,1,2,8,0,1,1,0,0,0
201378014105,5,3,1,63,7,83.772,2,1,3,2013,17,40,12,6,0,2,1,10,1,2,2,8,0,2,1,0,0,0
201378014120,3,3,1,63,7,13.962,2,1,5,2013,17,10,12,6,0,2,1,1,2,1,2,8,0,2,1,0,0,0
201378014150,4,3,3,47,8,352.8954,2,2,2,2013,14,50,12,8,0,1,1,1,0,0,2,1,0,1,1,0,0,0
201378014156,6,3,3,47,8,215.6583,2,2,1,2013,19,50,12,1,0,2,2,1,0,0,2,1,0,3,1,0,0,0
201378014168,6,3,17,47,8,180.38033,2,2,6,2013,7,8,12,1,0,1,1,2,0,0,2,1,0,1,1,0,0,0
201378014315,6,3,17,47,8,180.38033,2,2,2,2013,19,44,12,1,0,2,3,2,0,0,2,1,0,2,1,0,0,0
201378014346,6,3,17,47,8,180.38033,2,2,2,2013,6,58,12,1,0,1,1,1,0,0,2,1,0,1,1,0,0,0
201378014392,6,3,17,47,8,180.38033,2,3,2,2013,15,32,12,6,0,4,1,1,0,0,2,1,0,1,1,0,0,0
201378014410,4,3,17,47,8,360.76065,2,3,4,2013,8,40,12,9,0,4,1,10,0,0,2,1,0,1,1,0,0,0
201378014414,6,3,17,47,8,180.38033,2,3,3,2013,20,27,12,1,0,1,3,10,0,0,2,1,0,1,1,0,0,0
201378014422,5,3,17,47,8,180.38033,1,3,1,2013,19,45,33,0,0,1,6,1,2,1,2,1,0,1,4,0,0,0
201378014527,4,3,17,47,8,360.76065,2,3,6,2013,7,15,12,6,0,1,1,1,0,0,2,1,0,1,1,0,0,0
201378014568,4,3,17,47,8,360.76065,2,3,2,2013,7,50,12,6,0,2,1,2,0,0,2,1,0,3,1,0,0,0
201378014838,5,3,1,63,7,83.772,3,2,6,2013,7,15,12,1,0,1,1,1,1,2,2,8,0,1,1,0,0,0
201378014855,2,3,1,63,7,55.848,2,2,7,2013,0,37,12,1,0,2,3,1,0,0,2,8,0,3,1,0,0,0
201378014856,6,3,1,63,7,209.43,1,2,7,2013,2,36,25,0,0,1,3,1,0,0,2,8,0,1,3,0,0,0
201378014870,4,3,1,63,7,349.05,2,2,1,2013,2,36,12,1,1,2,3,1,0,0,2,8,0,4,1,0,0,0
201378014871,1,3,1,63,7,13.962,2,2,1,2013,10,20,25,0,0,1,1,1,4,1,2,8,1,1,3,0,0,0
201378014877,5,3,1,63,7,83.772,2,2,1,2013,16,44,12,6,0,2,1,1,1,1,2,8,0,2,1,0,0,0
201378014906,6,3,1,63,7,209.43,1,2,3,2013,19,34,1,0,0,1,3,1,2,1,2,8,0,1,4,0,0,0
201378014909,5,3,1,63,7,83.772,2,2,4,2013,6,50,12,2,0,2,3,2,1,4,2,8,0,2,1,0,0,0
201378014924,3,3,1,63,7,13.962,3,2,4,2013,20,30,12,1,0,1,3,1,3,2,2,8,0,1,1,0,0,0
201378014928,4,3,1,63,7,349.05,3,2,5,2013,7,29,12,1,0,1,1,1,0,0,2,8,0,1,1,0,0,0
201378014930,1,3,1,63,7,13.962,2,2,5,2013,10,50,12,6,0,2,1,1,3,2,2,8,0,2,1,0,0,0
201378014938,3,3,1,63,7,13.962,2,2,6,2013,7,53,12,1,0,1,1,1,2,1,2,8,0,1,1,0,0,0
201378014949,6,3,1,63,7,209.43,3,2,6,2013,23,35,12,1,0,2,3,1,0,0,2,8,0,,1,0,0,0
201378014957,5,3,1,63,7,83.772,2,2,7,2013,14,30,12,2,0,2,1,10,2,1,2,8,0,3,1,0,0,0
201378014964,3,3,1,63,7,13.962,1,2,1,2013,18,8,25,0,0,1,1,2,3,2,1,8,0,1,3,0,0,0
201378014978,5,3,1,63,7,83.772,2,2,2,2013,18,20,12,6,0,2,3,1,1,2,2,8,0,2,1,0,0,0
201378014982,3,3,1,63,7,13.962,4,2,3,2013,6,33,12,1,0,1,3,2,2,1,2,8,0,1,1,0,0,0
201378014985,4,3,1,63,7,349.05,3,2,3,2013,10,45,12,7,0,1,1,10,0,0,2,8,0,1,1,0,0,0
201378015005,6,3,1,63,7,209.43,1,2,5,2013,3,50,41,0,0,1,2,1,0,0,2,8,0,1,4,0,0,0
201378015019,5,3,1,63,7,83.772,2,2,5,2013,15,55,12,6,0,4,1,1,1,1,2,8,0,1,1,0,0,0
201378015031,4,3,1,63,7,349.05,2,2,6,2013,17,20,12,6,0,7,1,1,0,0,2,8,0,1,1,0,0,0
201378015052,3,3,1,63,7,13.962,2,2,1,2013,9,30,12,1,0,1,1,1,2,1,2,8,0,1,1,0,0,0
201378015066,5,3,1,63,7,83.772,3,2,2,2013,11,53,12,1,0,1,1,10,1,3,2,8,0,1,1,0,0,0
201378015070,2,3,1,63,7,55.848,3,2,2,2013,15,58,12,1,0,1,1,2,1,1,2,8,0,1,1,0,0,0
201378015072,6,3,1,63,7,209.43,2,2,2,2013,19,45,12,6,0,2,3,1,0,0,2,8,0,2,1,0,0,0
201378015076,4,3,1,63,7,349.05,1,2,3,2013,6,50,38,0,0,2,6,2,0,0,2,8,0,10,4,0,0,0
201378015084,3,3,1,63,7,13.962,2,2,3,2013,18,29,12,1,0,2,1,1,2,1,2,8,0,3,1,0,0,0
201378015110,3,3,1,63,7,13.962,2,2,6,2013,11,10,12,6,0,2,1,1,2,1,2,8,0,3,1,0,0,0
201378015115,4,3,1,63,7,349.05,2,2,6,2013,22,25,12,6,1,2,3,1,1,1,2,8,0,2,1,0,0,0
201378015117,5,3,1,63,7,83.772,2,2,7,2013,3,10,12,1,1,2,3,1,1,1,2,8,0,2,1,0,0,0
201378015128,6,3,1,63,7,209.43,3,2,1,2013,9,45,12,7,0,1,1,1,0,0,2,8,0,1,1,0,0,0
201378015131,3,3,1,63,7,13.962,2,2,1,2013,15,59,12,1,0,1,1,10,3,1,2,8,0,1,1,0,0,0
201378015138,5,3,1,63,7,83.772,2,2,2,2013,14,45,12,6,0,4,1,1,2,3,2,8,0,1,1,0,0,0
201378015143,3,3,1,63,7,13.962,1,2,2,2013,22,45,8,0,1,2,3,6,3,1,2,8,0,2,1,0,0,0
201378015191,4,3,17,47,8,360.76065,2,3,4,2013,7,45,12,6,0,4,1,1,0,0,2,1,0,1,1,0,0,0
201378015289,4,3,17,47,8,360.76065,2,3,6,2013,15,25,12,1,0,1,1,1,0,0,2,1,0,1,1,0,0,0
201378015390,4,3,17,47,8,360.76065,2,4,2,2013,17,55,12,1,0,2,1,1,0,0,2,1,0,3,1,0,0,0
201378015394,6,3,17,47,8,180.38033,2,4,5,2013,15,45,12,6,0,4,1,10,0,0,2,1,0,1,1,0,0,0
201378015509,6,3,17,47,8,180.38033,2,4,1,2013,10,10,12,1,0,2,1,2,1,1,2,1,0,,1,0,0,0
201378015520,4,3,17,47,8,360.76065,2,4,3,2013,19,40,12,6,0,2,3,1,0,0,2,1,0,,1,0,0,0
201378015526,5,3,17,47,8,180.38033,1,4,1,2013,0,28,59,0,0,1,3,1,2,1,1,1,0,1,4,0,0,0
201378015542,5,3,17,47,8,180.38033,2,4,3,2013,11,20,59,0,0,1,1,10,1,1,2,1,0,1,4,0,0,0
201378015562,6,3,17,47,8,180.38033,1,4,5,2013,8,40,32,0,0,1,1,10,2,1,2,1,0,1,4,0,0,0
201378015718,4,3,17,47,8,360.76065,2,4,4,2013,11,38,14,0,0,1,1,1,0,0,2,1,1,1,7,0,0,0
201378015796,5,3,17,47,8,180.38033,3,4,1,2013,18,50,12,6,0,4,1,1,2,1,2,1,0,1,1,0,0,0
201378015840,4,3,17,47,8,360.76065,2,4,6,2013,15,29,12,1,0,1,1,1,0,0,2,1,0,1,1,0,0,0
201378015883,4,3,1,63,7,349.05,2,3,6,2013,5,30,25,0,0,2,6,10,0,0,2,8,0,,,,,
201378015901,5,3,1,63,7,83.772,2,3,7,2013,0,57,12,1,0,1,3,1,1,1,1,8,0,1,1,0,0,0
201378015910,1,3,1,63,7,13.962,1,3,7,2013,17,5,25,0,0,1,1,1,3,1,2,8,0,1,3,0,0,0
201378015911,6,3,1,63,7,209.43,2,3,7,2013,20,35,12,1,0,2,3,1,0,0,2,8,0,2,1,0,0,0
201378015920,3,3,1,63,7,13.962,2,3,1,2013,1,14,12,6,0,4,2,1,2,2,2,8,0,1,1,0,0,0
201378015921,4,3,1,63,7,349.05,1,3,1,2013,2,15,38,0,0,1,3,1,1,1,2,8,0,1,5,0,0,0
201378015922,3,3,1,63,7,13.962,2,3,1,2013,2,30,12,6,0,2,3,1,2,1,2,8,0,2,1,0,0,0
201378015948,3,3,1,63,7,13.962,2,3,3,2013,2,30,12,6,0,1,3,1,2,1,2,8,0,1,1,0,0,0
201378015961,6,3,1,63,7,209.43,4,3,4,2013,7,50,12,1,0,1,1,1,0,0,2,8,0,1,1,0,0,0
201378015965,4,3,1,63,7,349.05,1,3,4,2013,10,30,30,0,0,2,1,1,0,0,2,8,0,2,4,0,0,0
201378015981,3,3,1,63,7,13.962,2,3,5,2013,9,34,12,6,0,2,1,1,2,1,2,8,0,2,1,0,0,0
201378015995,5,3,1,63,7,83.772,2,3,5,2013,19,40,12,1,0,2,3,1,1,2,2,8,0,,1,0,0,0
201378016002,4,3,1,63,7,349.05,2,3,6,2013,9,20,12,1,0,1,1,10,0,0,2,8,0,1,1,0,0,0
201378016008,1,3,1,63,7,13.962,3,3,6,2013,18,45,12,6,0,2,1,1,3,1,2,8,0,,1,0,0,0
201378016014,1,3,1,63,7,13.962,2,3,7,2013,2,15,12,6,0,2,3,1,3,2,2,8,0,3,1,0,0,0
201378016031,6,3,1,63,7,209.43,2,3,1,2013,20,0,12,1,0,2,3,1,0,0,2,8,0,3,1,0,0,0
201378016032,1,3,1,63,7,13.962,2,3,1,2013,20,14,12,6,0,2,3,1,4,2,2,8,0,3,1,0,0,0
201378016038,5,3,1,63,7,83.772,2,3,2,2013,9,10,12,6,0,2,1,1,1,1,2,8,0,2,1,0,0,0
201378016055,4,3,1,63,7,349.05,2,3,3,2013,15,20,12,1,0,2,1,1,0,0,2,8,0,4,1,0,0,0
201378016065,2,3,1,63,7,55.848,2,3,4,2013,9,48,12,6,0,2,1,1,2,1,2,8,0,2,1,0,0,0
201378016076,5,3,1,63,7,83.772,2,3,4,2013,21,9,12,6,0,2,3,1,1,4,2,8,0,2,1,0,0,0
201378016082,3,3,1,63,7,13.962,3,3,5,2013,15,30,12,1,0,2,1,1,2,4,2,8,0,3,1,0,0,0
201378016086,3,3,1,63,7,13.962,1,3,5,2013,16,50,8,0,0,2,1,1,3,1,2,8,0,2,1,0,0,0
201378016098,3,3,1,63,7,13.962,2,3,6,2013,16,18,39,0,0,1,1,1,2,1,2,8,0,1,4,0,0,0
201378016101,4,3,1,63,7,349.05,2,3,6,2013,17,0,12,6,0,4,1,1,0,0,2,8,0,1,1,0,0,0
201378016107,6,3,1,63,7,209.43,2,3,6,2013,21,45,14,0,0,1,1,1,0,0,2,8,1,1,7,0,0,0
201378016108,3,3,1,63,7,13.962,3,3,6,2013,22,35,25,0,0,1,3,1,2,1,2,8,0,1,3,0,0,0
201378016121,3,3,1,63,7,13.962,1,3,7,2013,15,15,1,0,0,1,1,1,3,1,2,8,0,1,1,0,0,0
201378016124,5,3,1,63,7,83.772,4,3,7,2013,18,51,12,1,0,1,1,1,2,2,2,8,0,1,1,0,0,0
201378016131,1,3,1,63,7,13.962,1,3,1,2013,5,10,23,0,0,1,3,1,3,1,2,8,0,1,4,0,0,0
201378016144,4,3,1,63,7,349.05,2,3,2,2013,14,20,12,7,1,5,1,1,0,0,2,8,0,1,1,0,0,0
201378016147,3,3,1,63,7,13.962,3,3,2,2013,15,45,12,1,0,2,1,1,2,1,2,8,0,,1,0,0,0
201378016159,3,3,1,63,7,13.962,2,3,3,2013,9,30,12,1,0,2,1,1,3,1,2,8,0,,1,0,0,0
201378016167,5,3,1,63,7,83.772,2,3,3,2013,21,55,12,6,0,2,3,1,2,1,2,8,0,2,1,0,0,0
201378016178,3,3,1,63,7,13.962,2,3,4,2013,18,15,12,6,0,2,1,1,2,2,2,8,0,2,1,0,0,0
201378016182,6,3,1,63,7,209.43,2,3,4,2013,20,30,14,0,0,4,3,1,0,0,1,8,1,1,5,0,0,0
201378016189,4,3,1,63,7,349.05,2,3,5,2013,17,30,12,1,0,1,1,1,1,1,2,8,0,1,1,0,0,0
201378016207,1,3,1,63,7,13.962,3,3,7,2013,3,6,12,6,0,2,3,1,3,3,1,8,1,2,1,0,0,0
201378016224,5,3,1,63,7,83.772,2,3,1,2013,11,35,12,6,0,2,1,1,1,5,2,8,0,2,1,0,0,0
201378016229,6,3,1,63,7,209.43,2,3,1,2013,20,10,12,6,0,2,3,1,2,1,2,8,0,,1,0,0,0
201378016235,4,3,1,63,7,349.05,1,3,2,2013,11,35,30,0,0,1,1,1,0,0,2,8,0,1,3,0,0,0
201378016258,1,3,1,63,7,13.962,1,3,3,2013,22,15,43,0,0,1,3,1,3,2,2,8,0,1,4,0,0,0
201378016273,4,3,1,63,7,349.05,2,3,5,2013,14,0,14,0,0,4,1,10,0,0,2,8,1,1,7,0,0,0
201378016290,4,3,17,47,8,360.76065,2,4,3,2013,7,56,12,1,0,1,1,1,0,0,2,1,0,1,1,0,0,0
201378016374,4,3,17,47,8,360.76065,2,4,1,2013,16,5,12,1,0,4,1,2,1,2,2,1,0,1,1,0,0,0
201378016394,4,3,17,47,8,360.76065,2,4,1,2013,16,27,12,9,0,1,1,2,0,0,2,1,0,1,1,0,0,0
201378016464,4,3,3,47,8,352.8954,2,5,4,2013,14,30,12,6,0,2,1,1,0,0,2,1,0,2,1,0,0,0
201378016559,6,3,17,47,8,180.38033,2,5,2,2013,18,12,12,1,0,2,1,10,0,0,2,1,0,,1,0,0,0
201378016573,4,3,17,47,8,360.76065,2,5,6,2013,7,40,12,1,0,1,1,10,0,0,2,1,0,1,1,0,0,0
201378016591,1,3,3,47,8,19.6053,1,5,3,2013,13,47,1,0,0,1,1,1,3,2,2,1,0,1,3,0,0,0
201378016645,6,3,17,47,8,180.38033,2,5,1,2013,16,29,12,6,0,2,1,1,0,0,2,1,0,3,1,0,0,0
201378016652,6,3,17,47,8,180.38033,2,5,6,2013,20,19,12,6,0,1,2,2,0,0,2,1,0,1,1,0,0,0
201378016717,6,3,17,47,8,180.38033,1,5,1,2013,23,30,42,0,0,1,3,1,2,1,1,1,0,1,4,0,0,0
201378016723,3,3,17,47,8,180.38033,1,5,7,2013,18,40,15,0,0,4,1,1,2,1,2,1,0,1,1,16,0,0
201378016772,4,3,17,47,8,360.76065,2,5,2,2013,16,55,12,1,0,2,1,1,0,0,2,1,0,3,1,0,0,0
201378016823,4,3,17,47,8,360.76065,1,5,2,2013,6,20,30,0,0,1,1,1,0,0,2,1,0,1,4,0,0,0
201378016863,1,3,17,47,8,180.38033,1,5,7,2013,2,40,32,0,0,1,2,1,3,1,1,1,0,1,5,0,0,0
201378016880,5,3,17,47,8,180.38033,2,5,4,2013,17,36,12,6,0,2,1,1,1,1,2,1,0,3,1,0,0,0
201378016989,1,3,1,63,7,13.962,2,3,7,2013,4,30,12,6,0,2,3,1,3,1,2,8,0,2,1,0,0,0
201378016992,6,3,1,63,7,209.43,1,3,7,2013,5,7,20,0,1,19,3,1,0,0,1,8,0,1,8,0,0,0
201378016993,5,3,1,63,7,83.772,2,3,7,2013,9,33,12,1,0,1,1,10,2,1,2,8,0,1,1,0,0,0
201378017017,3,3,1,63,7,13.962,1,4,2,2013,20,0,8,0,0,2,3,1,3,1,2,8,0,2,1,0,0,0
201378017020,4,3,1,63,7,349.05,2,4,3,2013,10,15,12,7,0,2,1,10,0,0,2,8,0,2,1,0,0,0
201378017023,2,3,1,63,7,55.848,2,4,3,2013,12,30,12,7,1,5,1,10,3,2,2,8,0,1,1,0,0,0
201378017041,5,3,1,63,7,83.772,2,4,4,2013,21,5,25,0,0,1,2,2,1,1,2,8,0,1,3,0,0,0
201378017049,1,3,1,63,7,13.962,1,4,5,2013,13,33,33,0,1,2,1,10,3,1,2,8,0,2,4,0,0,0
201378017061,4,3,1,63,7,349.05,2,4,6,2013,14,30,12,7,0,4,1,1,1,1,2,8,0,1,1,0,0,0
201378017065,6,3,1,63,7,209.43,2,4,6,2013,17,27,12,1,0,1,1,1,0,0,2,8,0,1,1,0,0,0
201378017081,1,3,1,63,7,13.962,1,4,1,2013,4,35,30,0,1,19,3,1,3,2,2,8,0,1,4,0,0,0
201378017083,5,3,1,63,7,83.772,1,4,1,2013,7,12,30,0,0,1,1,10,1,2,2,8,0,1,4,0,0,0
201378017105,4,3,1,63,7,349.05,2,4,2,2013,15,35,12,6,0,4,1,1,0,0,2,8,0,1,1,0,0,0
201378017129,6,3,1,63,7,209.43,1,4,4,2013,17,16,34,0,0,2,1,2,1,1,2,8,0,3,4,0,0,0
201378017134,5,3,1,63,7,83.772,2,4,5,2013,6,30,12,1,0,4,2,2,1,2,2,8,0,1,1,0,0,0
201378017148,2,3,1,63,7,55.848,3,4,5,2013,16,46,12,1,0,1,1,1,1,1,2,8,0,1,1,0,0,0
201378017158,4,3,1,63,7,349.05,2,4,6,2013,13,20,12,7,0,2,1,1,0,0,2,8,0,2,1,0,0,0
201378017160,5,3,1,63,7,83.772,2,4,6,2013,15,36,12,6,0,2,1,1,1,2,2,8,0,2,1,0,0,0
201378017164,6,3,1,63,7,209.43,4,4,6,2013,16,55,12,1,0,1,1,1,1,2,2,8,0,1,1,0,0,0
201378017182,3,3,1,63,7,13.962,1,4,1,2013,1,45,8,0,0,1,3,1,4,1,2,8,0,1,1,0,0,0
201378017191,3,3,1,63,7,13.962,2,4,1,2013,18,40,12,7,0,1,1,1,2,2,2,8,0,1,1,0,0,0
201378017200,5,3,1,63,7,83.772,2,4,2,2013,16,20,12,6,0,2,1,1,1,2,2,8,0,2,1,0,0,0
201378017208,4,3,1,63,7,349.05,2,4,3,2013,12,15,12,1,0,2,1,1,0,0,2,8,0,2,1,0,0,0
201378017227,3,3,1,63,7,13.962,2,4,5,2013,15,10,12,6,0,2,1,2,2,1,2,8,0,2,1,0,0,0
201378017231,6,3,1,63,7,209.43,2,4,5,2013,17,30,12,1,0,1,1,2,0,0,2,8,0,1,1,0,0,0
201378017254,4,3,1,63,7,349.05,2,4,7,2013,14,54,12,1,0,1,1,1,0,0,2,8,0,1,1,0,0,0
201378017260,3,3,1,63,7,13.962,2,4,7,2013,18,15,12,6,0,2,1,1,2,2,2,8,0,2,1,0,0,0
201378017265,5,3,1,63,7,83.772,4,4,1,2013,11,0,12,1,0,2,1,1,3,3,2,8,0,2,1,0,0,0
201378017281,6,3,1,63,7,209.43,2,4,3,2013,7,55,12,2,0,4,1,1,0,0,1,8,0,1,1,0,0,0
201378017295,5,3,1,63,7,83.772,2,4,4,2013,19,45,12,2,0,2,1,1,1,2,2,8,0,3,1,0,0,0
201378017301,4,3,1,63,7,349.05,2,4,5,2013,7,55,12,7,0,1,1,10,0,0,2,8,0,1,1,3,0,0
201378017363,4,3,17,47,8,360.76065,2,6,4,2013,20,30,14,0,0,1,3,10,0,0,2,1,1,1,5,0,0,0
201378017517,4,3,17,47,8,360.76065,3,6,4,2013,18,4,12,1,0,1,1,1,1,1,2,1,0,1,1,0,0,0
201378017528,4,3,17,47,8,360.76065,2,6,4,2013,14,52,12,6,0,4,1,1,0,0,2,1,0,1,1,0,0,0
201378017705,6,3,17,47,8,180.38033,1,6,2,2013,11,20,42,0,0,1,1,2,5,1,2,1,0,1,4,0,0,0
201378017740,5,3,17,47,8,180.38033,1,6,6,2013,1,22,30,0,0,1,2,10,2,2,2,1,0,1,4,0,0,0
201378017763,4,3,17,47,8,360.76065,2,6,1,2013,11,16,12,1,0,1,1,1,0,0,2,1,0,1,1,0,0,0
201378017796,2,3,1,63,7,55.848,5,4,6,2013,14,10,12,1,0,1,1,1,1,1,2,8,0,1,1,0,0,0
201378017824,4,3,1,63,7,349.05,2,4,3,2013,7,20,12,1,1,18,1,1,1,1,2,8,0,1,1,0,0,0
201378017833,6,3,1,63,7,209.43,2,5,4,2013,7,48,12,1,0,1,1,10,0,0,2,8,0,1,1,0,0,0
201378017835,5,3,1,63,7,83.772,2,5,4,2013,8,50,25,0,0,1,1,1,1,1,2,8,0,1,3,0,0,0
201378017868,4,3,1,63,7,349.05,2,5,6,2013,15,20,12,6,0,2,1,1,1,2,2,8,0,2,1,0,0,0
201378017879,6,3,1,63,7,209.43,2,5,7,2013,8,10,12,1,0,1,1,1,0,0,2,8,0,1,1,0,0,0
201378017889,3,3,1,63,7,13.962,2,5,7,2013,17,40,12,1,0,2,1,1,3,1,2,8,0,,1,0,0,0
201378017897,5,3,1,63,7,83.772,2,5,1,2013,4,30,33,0,0,1,3,1,1,1,1,8,0,1,3,0,0,0
201378017909,3,3,1,63,7,13.962,1,5,1,2013,23,20,33,0,0,2,3,1,2,1,2,8,0,4,8,0,0,0
201378017918,4,3,1,63,7,349.05,3,5,2,2013,17,0,12,1,0,1,1,1,1,2,2,8,0,1,1,0,0,0
201378017927,6,3,1,63,7,209.43,2,5,3,2013,15,0,12,6,0,2,1,1,0,0,2,8,0,2,1,0,0,0
201378017956,5,3,1,63,7,83.772,2,5,5,2013,15,0,12,1,0,1,1,2,1,1,2,8,0,1,1,0,0,0
201378017960,4,3,1,63,7,349.05,2,5,5,2013,18,45,12,1,0,1,1,1,0,0,2,8,0,1,1,0,0,0
201378017969,2,3,1,63,7,55.848,2,5,6,2013,13,55,12,1,0,2,1,10,1,1,2,8,0,2,1,0,0,0
201378017978,1,3,1,63,7,13.962,1,5,7,2013,2,30,42,0,0,1,2,2,3,1,2,8,0,1,3,0,0,0
201378017979,1,3,1,63,7,13.962,2,5,7,2013,5,5,12,6,0,2,3,1,3,2,2,8,0,2,1,0,0,0
201378017980,1,3,1,63,7,13.962,2,5,7,2013,6,15,12,7,0,2,4,10,3,2,2,8,0,3,1,0,0,0
201378017992,5,3,1,63,7,83.772,2,5,1,2013,0,30,12,6,0,2,3,1,1,2,1,8,0,3,1,0,0,0
201378018000,6,3,1,63,7,209.43,2,5,1,2013,9,25,12,6,0,2,1,10,0,0,2,8,0,2,1,0,0,0
201378018007,4,3,1,63,7,349.05,4,5,1,2013,19,7,14,0,0,1,1,1,0,0,1,8,3,1,7,0,0,0
201378018029,2,3,1,63,7,55.848,4,5,3,2013,13,32,12,1,0,1,1,1,1,2,2,8,0,1,1,0,0,0
201378018048,4,3,1,63,7,349.05,2,5,5,2013,7,15,12,7,0,1,1,10,0,0,2,8,0,1,1,0,0,0
201378018054,3,3,1,63,7,13.962,1,5,6,2013,5,0,1,0,0,1,3,1,3,1,2,8,0,1,4,0,0,0
201378018066,6,3,1,63,7,209.43,2,5,7,2013,3,45,14,0,0,1,3,1,0,0,2,8,1,1,7,0,0,0
201378018074,3,3,1,63,7,13.962,1,5,7,2013,22,30,39,0,0,2,3,1,2,1,2,8,0,2,4,0,0,0
201378018077,5,3,1,63,7,83.772,2,5,7,2013,23,30,14,0,0,1,3,1,1,4,2,8,1,1,2,0,0,0
201378018078,1,3,1,63,7,13.962,2,5,1,2013,3,9,12,6,0,2,3,1,4,2,1,8,0,2,1,0,0,0
201378018101,4,3,1,63,7,349.05,2,5,3,2013,15,40,12,6,0,2,1,1,0,0,2,8,0,2,1,0,0,0
201378018106,6,3,1,63,7,209.43,2,5,3,2013,18,16,12,6,0,2,1,1,0,0,2,8,0,2,1,0,0,0
201378018130,5,3,1,63,7,83.772,1,5,5,2013,18,20,32,0,0,2,1,1,1,2,2,8,0,3,4,0,0,0
201378018142,5,3,17,47,8,180.38033,1,7,4,2013,22,2,1,0,0,1,2,10,2,1,1,1,0,1,4,0,0,0
201378018160,5,3,3,47,8,98.0265,2,7,2,2013,10,6,12,6,0,2,1,10,2,1,2,1,0,2,1,0,0,0
201378018220,4,3,17,47,8,360.76065,2,7,6,2013,16,20,12,9,0,4,1,1,0,0,2,1,0,1,1,0,0,0
201378018275,6,3,17,47,8,180.38033,2,7,7,2013,19,5,12,6,0,2,1,1,0,0,2,1,0,,1,0,0,0
201378018357,4,3,17,47,8,360.76065,2,7,4,2013,19,39,12,1,0,2,2,2,0,0,2,1,0,3,1,0,0,0
201378018462,6,3,17,47,8,180.38033,4,7,6,2013,17,50,12,6,0,4,1,1,0,0,2,1,0,1,1,0,0,0
201378018528,4,3,17,47,8,360.76065,2,7,5,2013,15,42,12,1,0,1,1,1,0,0,2,1,0,1,1,26,0,0
201378018551,6,3,3,47,8,215.6583,2,7,1,2013,19,49,12,6,0,4,5,1,0,0,2,1,0,1,1,0,0,0
201378018570,2,3,1,63,7,55.848,2,5,6,2013,22,20,12,6,1,2,3,1,0,0,2,8,0,2,1,0,0,0
201378018578,4,3,1,63,7,349.05,1,5,7,2013,21,0,73,0,0,1,3,1,1,2,2,8,0,1,1,0,0,0
201378018599,1,3,1,63,7,13.962,2,5,3,2013,22,15,12,6,1,2,2,10,4,1,2,8,0,2,1,0,0,0
201378018605,6,3,1,63,7,209.43,2,5,4,2013,17,20,12,6,1,5,1,1,0,0,2,8,0,1,1,0,0,0
201378018607,5,3,1,63,7,83.772,2,5,4,2013,19,41,12,2,0,2,1,1,1,1,2,8,0,2,1,0,0,0
201378018623,4,3,1,63,7,349.05,2,5,6,2013,16,20,12,6,0,2,1,1,0,0,2,8,0,2,1,0,0,0
201378018644,2,3,1,63,7,55.848,2,6,1,2013,8,25,12,7,0,1,1,2,2,1,2,8,0,1,1,0,0,0
201378018649,5,3,1,63,7,83.772,2,6,1,2013,15,30,12,6,0,4,1,1,1,1,2,8,0,1,1,0,0,0
201378018666,4,3,1,63,7,349.05,2,6,2,2013,17,45,12,1,0,1,1,10,1,1,2,8,0,1,1,0,0,0
201378018667,3,3,1,63,7,13.962,3,6,2,2013,19,0,12,7,0,2,1,1,2,1,2,8,1,2,1,0,0,0
201378018669,6,3,1,63,7,209.43,2,6,3,2013,6,45,12,1,0,1,1,1,0,0,2,8,0,1,1,0,0,0
201378018672,3,3,1,63,7,13.962,2,6,3,2013,10,23,12,6,0,2,1,1,3,1,2,8,0,2,1,0,0,0
201378018679,3,3,1,63,7,13.962,2,6,4,2013,5,42,12,7,0,1,1,1,2,2,2,8,0,1,1,0,0,0
201378018696,3,3,1,63,7,13.962,2,6,5,2013,13,0,12,6,0,2,1,1,2,1,2,8,0,2,1,0,0,0
201378018709,5,3,1,63,7,83.772,2,6,6,2013,10,45,12,6,1,2,1,1,1,1,2,8,0,2,1,0,0,0
201378018718,4,3,1,63,7,349.05,3,6,6,2013,17,2,12,1,0,1,1,1,0,0,2,8,0,1,1,0,0,0
201378018727,6,3,1,63,7,209.43,2,6,7,2013,12,52,12,1,0,1,1,10,0,0,2,8,0,1,1,0,0,0
201378018730,3,3,1,63,7,13.962,2,6,7,2013,20,0,12,6,0,4,1,10,3,1,2,8,0,1,1,0,0,0
201378018754,6,3,17,47,8,180.38033,1,7,6,2013,16,31,30,0,0,1,1,1,0,0,2,1,0,1,4,0,0,0
201378018814,4,3,17,47,8,360.76065,2,7,6,2013,13,45,12,1,0,1,1,1,0,0,2,1,0,1,1,0,0,0
201378018914,5,3,1,63,7,83.772,2,6,2,2013,22,20,12,6,0,2,3,1,2,1,2,8,0,3,1,0,0,0