CASENUM,STRATUM,REGION,PJ,PSU,PSUSTRAT,WEIGHT,VE_TOTAL,MONTH,WKDY_IM,YEAR,HOUR_IM,MINUTE_IM,EVENT1_IM,MANCOL_IM,RELJCT1_IM,RELJCT2_IM,LGTCON_IM,WEATHR_IM,MAXSEV_IM,NO_INJ_IM,ALCHL_IM,LAND_USE,PVH_INVL,TYP_INT,REL_ROAD,CF1,CF2,CF3
201378022896,4,3,7,47,8,358.28687,2,6,3,2013,16,51,12,6,0,4,1,1,0,0,2,2,0,1,1,0,0,0
201378022927,6,3,7,47,8,179.14343,1,6,1,2013,17,41,43,0,0,1,1,2,2,1,2,2,0,1,4,0,0,0
201378022929,1,3,2,47,8,19.6053,1,6,6,2013,9,15,24,0,0,1,1,1,3,1,1,8,0,1,4,0,0,0
201378022931,4,3,7,47,8,358.28687,2,6,3,2013,13,17,12,1,0,2,1,1,0,0,2,2,0,2,1,0,0,0
201378022954,5,3,7,47,8,89.57172,2,6,1,2013,17,16,12,6,0,2,1,2,2,3,1,2,0,3,1,0,0,0
201378022956,1,3,2,47,8,19.6053,1,6,3,2013,8,35,24,0,0,1,1,1,3,1,2,8,0,1,4,0,0,0
201378022967,3,3,1,47,8,19.6053,2,6,1,2013,17,0,12,8,0,1,1,1,2,1,2,3,0,1,1,0,0,0
201378022971,4,3,7,47,8,358.28687,2,6,2,2013,12,12,12,1,0,2,1,1,0,0,2,2,0,3,1,0,0,0
201378022984,1,3,2,47,8,19.6053,1,6,3,2013,16,0,38,0,0,1,1,10,3,1,2,8,0,1,4,0,0,0
201378022997,6,3,1,47,8,215.6583,2,6,2,2013,5,15,12,6,0,2,1,1,0,0,2,3,0,2,1,0,0,0
201378023000,6,3,7,47,8,179.14343,2,6,6,2013,16,16,12,6,0,2,1,1,0,0,2,2,0,3,1,0,0,0
201378023019,6,3,7,47,8,179.14343,2,6,4,2013,7,26,12,1,1,5,1,10,0,0,2,2,0,1,1,0,0,0
201378023027,6,3,4,47,8,215.6583,1,6,3,2013,3,45,24,0,0,1,2,10,0,0,2,8,0,1,4,0,0,0
201378023029,4,3,7,47,8,358.28687,2,6,4,2013,16,22,12,1,0,1,1,1,0,0,2,2,0,1,1,0,0,0
201378023047,1,3,2,47,8,19.6053,1,6,4,2013,21,40,34,0,0,1,2,1,3,1,1,8,0,1,5,0,0,0
201378023049,4,3,7,47,8,358.28687,2,6,4,2013,18,22,12,6,0,4,1,1,0,0,2,2,0,1,1,0,0,0
201378023052,1,3,2,47,8,19.6053,1,6,6,2013,1,30,34,0,0,1,2,1,3,2,2,8,0,1,4,0,0,0
201378023054,4,3,4,47,8,352.8954,1,6,2,2013,7,15,11,0,0,1,1,5,0,0,2,8,0,1,1,0,0,0
201378023060,4,3,10,47,8,375.8775,2,6,1,2013,14,35,12,6,0,2,1,1,1,1,2,1,0,3,1,0,0,0
201378023062,5,3,4,47,8,98.0265,1,6,4,2013,8,5,1,0,0,1,1,1,2,3,2,8,0,1,1,0,0,0
201378023064,2,3,4,47,8,58.8159,3,6,6,2013,13,45,12,1,0,1,1,10,1,1,2,8,0,1,1,0,0,0
201378023075,3,3,2,47,8,19.6053,1,6,1,2013,3,0,11,0,0,1,2,1,2,2,2,8,0,1,1,0,0,0
201378023077,5,3,1,47,8,98.0265,1,6,7,2013,15,15,59,0,0,2,1,1,1,1,2,3,0,2,4,20,0,0
201378023092,2,3,1,47,8,58.8159,2,6,5,2013,19,30,12,6,0,2,1,10,0,0,2,3,0,3,1,0,0,0
201378023094,4,3,7,47,8,358.28687,2,6,5,2013,8,42,12,1,0,2,1,1,0,0,2,2,0,2,1,0,0,0
201378023098,1,3,2,47,8,19.6053,1,6,5,2013,17,30,1,0,0,1,1,1,3,1,2,8,0,1,1,0,0,0
201378023102,1,3,2,47,8,19.6053,1,6,2,2013,14,54,42,0,0,1,1,2,3,1,1,8,0,1,5,0,0,0
201378023104,4,3,1,47,8,352.8954,2,6,2,2013,8,20,12,1,0,1,1,10,0,0,2,3,0,1,1,0,0,0
201378023115,1,3,2,47,8,19.6053,1,7,7,2013,7,40,42,0,0,1,1,2,3,3,2,8,0,1,4,0,0,0
201378023123,4,3,2,47,8,352.8954,1,6,1,2013,19,30,34,0,0,1,1,1,0,0,2,8,0,1,4,0,0,0
201378023127,1,3,2,47,8,19.6053,1,7,4,2013,14,15,24,0,0,1,1,2,3,1,2,8,0,1,4,0,0,0
201378023132,3,3,1,47,8,19.6053,2,7,3,2013,17,5,12,1,0,1,1,1,3,1,2,3,0,1,1,0,0,0
201378023136,4,3,7,47,8,358.28687,2,7,4,2013,18,3,12,1,0,1,1,10,0,0,2,2,0,1,1,0,0,0
201378023144,5,3,1,47,8,98.0265,2,7,3,2013,17,45,12,6,0,2,1,1,2,2,2,3,0,3,1,0,0,0
201378023156,5,3,2,47,8,98.0265,1,7,7,2013,12,45,1,0,0,1,1,2,1,2,2,8,0,1,4,0,0,0
201378023159,5,3,7,47,8,89.57172,3,7,2,2013,10,47,12,6,0,2,1,10,2,2,2,2,0,2,1,0,0,0
201378023164,3,3,4,47,8,19.6053,2,7,5,2013,0,15,14,0,0,1,2,10,2,2,1,8,1,1,2,0,0,0
201378023166,6,3,2,47,8,215.6583,3,7,3,2013,15,30,12,6,0,2,1,1,0,0,2,8,0,3,1,0,0,0
201378023168,5,3,7,47,8,89.57172,2,7,2,2013,15,48,12,7,0,4,1,1,1,1,2,2,0,1,1,0,0,0
201378023169,4,3,7,47,8,358.28687,2,7,2,2013,19,38,12,1,0,2,1,1,0,0,2,2,0,2,1,0,0,0
201378023182,1,3,1,47,8,19.6053,2,7,5,2013,11,35,12,6,0,2,1,10,3,2,2,3,0,2,1,0,0,0
201378023185,3,3,1,47,8,19.6053,1,6,1,2013,14,25,35,0,0,2,1,1,2,1,2,3,0,2,4,0,0,0
201378023192,3,3,1,47,8,19.6053,1,7,3,2013,16,30,33,0,0,2,1,1,2,1,2,3,0,3,4,0,0,0
201378023194,1,3,7,47,8,89.57172,2,7,2,2013,2,52,12,1,0,1,3,2,3,2,1,2,0,1,1,0,0,0
201378023196,1,3,4,47,8,19.6053,1,7,1,2013,21,35,32,0,0,1,2,10,4,1,1,8,0,1,4,0,0,0
201378023198,3,3,1,47,8,19.6053,1,7,7,2013,15,0,34,0,0,1,1,1,3,1,2,3,0,1,4,0,0,0
201378023207,1,3,1,47,8,19.6053,1,7,7,2013,12,50,42,0,0,1,1,10,3,1,2,3,0,1,4,0,0,0
201378023211,3,3,1,47,8,19.6053,1,7,4,2013,17,55,34,0,0,1,1,2,2,1,2,3,0,1,3,0,0,0
201378023216,1,3,1,47,8,19.6053,2,7,5,2013,17,55,12,6,0,2,1,1,3,1,2,3,0,3,1,0,0,0
201378023221,6,3,1,47,8,215.6583,2,7,1,2013,12,45,12,1,0,2,1,10,0,0,2,3,0,2,1,0,0,0
201378023234,6,3,7,47,8,179.14343,1,7,1,2013,17,56,42,0,0,1,1,10,0,0,2,2,0,1,4,0,0,0
201378023240,4,3,7,47,8,358.28687,2,7,4,2013,8,58,12,7,0,2,1,1,0,0,2,2,0,2,1,0,0,0
201378023242,6,3,4,47,8,215.6583,2,7,4,2013,17,0,12,6,0,2,1,10,0,0,2,8,0,2,1,0,0,0
201378023245,5,3,7,47,8,89.57172,1,7,3,2013,23,58,24,0,0,1,2,1,2,1,2,2,0,1,3,0,0,0
201378023247,1,3,1,47,8,19.6053,4,7,5,2013,20,40,12,6,0,2,3,10,3,3,2,3,0,2,1,0,0,0
201378023250,5,3,4,47,8,98.0265,1,7,3,2013,15,50,34,0,0,1,1,2,1,1,2,8,0,1,4,0,0,0
201378023252,1,3,2,47,8,19.6053,2,7,2,2013,13,34,12,6,0,1,1,2,3,2,2,8,0,1,1,0,0,0
201378023253,1,3,2,47,8,19.6053,1,7,3,2013,18,15,42,0,0,2,1,1,4,1,2,8,0,3,4,0,0,0
201378023257,6,3,7,47,8,179.14343,1,7,2,2013,6,41,59,0,0,1,1,2,2,1,2,2,0,1,4,0,0,0
201378023276,3,3,1,47,8,19.6053,2,7,1,2013,15,40,12,7,0,1,1,1,3,3,2,3,0,1,1,0,0,0
201378023288,6,3,7,47,8,179.14343,2,7,3,2013,11,27,14,0,0,1,1,1,2,1,2,2,1,1,7,0,0,0
201378023299,1,3,2,47,8,19.6053,1,7,3,2013,14,0,42,0,0,1,1,1,3,1,2,8,0,1,4,0,0,0
201378023301,4,3,7,47,8,358.28687,2,7,4,2013,17,53,12,1,1,2,1,1,0,0,2,2,0,,1,0,0,0
201378023305,6,3,7,47,8,179.14343,2,7,2,2013,5,23,12,6,0,2,3,2,0,0,2,2,0,2,1,0,0,0
201378023320,1,3,2,47,8,19.6053,1,7,1,2013,9,5,42,0,0,4,1,1,3,1,2,8,0,1,4,0,0,0
201378023324,3,3,7,47,8,89.57172,2,7,3,2013,16,44,12,1,1,2,1,1,2,1,2,2,0,,1,0,0,0
201378023351,4,3,7,47,8,358.28687,2,7,3,2013,17,35,12,1,1,2,1,1,0,0,2,2,0,,1,0,0,0
201378023355,3,3,1,47,8,19.6053,2,7,3,2013,11,20,12,6,0,2,1,1,3,1,2,3,0,3,1,0,0,0
201378023368,3,3,1,63,7,13.962,1,10,3,2013,14,21,30,0,0,1,1,1,2,1,2,8,0,1,4,0,0,0
201378023371,4,3,1,63,7,349.05,2,10,4,2013,8,40,12,1,0,2,1,1,0,0,2,8,0,2,1,0,0,0
201378023404,3,3,1,63,7,13.962,2,10,2,2013,4,30,12,1,0,2,3,1,2,2,1,8,0,2,1,0,0,0
201378023406,5,3,1,63,7,83.772,3,10,2,2013,8,10,12,1,0,2,1,1,1,1,2,8,0,,1,0,0,0
201378023408,4,3,1,63,7,349.05,3,10,2,2013,18,26,12,1,0,1,1,1,0,0,2,8,0,1,1,0,0,0
201378023431,6,3,1,63,7,209.43,2,10,6,2013,8,0,30,0,0,1,1,10,0,0,2,8,1,1,4,14,0,0
201378023449,3,3,1,63,7,13.962,4,10,1,2013,2,37,12,1,0,1,3,10,2,1,2,8,2,1,1,14,0,0
201378023452,5,3,1,63,7,83.772,2,10,1,2013,15,15,12,6,0,4,1,2,1,1,2,8,0,1,1,0,0,0
201378023456,4,3,1,63,7,349.05,2,10,2,2013,5,35,12,6,0,2,3,1,0,0,2,8,0,2,1,0,0,0
201378023478,6,3,1,63,7,209.43,2,10,6,2013,8,20,12,6,0,2,1,1,1,1,2,8,0,2,1,0,0,0
201378023490,1,3,1,63,7,13.962,2,10,7,2013,6,23,33,0,1,19,1,10,4,2,2,8,0,1,4,0,0,0
201378023492,3,3,1,63,7,13.962,2,10,7,2013,15,25,12,1,0,2,1,1,2,1,2,8,0,3,1,0,0,0
201378023493,4,3,1,63,7,349.05,1,10,7,2013,19,20,33,0,0,1,3,1,0,0,2,8,0,1,3,0,0,0
201378023496,1,3,1,63,7,13.962,1,10,7,2013,20,0,42,0,0,1,2,1,4,1,2,8,0,1,4,0,0,0
201378023500,5,3,1,63,7,83.772,1,10,1,2013,8,55,25,0,0,1,1,1,1,1,2,8,0,1,4,0,0,0
201378023527,5,3,1,63,7,83.772,1,10,1,2013,6,50,1,0,0,1,3,2,1,1,2,8,0,1,3,0,0,0
201378023531,3,3,1,63,7,13.962,2,10,1,2013,22,37,12,6,0,2,3,10,2,1,2,8,0,2,1,0,0,0
201378023543,4,3,1,63,7,349.05,2,10,4,2013,14,0,12,6,0,2,1,10,0,0,2,8,0,2,1,0,0,0
201378023546,6,3,1,63,7,209.43,1,10,5,2013,1,50,46,0,0,2,3,2,0,0,2,8,0,2,4,0,0,0
201378023558,3,3,1,63,7,13.962,2,10,1,2013,19,41,12,1,0,2,3,10,2,1,2,8,0,2,1,0,0,0
201378023590,5,3,1,63,7,83.772,2,10,7,2013,15,55,12,6,0,2,1,1,1,3,2,8,0,2,1,0,0,0
201378023597,6,3,1,63,7,209.43,2,10,1,2013,0,0,12,6,0,2,3,1,2,1,2,8,0,2,1,0,0,0
201378023601,3,3,1,63,7,13.962,1,10,1,2013,1,0,8,0,0,1,6,1,3,1,2,8,0,1,1,0,0,0
201378023607,2,3,1,63,7,55.848,2,10,4,2013,5,55,12,1,0,2,3,1,1,1,2,8,0,2,1,0,0,0
201378023621,1,3,1,63,7,13.962,2,10,5,2013,11,25,12,6,0,2,1,1,3,3,2,8,0,2,1,0,0,0
201378023634,1,3,1,63,7,13.962,1,10,7,2013,0,53,39,0,0,1,2,1,3,1,2,8,0,1,4,0,0,0
201378023635,4,3,1,63,7,349.05,3,10,7,2013,13,30,12,1,0,2,1,10,0,0,2,8,0,2,1,0,0,0
201378023637,1,3,1,63,7,13.962,2,10,7,2013,19,46,12,2,0,4,2,1,3,8,2,8,0,1,1,0,0,0
201378023654,2,3,1,63,7,55.848,1,10,3,2013,9,4,33,0,0,2,1,1,1,2,2,8,0,2,10,0,0,0
201378023665,6,3,1,63,7,209.43,2,10,4,2013,17,45,12,6,0,2,1,1,0,0,2,8,0,3,1,0,0,0
201378023671,5,3,1,63,7,83.772,1,10,5,2013,2,55,25,0,0,1,2,10,2,1,2,8,0,1,3,0,0,0
201378023678,4,3,1,63,7,349.05,2,10,6,2013,17,0,12,6,0,2,1,10,0,0,2,8,0,3,1,0,0,0
201378023683,3,3,1,63,7,13.962,1,10,1,2013,0,0,8,0,0,1,3,1,3,1,2,8,0,1,1,0,0,0
201378023689,3,3,1,63,7,13.962,2,10,1,2013,15,44,12,7,0,2,1,1,2,1,2,8,0,3,1,0,0,0
201378023716,6,3,1,63,7,209.43,3,10,5,2013,19,0,12,1,0,1,3,1,0,0,2,8,0,1,1,0,0,0
201378023721,4,3,1,63,7,349.05,2,10,6,2013,7,40,12,1,0,2,1,1,0,0,2,8,0,2,1,0,0,0
201378023740,5,3,1,63,7,83.772,1,10,1,2013,23,50,43,0,0,1,3,1,2,1,2,8,0,1,4,0,0,0
201378023746,2,3,1,63,7,55.848,1,10,3,2013,7,15,8,0,0,1,1,1,2,1,2,8,0,1,1,0,0,0
201378023754,3,3,1,63,7,13.962,1,10,3,2013,17,38,20,0,1,5,1,1,3,1,2,8,0,1,8,0,0,0
201378023760,1,3,1,63,7,13.962,2,10,4,2013,14,50,59,0,0,2,1,10,3,1,2,8,1,3,4,0,0,0
201378023769,6,3,1,63,7,209.43,2,10,5,2013,7,25,12,6,0,2,1,2,2,1,2,8,0,2,1,0,0,0
201378023780,3,3,2,47,8,19.6053,1,7,1,2013,5,0,34,0,0,1,3,10,3,1,2,8,0,1,4,0,0,0
201378023784,4,3,7,47,8,358.28687,3,7,2,2013,16,38,12,1,0,2,1,10,0,0,2,2,0,2,1,0,0,0
201378023786,6,3,4,47,8,215.6583,1,7,2,2013,20,30,11,0,0,1,3,10,0,0,2,8,0,1,1,0,0,0
201378023789,6,3,7,47,8,179.14343,3,7,4,2013,13,2,12,1,0,1,1,10,0,0,2,2,0,1,1,0,0,0
201378023795,4,3,1,47,8,352.8954,2,7,7,2013,15,25,12,1,0,2,1,1,0,0,2,3,0,3,1,0,0,0
201378023797,5,3,7,47,8,89.57172,2,7,5,2013,16,35,12,6,0,2,1,1,1,1,2,2,0,2,1,0,0,0
201378023802,6,3,7,47,8,179.14343,2,7,2,2013,18,7,12,1,0,2,1,10,0,0,2,2,0,2,1,0,0,0
201378023805,1,3,2,47,8,19.6053,2,7,3,2013,16,30,14,0,0,1,1,2,3,1,2,8,1,1,3,0,0,0
201378023816,4,3,2,47,8,352.8954,1,7,1,2013,16,0,53,0,0,1,1,10,0,0,2,8,0,1,4,0,0,0
201378023819,1,3,1,47,8,19.6053,2,7,5,2013,18,20,12,6,0,4,1,1,3,1,2,3,0,1,1,0,0,0
201378023826,2,3,1,47,8,58.8159,2,7,5,2013,12,30,12,2,0,1,1,1,3,2,2,3,0,1,1,0,0,0
201378023830,2,3,2,47,8,58.8159,2,7,4,2013,12,10,12,7,0,1,1,2,3,2,2,8,0,1,1,0,0,0
201378023832,6,3,7,47,8,179.14343,1,7,3,2013,17,24,34,0,0,1,1,2,0,0,2,2,0,1,4,0,0,0
201378023833,4,3,7,47,8,358.28687,2,7,3,2013,11,23,12,7,0,2,1,10,0,0,2,2,0,,1,0,0,0
201378023838,1,3,4,47,8,19.6053,1,7,4,2013,17,0,1,0,0,1,1,10,3,2,2,8,0,1,1,0,0,0
201378023840,2,3,7,47,8,89.57172,2,7,4,2013,14,53,12,2,0,1,1,10,3,2,2,2,0,1,1,0,0,0
201378023846,1,3,1,47,8,19.6053,1,7,7,2013,16,50,42,0,0,1,1,1,3,1,2,3,0,1,4,0,0,0
201378023863,5,3,7,47,8,89.57172,3,7,2,2013,16,37,12,6,0,2,1,1,2,2,2,2,0,2,1,0,0,0
201378023866,5,3,4,47,8,98.0265,1,8,5,2013,16,30,34,0,0,1,1,1,2,4,2,8,0,1,4,0,0,0
201378023878,1,3,2,47,8,19.6053,2,7,1,2013,6,55,14,0,1,19,1,1,4,2,2,8,1,1,2,0,0,0
201378023880,3,3,1,47,8,19.6053,2,8,6,2013,11,0,12,1,0,1,1,1,2,1,2,3,0,1,1,0,0,0
201378023882,4,3,7,47,8,358.28687,2,7,4,2013,21,25,12,6,0,4,3,10,0,0,2,2,0,1,1,0,0,0
201378023891,2,3,7,47,8,89.57172,2,7,4,2013,16,21,12,1,0,2,1,10,0,0,2,2,0,3,1,0,0,0
201378023908,6,3,7,47,8,179.14343,3,7,3,2013,12,59,12,1,0,2,1,1,2,1,2,2,0,2,1,0,0,0
201378023915,4,3,7,47,8,358.28687,1,8,5,2013,2,0,34,0,0,1,2,2,0,0,2,2,0,1,4,0,0,0
201378023918,1,3,2,47,8,19.6053,2,8,6,2013,17,50,12,6,0,2,1,1,3,2,2,8,0,2,1,0,0,0
201378023921,6,3,1,47,8,215.6583,3,8,6,2013,16,20,12,1,0,1,1,1,0,0,2,3,0,1,1,21,0,0
201378023931,1,3,1,47,8,19.6053,2,8,6,2013,8,15,12,6,0,2,1,1,3,1,2,3,0,3,1,0,0,0
201378023947,4,3,7,47,8,358.28687,2,8,6,2013,16,46,12,1,0,2,1,1,0,0,2,2,0,2,1,0,0,0
201378023952,6,3,2,47,8,215.6583,1,8,4,2013,10,30,53,0,0,1,1,1,0,0,2,8,0,1,4,0,0,0
201378023957,6,3,7,47,8,179.14343,2,8,3,2013,20,18,12,6,0,2,3,10,1,1,2,2,0,2,1,0,0,0
201378023977,6,3,7,47,8,179.14343,2,8,4,2013,16,48,12,6,0,7,1,2,0,0,2,2,0,1,1,0,0,0
201378023981,6,3,7,47,8,179.14343,2,8,4,2013,12,31,12,6,0,4,1,10,0,0,2,2,0,1,1,0,0,0
201378023985,5,3,1,47,8,98.0265,3,8,3,2013,15,25,12,6,0,2,1,2,2,1,2,3,0,2,1,0,0,0
201378023987,4,3,7,47,8,358.28687,2,8,2,2013,18,11,12,6,0,7,1,1,0,0,2,2,0,1,1,0,0,0
201378023992,4,3,7,47,8,358.28687,2,8,4,2013,17,22,12,1,0,1,1,2,0,0,2,2,0,1,1,0,0,0
201378023994,5,3,7,47,8,89.57172,1,8,6,2013,12,20,40,0,0,2,1,1,2,1,2,2,0,4,3,21,0,0
201378024000,4,3,1,47,8,352.8954,2,8,5,2013,19,10,12,1,0,2,1,1,0,0,2,3,0,3,1,0,0,0
201378024004,1,3,2,47,8,19.6053,1,8,6,2013,15,12,42,0,0,1,1,2,3,1,2,8,0,1,4,0,0,0
201378024011,6,3,7,47,8,179.14343,1,8,1,2013,7,57,35,0,0,1,1,10,0,0,2,2,0,1,4,0,0,0
201378024012,5,3,7,47,8,89.57172,2,8,5,2013,11,44,12,1,0,2,1,1,1,1,2,2,0,3,1,0,0,0
201378024021,2,3,7,47,8,89.57172,2,8,4,2013,15,9,12,1,0,1,1,1,1,2,2,2,0,1,1,0,0,0
201378024023,6,3,7,47,8,179.14343,1,8,4,2013,8,58,34,0,0,1,1,2,0,0,2,2,0,1,4,0,0,0
201378024024,4,3,7,47,8,358.28687,2,8,5,2013,9,26,12,1,0,2,1,1,1,1,2,2,0,2,1,0,0,0
201378024027,1,3,2,47,8,19.6053,1,8,1,2013,4,50,34,0,0,1,3,1,3,1,2,8,0,1,4,0,0,0
201378024032,4,3,4,47,8,352.8954,2,8,1,2013,18,15,12,1,0,1,1,2,0,0,2,8,0,1,1,27,0,0
201378024042,5,3,7,47,8,89.57172,2,8,3,2013,15,48,12,6,0,2,1,1,1,1,2,2,0,2,1,0,0,0
201378024044,4,3,7,47,8,358.28687,2,8,5,2013,13,49,12,1,0,2,1,1,0,0,2,2,0,,1,0,0,0
201378024045,6,3,7,47,8,179.14343,1,8,2,2013,13,52,25,0,0,1,1,2,0,0,2,2,0,1,3,0,0,0
201378024061,1,3,1,47,8,19.6053,2,8,5,2013,8,30,12,6,0,2,1,10,3,1,2,3,0,2,1,0,0,0
201378024064,3,3,7,47,8,89.57172,2,8,2,2013,13,6,12,1,0,2,1,10,2,1,2,2,0,,1,0,0,0
201378024072,4,3,2,47,8,352.8954,1,8,3,2013,3,55,11,0,0,1,3,1,0,0,2,8,0,1,1,0,0,0
201378024082,6,3,1,47,8,215.6583,2,8,5,2013,18,50,12,6,0,2,5,1,0,0,2,3,0,2,1,0,0,0
201378024084,4,3,7,47,8,358.28687,2,8,2,2013,17,5,12,7,0,2,1,1,0,0,2,2,0,2,1,0,0,0
201378024086,1,3,4,47,8,19.6053,3,8,1,2013,18,15,12,1,0,1,1,2,3,3,2,8,0,1,1,27,0,0
201378024102,6,3,7,47,8,179.14343,2,8,6,2013,11,46,12,9,1,2,1,10,0,0,2,2,0,,1,0,0,0
201378024114,5,3,4,47,8,98.0265,2,8,2,2013,17,5,12,8,0,1,1,10,2,2,2,8,0,1,1,0,0,0
201378024129,4,3,7,47,8,358.28687,2,8,3,2013,17,14,12,6,0,4,1,1,0,0,2,2,0,1,1,0,0,0
201378024130,6,3,7,47,8,179.14343,1,8,1,2013,16,26,30,0,0,2,1,10,0,0,2,2,0,3,4,0,0,0
201378024136,2,3,1,47,8,58.8159,1,8,4,2013,11,55,34,0,0,1,1,10,0,0,2,3,0,1,3,0,0,0
201378024141,3,3,1,47,8,19.6053,1,8,6,2013,21,20,34,0,0,1,3,10,3,1,2,3,0,1,4,0,0,0
201378024144,3,3,4,47,8,19.6053,1,8,5,2013,15,50,1,0,0,1,1,10,2,1,2,8,0,1,1,0,0,0
201378024148,5,3,7,47,8,89.57172,2,8,2,2013,13,34,12,6,0,2,1,10,1,1,2,2,0,2,1,0,0,0
201378024149,4,3,7,47,8,358.28687,2,8,2,2013,7,34,12,1,0,2,1,10,0,0,2,2,0,,1,0,0,0
201378024153,4,3,7,47,8,358.28687,2,8,2,2013,14,0,12,1,0,2,1,10,0,0,2,2,0,3,1,0,0,0
201378024186,4,3,7,47,8,358.28687,2,8,5,2013,12,37,12,1,0,2,1,1,0,0,2,2,0,,1,0,0,0
201378024188,6,3,7,47,8,179.14343,2,8,3,2013,17,4,12,1,0,4,1,1,1,1,2,2,0,1,1,0,0,0
201378024191,4,3,7,47,8,358.28687,2,8,5,2013,16,15,12,7,0,1,1,1,0,0,2,2,0,1,1,0,0,0
201378024193,6,3,2,47,8,215.6583,2,8,1,2013,13,25,12,6,0,4,1,1,0,0,2,8,0,1,1,0,0,0
201378024195,1,3,2,47,8,19.6053,2,8,3,2013,15,55,12,6,0,2,1,1,3,1,2,8,0,3,1,0,0,0
201378024207,1,3,1,47,8,19.6053,1,8,1,2013,15,42,1,0,0,1,1,1,3,3,2,3,0,1,4,0,0,0
201378024209,1,3,7,47,8,89.57172,2,8,3,2013,20,31,12,6,0,2,3,1,3,1,2,2,0,2,1,0,0,0
201378024215,4,3,2,47,8,352.8954,1,8,7,2013,2,30,38,0,0,2,6,2,0,0,2,8,0,3,4,0,0,0
201378024219,6,3,4,47,8,215.6583,2,8,3,2013,6,35,12,1,0,1,1,1,0,0,2,8,0,1,1,0,0,0
201378024220,3,3,4,47,8,19.6053,1,8,2,2013,18,30,1,0,0,2,1,1,2,1,2,8,0,3,1,0,0,0
201378024223,4,3,7,47,8,358.28687,3,8,1,2013,10,49,12,1,0,2,1,1,0,0,2,2,0,,1,0,0,0
201378024224,6,3,7,47,8,179.14343,1,9,2,2013,11,45,42,0,0,1,1,10,0,0,2,2,0,1,4,0,0,0
201378024227,1,3,2,47,8,19.6053,1,8,3,2013,15,0,42,0,0,1,1,1,3,1,2,8,0,1,4,0,0,0
201378024230,4,3,1,47,8,352.8954,1,8,4,2013,15,50,18,0,0,1,1,1,0,0,2,3,0,1,1,0,0,0
201378024237,4,3,17,47,8,360.76065,2,9,4,2013,20,24,14,0,0,4,3,1,0,0,2,1,1,1,7,0,0,0
201378024245,2,3,1,47,8,58.8159,2,9,7,2013,17,15,12,1,0,2,1,1,0,0,2,3,0,,1,0,0,0
201378024253,1,3,2,47,8,19.6053,1,9,6,2013,18,45,1,0,0,1,1,1,3,1,1,8,0,1,3,0,0,0
201378024261,3,3,1,47,8,19.6053,2,9,3,2013,16,8,12,1,0,1,1,1,2,1,2,3,0,1,1,0,0,0
201378024262,6,3,1,47,8,215.6583,2,9,3,2013,8,10,12,1,0,1,1,1,0,0,2,3,0,1,1,0,0,0
201378024266,5,3,7,47,8,89.57172,2,9,1,2013,18,23,12,6,0,2,1,1,2,1,2,2,0,2,1,0,0,0
201378024267,4,3,7,47,8,358.28687,2,9,6,2013,13,20,12,1,0,2,1,1,0,0,2,2,0,,1,0,0,0
201378024279,4,3,17,47,8,360.76065,2,9,4,2013,15,50,12,1,0,2,1,1,0,0,2,1,0,2,1,0,0,0
201378024283,3,3,4,47,8,19.6053,2,9,4,2013,13,20,12,1,0,1,1,1,3,2,2,8,0,1,1,0,0,0
201378024294,5,3,2,47,8,98.0265,3,9,7,2013,13,30,12,1,0,2,1,1,1,2,2,8,0,2,1,0,0,0
201378024303,6,3,17,47,8,180.38033,2,9,3,2013,9,29,12,6,0,4,1,1,0,0,2,1,0,1,1,0,0,0
201378024312,5,3,1,47,8,98.0265,2,9,1,2013,13,0,12,1,0,1,1,1,1,1,2,3,0,1,1,0,0,0
201378024322,1,3,1,47,8,19.6053,2,9,3,2013,7,5,12,1,0,2,1,1,3,2,2,3,0,3,1,0,0,0
201378024324,4,3,7,47,8,358.28687,2,9,6,2013,13,1,12,1,0,1,1,1,0,0,2,2,0,1,1,0,0,0
201378024326,3,3,7,47,8,89.57172,2,9,5,2013,18,0,12,1,0,2,1,1,2,1,2,2,0,2,1,0,0,0
201378024331,1,3,1,47,8,19.6053,1,9,4,2013,18,18,39,0,0,1,5,1,3,2,2,3,0,1,5,0,0,0
201378024337,1,3,2,47,8,19.6053,2,9,2,2013,20,52,12,2,1,2,2,1,3,3,2,8,0,2,1,0,0,0
201378024342,5,3,4,47,8,98.0265,1,9,7,2013,6,45,42,0,0,1,1,1,2,1,2,8,0,1,4,0,0,0
201378024346,1,3,4,47,8,19.6053,1,9,4,2013,15,18,1,0,0,1,1,1,4,1,2,8,0,1,1,0,0,0
201378024348,5,3,7,47,8,89.57172,2,9,6,2013,15,34,12,1,0,2,1,1,3,1,2,2,0,,1,0,0,0
201378024351,6,3,7,47,8,179.14343,3,9,3,2013,7,34,12,1,0,2,1,1,0,0,2,2,0,2,1,14,0,0
201378024359,1,3,1,47,8,19.6053,1,9,6,2013,2,0,42,0,0,1,2,1,4,4,1,3,0,1,4,0,0,0
201378024361,1,3,1,47,8,19.6053,1,9,2,2013,4,55,42,0,0,1,2,1,3,1,2,3,0,1,5,0,0,0
201378024362,6,3,1,47,8,215.6583,3,9,6,2013,7,35,12,1,0,1,1,1,0,0,2,3,0,1,1,0,0,0