CASENUM,STRATUM,REGION,PJ,PSU,PSUSTRAT,WEIGHT,VE_TOTAL,MONTH,WKDY_IM,YEAR,HOUR_IM,MINUTE_IM,EVENT1_IM,MANCOL_IM,RELJCT1_IM,RELJCT2_IM,LGTCON_IM,WEATHR_IM,MAXSEV_IM,NO_INJ_IM,ALCHL_IM,LAND_USE,PVH_INVL,TYP_INT,REL_ROAD,CF1,CF2,CF3
201378024371,6,3,2,47,8,215.6583,1,9,7,2013,19,45,43,0,0,1,2,1,0,0,2,8,0,1,4,0,0,0
201378024378,1,3,2,47,8,19.6053,2,9,5,2013,17,15,12,2,0,2,1,1,3,1,2,8,0,3,1,0,0,0
201378024381,2,3,2,47,8,58.8159,2,9,7,2013,14,25,12,7,0,1,1,2,0,0,2,8,0,1,1,0,0,0
201378024388,5,3,10,47,8,93.969376,2,9,3,2013,14,0,12,6,0,2,1,1,2,1,2,1,0,2,1,0,0,0
201378024390,1,3,1,47,8,19.6053,2,9,2,2013,23,35,12,2,0,1,2,1,3,2,1,3,0,1,1,0,0,0
201378024392,1,3,1,47,8,19.6053,3,9,6,2013,15,15,12,1,0,1,1,1,3,1,2,3,0,1,1,0,0,0
201378024396,4,3,1,47,8,352.8954,2,9,5,2013,17,12,12,1,0,1,1,1,0,0,2,3,0,1,1,0,0,0
201378024399,4,3,7,47,8,358.28687,2,9,5,2013,8,9,12,1,0,2,1,1,0,0,2,2,0,,1,0,0,0
201378024404,4,3,7,47,8,358.28687,2,9,5,2013,17,6,12,1,0,1,1,1,0,0,2,2,0,1,1,0,0,0
201378024408,4,3,7,47,8,358.28687,2,9,6,2013,7,0,12,1,0,2,1,1,0,0,2,2,0,3,1,0,0,0
201378024409,6,3,7,47,8,179.14343,2,9,6,2013,7,40,12,6,0,2,1,1,0,0,2,2,0,,1,0,0,0
201378024413,2,3,7,47,8,89.57172,2,9,2,2013,14,57,12,1,0,2,1,1,0,0,2,2,0,,1,0,0,0
201378024414,5,3,7,47,8,89.57172,4,9,3,2013,11,39,12,7,1,5,1,10,2,1,2,2,0,1,1,0,0,0
201378024421,6,3,17,47,8,180.38033,1,9,2,2013,15,5,42,0,0,1,1,1,0,0,2,1,0,1,5,0,0,0
201378024422,4,3,17,47,8,360.76065,3,9,6,2013,13,15,12,1,0,1,1,1,0,0,2,1,0,1,1,0,0,0
201378024425,3,3,10,47,8,93.969376,1,9,1,2013,14,20,1,0,0,1,1,1,2,1,2,1,0,1,1,0,0,0
201378024428,1,3,1,47,8,19.6053,2,9,7,2013,13,30,12,6,0,4,1,1,3,1,2,3,0,1,1,0,0,0
201378024435,1,3,2,47,8,19.6053,1,9,2,2013,1,0,42,0,0,1,2,1,3,1,1,8,0,1,4,0,0,0
201378024437,5,3,2,47,8,98.0265,2,9,2,2013,13,40,12,6,0,2,1,1,1,1,2,8,0,,1,0,0,0
201378024438,1,3,2,47,8,19.6053,1,9,1,2013,17,45,42,0,0,1,1,1,3,1,2,8,0,1,4,0,0,0
201378024444,4,3,7,47,8,358.28687,2,9,2,2013,13,55,12,1,0,2,1,1,0,0,2,2,0,2,1,0,0,0
201378024453,6,3,17,47,8,180.38033,3,9,4,2013,16,57,12,1,0,2,1,1,0,0,2,1,0,3,1,0,0,0
201378024454,4,3,17,47,8,360.76065,2,9,3,2013,17,37,12,1,0,1,1,2,0,0,2,1,0,1,1,0,0,0
201378024455,6,3,17,47,8,180.38033,2,9,2,2013,6,16,12,6,0,2,1,1,0,0,2,1,0,3,1,0,0,0
201378024457,4,3,17,47,8,360.76065,2,9,1,2013,16,35,14,0,0,4,1,1,0,0,2,1,1,1,7,0,0,0
201378024466,5,3,1,47,8,98.0265,2,9,1,2013,11,30,12,1,0,2,1,1,2,1,2,3,0,3,1,0,0,0
201378024469,3,3,1,47,8,19.6053,1,10,6,2013,15,30,1,0,0,1,1,1,2,1,2,3,0,1,4,0,0,0
201378024470,1,3,1,47,8,19.6053,2,9,3,2013,2,15,12,1,0,2,3,10,3,1,1,3,0,2,1,0,0,0
201378024473,4,3,7,47,8,358.28687,2,9,4,2013,7,47,12,1,0,2,1,10,0,0,2,2,0,,1,0,0,0
201378024478,3,3,2,47,8,19.6053,2,9,6,2013,4,30,12,1,0,2,2,1,3,1,2,8,0,2,1,0,0,0
201378024479,1,3,2,47,8,19.6053,1,9,3,2013,17,45,42,0,0,1,1,10,3,1,2,8,0,1,4,0,0,0
201378024481,3,3,2,47,8,19.6053,1,9,4,2013,23,10,11,0,0,1,2,1,3,5,2,8,0,1,1,0,0,0
201378024490,6,3,7,47,8,179.14343,2,10,4,2013,6,12,12,1,0,2,4,10,0,0,2,2,0,,1,0,0,0
201378024492,6,3,7,47,8,179.14343,2,10,5,2013,7,53,12,1,0,1,1,1,0,0,2,2,0,1,1,0,0,0
201378024494,4,3,7,47,8,358.28687,2,9,2,2013,16,28,12,1,0,2,1,1,0,0,2,2,0,2,1,0,0,0
201378024498,4,3,10,47,8,375.8775,2,10,6,2013,12,5,12,6,0,4,1,1,0,0,2,1,0,1,1,0,0,0
201378024504,3,3,1,47,8,19.6053,1,10,7,2013,12,10,1,0,0,1,1,1,3,2,2,3,0,1,4,0,0,0
201378024505,1,3,1,47,8,19.6053,3,10,6,2013,9,25,12,1,0,2,1,1,3,2,2,3,0,,1,0,0,0
201378024517,5,3,4,47,8,98.0265,1,10,3,2013,19,40,52,0,0,1,2,1,2,2,2,8,0,1,4,0,0,0
201378024518,6,3,4,47,8,215.6583,1,10,3,2013,19,15,34,0,0,1,2,1,0,0,2,8,0,1,4,0,0,0
201378024520,6,3,10,47,8,187.93875,2,10,7,2013,19,20,12,1,0,2,3,1,0,0,2,1,0,2,1,0,0,0
201378024523,3,3,3,47,8,19.6053,1,10,3,2013,12,0,43,0,0,1,1,10,2,1,2,1,0,1,4,0,0,0
201378024526,4,3,2,47,8,352.8954,2,9,1,2013,9,20,12,6,0,4,1,1,0,0,2,8,0,1,1,0,0,0
201378024529,3,3,2,47,8,19.6053,2,9,1,2013,21,15,12,2,0,1,2,1,3,1,1,8,0,1,1,0,0,0
201378024535,4,3,7,47,8,358.28687,1,9,1,2013,21,25,34,0,0,4,3,1,0,0,2,2,0,1,4,0,0,0
201378024540,1,3,1,47,8,19.6053,1,10,3,2013,7,4,42,0,0,1,1,1,3,1,2,3,0,1,4,0,0,0
201378024548,5,3,17,47,8,180.38033,4,10,5,2013,16,15,12,1,0,1,1,1,1,2,2,1,0,1,1,0,0,0
201378024550,1,3,1,47,8,19.6053,1,10,4,2013,16,55,42,0,0,1,1,1,3,1,2,3,0,1,4,0,0,0
201378024556,6,3,7,47,8,179.14343,1,10,1,2013,16,17,42,0,0,1,1,2,0,0,2,2,0,1,6,0,0,0
201378024559,2,3,7,47,8,89.57172,3,10,4,2013,14,1,12,1,0,1,1,10,1,1,2,2,0,1,1,0,0,0
201378024572,6,3,7,47,8,179.14343,1,10,5,2013,16,15,42,0,0,1,1,1,0,0,2,2,0,1,6,0,0,0
201378024575,4,3,17,47,8,360.76065,2,10,5,2013,13,55,12,1,0,1,1,1,0,0,2,1,0,1,1,0,0,0
201378024580,5,3,1,47,8,98.0265,2,10,6,2013,19,30,12,1,0,1,2,1,2,1,1,3,0,1,1,0,0,0
201378024582,4,3,1,47,8,352.8954,3,10,5,2013,16,54,12,1,0,2,1,1,0,0,2,3,0,2,1,0,0,0
201378024583,6,3,1,47,8,215.6583,1,10,1,2013,20,18,34,0,0,1,2,2,0,0,2,3,0,1,4,0,0,0
201378024586,4,3,7,47,8,358.28687,2,10,7,2013,9,20,12,9,0,2,1,1,0,0,2,2,0,2,1,0,0,0
201378024590,6,3,7,47,8,179.14343,2,10,2,2013,17,37,12,6,0,2,1,1,0,0,2,2,0,2,1,0,0,0
201378024591,4,3,7,47,8,358.28687,2,10,3,2013,13,14,12,1,0,2,1,1,0,0,2,2,0,2,1,0,0,0
201378024593,5,3,7,47,8,89.57172,2,10,2,2013,7,23,12,6,0,2,1,1,1,1,2,2,0,2,1,0,0,0
201378024599,1,3,4,47,8,19.6053,1,10,6,2013,19,32,1,0,0,1,2,1,3,1,1,8,0,1,3,0,0,0
201378024602,3,3,17,47,8,180.38033,1,10,6,2013,16,51,1,0,0,2,1,1,2,1,2,1,0,2,1,0,0,0
201378024604,4,3,17,47,8,360.76065,2,10,5,2013,17,45,12,6,0,2,1,1,0,0,2,1,0,2,1,0,0,0
201378024605,5,3,17,47,8,180.38033,2,10,7,2013,17,58,12,6,0,4,5,1,1,1,2,1,0,1,1,0,0,0
201378024611,1,3,2,47,8,19.6053,1,10,1,2013,6,20,34,0,0,1,1,1,3,1,2,8,0,1,4,0,0,0
201378024614,1,3,2,47,8,19.6053,2,10,2,2013,7,15,12,6,0,2,1,1,3,6,2,8,0,2,1,0,0,0
201378024618,6,3,2,47,8,215.6583,2,10,3,2013,5,20,12,1,0,1,1,1,1,1,2,8,0,1,1,0,0,0
201378024623,2,3,2,47,8,58.8159,1,10,7,2013,11,15,1,0,0,2,1,10,0,0,2,8,0,3,4,0,0,0
201378024625,1,3,2,47,8,19.6053,1,10,1,2013,21,10,42,0,0,1,2,1,3,1,2,8,0,1,4,0,0,0
201378024630,1,3,1,47,8,19.6053,1,10,2,2013,20,39,32,0,0,1,2,1,3,2,1,3,0,1,4,0,0,0
201378024631,2,3,1,47,8,58.8159,2,10,1,2013,16,10,12,2,0,1,1,2,0,0,2,3,0,1,1,0,0,0
201378024634,1,3,1,47,8,19.6053,1,10,1,2013,18,35,5,0,0,1,2,1,3,1,2,3,0,1,5,0,0,0
201378024653,4,3,7,47,8,358.28687,2,10,3,2013,11,58,12,1,0,2,1,1,0,0,2,2,0,,1,0,0,0
201378024657,5,3,7,47,8,89.57172,1,10,3,2013,19,31,30,0,0,1,3,1,2,1,2,2,0,1,4,0,0,0
201378024658,4,3,7,47,8,358.28687,2,10,5,2013,17,15,12,1,0,2,1,10,0,0,2,2,0,,1,0,0,0
201378024663,4,3,7,47,8,358.28687,2,10,5,2013,21,18,12,6,0,2,3,1,0,0,2,2,0,5,1,0,0,0
201378024666,4,3,17,47,8,360.76065,2,10,5,2013,18,0,12,1,0,1,1,10,0,0,2,1,0,1,1,0,0,0
201378024668,1,3,17,47,8,180.38033,3,10,4,2013,20,50,12,6,0,1,2,2,3,2,2,1,0,1,1,0,0,0
201378024669,4,3,17,47,8,360.76065,2,10,2,2013,15,20,12,1,0,2,1,1,0,0,2,1,0,3,1,0,0,0
201378024671,4,3,17,47,8,360.76065,1,10,2,2013,11,23,59,0,0,1,1,1,1,1,2,1,0,1,4,0,0,0
201378024673,6,3,17,47,8,180.38033,3,10,5,2013,8,31,12,1,0,2,1,2,2,1,2,1,0,2,1,0,0,0
201378024674,4,3,17,47,8,360.76065,2,10,4,2013,21,40,12,1,0,1,3,2,0,0,2,1,0,1,1,0,0,0
201378024694,3,3,1,47,8,19.6053,2,10,3,2013,16,10,12,1,0,1,1,1,2,1,2,3,0,1,1,0,0,0
201378024699,3,3,1,47,8,19.6053,1,10,2,2013,16,40,9,0,0,1,1,1,2,1,2,3,0,1,1,0,0,0
201378024709,6,3,1,47,8,215.6583,2,10,3,2013,8,15,12,1,0,4,1,10,0,0,2,3,0,1,1,0,0,0
201378024718,5,3,4,47,8,98.0265,2,10,2,2013,10,45,54,11,0,1,1,1,1,1,2,8,0,1,1,14,0,0
201378024721,6,3,4,47,8,215.6583,2,10,2,2013,15,10,12,1,0,1,1,10,0,0,2,8,0,1,1,0,0,0
201378024730,4,3,7,47,8,358.28687,2,10,5,2013,16,50,12,1,0,1,1,1,0,0,2,2,0,1,1,0,0,0
201378024731,6,3,7,47,8,179.14343,2,10,4,2013,7,57,12,1,0,1,1,1,0,0,2,2,0,1,1,0,0,0
201378024735,4,3,7,47,8,358.28687,2,10,6,2013,17,41,12,6,0,4,1,1,0,0,2,2,0,1,1,0,0,0
201378024737,3,3,7,47,8,89.57172,2,10,5,2013,19,37,53,0,0,1,2,1,2,1,2,2,1,1,4,0,0,0
201378024741,4,3,7,47,8,358.28687,2,10,6,2013,7,46,12,1,0,2,1,1,0,0,2,2,0,2,1,0,0,0
201378024742,6,3,7,47,8,179.14343,1,10,3,2013,21,45,34,0,0,4,3,1,0,0,2,2,0,1,4,0,0,0
201378024749,4,3,3,47,8,352.8954,2,10,1,2013,14,24,12,6,0,2,1,1,0,0,2,1,0,,1,0,0,0
201378024757,3,3,2,47,8,19.6053,1,10,4,2013,16,30,38,0,0,1,1,1,2,1,2,8,0,1,4,0,0,0
201378024765,2,3,2,47,8,58.8159,1,11,6,2013,4,0,51,0,0,1,2,10,0,0,2,8,0,1,1,0,0,0
201378024766,6,3,2,47,8,215.6583,1,11,6,2013,6,0,53,0,0,1,2,2,0,0,2,8,0,1,4,0,0,0
201378024767,4,3,2,47,8,352.8954,2,10,3,2013,10,30,12,7,0,1,1,1,0,0,2,8,0,1,1,0,0,0
201378024769,3,3,1,47,8,19.6053,1,10,1,2013,13,26,24,0,0,1,1,1,2,1,2,3,0,1,4,0,0,0
201378024770,4,3,1,47,8,352.8954,2,10,5,2013,17,23,12,1,1,5,1,1,0,0,2,3,0,1,1,0,0,0
201378024780,1,3,1,47,8,19.6053,1,10,2,2013,14,10,34,0,0,1,1,10,4,2,2,3,0,1,4,0,0,0
201378024784,4,3,17,47,8,360.76065,2,10,5,2013,16,50,12,6,0,4,1,1,0,0,2,1,0,1,1,0,0,0
201378024785,6,3,17,47,8,180.38033,2,10,3,2013,6,20,12,2,0,4,3,1,0,0,2,1,0,1,1,0,0,0
201378024786,6,3,17,47,8,180.38033,2,10,2,2013,8,24,12,6,0,2,1,10,0,0,2,1,0,,1,0,0,0
201378024787,6,3,17,47,8,180.38033,1,10,2,2013,8,18,30,0,0,1,1,2,0,0,2,1,0,1,4,0,0,0
201378024788,6,3,17,47,8,180.38033,2,11,7,2013,10,45,12,1,0,2,1,1,0,0,2,1,0,3,1,0,0,0
201378024791,4,3,7,47,8,358.28687,2,11,7,2013,8,49,12,7,0,4,1,10,0,0,2,2,0,1,1,0,0,0
201378024792,5,3,7,47,8,89.57172,3,10,4,2013,9,59,12,6,0,2,1,10,5,1,2,2,0,2,1,0,0,0
201378024793,6,3,7,47,8,179.14343,1,10,4,2013,14,24,42,0,0,1,1,1,0,0,2,2,0,1,4,0,0,0
201378024797,6,3,7,47,8,179.14343,3,10,5,2013,15,53,12,1,0,1,1,10,0,0,2,2,0,1,1,0,0,0
201378024799,4,3,7,47,8,358.28687,2,10,3,2013,10,14,12,1,0,2,1,1,0,0,2,2,0,,1,0,0,0
201378024802,6,3,7,47,8,179.14343,1,10,3,2013,12,30,11,0,0,1,1,1,0,0,2,2,0,1,1,0,0,0
201378024805,6,3,7,47,8,179.14343,2,11,3,2013,17,48,12,6,0,4,3,1,1,1,2,2,0,1,1,0,0,0
201378024807,4,3,4,47,8,352.8954,1,10,5,2013,21,30,35,0,0,1,2,2,0,0,2,8,0,1,4,0,0,0
201378024808,2,3,4,47,8,58.8159,2,11,6,2013,15,55,12,1,0,1,1,1,0,0,2,8,0,1,1,0,0,0
201378024810,1,3,4,47,8,19.6053,1,10,4,2013,23,40,53,0,0,1,2,1,3,1,1,8,0,1,4,0,0,0
201378024820,1,3,2,47,8,19.6053,1,10,1,2013,18,25,30,0,0,1,2,1,3,1,1,8,0,1,4,0,0,0
201378024823,1,3,2,47,8,19.6053,1,11,3,2013,0,25,1,0,0,1,2,1,3,1,2,8,0,1,4,0,0,0
201378024825,1,3,2,47,8,19.6053,1,11,4,2013,16,15,42,0,0,1,1,1,4,1,2,8,0,1,4,0,0,0
201378024828,1,3,2,47,8,19.6053,1,11,2,2013,7,35,34,0,0,1,1,1,3,3,2,8,0,1,4,0,0,0
201378024831,4,3,10,47,8,375.8775,2,11,5,2013,1,44,12,1,0,2,3,2,0,0,2,1,0,2,1,0,0,0
201378024834,6,3,1,47,8,215.6583,2,11,3,2013,15,19,12,1,0,1,1,1,0,0,2,3,0,1,1,19,0,0
201378024835,3,3,1,47,8,19.6053,1,11,3,2013,19,36,1,0,0,1,5,1,4,1,2,3,0,1,4,0,0,0
201378024844,4,3,17,47,8,360.76065,2,11,3,2013,17,40,12,2,0,4,6,1,0,0,2,1,0,1,1,0,0,0
201378024845,6,3,17,47,8,180.38033,1,11,3,2013,16,0,8,0,0,1,5,1,4,1,2,1,0,1,1,0,0,0
201378024849,4,3,7,47,8,358.28687,2,11,3,2013,7,12,12,7,0,1,1,10,0,0,2,2,0,1,1,0,0,0
201378024853,4,3,7,47,8,358.28687,2,11,2,2013,15,56,12,7,0,4,1,1,0,0,2,2,0,1,1,0,0,0
201378024859,1,3,2,47,8,19.6053,1,11,5,2013,4,25,42,0,0,1,2,2,3,1,2,8,0,1,4,0,0,0
201378024866,1,3,2,47,8,19.6053,1,11,7,2013,15,45,34,0,0,1,1,1,3,1,2,8,0,1,3,0,0,0
201378024875,1,3,4,47,8,19.6053,1,11,1,2013,5,0,34,0,0,1,2,10,3,1,2,8,0,1,4,0,0,0
201378024879,1,3,4,47,8,19.6053,1,11,6,2013,23,0,42,0,0,1,2,2,3,1,2,8,0,1,6,0,0,0
201378024882,5,3,7,47,8,89.57172,2,11,6,2013,18,17,12,6,0,2,3,1,1,1,2,2,0,2,1,0,0,0
201378024884,4,3,7,47,8,358.28687,2,11,6,2013,12,30,12,7,0,1,1,1,0,0,2,2,0,1,1,,,
201378024886,6,3,7,47,8,179.14343,2,11,6,2013,10,10,12,1,0,2,1,1,0,0,2,2,0,3,1,0,0,0
201378024889,6,3,7,47,8,179.14343,2,11,6,2013,11,40,12,6,0,2,1,2,0,0,2,2,0,3,1,0,0,0
201378024892,4,3,7,47,8,358.28687,2,11,6,2013,15,32,12,1,0,2,1,2,0,0,2,2,0,3,1,0,0,0
201378024896,6,3,7,47,8,179.14343,3,11,5,2013,17,2,12,1,0,1,2,1,0,0,2,2,0,1,1,0,0,0
201378024901,5,3,1,47,8,98.0265,2,11,4,2013,20,10,12,7,0,1,2,1,2,2,2,3,0,1,1,0,0,0
201378024908,4,3,1,47,8,352.8954,2,11,4,2013,8,30,12,1,0,4,1,1,0,0,2,3,0,1,1,0,0,0
201378024911,6,3,17,47,8,180.38033,1,11,6,2013,10,55,42,0,0,1,1,1,0,0,2,1,0,1,6,0,0,0
201378024912,4,3,17,47,8,360.76065,2,11,6,2013,12,45,12,6,0,4,1,1,0,0,2,1,0,1,1,0,0,0
201378024914,4,3,17,47,8,360.76065,2,11,2,2013,17,40,12,6,0,4,3,1,0,0,2,1,0,1,1,0,0,0
201378024916,6,3,17,47,8,180.38033,1,11,7,2013,9,30,19,0,0,4,1,10,0,0,2,1,0,1,5,0,0,0
201378024917,6,3,17,47,8,180.38033,1,11,7,2013,6,9,53,0,0,1,1,10,0,0,2,1,0,1,4,0,0,0
201378024918,4,3,17,47,8,360.76065,2,11,2,2013,12,5,12,1,0,2,1,1,0,0,2,1,0,2,1,0,0,0
201378024919,5,3,17,47,8,180.38033,2,11,6,2013,20,27,12,6,0,2,3,10,1,1,2,1,0,2,1,0,0,0
201378024923,3,3,2,47,8,19.6053,1,11,5,2013,17,25,8,0,0,1,2,1,3,1,1,8,0,1,1,0,0,0
201378024927,6,3,10,47,8,187.93875,3,11,2,2013,10,35,12,1,0,1,1,1,0,0,2,1,0,1,1,0,0,0
201378024936,5,3,7,47,8,89.57172,2,11,5,2013,9,50,12,6,0,4,1,1,2,1,2,2,0,1,1,0,0,0
201378024937,4,3,7,47,8,358.28687,2,11,3,2013,7,21,12,1,0,1,1,1,0,0,2,2,0,1,1,0,0,0
201378024950,1,3,1,47,8,19.6053,1,11,4,2013,23,10,32,0,0,1,2,1,3,1,2,3,0,1,4,0,0,0
201378024952,6,3,7,47,8,179.14343,2,11,5,2013,18,8,12,6,0,2,3,10,0,0,2,2,0,2,1,0,0,0
201378024957,4,3,7,47,8,358.28687,2,11,2,2013,7,28,12,1,0,1,1,1,0,0,2,2,0,1,1,0,0,0
201378024960,5,3,7,47,8,89.57172,2,11,2,2013,8,56,12,6,0,4,1,1,1,1,2,2,0,1,1,0,0,0
201378024962,4,3,7,47,8,358.28687,2,11,6,2013,6,58,12,1,0,1,1,1,0,0,2,2,0,1,1,0,0,0
201378024963,6,3,7,47,8,179.14343,2,11,1,2013,17,19,12,1,0,1,3,2,0,0,2,2,0,1,1,0,0,0
201378024973,1,3,2,47,8,19.6053,1,11,7,2013,4,15,35,0,0,1,2,1,3,1,1,8,0,1,4,0,0,0
201378024974,1,3,2,47,8,19.6053,1,11,3,2013,14,50,34,0,0,1,1,1,3,1,2,8,0,1,3,0,0,0
201378024976,5,3,2,47,8,98.0265,1,11,1,2013,12,55,18,0,0,1,1,10,1,1,2,8,0,1,1,0,0,0
201378024979,1,3,17,47,8,180.38033,1,11,3,2013,20,30,30,0,0,2,3,1,3,1,2,1,0,3,4,0,0,0
201378024981,5,3,17,47,8,180.38033,3,11,4,2013,18,12,12,1,0,1,3,1,1,1,2,1,0,1,1,0,0,0
201378024982,4,3,17,47,8,360.76065,2,11,4,2013,18,35,12,6,0,4,3,1,0,0,2,1,0,1,1,0,0,0
201378024984,4,3,17,47,8,360.76065,2,11,3,2013,17,30,12,1,0,1,3,1,1,1,2,1,0,1,1,0,0,0
201378024986,4,3,17,47,8,360.76065,2,11,1,2013,17,20,12,1,0,2,3,10,0,0,2,1,0,3,1,0,0,0
201378024987,6,3,17,47,8,180.38033,2,11,3,2013,7,50,12,2,0,4,1,1,0,0,2,1,0,1,1,0,0,0
201378024991,6,3,10,47,8,187.93875,2,11,3,2013,16,35,12,6,0,2,5,1,0,0,2,1,0,2,1,0,0,0
201378025001,1,3,1,47,8,19.6053,2,11,6,2013,19,34,12,1,0,1,3,1,3,1,2,3,0,1,1,0,0,0
201378025006,6,3,4,47,8,215.6583,1,11,5,2013,6,30,18,0,0,1,1,10,0,0,2,8,0,1,1,0,0,0
201378025009,5,3,7,47,8,89.57172,2,11,3,2013,8,25,12,1,0,1,1,1,2,1,2,2,0,1,1,0,0,0
201378025013,4,3,7,47,8,358.28687,2,11,4,2013,16,15,12,7,0,1,1,1,0,0,2,2,0,1,1,0,0,0
201378025016,5,3,7,47,8,89.57172,3,11,4,2013,17,34,12,1,0,1,3,1,1,1,2,2,0,1,1,0,0,0
201378025018,6,3,7,47,8,179.14343,1,11,2,2013,19,16,18,0,0,1,2,2,0,0,2,2,0,1,1,0,0,0
201378025020,5,3,7,47,8,89.57172,1,11,1,2013,2,32,52,0,0,1,3,1,2,1,1,2,0,1,3,0,0,0
201378025022,4,3,7,47,8,358.28687,1,11,2,2013,17,31,11,0,0,1,2,2,0,0,2,2,0,1,1,0,0,0
201378025024,5,3,7,47,8,89.57172,2,11,6,2013,6,13,12,8,0,1,1,1,2,1,2,2,0,1,1,0,0,0
201378025025,3,3,7,47,8,89.57172,2,11,2,2013,15,30,12,6,0,2,1,10,2,1,2,2,0,3,1,0,0,0
201378025026,6,3,7,47,8,179.14343,1,11,6,2013,15,27,59,0,0,1,1,1,0,0,2,2,0,1,4,0,0,0
201378025027,5,3,7,47,8,89.57172,1,11,3,2013,10,3,42,0,0,1,1,2,2,1,2,2,0,1,6,0,0,0
201378025032,5,3,1,47,8,98.0265,1,11,5,2013,9,15,42,0,0,1,1,1,2,1,2,3,0,1,6,0,0,0
201378025037,2,3,1,47,8,58.8159,2,12,1,2013,9,15,12,1,0,4,1,1,0,0,2,3,0,1,1,0,0,0
201378025038,1,3,1,47,8,19.6053,2,11,7,2013,7,30,24,0,0,1,1,1,3,3,2,3,0,1,4,0,0,0
201378025042,1,3,7,47,8,89.57172,4,11,2,2013,7,22,12,6,0,4,1,1,3,3,2,2,0,1,1,0,0,0
201378025048,1,3,4,47,8,19.6053,1,11,5,2013,0,30,42,0,0,1,2,1,3,1,1,8,0,1,6,0,0,0
201378025055,3,3,2,47,8,19.6053,1,11,3,2013,17,10,8,0,0,1,2,2,4,1,2,8,0,1,4,,,
201378025057,1,3,2,47,8,19.6053,1,11,7,2013,12,0,35,0,0,1,1,1,3,1,1,8,0,1,4,0,0,0
201378025063,6,3,17,47,8,180.38033,2,11,3,2013,7,5,12,1,0,1,1,2,0,0,2,1,0,1,1,0,0,0
201378025064,5,3,17,47,8,180.38033,2,11,4,2013,8,6,12,2,0,1,1,1,2,2,2,1,0,1,1,0,0,0
201378025067,1,3,3,47,8,19.6053,1,11,6,2013,0,35,34,0,0,1,2,1,3,1,2,1,0,1,4,0,0,0
201378025072,4,3,1,63,7,349.05,2,11,6,2013,2,45,12,7,0,1,3,1,0,0,2,8,0,1,1,0,0,0
201378025080,3,3,1,63,7,13.962,2,11,6,2013,11,50,12,7,0,2,1,1,2,1,2,8,0,2,1,0,0,0
201378025089,3,3,1,63,7,13.962,2,11,6,2013,21,0,12,6,0,2,3,1,2,1,2,8,0,2,1,0,0,0
201378025093,3,3,1,63,7,13.962,2,11,7,2013,0,35,12,1,0,2,3,1,2,1,1,8,0,2,1,0,0,0
201378025097,3,3,1,63,7,13.962,2,11,7,2013,12,20,12,8,0,4,1,1,2,2,2,8,0,1,1,0,0,0
201378025101,5,3,1,63,7,83.772,2,11,7,2013,16,25,12,7,0,2,1,1,1,1,2,8,0,2,1,0,0,0
201378025109,1,3,1,63,7,13.962,1,11,1,2013,4,15,42,0,0,1,3,1,3,1,1,8,0,1,3,0,0,0
201378025116,3,3,1,63,7,13.962,2,11,1,2013,16,5,25,0,0,1,1,1,2,1,2,8,0,1,3,0,0,0
201378025117,4,3,1,63,7,349.05,2,11,1,2013,16,55,12,7,0,1,1,1,0,0,2,8,0,1,1,0,0,0
201378025130,3,3,1,63,7,13.962,2,11,2,2013,21,27,12,6,0,2,3,2,2,1,2,8,0,2,1,0,0,0
201378025136,3,3,1,63,7,13.962,2,11,3,2013,18,0,12,6,0,2,1,10,2,1,2,8,0,2,1,0,0,0
201378025140,3,3,1,63,7,13.962,1,11,3,2013,20,0,8,0,0,2,3,1,2,1,2,8,0,3,1,0,0,0
201378025144,1,3,1,63,7,13.962,2,11,4,2013,9,36,12,1,0,1,1,1,3,1,2,8,0,1,5,0,0,0
201378025152,6,3,1,63,7,209.43,2,11,4,2013,15,30,12,6,0,2,1,1,0,0,2,8,0,2,1,0,0,0
201378025158,4,3,1,63,7,349.05,3,11,5,2013,6,35,12,7,0,1,1,1,0,0,2,8,0,1,1,0,0,0
201378025163,3,3,1,63,7,13.962,2,11,5,2013,15,40,12,1,0,2,1,1,2,2,2,8,0,3,1,0,0,0
201378025165,5,3,1,63,7,83.772,2,11,5,2013,16,0,12,6,0,2,1,1,1,2,2,8,0,2,1,0,0,0
201378025188,3,3,1,63,7,13.962,3,11,6,2013,22,50,12,1,0,2,3,1,2,2,1,8,0,2,1,0,0,0
201378025202,6,3,1,63,7,209.43,2,11,1,2013,1,0,12,1,0,2,2,1,0,0,2,8,0,3,1,0,0,0
201378025207,4,3,1,63,7,349.05,2,11,1,2013,16,25,12,1,0,1,1,1,0,0,2,8,0,1,1,0,0,0
201378025213,3,3,1,63,7,13.962,2,11,2,2013,9,3,12,6,0,2,1,1,2,1,2,8,0,3,1,0,0,0
201378025231,3,3,1,63,7,13.962,2,11,3,2013,17,15,12,6,0,4,1,10,2,1,2,8,0,1,1,0,0,0
201378025234,3,3,1,63,7,13.962,3,11,3,2013,19,5,12,1,0,1,3,10,2,1,2,8,0,1,1,0,0,0