CASENUM,STRATUM,REGION,PJ,PSU,PSUSTRAT,WEIGHT,VE_TOTAL,MONTH,WKDY_IM,YEAR,HOUR_IM,MINUTE_IM,EVENT1_IM,MANCOL_IM,RELJCT1_IM,RELJCT2_IM,LGTCON_IM,WEATHR_IM,MAXSEV_IM,NO_INJ_IM,ALCHL_IM,LAND_USE,PVH_INVL,TYP_INT,REL_ROAD,CF1,CF2,CF3
201378028930,1,4,1,95,11,6.063,2,7,1,2013,20,6,12,6,0,2,5,1,3,1,2,3,0,2,1,0,0,0
201378028940,1,4,1,95,11,6.063,3,7,7,2013,10,22,12,6,0,2,1,1,3,3,2,3,0,2,1,20,0,0
201378028954,3,4,1,95,11,18.189,2,7,5,2013,18,58,12,6,0,2,1,1,4,1,2,3,0,,1,0,0,0
201378028966,6,4,1,95,11,212.205,2,8,7,2013,21,46,12,6,0,2,2,1,1,1,2,3,0,2,1,0,0,0
201378028998,4,4,1,95,11,351.654,2,7,4,2013,13,34,14,0,0,1,1,1,0,0,2,3,1,1,7,0,0,0
201378029008,3,4,1,95,11,18.189,1,8,7,2013,21,46,33,0,0,1,3,1,2,2,2,3,0,1,4,0,0,0
201378029019,2,4,1,95,11,60.63,2,8,5,2013,16,37,54,11,0,1,1,1,1,1,2,3,0,1,1,14,0,0
201378029028,6,4,2,95,11,209.1735,2,7,7,2013,21,22,12,6,0,2,1,1,0,0,2,8,0,,1,0,0,0
201378029031,3,4,2,95,11,21.2205,1,7,7,2013,17,0,1,0,0,1,1,1,3,1,1,8,0,1,1,0,0,0
201378029109,1,4,1,95,11,6.063,3,8,6,2013,9,21,12,6,0,2,1,1,3,1,2,3,0,2,1,0,0,0
201378029153,4,4,1,95,11,351.654,3,8,7,2013,23,43,12,1,0,2,3,2,1,1,2,3,0,,1,23,0,0
201378029155,1,4,1,95,11,6.063,4,8,7,2013,16,10,12,7,0,1,1,1,3,1,2,3,2,1,1,14,0,0
201378029174,3,4,1,95,11,18.189,1,8,6,2013,10,54,33,0,0,1,1,1,2,1,2,3,0,1,4,0,0,0
201378029184,6,4,1,95,11,212.205,2,8,4,2013,16,25,12,6,0,2,1,1,0,0,2,3,0,2,1,0,0,0
201378029207,3,4,1,95,11,18.189,1,8,3,2013,15,13,9,0,0,2,1,1,2,1,2,3,0,,1,0,0,0
201378029260,4,4,1,95,11,351.654,2,8,4,2013,7,48,12,7,1,18,1,1,0,0,2,3,0,1,1,0,0,0
201378029300,3,4,1,95,11,18.189,2,8,5,2013,21,30,12,6,0,2,2,1,2,1,2,3,0,2,1,0,0,0
201378029301,6,4,1,95,11,212.205,3,8,4,2013,21,0,12,7,0,4,3,1,1,1,2,3,0,1,1,0,0,0
201378029325,5,4,2,95,11,90.945,1,8,6,2013,0,43,38,0,0,1,2,1,2,1,2,8,0,1,5,0,0,0
201378029333,1,4,2,95,11,3.0315,2,8,2,2013,8,0,12,6,0,2,1,1,3,1,2,8,0,2,1,0,0,0
201378029343,1,4,2,95,11,3.0315,2,8,1,2013,10,41,12,6,0,2,1,1,3,3,2,8,0,,1,0,0,0
201378029371,1,4,1,95,11,6.063,2,8,5,2013,21,27,12,2,0,2,3,1,3,1,2,3,0,2,1,0,0,0
201378029379,1,4,1,95,11,6.063,2,8,4,2013,18,16,12,6,0,2,1,1,2,1,2,3,0,2,1,0,0,0
201378029404,3,4,1,95,11,18.189,1,8,2,2013,11,33,5,0,0,2,1,1,2,1,2,3,0,2,1,0,0,0
201378029408,4,4,1,95,11,351.654,2,8,4,2013,13,44,12,1,0,2,1,1,1,1,2,3,0,2,1,0,0,0
201378029464,4,4,2,95,11,348.6225,2,8,6,2013,17,13,12,7,0,4,1,1,5,1,2,8,0,1,1,0,0,0
201378029546,6,4,1,95,11,212.205,1,8,2,2013,12,22,31,0,0,1,1,1,0,0,2,3,0,1,4,0,0,0
201378029547,5,4,1,95,11,90.945,2,8,1,2013,11,57,12,6,0,2,1,1,1,1,2,3,0,,1,0,0,0
201378029577,1,4,1,95,11,6.063,3,8,2,2013,14,55,14,0,0,1,1,1,3,3,2,3,1,1,2,0,0,0
201378029600,4,4,1,95,11,351.654,1,8,3,2013,22,31,30,0,0,1,3,1,0,0,1,3,0,1,4,0,0,0
201378029614,3,4,1,95,11,18.189,1,8,3,2013,15,41,9,0,0,2,1,1,2,1,2,3,0,2,4,0,0,0
201378029628,3,4,1,95,11,18.189,1,8,1,2013,17,20,30,0,0,1,1,1,3,1,1,3,0,1,4,0,0,0
201378029677,6,4,1,95,11,212.205,2,8,3,2013,9,0,12,6,0,2,1,1,1,2,2,3,0,2,1,0,0,0
201378029708,1,4,2,95,11,3.0315,2,8,3,2013,18,53,12,6,0,2,1,1,3,2,2,8,0,,1,0,0,0
201378029746,3,4,2,95,11,21.2205,1,8,3,2013,11,9,38,0,0,1,1,1,3,1,1,8,0,1,5,0,0,0
201378029773,4,4,1,95,11,351.654,1,9,3,2013,9,5,32,0,1,5,1,1,1,1,2,3,0,1,4,0,0,0
201378029777,3,4,1,95,11,18.189,2,9,3,2013,21,30,12,6,0,4,2,1,2,1,2,3,0,1,1,0,0,0
201378029809,1,4,1,95,11,6.063,2,9,6,2013,15,19,12,6,0,4,1,1,3,2,2,3,0,1,1,0,0,0
201378029815,3,4,1,95,11,18.189,1,9,3,2013,17,8,8,0,0,2,1,1,2,1,2,3,0,2,1,0,0,0
201378029864,6,4,2,95,11,209.1735,1,9,3,2013,18,14,25,0,0,1,1,2,0,0,2,8,0,1,4,0,0,0
201378029878,1,4,1,95,11,6.063,3,9,4,2013,14,32,12,1,0,2,1,1,3,1,2,3,0,3,1,0,0,0
201378029898,6,4,1,95,11,212.205,2,9,7,2013,8,53,12,6,0,2,1,2,2,1,2,3,0,,1,0,0,0
201378029927,4,4,1,95,11,351.654,1,9,7,2013,9,19,25,0,1,5,1,1,0,0,2,3,0,1,4,0,0,0
201378029944,5,4,1,95,11,90.945,2,9,5,2013,12,23,12,7,0,1,1,2,2,1,2,3,0,1,1,0,0,0
201378029983,3,4,1,95,11,18.189,1,9,3,2013,14,43,8,0,0,4,1,2,2,2,2,3,0,1,1,0,0,0
201378030008,6,4,1,95,11,212.205,2,9,4,2013,13,4,12,6,0,2,1,1,1,2,2,3,0,2,1,0,0,0
201378030031,4,4,1,95,11,351.654,2,9,3,2013,17,30,12,2,1,18,1,2,0,0,2,3,0,1,1,0,0,0
201378030081,3,4,1,95,11,18.189,1,9,4,2013,17,39,5,0,0,1,1,1,2,1,2,3,0,1,1,0,0,0
201378030209,4,4,1,95,11,351.654,2,9,3,2013,8,0,12,1,0,2,1,1,1,1,2,3,0,,1,0,0,0
201378030217,6,4,1,95,11,212.205,2,9,2,2013,19,44,12,6,0,2,2,1,1,1,2,3,0,2,1,0,0,0
201378030250,4,4,2,95,11,348.6225,2,9,1,2013,14,32,14,0,0,2,1,1,0,0,2,8,1,,5,,,
201378030288,1,4,2,95,11,3.0315,2,9,6,2013,10,4,12,1,0,2,1,1,3,2,2,8,0,,1,0,0,0
201378030317,1,4,2,95,11,3.0315,3,9,7,2013,14,39,12,2,0,1,1,1,3,6,2,8,0,1,1,0,0,0
201378030326,1,4,1,95,11,6.063,1,9,3,2013,15,51,33,0,0,1,1,1,3,1,2,3,0,1,3,0,0,0
201378030344,1,4,1,95,11,6.063,3,9,1,2013,13,30,12,2,0,2,1,1,3,1,2,3,0,2,1,0,0,0
201378030359,3,4,1,95,11,18.189,1,9,2,2013,18,25,9,0,0,2,5,1,2,1,2,3,0,2,1,0,0,0
201378030381,6,4,1,95,11,212.205,2,9,2,2013,14,23,12,6,0,2,1,1,0,0,2,3,0,2,1,0,0,0
201378030382,4,4,1,95,11,351.654,2,9,2,2013,9,1,12,6,0,2,1,1,0,0,2,3,0,,1,0,0,0
201378030426,3,4,1,95,11,18.189,1,9,3,2013,18,19,9,0,0,2,1,1,2,1,2,3,0,2,1,0,0,0
201378030466,3,4,1,95,11,18.189,2,9,1,2013,14,59,12,8,0,4,1,1,2,1,2,3,0,1,1,0,0,0
201378030496,4,4,1,95,11,351.654,2,9,1,2013,13,52,12,7,0,1,1,1,0,0,2,3,0,1,1,0,0,0
201378030498,6,4,1,95,11,212.205,2,9,5,2013,10,51,12,6,0,2,1,1,0,0,2,3,0,2,1,0,0,0
201378030526,1,4,2,95,11,3.0315,2,9,7,2013,15,13,12,6,0,2,1,1,3,2,2,8,0,,1,0,0,0
201378030528,1,4,2,95,11,3.0315,3,9,3,2013,9,52,12,2,0,2,1,1,3,2,2,8,0,,1,0,0,0
201378030533,1,4,2,95,11,3.0315,2,9,1,2013,22,59,12,2,0,2,3,1,1,1,2,8,0,2,1,0,0,0
201378030712,3,4,1,95,11,18.189,1,10,7,2013,12,39,8,0,0,1,1,1,3,1,2,3,0,1,1,0,0,0
201378030717,5,4,1,95,11,90.945,2,10,5,2013,21,13,12,6,0,2,3,1,2,2,1,3,0,2,1,0,0,0
201378030733,1,4,2,95,11,3.0315,2,10,5,2013,15,16,12,6,1,2,1,1,3,2,2,8,0,2,1,0,0,0
201378030811,4,4,1,95,11,351.654,2,11,7,2013,9,4,12,6,0,2,1,1,0,0,2,3,0,2,1,0,0,0
201378030855,6,4,1,95,11,212.205,2,11,6,2013,14,41,12,6,0,2,1,1,1,2,2,3,0,3,1,0,0,0
201378031142,4,4,1,95,11,351.654,2,11,2,2013,14,44,12,6,0,4,1,1,0,0,2,3,0,1,1,0,0,0
201378031145,3,4,1,95,11,18.189,2,11,2,2013,17,0,12,7,0,1,5,1,2,3,2,3,0,1,1,0,0,0
201378031154,1,4,1,95,11,6.063,1,11,5,2013,10,1,25,0,0,1,1,1,3,1,2,3,0,1,3,0,0,0
201378031156,1,4,1,95,11,6.063,2,11,6,2013,8,45,12,6,0,2,1,1,3,2,2,3,0,2,1,0,0,0
201378031228,5,4,2,95,11,90.945,1,11,5,2013,5,56,24,0,1,5,4,2,1,2,2,8,0,1,4,0,0,0
201378031229,4,4,2,95,11,348.6225,2,11,5,2013,13,0,12,6,1,2,1,1,0,0,2,8,0,2,1,0,0,0
201378031245,6,4,1,95,11,212.205,2,11,5,2013,13,1,12,6,0,2,1,1,2,1,2,3,0,3,1,0,0,0
201378031265,1,4,1,95,11,6.063,2,11,7,2013,6,26,12,1,0,1,2,4,3,1,2,3,0,1,1,0,0,0
201378031268,3,4,1,95,11,18.189,2,11,7,2013,14,10,1,0,0,2,1,1,2,1,2,3,0,2,1,0,0,0
201378031274,4,4,1,95,11,351.654,3,11,5,2013,14,39,12,1,0,1,1,1,1,2,2,3,0,1,1,0,0,0
201378031306,2,4,1,95,11,60.63,2,11,6,2013,19,30,12,1,0,1,2,1,1,1,2,3,0,1,1,23,0,0
201378031344,1,4,2,95,11,3.0315,1,11,6,2013,7,22,25,0,0,1,1,2,3,3,2,8,0,1,3,0,0,0
201378031368,6,4,2,95,11,209.1735,1,11,7,2013,8,18,25,0,0,1,1,4,0,0,2,8,0,1,4,0,0,0
201378031373,6,4,1,95,11,212.205,1,11,1,2013,0,5,25,0,0,1,3,4,0,0,2,3,0,1,4,0,0,0
201378031399,4,4,1,95,11,351.654,2,11,2,2013,7,11,12,6,0,2,1,1,0,0,2,3,0,2,1,0,0,0
201378031423,5,4,1,95,11,90.945,2,11,7,2013,11,11,12,6,0,2,1,1,2,4,2,3,0,,1,0,0,0
201378031463,1,4,2,95,11,3.0315,1,11,6,2013,15,24,42,0,0,1,5,1,3,2,2,8,0,1,4,0,0,0
201378031475,3,4,2,95,11,21.2205,1,11,4,2013,9,16,9,0,0,2,1,1,2,1,2,8,0,,1,0,0,0
201378031519,1,4,1,95,11,6.063,2,11,5,2013,9,30,12,6,0,2,1,1,3,2,2,3,0,2,1,0,0,0
201378031523,1,4,1,95,11,6.063,2,11,3,2013,9,35,12,6,0,2,1,1,3,1,2,3,0,2,1,0,0,0
201378031532,4,4,1,95,11,351.654,2,11,4,2013,13,1,12,1,0,1,1,1,1,2,2,3,0,1,1,19,0,0
201378031534,6,4,1,95,11,212.205,4,11,5,2013,17,58,12,1,0,1,3,1,0,0,2,3,0,1,1,0,0,0
201378031551,3,4,1,95,11,18.189,1,11,5,2013,15,10,1,0,0,1,1,1,2,1,2,3,0,1,1,0,0,0
201378031558,1,4,1,95,11,6.063,2,11,6,2013,20,9,12,2,0,2,3,1,4,7,1,3,0,,1,0,0,0
201378031590,1,4,2,95,11,3.0315,3,11,5,2013,17,26,12,2,0,1,2,1,4,4,2,8,0,1,1,14,0,0
201378031596,2,4,2,95,11,60.63,2,11,5,2013,1,15,12,11,0,1,2,1,0,0,2,8,0,1,1,0,0,0
201378031623,1,4,1,95,11,6.063,2,12,1,2013,20,48,14,0,0,1,2,1,3,2,1,3,1,1,7,0,0,0
201378031648,3,4,1,95,11,18.189,2,12,5,2013,15,22,12,6,0,2,1,4,3,1,2,3,0,2,1,0,0,0
201378031661,6,4,1,95,11,212.205,2,12,6,2013,21,42,12,7,0,1,3,1,0,0,2,3,0,1,1,0,0,0
201378031665,4,4,1,95,11,351.654,1,12,5,2013,8,41,46,0,0,2,1,4,0,0,2,3,0,,3,0,0,0
201378031805,5,4,1,95,11,90.945,2,12,1,2013,23,51,12,2,0,1,3,1,1,1,1,3,0,1,1,0,0,0
201378031833,6,4,1,95,11,212.205,4,12,2,2013,17,44,12,1,0,1,3,1,1,2,2,3,0,1,1,19,0,0
201378031855,4,4,1,95,11,351.654,2,12,2,2013,20,34,14,0,0,2,2,1,0,0,2,3,1,,7,0,0,0
201378031889,1,4,1,95,11,6.063,3,12,6,2013,11,28,12,6,0,7,1,1,3,2,2,3,1,1,1,0,0,0
201382900358,3,1,5,6,1,21.817892,1,9,4,2013,18,30,8,0,0,2,1,1,2,1,2,3,0,2,1,0,0,0
201382900363,5,1,5,6,1,92.72604,1,9,7,2013,4,20,10,0,0,1,3,1,5,1,2,3,0,1,1,0,0,0
201382900375,5,1,20,6,1,88.92007,2,9,3,2013,8,39,12,6,0,2,1,1,1,3,2,3,0,2,1,0,0,0
201382900381,4,1,14,6,1,348.6228,1,9,7,2013,20,57,8,0,0,1,3,2,5,1,2,3,0,1,1,0,0,0
201382900384,3,1,14,6,1,23.24152,1,9,7,2013,18,35,8,0,0,1,5,1,2,1,2,3,0,1,1,0,0,0
201382900389,6,1,1,6,1,209.95,2,9,6,2013,22,54,12,6,0,2,3,1,0,0,2,3,0,2,1,0,0,0
201382900407,3,1,2,6,1,19.3375,1,9,5,2013,21,55,8,0,0,1,3,1,2,1,2,3,0,1,1,0,0,0
201382900412,6,1,4,6,1,212.602,2,9,4,2013,7,59,12,6,0,2,1,1,1,1,2,3,0,2,1,0,0,0
201382900448,3,1,26,6,1,20.242468,2,10,6,2013,13,32,12,6,0,2,1,1,2,3,2,3,0,2,1,0,0,0
201382900476,3,1,14,6,1,23.24152,1,10,5,2013,12,5,9,0,0,2,1,1,2,1,2,3,0,2,1,0,0,0
201382900483,3,1,7,6,1,21.950052,1,10,3,2013,10,13,9,0,0,2,1,1,2,1,2,3,0,2,1,0,0,0
201382900501,3,1,1,6,1,19.3375,1,9,7,2013,17,11,8,0,0,1,1,1,2,1,2,3,0,1,1,0,0,0
201382900576,5,1,1,6,1,91.1625,2,10,2,2013,22,45,12,7,0,1,3,1,1,1,2,3,0,1,1,0,0,0
201382900592,3,1,26,6,1,20.242468,1,10,2,2013,18,15,9,0,0,1,1,1,2,2,2,3,0,1,1,0,0,0
201382900602,1,1,11,6,1,8.941356,4,10,1,2013,0,11,14,0,0,1,3,1,3,5,1,3,3,1,7,14,0,0
201382900606,3,1,11,6,1,17.882711,1,10,5,2013,14,43,8,0,0,2,1,2,2,1,2,3,0,3,1,0,0,0
201382900620,6,1,11,6,1,205.65118,2,9,2,2013,20,24,12,7,0,2,3,1,1,3,2,3,0,2,1,0,0,0
201382900667,5,1,4,6,1,91.936,2,10,4,2013,7,34,12,1,0,1,1,1,1,2,2,3,0,1,1,28,0,0
201382900684,5,1,11,6,1,89.41356,2,10,3,2013,12,32,12,6,0,2,1,1,1,2,2,3,0,2,1,0,0,0
201382900691,3,1,5,6,1,21.817892,1,10,6,2013,16,55,8,0,0,1,1,1,2,1,2,3,0,1,1,16,0,0
201382900704,3,1,14,6,1,23.24152,1,10,2,2013,7,46,8,0,0,1,1,1,2,1,2,3,0,1,1,0,0,0
201382900774,5,1,7,6,1,87.80021,2,10,5,2013,22,52,12,6,0,2,3,1,1,1,2,3,0,3,1,0,0,0
201382900799,3,1,1,6,1,19.3375,1,10,2,2013,16,36,8,0,0,2,1,1,2,1,2,3,0,2,1,0,0,0
201382900851,3,1,7,6,1,21.950052,1,11,7,2013,14,42,8,0,0,1,1,1,3,1,2,3,0,1,7,0,0,0
201382900855,6,1,7,6,1,208.5255,2,11,2,2013,9,11,12,6,0,2,1,1,1,1,2,3,0,2,1,0,0,0
201382900882,3,1,20,6,1,14.820011,1,10,2,2013,8,25,8,0,0,1,1,1,2,1,2,3,0,1,1,0,0,0
201382900895,1,1,5,6,1,5.454473,3,11,6,2013,11,5,12,6,0,2,1,1,3,1,2,3,0,3,1,0,0,0
201382900896,5,1,5,6,1,92.72604,2,10,5,2013,23,7,12,8,0,1,3,2,2,2,2,3,0,1,1,0,0,0
201382900905,6,1,26,6,1,202.42467,3,11,6,2013,0,9,14,0,0,1,3,1,0,0,2,3,2,1,7,0,0,0
201382900907,5,1,26,6,1,80.96987,2,11,4,2013,15,3,12,1,0,2,1,1,2,3,2,3,0,2,1,0,0,0
201382900909,4,1,26,6,1,344.12195,3,11,2,2013,1,0,14,0,0,1,3,1,2,1,1,3,2,1,7,0,0,0
201382900967,3,1,11,6,1,17.882711,1,11,6,2013,20,8,8,0,0,2,1,1,3,1,2,3,0,2,1,0,0,0
201382900992,1,1,4,6,1,5.746,1,11,1,2013,7,51,33,0,0,2,1,1,3,1,2,3,0,2,4,0,0,0
201382900996,3,1,4,6,1,17.238,1,11,7,2013,18,42,8,0,0,2,3,1,2,1,2,3,0,2,1,0,0,0
201382901009,5,1,14,6,1,92.96608,2,10,3,2013,18,44,14,0,0,1,1,1,3,2,2,3,1,1,7,0,0,0
201382901010,3,1,14,6,1,23.24152,2,11,3,2013,7,39,14,0,0,1,1,8,2,1,2,3,1,1,1,0,0,0
201382901018,3,1,20,6,1,14.820011,1,11,4,2013,15,15,9,0,0,1,1,1,2,1,2,3,0,1,1,0,0,0
201382901028,1,1,5,6,1,5.454473,2,10,3,2013,22,30,12,6,0,2,3,1,3,2,2,3,0,2,1,0,0,0
201382901030,3,1,26,6,1,20.242468,1,10,3,2013,15,11,8,0,0,2,1,1,2,1,2,3,0,,1,0,0,0
201382901032,3,1,26,6,1,20.242468,1,11,1,2013,8,40,8,0,0,2,1,1,2,1,2,3,0,2,1,0,0,0
201382901047,2,1,26,6,1,60.7274,2,11,6,2013,23,0,12,6,0,7,3,1,0,0,2,3,0,1,1,0,0,0
201382901135,1,1,4,6,1,5.746,1,10,4,2013,21,51,43,0,0,1,3,1,4,5,1,3,0,1,4,0,0,0
201382901144,4,1,4,6,1,350.506,2,11,3,2013,21,22,12,6,0,2,3,2,1,1,2,3,0,2,1,0,0,0
201382901158,6,1,5,6,1,212.72444,3,10,2,2013,14,44,12,6,0,2,1,1,1,1,2,3,0,2,1,0,0,0
201382901159,3,1,5,6,1,21.817892,1,10,4,2013,19,6,8,0,0,2,3,1,3,1,2,3,0,2,1,0,0,0
201382901161,3,1,26,6,1,20.242468,1,11,4,2013,17,17,9,0,0,2,3,1,2,1,2,3,0,2,1,16,0,0
201382901167,3,1,26,6,1,20.242468,1,11,4,2013,17,55,9,0,0,2,3,2,2,1,2,3,0,2,1,0,0,0
201382901186,5,1,26,6,1,80.96987,2,12,5,2013,23,15,12,6,0,2,3,2,1,1,2,3,0,2,1,0,0,0
201382901187,6,1,26,6,1,202.42467,2,12,5,2013,18,15,12,1,0,1,1,1,0,0,2,3,0,1,1,0,0,0
201382901197,3,1,5,6,1,21.817892,1,11,6,2013,18,30,8,0,0,1,3,1,3,1,2,3,0,1,1,0,0,0
201382901205,3,1,20,6,1,14.820011,1,12,3,2013,21,45,9,0,0,2,3,1,3,2,2,3,0,2,1,0,0,0
201382901241,5,1,11,6,1,89.41356,2,12,4,2013,13,10,12,6,0,2,1,1,1,1,2,3,0,2,1,0,0,0
201382901249,5,1,14,6,1,92.96608,2,12,1,2013,23,22,12,7,0,1,3,1,5,5,2,3,0,1,1,0,0,0
201382901301,5,1,7,6,1,87.80021,3,12,3,2013,23,33,12,6,0,2,3,4,2,1,2,3,1,2,1,0,0,0
201382901313,4,1,14,6,1,348.6228,1,12,3,2013,14,30,8,0,0,2,1,1,1,1,2,3,0,2,1,0,0,0
201382901346,3,1,26,6,1,20.242468,2,12,4,2013,19,30,14,0,0,1,3,1,2,2,2,3,1,1,7,0,0,0
201382901368,3,1,11,6,1,17.882711,1,12,1,2013,22,46,9,0,0,2,3,1,2,2,2,3,0,3,1,0,0,0
201382901401,3,1,7,6,1,21.950052,1,12,4,2013,13,0,8,0,0,2,1,1,2,2,2,3,0,2,1,0,0,0
201382901402,5,1,4,6,1,91.936,2,12,2,2013,17,16,14,0,0,1,3,1,5,1,2,3,1,1,4,0,0,0
201395118857,3,3,6,42,8,21.13253,3,1,6,2013,8,10,12,1,0,1,1,1,2,3,2,8,0,1,1,0,0,0
201395118933,6,3,2,42,8,208.31,1,1,5,2013,7,15,25,0,0,1,1,1,1,1,2,8,0,1,4,0,0,0
201395119442,4,3,2,42,8,349.9608,2,1,2,2013,16,0,12,1,0,1,1,1,0,0,2,8,0,1,1,0,0,0
201395119459,1,3,6,42,8,4.226506,1,1,3,2013,8,25,25,0,0,1,1,1,3,1,2,8,0,1,3,0,0,0
201395119468,3,3,2,42,8,20.831,2,1,5,2013,13,52,12,1,0,1,1,10,3,3,2,8,0,1,1,0,0,0
201395119509,3,3,2,42,8,20.831,2,1,6,2013,14,25,12,7,0,1,1,10,2,1,2,8,0,1,1,0,0,0
201395119600,1,3,2,42,8,4.1662,1,1,1,2013,15,50,1,0,0,5,1,1,3,1,2,8,0,1,4,0,0,0
201395119633,6,3,6,42,8,211.3253,1,1,1,2013,3,18,1,0,0,1,2,10,2,1,2,8,0,1,1,0,0,0
201395119643,6,3,2,42,8,208.31,2,1,6,2013,21,16,12,1,0,1,3,1,3,1,2,8,0,1,1,0,0,0
201395119644,5,3,2,42,8,91.6564,2,1,2,2013,11,0,12,6,0,2,1,10,1,1,2,8,0,2,1,0,0,0
201395119696,1,3,2,42,8,4.1662,1,1,7,2013,10,45,33,0,0,1,1,10,3,1,2,8,0,1,3,0,0,0
201395119698,1,3,2,42,8,4.1662,3,1,1,2013,9,22,12,1,0,1,1,5,3,1,2,8,0,1,1,0,0,0
201395119706,4,3,2,42,8,349.9608,2,1,3,2013,10,40,12,1,0,1,1,1,0,0,2,8,0,1,1,0,0,0
201395119789,1,3,2,42,8,4.1662,2,1,2,2013,14,42,12,1,0,1,1,10,3,1,2,8,0,1,1,0,0,0
201395119818,1,3,6,42,8,4.226506,1,1,3,2013,9,27,24,0,0,1,1,1,3,1,2,8,0,1,4,0,0,0
201395119833,3,3,2,42,8,20.831,2,1,7,2013,18,0,12,1,0,1,5,1,2,2,2,8,0,1,1,28,0,0
201395119882,4,3,2,42,8,349.9608,2,2,7,2013,2,29,12,6,0,2,3,1,1,8,2,8,0,2,1,0,0,0
201395119885,6,3,2,42,8,208.31,1,2,6,2013,11,30,25,0,0,1,1,1,0,0,2,8,0,1,3,0,0,0
201395119923,2,3,2,42,8,58.3268,2,2,4,2013,9,10,12,1,0,1,1,1,1,2,2,8,0,1,1,0,0,0
201395119962,3,3,2,42,8,20.831,2,2,5,2013,7,55,12,1,0,2,1,1,3,4,2,8,0,,1,0,0,0
201395119970,1,3,2,42,8,4.1662,2,2,7,2013,6,30,12,6,0,2,3,10,3,3,2,8,0,2,1,0,0,0
201395120013,3,3,3,42,8,20.831,2,1,3,2013,14,5,12,6,0,1,1,1,3,1,2,3,0,1,1,0,0,0
201395120360,5,3,6,42,8,88.75662,3,2,5,2013,0,28,12,1,0,1,2,1,2,1,2,8,0,1,1,28,0,0
201395120361,3,3,6,42,8,21.13253,2,2,2,2013,7,25,12,1,0,1,1,1,2,1,2,8,0,1,1,0,0,0
201395120449,3,3,2,42,8,20.831,1,2,3,2013,11,50,24,0,0,1,1,1,3,1,2,8,0,1,4,0,0,0
201395120471,6,3,2,42,8,208.31,1,2,2,2013,3,30,42,0,0,1,3,1,0,0,2,8,0,1,4,0,0,0
201395120491,4,3,2,42,8,349.9608,2,2,5,2013,16,15,12,7,0,1,1,1,0,0,2,8,0,1,1,0,0,0
201395120578,3,3,4,42,8,20.831,1,1,1,2013,3,25,1,0,0,1,3,2,2,1,2,3,0,1,1,0,0,0
201395120602,4,3,4,42,8,349.9608,2,1,6,2013,14,53,12,7,0,4,1,1,0,0,2,3,0,1,1,0,0,0
201395120607,3,3,4,42,8,20.831,1,1,1,2013,13,3,8,0,0,2,1,1,2,2,2,3,0,2,1,0,0,0
201395120639,6,3,4,42,8,208.31,2,1,3,2013,0,43,12,1,0,2,2,1,0,0,1,3,0,2,1,0,0,0
201395120719,1,3,2,42,8,4.1662,3,2,4,2013,8,18,33,0,0,4,1,1,3,3,2,8,0,1,4,0,0,0
201395120777,3,3,2,42,8,20.831,2,2,7,2013,12,50,12,7,0,1,1,1,2,1,2,8,0,1,1,0,0,0
201395120794,6,3,2,42,8,208.31,3,2,3,2013,8,28,12,1,0,1,1,10,1,2,2,8,0,1,1,0,0,0
201395120820,1,3,6,42,8,4.226506,1,2,3,2013,3,40,42,0,0,5,3,1,3,1,1,8,0,1,4,0,0,0
201395120826,4,3,2,42,8,349.9608,2,2,6,2013,23,20,12,1,0,2,3,2,1,3,2,8,0,2,1,0,0,0
201395120844,1,3,6,42,8,4.226506,1,2,2,2013,12,27,59,0,0,5,1,1,3,1,2,8,0,1,4,0,0,0
201395120860,1,3,10,42,8,11.18081,2,2,7,2013,7,10,12,6,0,2,1,1,3,2,2,1,0,2,1,0,0,0
201395120867,3,3,10,42,8,22.36162,1,2,2,2013,19,15,8,0,0,1,2,1,3,1,2,1,0,1,1,0,0,0
201395120895,1,3,2,42,8,4.1662,1,2,5,2013,18,56,42,0,0,1,2,1,3,1,1,8,0,1,4,0,0,0
201395120899,1,3,2,42,8,4.1662,1,2,5,2013,5,40,25,0,0,1,4,10,3,1,2,8,0,1,4,0,0,0
201395120963,5,3,2,42,8,91.6564,1,2,5,2013,6,25,34,0,0,1,4,1,1,1,1,8,0,1,4,0,0,0
201395120978,6,3,2,42,8,208.31,2,2,7,2013,0,17,12,1,0,1,3,1,0,0,2,8,0,1,1,0,0,0
201395121042,4,3,3,42,8,349.9608,2,1,7,2013,9,57,12,7,0,2,1,1,0,0,2,3,0,3,1,0,0,0
201395121058,3,3,3,42,8,20.831,1,1,2,2013,8,23,8,0,0,1,1,1,2,1,2,3,0,1,1,0,0,0
201395121170,4,3,3,42,8,349.9608,2,1,4,2013,15,31,12,1,0,1,1,1,0,0,2,3,0,1,1,0,0,0
201395121241,6,3,3,42,8,208.31,2,1,4,2013,8,3,12,6,0,2,1,1,0,0,2,3,0,2,1,0,0,0
201395121275,1,3,6,42,8,4.226506,3,2,3,2013,12,39,12,1,0,5,1,10,3,5,2,8,1,1,1,0,0,0
201395121277,2,3,6,42,8,59.171085,2,2,2,2013,14,46,12,1,1,5,1,1,2,1,2,8,0,1,1,28,0,0
201395121278,4,3,6,42,8,350.8,2,2,1,2013,10,51,12,7,0,5,1,10,0,0,2,8,0,1,1,0,0,0