CASENUM,STRATUM,REGION,PJ,PSU,PSUSTRAT,WEIGHT,VE_TOTAL,MONTH,WKDY_IM,YEAR,HOUR_IM,MINUTE_IM,EVENT1_IM,MANCOL_IM,RELJCT1_IM,RELJCT2_IM,LGTCON_IM,WEATHR_IM,MAXSEV_IM,NO_INJ_IM,ALCHL_IM,LAND_USE,PVH_INVL,TYP_INT,REL_ROAD,CF1,CF2,CF3
201395132588,4,3,11,42,8,345.1562,2,8,1,2013,11,0,12,1,0,4,1,1,1,2,2,2,0,1,1,0,0,0
201395132593,6,3,11,42,8,214.23488,1,8,5,2013,23,16,42,0,0,4,3,2,0,0,2,2,0,1,3,0,0,0
201395132616,3,3,4,42,8,20.831,1,8,4,2013,15,47,8,0,0,2,1,1,3,2,2,3,0,2,1,0,0,0
201395132662,4,3,4,42,8,349.9608,2,4,6,2013,23,2,12,7,0,1,3,2,0,0,2,3,0,1,1,0,0,0
201395132668,3,3,4,42,8,20.831,2,6,7,2013,17,35,12,6,0,2,1,10,2,1,2,3,0,3,1,0,0,0
201395132732,1,3,2,42,8,4.1662,2,8,1,2013,14,15,12,1,0,1,1,1,3,2,2,8,0,1,1,0,0,0
201395132746,3,3,2,42,8,20.831,2,10,4,2013,14,2,12,1,0,1,1,1,2,1,2,8,0,1,1,0,0,0
201395132787,3,3,4,42,8,20.831,1,5,6,2013,16,41,9,0,0,4,1,1,2,1,2,3,0,1,1,0,0,0
201395132807,4,3,2,42,8,349.9608,2,10,3,2013,17,58,12,1,0,1,1,1,0,0,2,8,0,1,1,19,0,0
201395132808,6,3,2,42,8,208.31,2,10,4,2013,22,45,12,6,0,1,3,2,1,1,2,8,0,1,1,0,0,0
201395132814,1,3,2,42,8,4.1662,2,10,3,2013,11,10,12,6,0,1,1,10,4,1,1,8,0,1,1,0,0,0
201395132965,3,3,4,42,8,20.831,1,6,5,2013,13,13,9,0,0,2,1,1,2,1,2,3,0,2,1,0,0,0
201395133002,4,3,4,42,8,349.9608,2,6,5,2013,8,42,12,1,0,5,1,1,0,0,2,3,0,1,1,0,0,0
201395133037,3,3,4,42,8,20.831,1,7,3,2013,13,5,9,0,0,2,1,1,2,1,2,3,0,2,1,0,0,0
201395133063,6,3,11,42,8,214.23488,2,9,2,2013,9,15,12,6,0,2,1,2,0,0,2,2,0,3,1,0,0,0
201395133066,1,3,11,42,8,11.901938,2,9,3,2013,15,35,12,6,0,2,1,10,3,1,2,2,0,2,1,0,0,0
201395133078,5,3,11,42,8,95.21551,2,9,1,2013,20,20,12,6,0,2,3,1,2,2,2,2,0,2,1,0,0,0
201395133084,1,3,11,42,8,11.901938,2,9,5,2013,10,5,12,6,0,2,1,1,3,3,2,2,0,2,1,0,0,0
201395133096,3,3,11,42,8,23.803877,1,9,1,2013,10,24,9,0,0,2,1,1,2,1,2,2,0,3,1,0,0,0
201395133115,6,3,4,42,8,208.31,2,9,7,2013,23,45,12,1,0,1,3,1,0,0,2,3,0,1,1,0,0,0
201395133167,3,3,4,42,8,20.831,1,7,6,2013,15,0,8,0,0,1,1,1,2,1,1,3,0,1,2,0,0,0
201395133282,4,3,3,42,8,349.9608,2,9,7,2013,15,30,12,6,0,2,1,2,0,0,2,3,0,2,1,0,0,0
201395133308,1,3,1,42,8,4.1662,2,8,7,2013,20,46,12,6,0,2,3,1,3,5,2,8,0,3,1,0,0,0
201395133319,4,3,4,42,8,349.9608,2,8,3,2013,17,8,12,1,0,1,1,1,0,0,2,3,0,1,1,0,0,0
201395133345,3,3,4,42,8,20.831,2,7,1,2013,16,0,12,7,0,2,1,1,3,2,2,3,0,2,1,0,0,0
201395133369,1,3,2,42,8,4.1662,3,10,6,2013,2,30,12,6,0,2,3,1,3,1,2,8,0,2,1,14,0,0
201395133370,1,3,2,42,8,4.1662,2,10,1,2013,1,40,12,6,1,2,3,1,3,2,1,8,0,2,1,0,0,0
201395133408,5,3,2,42,8,91.6564,2,10,3,2013,7,5,12,6,0,1,1,1,2,4,2,8,0,1,1,0,0,0
201395133423,3,3,2,42,8,20.831,2,10,5,2013,15,50,12,1,0,1,1,1,3,1,2,8,0,1,1,0,0,0
201395133458,4,3,2,42,8,349.9608,2,10,4,2013,7,56,12,1,0,1,1,10,0,0,2,8,0,1,1,0,0,0
201395133468,6,3,2,42,8,208.31,1,10,6,2013,22,30,25,0,0,1,3,1,0,0,1,8,0,1,4,0,0,0
201395133473,1,3,2,42,8,4.1662,2,10,5,2013,14,40,12,6,0,2,1,1,3,7,2,8,0,3,1,0,0,0
201395133597,4,3,1,42,8,349.9608,2,8,5,2013,11,50,12,7,0,2,1,1,0,0,2,8,0,3,1,0,0,0
201395133611,3,3,1,42,8,20.831,2,8,2,2013,15,40,12,6,0,2,1,1,2,2,2,8,0,2,1,0,0,0
201395133676,6,3,1,42,8,208.31,2,8,5,2013,16,55,12,8,0,2,1,1,0,0,2,8,0,2,1,0,0,0
201395133717,5,3,1,42,8,91.6564,2,8,5,2013,21,19,12,6,0,2,3,1,1,1,2,8,0,2,1,0,0,0
201395133761,3,3,1,42,8,20.831,2,8,6,2013,8,35,12,1,0,1,1,1,2,1,2,8,0,1,1,0,0,0
201395133767,4,3,1,42,8,349.9608,2,8,3,2013,16,16,12,1,0,2,1,1,0,0,2,8,0,,1,0,0,0
201395133804,1,3,1,42,8,4.1662,4,8,4,2013,22,8,12,6,0,2,3,1,3,2,2,8,0,2,1,0,0,0
201395133875,6,3,3,42,8,208.31,2,9,4,2013,13,16,12,6,0,4,1,1,0,0,2,3,0,1,1,0,0,0
201395133955,3,3,3,42,8,20.831,2,10,4,2013,14,59,12,1,0,2,1,10,2,1,1,3,0,2,1,0,0,0
201395133958,4,3,3,42,8,349.9608,2,10,4,2013,16,2,12,1,0,2,1,1,0,0,2,3,0,2,1,0,0,0
201395133976,3,3,10,42,8,22.36162,1,10,3,2013,20,6,9,0,0,2,5,1,3,1,2,1,0,3,4,0,0,0
201395134019,3,3,4,42,8,20.831,1,9,5,2013,21,42,9,0,0,4,3,1,2,1,2,3,0,1,1,0,0,0
201395134024,4,3,4,42,8,349.9608,2,7,7,2013,20,50,12,7,0,4,2,1,0,0,2,3,0,1,1,0,0,0
201395134076,1,3,4,42,8,4.1662,2,10,5,2013,3,40,12,1,0,2,3,1,3,2,1,3,0,2,1,0,0,0
201395134125,3,3,2,42,8,20.831,1,11,3,2013,22,20,25,0,0,5,3,1,2,1,2,8,0,1,4,0,0,0
201395134252,6,3,4,42,8,208.31,1,8,5,2013,22,5,38,0,0,4,3,1,0,0,2,3,0,1,4,0,0,0
201395134258,4,3,4,42,8,349.9608,2,8,3,2013,19,8,12,7,0,2,1,1,0,0,2,3,0,2,1,0,0,0
201395134261,3,3,4,42,8,20.831,1,7,3,2013,10,45,8,0,0,1,1,1,3,1,2,3,0,1,1,0,0,0
201395134290,3,3,4,42,8,20.831,1,9,6,2013,12,20,9,0,0,2,1,1,2,1,2,3,0,3,1,0,0,0
201395134343,3,3,4,42,8,20.831,1,10,2,2013,9,14,33,0,0,2,1,1,3,2,2,3,0,3,3,0,0,0
201395134378,4,3,4,42,8,349.9608,2,9,3,2013,16,35,12,6,0,2,1,1,0,0,2,3,0,2,1,0,0,0
201395134389,3,3,4,42,8,20.831,1,9,7,2013,16,25,9,0,0,2,1,1,2,1,2,3,0,2,1,16,0,0
201395134425,5,3,4,42,8,91.6564,2,9,1,2013,0,10,12,6,0,2,2,1,1,1,2,3,0,2,1,0,0,0
201395134441,1,3,4,42,8,4.1662,1,10,5,2013,3,18,42,0,0,1,3,2,3,1,2,3,0,1,4,0,0,0
201395134489,4,3,4,42,8,349.9608,2,10,5,2013,14,10,12,7,0,1,1,1,0,0,2,3,0,1,1,0,0,0
201395134509,3,3,2,42,8,20.831,1,11,1,2013,8,10,25,0,0,5,1,10,2,1,2,8,0,1,4,0,0,0
201395134525,2,3,6,42,8,59.171085,1,10,3,2013,9,44,1,0,0,1,1,2,0,0,2,8,0,1,3,0,0,0
201395134526,6,3,6,42,8,211.3253,2,11,7,2013,16,43,12,7,0,1,1,1,1,1,2,8,0,1,1,0,0,0
201395134534,1,3,6,42,8,4.226506,1,10,2,2013,9,0,25,0,0,1,1,1,3,1,2,8,0,1,3,0,0,0
201395134546,4,3,6,42,8,350.8,3,11,2,2013,17,55,12,1,0,1,3,1,0,0,2,8,0,1,1,0,0,0
201395134558,4,3,2,42,8,349.9608,2,11,7,2013,14,56,12,1,0,2,1,10,0,0,2,8,0,,1,0,0,0
201395134577,1,3,2,42,8,4.1662,2,11,6,2013,8,40,12,1,0,1,1,2,3,1,2,8,0,1,1,0,0,0
201395134611,6,3,2,42,8,208.31,2,11,7,2013,0,12,12,6,0,2,3,2,2,2,2,8,0,2,1,0,0,0
201395134660,3,3,6,42,8,21.13253,2,10,7,2013,23,50,12,6,0,5,3,1,2,1,2,8,0,1,1,0,0,0
201395134707,4,3,1,42,8,349.9608,2,10,4,2013,14,44,12,7,0,1,1,2,0,0,2,8,0,1,1,0,0,0
201395134741,4,3,11,42,8,345.1562,1,10,4,2013,14,5,9,0,0,2,1,1,1,1,2,2,0,2,1,0,0,0
201395134743,6,3,11,42,8,214.23488,2,10,5,2013,7,50,12,6,0,2,1,1,0,0,2,2,0,3,1,0,0,0
201395134752,3,3,11,42,8,23.803877,1,10,4,2013,8,50,8,0,0,2,1,1,3,1,2,2,0,2,1,0,0,0
201395134760,2,3,11,42,8,59.50969,1,10,3,2013,12,52,8,0,0,1,1,1,3,1,2,2,0,1,1,0,0,0
201395134778,3,3,11,42,8,23.803877,1,10,3,2013,11,35,8,0,0,2,1,1,2,1,2,2,0,2,1,0,0,0
201395134783,6,3,1,42,8,208.31,2,10,3,2013,0,17,12,1,0,2,3,1,0,0,2,8,0,3,1,0,0,0
201395134810,3,3,1,42,8,20.831,1,10,6,2013,6,59,8,0,0,1,1,1,3,1,2,8,0,1,1,0,0,0
201395134860,3,3,1,42,8,20.831,1,10,7,2013,19,30,8,0,0,1,3,1,3,1,2,8,0,1,1,16,0,0
201395134907,4,3,1,42,8,349.9608,2,10,7,2013,13,10,12,7,0,2,1,1,0,0,2,8,0,,1,0,0,0
201395134975,3,3,1,42,8,20.831,1,10,6,2013,13,59,9,0,0,4,1,1,2,1,2,8,0,1,1,16,0,0
201395134983,6,3,1,42,8,208.31,2,10,3,2013,12,47,12,6,0,2,1,10,1,1,2,8,0,2,1,0,0,0
201395135056,4,3,1,42,8,349.9608,2,10,6,2013,8,5,12,6,0,2,1,1,0,0,2,8,0,2,1,0,0,0
201395135183,4,3,1,42,8,349.9608,2,10,4,2013,15,41,12,1,0,2,1,1,0,0,2,8,0,3,1,0,0,0
201395135217,1,3,1,42,8,4.1662,1,10,7,2013,23,14,38,0,0,1,3,1,3,2,2,8,0,1,5,0,0,0
201395135220,6,3,1,42,8,208.31,2,10,2,2013,23,15,12,6,0,2,3,1,2,2,2,8,0,2,1,0,0,0
201395135235,3,3,1,42,8,20.831,1,10,4,2013,8,25,11,0,0,1,1,1,2,1,2,8,0,1,1,0,0,0
201395135236,1,3,1,42,8,4.1662,2,10,1,2013,10,57,12,1,0,7,1,1,3,4,2,8,0,1,1,0,0,0
201395135309,4,3,1,42,8,349.9608,3,10,4,2013,20,50,12,1,0,2,3,1,0,0,2,8,0,2,1,0,0,0
201395135423,3,3,1,42,8,20.831,2,10,2,2013,8,0,12,1,0,1,1,1,2,1,2,8,0,1,1,0,0,0
201395135453,1,3,1,42,8,4.1662,1,10,3,2013,1,32,33,0,0,1,3,1,4,1,2,8,0,1,3,0,0,0
201395135465,6,3,1,42,8,208.31,2,10,5,2013,6,4,12,6,0,2,2,10,0,0,2,8,0,2,1,0,0,0
201395135514,4,3,3,42,8,349.9608,2,10,2,2013,17,41,12,1,0,1,1,1,0,0,2,3,0,1,1,0,0,0
201395135559,1,3,1,42,8,4.1662,1,10,3,2013,0,48,42,0,0,1,2,1,3,1,2,8,0,1,3,0,0,0
201395135565,4,3,1,42,8,349.9608,2,10,3,2013,8,50,12,6,0,2,1,1,0,0,2,8,0,3,1,0,0,0
201395135591,5,3,1,42,8,91.6564,1,11,2,2013,16,35,25,0,0,1,5,10,1,1,2,8,0,1,4,0,0,0
201395135609,3,3,1,42,8,20.831,1,10,5,2013,17,4,8,0,0,1,1,1,3,1,2,8,0,1,1,16,0,0
201395135651,1,3,6,42,8,4.226506,1,11,7,2013,18,25,24,0,0,5,3,2,3,1,2,8,0,1,4,0,0,0
201395135668,3,3,2,42,8,20.831,2,11,2,2013,0,0,12,1,0,1,3,10,2,1,2,8,0,1,1,0,0,0
201395135705,3,3,2,42,8,20.831,2,11,7,2013,22,28,12,1,0,5,3,1,2,1,2,8,0,1,1,0,0,0
201395135754,4,3,2,42,8,349.9608,2,11,5,2013,19,55,12,6,0,2,3,1,1,1,2,8,0,2,1,0,0,0
201395135770,1,3,2,42,8,4.1662,2,11,2,2013,0,20,12,1,0,2,3,10,3,3,1,8,0,2,1,0,0,0
201395135799,3,3,2,42,8,20.831,2,10,3,2013,15,57,12,7,0,1,1,1,2,1,2,8,0,1,1,0,0,0
201395135800,6,3,2,42,8,208.31,2,10,2,2013,19,46,12,6,0,2,3,1,1,1,2,8,0,2,1,0,0,0
201395135946,1,3,1,42,8,4.1662,2,9,4,2013,8,27,38,0,0,2,1,1,4,1,2,8,1,3,4,0,0,0
201395135960,4,3,1,42,8,349.9608,2,9,6,2013,13,45,12,1,0,2,1,1,0,0,2,8,0,3,1,0,0,0
201395135983,3,3,1,42,8,20.831,2,9,3,2013,17,48,12,6,0,4,1,10,2,1,2,8,0,1,1,0,0,0
201395136005,6,3,1,42,8,208.31,3,9,5,2013,17,26,12,6,0,2,1,1,1,1,2,8,0,3,1,0,0,0
201395136078,1,3,1,42,8,4.1662,1,9,1,2013,7,58,30,0,0,2,1,1,3,1,2,8,0,2,4,0,0,0
201395136085,3,3,1,42,8,20.831,2,9,7,2013,12,3,12,7,0,1,1,1,2,2,2,8,0,1,1,0,0,0
201395136144,3,3,3,42,8,20.831,2,10,6,2013,8,34,12,6,0,2,1,1,2,1,2,3,0,2,1,0,0,0
201395136209,3,3,4,42,8,20.831,2,11,6,2013,14,48,12,6,0,4,1,1,2,1,2,3,0,1,1,0,0,0
201395136289,4,3,1,42,8,349.9608,2,9,2,2013,11,50,12,6,0,2,1,1,0,0,2,8,0,3,1,0,0,0
201395136383,6,3,1,42,8,208.31,2,10,7,2013,18,29,12,6,0,2,5,1,2,1,2,8,0,2,1,0,0,0
201395136416,4,3,1,42,8,349.9608,2,10,4,2013,17,20,12,7,0,1,5,10,0,0,2,8,0,1,1,0,0,0
201395136494,3,3,1,42,8,20.831,1,10,4,2013,19,33,8,0,0,1,3,1,2,1,2,8,0,1,1,16,0,0
201395136564,4,3,1,42,8,349.9608,2,10,3,2013,10,25,12,7,0,1,1,1,0,0,2,8,0,1,1,0,0,0
201395136566,1,3,1,42,8,4.1662,1,10,7,2013,22,55,42,0,0,1,3,1,3,1,2,8,0,1,4,0,0,0
201395136586,6,3,1,42,8,208.31,2,10,4,2013,18,7,12,2,0,2,1,1,0,0,2,8,0,3,1,0,0,0
201395136652,1,3,6,42,8,4.226506,1,11,5,2013,23,49,42,0,0,1,2,2,3,1,2,8,0,1,3,0,0,0
201395136761,4,3,2,42,8,349.9608,2,11,7,2013,9,38,12,6,1,5,1,1,0,0,2,8,0,1,1,0,0,0
201395136776,3,3,2,42,8,20.831,2,11,3,2013,21,25,12,1,0,1,3,2,2,5,2,8,0,1,1,0,0,0
201395136779,5,3,2,42,8,91.6564,3,12,2,2013,9,25,12,6,0,2,1,10,1,4,2,8,0,2,1,0,0,0
201395136820,6,3,2,42,8,208.31,2,12,5,2013,18,15,12,6,0,2,3,1,1,1,2,8,0,2,1,0,0,0
201395136881,2,3,2,42,8,58.3268,2,12,3,2013,19,5,12,7,0,1,3,1,0,0,2,8,0,1,1,0,0,0
201395136932,3,3,2,42,8,20.831,2,12,7,2013,14,58,12,1,0,1,1,1,2,3,2,8,0,1,1,0,0,0
201395136940,1,3,6,42,8,4.226506,1,11,4,2013,23,50,24,0,0,5,3,10,3,1,2,8,0,1,4,0,0,0
201395136956,4,3,2,42,8,349.9608,2,12,2,2013,8,25,12,7,0,1,1,1,0,0,2,8,0,1,1,0,0,0
201395136968,1,3,2,42,8,4.1662,1,12,7,2013,0,25,30,0,0,1,3,1,3,3,2,8,0,1,4,0,0,0
201395136995,3,3,2,42,8,20.831,3,12,3,2013,11,33,12,1,0,1,1,1,2,1,2,8,0,1,1,0,0,0
201395137073,3,3,1,42,8,20.831,1,10,3,2013,18,44,8,0,0,1,1,1,2,1,2,8,0,1,1,16,0,0
201395137097,4,3,3,42,8,349.9608,2,11,2,2013,6,30,12,6,0,2,1,1,0,0,2,3,0,2,1,0,0,0
201395137111,6,3,3,42,8,208.31,2,11,3,2013,16,22,12,1,0,2,5,10,0,0,2,3,0,3,1,0,0,0
201395137148,4,3,1,42,8,349.9608,2,10,7,2013,10,51,12,1,0,1,1,1,0,0,2,8,0,1,1,0,0,0
201395137220,3,3,3,42,8,20.831,1,10,4,2013,7,44,1,0,0,2,1,2,2,1,2,3,0,2,1,0,0,0
201395137329,6,3,1,42,8,208.31,2,10,2,2013,12,46,12,6,0,2,1,1,0,0,2,8,0,2,1,0,0,0
201395137342,5,3,10,42,8,89.44648,2,11,5,2013,10,52,12,6,0,2,1,1,2,1,2,1,0,3,1,0,0,0
201395137347,1,3,10,42,8,11.18081,2,11,3,2013,8,52,12,6,0,2,1,1,3,2,2,1,0,2,1,0,0,0
201395137348,4,3,10,42,8,346.6051,3,11,6,2013,11,50,12,1,0,2,1,2,1,1,2,1,0,,1,0,0,0
201395137389,6,3,2,42,8,208.31,2,12,1,2013,13,15,12,6,0,2,1,1,0,0,2,8,0,2,1,0,0,0
201395137418,1,3,2,42,8,4.1662,3,12,6,2013,8,45,12,1,0,1,1,1,3,1,2,8,0,1,1,0,0,0
201395137466,6,3,6,42,8,211.3253,2,12,5,2013,1,15,12,7,0,1,3,10,1,2,2,8,0,1,1,0,0,0
201395137471,1,3,6,42,8,4.226506,2,12,5,2013,22,25,12,1,0,1,3,1,3,2,1,8,0,1,1,0,0,0
201395137476,1,3,2,42,8,4.1662,2,12,6,2013,23,23,12,6,0,2,3,1,3,4,2,8,0,2,1,0,0,0
201395137579,3,3,1,42,8,20.831,3,9,6,2013,14,20,12,1,0,2,1,1,3,2,2,8,0,2,1,0,0,0
201395137598,4,3,1,42,8,349.9608,2,9,2,2013,11,55,12,1,0,4,1,2,0,0,2,8,0,1,1,0,0,0
201395137635,5,3,1,42,8,91.6564,5,9,2,2013,7,51,12,8,0,2,1,10,2,1,2,8,2,3,1,0,0,0
201395137714,3,3,1,42,8,20.831,1,9,4,2013,7,32,9,0,0,2,1,1,2,1,2,8,0,2,1,0,0,0
201395137772,4,3,1,42,8,349.9608,2,9,6,2013,0,30,12,6,0,2,3,1,0,0,2,8,0,2,1,0,0,0
201395137804,6,3,1,42,8,208.31,2,9,1,2013,2,10,12,2,0,2,3,10,1,1,2,8,0,2,1,0,0,0
201395137815,3,3,1,42,8,20.831,1,9,3,2013,23,1,9,0,0,2,2,10,3,1,1,8,0,2,1,16,0,0
201395137844,1,3,1,42,8,4.1662,2,9,2,2013,12,10,12,6,0,2,1,2,4,3,2,8,0,2,1,0,0,0
201395137851,3,3,4,42,8,20.831,1,11,7,2013,15,0,8,0,0,1,1,10,3,1,2,3,0,1,1,16,0,0
201395137853,4,3,4,42,8,349.9608,2,11,7,2013,16,7,12,2,0,1,1,1,0,0,2,3,0,1,1,0,0,0
201395137878,6,3,4,42,8,208.31,3,11,7,2013,2,48,14,0,0,1,3,1,0,0,1,3,2,1,7,14,0,0
201395137906,1,3,2,42,8,4.1662,3,12,6,2013,8,45,12,6,0,2,1,10,3,2,2,8,0,2,1,0,0,0
201395137924,4,3,2,42,8,349.9608,2,12,3,2013,6,49,12,1,0,1,1,1,1,2,2,8,0,1,1,0,0,0
201395137970,3,3,2,42,8,20.831,2,12,6,2013,20,30,12,6,0,2,3,1,2,1,2,8,0,2,1,0,0,0
201395138030,3,3,4,42,8,20.831,1,11,7,2013,15,4,39,0,0,1,1,10,3,1,2,3,0,1,4,0,0,0
201395138072,4,3,4,42,8,349.9608,2,11,7,2013,3,58,12,1,0,1,3,1,1,1,2,3,0,1,1,0,0,0
201395138098,3,3,4,42,8,20.831,2,12,7,2013,22,18,12,1,0,1,3,1,2,1,2,3,0,1,1,0,0,0
201395138119,4,3,3,42,8,349.9608,2,11,6,2013,16,45,12,6,0,2,1,1,0,0,2,3,0,2,1,0,0,0
201395138143,3,3,3,42,8,20.831,2,11,1,2013,12,13,12,7,0,1,1,1,2,1,2,3,0,1,1,0,0,0
201395138231,4,3,3,42,8,349.9608,2,11,4,2013,19,50,12,9,0,4,3,1,0,0,2,3,0,1,1,0,0,0
201395138257,6,3,2,42,8,208.31,1,12,4,2013,22,18,24,0,0,1,3,2,0,0,2,8,0,1,3,0,0,0
201395138291,1,3,2,42,8,4.1662,2,12,1,2013,2,10,12,6,0,2,3,1,3,1,2,8,0,3,1,0,0,0
201395138384,3,3,4,42,8,20.831,1,12,5,2013,9,30,15,0,0,2,1,1,2,1,2,3,0,4,1,16,0,0
201395138395,1,3,4,42,8,4.1662,1,12,1,2013,2,33,24,0,0,2,3,1,3,1,2,3,0,3,4,0,0,0
201395138417,4,3,4,42,8,349.9608,2,12,2,2013,4,0,14,0,0,1,7,1,0,0,2,3,1,1,7,0,0,0
201395138448,6,3,10,42,8,212.4354,2,12,4,2013,14,25,12,6,0,2,1,1,2,1,2,1,0,2,1,0,0,0
201395138466,3,3,4,42,8,20.831,2,12,7,2013,14,58,12,6,0,2,1,1,2,1,2,3,0,3,1,0,0,0
201395138523,1,3,3,42,8,4.1662,3,11,5,2013,13,58,12,6,0,2,5,10,3,2,2,3,1,3,1,0,0,0
201395138539,6,3,3,42,8,208.31,3,11,7,2013,13,55,12,6,0,2,1,2,0,0,2,3,0,2,1,0,0,0
201395138637,4,3,3,42,8,349.9608,3,12,5,2013,11,26,12,6,0,2,1,1,0,0,2,3,0,3,1,0,0,0
201395138678,1,3,6,42,8,4.226506,3,12,7,2013,0,10,12,1,0,1,2,2,3,3,1,8,0,1,1,0,0,0
201395138682,5,3,6,42,8,88.75662,4,12,1,2013,13,28,12,1,0,5,1,2,2,5,2,8,0,1,1,0,0,0
201395138729,5,3,2,42,8,91.6564,1,12,5,2013,9,50,30,0,0,1,1,2,2,1,2,8,0,1,4,0,0,0
201395138781,1,3,3,42,8,4.1662,2,12,2,2013,10,34,12,6,0,2,1,1,3,2,2,3,0,3,1,0,0,0
201395138810,3,3,3,42,8,20.831,1,12,4,2013,7,9,8,0,0,1,1,1,3,1,2,3,0,1,1,0,0,0
201395138826,5,3,3,42,8,91.6564,2,12,6,2013,8,42,12,6,0,2,1,1,2,1,2,3,0,2,1,0,0,0
201395138873,4,3,3,42,8,349.9608,2,12,5,2013,14,41,12,1,0,2,1,1,0,0,2,3,0,2,1,0,0,0
201395139084,1,3,2,42,8,4.1662,2,12,3,2013,11,50,12,1,0,1,1,2,3,1,2,8,0,1,1,0,0,0
201395139221,5,3,11,42,8,95.21551,3,11,1,2013,11,55,12,6,0,2,1,1,1,2,2,2,0,2,1,0,0,0
201395139224,6,3,11,42,8,214.23488,2,11,7,2013,10,31,12,1,0,2,1,1,1,2,2,2,0,2,1,0,0,0
201395139234,4,3,11,42,8,345.1562,2,11,1,2013,22,10,12,1,0,1,3,1,0,0,2,2,0,1,1,0,0,0
201395139240,1,3,11,42,8,11.901938,2,11,7,2013,22,21,12,6,0,2,3,1,3,1,2,2,0,2,1,0,0,0
201395139270,6,3,11,42,8,214.23488,6,11,7,2013,14,49,12,1,0,2,1,1,2,4,1,2,0,2,1,20,0,0
201395139272,1,3,11,42,8,11.901938,1,11,5,2013,7,3,41,0,0,1,4,1,3,2,2,2,0,1,3,0,0,0
201395139285,3,3,11,42,8,23.803877,2,12,1,2013,12,0,12,6,0,2,1,1,3,1,2,2,0,2,1,0,0,0
201395139303,3,3,11,42,8,23.803877,1,12,5,2013,21,13,8,0,0,1,3,1,2,1,2,2,0,1,1,0,0,0
201395139308,5,3,11,42,8,95.21551,1,12,7,2013,8,34,42,0,0,1,1,1,2,1,2,2,0,1,4,0,0,0
201395139313,4,3,11,42,8,345.1562,1,12,1,2013,13,52,8,0,0,2,1,1,1,1,2,2,0,2,1,0,0,0
201395139322,3,3,11,42,8,23.803877,1,12,2,2013,18,33,8,0,0,2,3,1,4,1,2,2,0,3,1,0,0,0
201395139324,6,3,11,42,8,214.23488,2,12,5,2013,6,35,12,6,0,2,4,1,0,0,2,2,0,2,1,0,0,0
201395139340,3,3,11,42,8,23.803877,1,12,6,2013,8,37,9,0,0,2,1,1,2,1,2,2,0,3,1,0,0,0
201395139444,2,3,1,42,8,58.3268,2,11,2,2013,16,36,12,6,0,2,1,10,0,0,2,8,0,2,1,0,0,0
201395139453,4,3,1,42,8,349.9608,2,11,1,2013,18,21,12,1,0,2,3,2,0,0,2,8,0,,1,0,0,0
201395139489,1,3,1,42,8,4.1662,2,11,2,2013,6,52,12,6,0,2,1,1,3,2,2,8,0,2,1,0,0,0
201395139572,3,3,1,42,8,20.831,2,11,6,2013,16,15,12,8,0,4,1,1,3,1,2,8,0,1,1,0,0,0
201395139599,4,3,1,42,8,349.9608,2,11,4,2013,11,50,12,6,0,2,1,1,0,0,2,8,0,3,1,0,0,0
201395139604,6,3,1,42,8,208.31,2,11,2,2013,13,55,12,6,0,2,1,10,0,0,2,8,0,2,1,0,0,0
201395139716,3,3,1,42,8,20.831,1,11,3,2013,21,37,8,0,0,1,3,1,2,1,2,8,0,1,1,0,0,0
201395139753,5,3,1,42,8,91.6564,2,11,4,2013,16,16,12,6,0,2,1,1,2,1,2,8,0,2,1,0,0,0
201395139756,4,3,1,42,8,349.9608,2,11,7,2013,10,57,12,6,0,2,1,1,1,1,2,8,0,2,1,0,0,0
201395139813,6,3,1,42,8,208.31,2,11,5,2013,15,59,12,1,0,2,1,1,0,0,2,8,0,2,1,0,0,0
201395139853,1,3,3,42,8,4.1662,2,12,6,2013,14,40,12,6,0,2,1,1,3,2,2,3,0,2,1,0,0,0
201395139858,1,3,3,42,8,4.1662,2,12,4,2013,19,0,12,6,0,2,3,10,3,1,1,3,0,2,1,19,0,0
201395139916,6,3,3,42,8,208.31,2,12,6,2013,7,57,12,6,0,2,1,1,2,1,2,3,0,2,1,0,0,0
201395139955,4,3,3,42,8,349.9608,1,12,3,2013,23,0,59,0,0,2,3,1,1,1,2,3,0,3,4,0,0,0
201395142636,3,3,1,42,8,20.831,1,11,7,2013,5,41,9,0,0,2,1,1,3,1,2,8,0,2,1,0,0,0
201395142640,1,3,1,42,8,4.1662,1,11,7,2013,2,57,1,0,0,1,3,2,4,1,2,8,0,1,4,0,0,0
201395142670,1,3,1,42,8,4.1662,2,11,2,2013,13,47,12,2,0,2,1,1,3,3,2,8,0,2,1,0,0,0
201395142673,4,3,1,42,8,349.9608,2,11,2,2013,11,59,12,7,0,2,1,1,0,0,2,8,0,2,1,0,0,0
201395142753,3,3,1,42,8,20.831,2,11,5,2013,19,6,12,6,0,2,3,10,2,2,2,8,0,3,1,0,0,0
201395142781,6,3,1,42,8,208.31,2,11,6,2013,17,37,12,1,0,2,2,1,0,0,2,8,0,2,1,0,0,0
201395142798,4,3,1,42,8,349.9608,2,11,6,2013,8,40,12,7,0,1,1,1,0,0,2,8,0,1,1,0,0,0