CASENUM,STRATUM,REGION,PJ,PSU,PSUSTRAT,WEIGHT,VE_TOTAL,MONTH,WKDY_IM,YEAR,HOUR_IM,MINUTE_IM,EVENT1_IM,MANCOL_IM,RELJCT1_IM,RELJCT2_IM,LGTCON_IM,WEATHR_IM,MAXSEV_IM,NO_INJ_IM,ALCHL_IM,LAND_USE,PVH_INVL,TYP_INT,REL_ROAD,CF1,CF2,CF3
201395142857,3,3,1,42,8,20.831,1,11,2,2013,22,25,9,0,1,2,2,1,2,1,2,8,0,2,1,16,0,0
201395142873,1,3,1,42,8,4.1662,5,11,2,2013,15,51,12,1,0,1,1,1,3,5,2,8,3,1,1,14,21,0
201395142909,5,3,1,42,8,91.6564,2,11,3,2013,18,12,12,6,0,4,3,1,3,2,2,8,0,1,1,0,0,0
201395142942,4,3,1,42,8,349.9608,4,11,4,2013,14,49,12,1,0,2,1,1,0,0,2,8,0,2,1,0,0,0
201395142962,6,3,1,42,8,208.31,2,11,4,2013,8,37,12,1,0,1,1,1,0,0,2,8,0,1,1,0,0,0
201395143018,1,3,1,42,8,4.1662,1,11,5,2013,2,37,26,0,0,1,2,5,3,2,1,8,0,1,4,0,0,0
201395143044,3,3,1,42,8,20.831,2,11,6,2013,11,10,12,1,0,1,1,2,2,1,2,8,0,1,1,0,0,0
201395143046,1,3,1,42,8,4.1662,2,11,6,2013,10,42,12,6,0,2,1,2,4,3,2,8,0,2,1,0,0,0
201395143119,4,3,1,42,8,349.9608,2,11,1,2013,13,30,12,1,0,2,1,10,0,0,2,8,0,3,1,0,0,0
201395143120,1,3,1,42,8,4.1662,2,11,1,2013,9,25,12,6,0,2,1,1,3,1,2,8,0,2,1,0,0,0
201395143160,1,3,1,42,8,4.1662,2,12,1,2013,21,5,12,2,0,2,3,10,3,2,2,8,0,2,1,0,0,0
201395143169,1,3,1,42,8,4.1662,2,12,1,2013,3,46,12,2,0,2,3,1,4,4,2,8,0,3,1,0,0,0
201395143191,6,3,1,42,8,208.31,2,12,2,2013,14,4,12,6,0,1,1,1,0,0,2,8,0,1,1,0,0,0
201395143275,4,3,1,42,8,349.9608,2,12,4,2013,10,17,12,1,0,1,1,1,0,0,2,8,0,1,1,0,0,0
201395143313,1,3,1,42,8,4.1662,3,12,5,2013,12,8,12,6,0,2,1,1,4,3,2,8,1,2,1,0,0,0
201395143376,6,3,1,42,8,208.31,2,12,7,2013,21,30,12,6,0,2,3,1,0,0,2,8,0,2,1,0,0,0
201395143386,3,3,1,42,8,20.831,1,12,7,2013,15,50,40,0,0,1,1,1,3,1,2,8,0,1,4,0,0,0
201395143404,4,3,1,42,8,349.9608,2,12,7,2013,6,26,12,1,0,2,1,2,0,0,2,8,0,3,1,0,0,0
201395143431,1,3,1,42,8,4.1662,2,12,2,2013,18,13,12,2,0,1,5,1,3,2,1,8,0,1,1,0,0,0
201395143490,1,3,1,42,8,4.1662,1,12,4,2013,19,46,18,0,0,1,2,1,4,3,2,8,0,1,1,0,0,0
201395143515,3,3,1,42,8,20.831,3,12,4,2013,9,0,12,1,0,2,1,1,2,1,2,8,0,3,1,0,0,0
201395143539,4,3,1,42,8,349.9608,2,12,5,2013,15,47,12,6,0,2,1,1,0,0,2,8,0,2,1,0,0,0
201395143584,6,3,1,42,8,208.31,2,12,6,2013,17,55,12,6,0,2,3,2,0,0,2,8,0,3,1,0,0,0
201395143658,3,3,1,42,8,20.831,2,12,2,2013,18,30,12,1,0,1,3,1,2,1,2,8,0,1,1,0,0,0
201395143663,4,3,1,42,8,349.9608,2,12,2,2013,15,37,12,7,0,2,1,1,1,1,2,8,0,2,1,0,0,0
201395143674,1,3,1,42,8,4.1662,2,12,2,2013,6,1,12,2,0,2,3,10,3,2,2,8,0,2,1,0,0,0
201395143743,3,3,1,42,8,20.831,1,12,4,2013,7,48,8,0,0,2,1,1,2,1,2,8,0,3,1,0,0,0
201395143746,5,3,1,42,8,91.6564,3,12,5,2013,22,45,14,0,0,1,2,1,2,1,2,8,2,1,7,14,0,0
201395143766,1,3,1,42,8,4.1662,2,12,5,2013,14,23,12,6,0,2,1,1,3,2,2,8,0,3,1,0,0,0
201395143768,6,3,1,42,8,208.31,2,12,5,2013,13,49,12,7,0,2,1,1,0,0,2,8,0,2,1,0,0,0
201395143808,4,3,1,42,8,349.9608,2,12,6,2013,1,25,12,7,0,2,3,1,0,0,2,8,0,2,1,0,0,0
201395143854,3,3,1,42,8,20.831,1,12,1,2013,21,34,9,0,0,2,1,1,2,1,1,8,0,3,1,0,0,0
201395143878,1,3,1,42,8,4.1662,2,12,2,2013,20,22,12,2,0,2,3,1,3,2,2,8,0,2,1,0,0,0
201395143939,4,3,1,42,8,349.9608,2,12,3,2013,1,9,12,7,0,1,3,1,1,1,2,8,0,1,1,0,0,0
201395143943,3,3,1,42,8,20.831,1,12,4,2013,22,46,30,0,0,1,2,2,2,2,2,8,0,1,4,0,0,0
201395143991,6,3,1,42,8,208.31,2,12,5,2013,2,38,14,0,0,1,3,2,0,0,2,8,1,1,4,0,0,0
201395144082,4,3,1,42,8,349.9608,2,12,3,2013,19,45,12,6,0,2,2,10,0,0,2,8,0,2,1,0,0,0
201395144105,3,3,1,42,8,20.831,2,12,3,2013,11,45,12,1,0,1,1,10,2,1,2,8,0,1,1,0,0,0
201395223979,1,2,1,33,5,4.6166,1,1,3,2013,0,1,35,0,0,1,2,10,3,1,1,1,0,1,4,0,0,0
201395224051,3,2,1,33,5,18.4664,1,1,4,2013,22,28,8,0,0,1,2,1,2,2,2,1,0,1,1,0,0,0
201395224079,4,2,1,33,5,350.8616,2,1,6,2013,20,7,12,1,0,2,3,1,1,1,2,1,0,3,1,0,0,0
201395224132,6,2,4,33,5,207.747,2,1,5,2013,18,30,12,1,0,1,3,10,0,0,2,1,0,1,1,0,0,0
201395224150,1,2,2,32,4,4.1872,2,1,7,2013,15,30,12,1,0,1,1,1,3,1,2,3,0,1,1,0,0,0
201395224232,4,2,1,32,4,355.912,2,1,5,2013,16,0,12,6,0,2,1,1,1,1,2,3,0,3,1,0,0,0
201395224237,3,2,1,32,4,20.936,1,1,6,2013,17,55,8,0,0,1,2,1,2,1,2,3,0,1,1,0,0,0
201395224381,1,2,4,10,5,2.7007,1,1,3,2013,2,46,34,0,0,1,3,1,3,2,1,3,0,1,4,0,0,0
201395224401,1,2,4,10,5,2.7007,2,1,6,2013,15,59,12,1,0,1,1,1,3,2,2,3,0,1,1,0,0,0
201395224502,4,2,1,10,5,351.091,1,1,5,2013,18,30,11,0,0,1,6,1,0,0,2,3,0,1,1,0,0,0
201395224616,4,2,5,10,5,346.76935,2,1,6,2013,11,33,12,1,0,2,1,10,0,0,2,3,0,,1,0,0,0
201395224623,3,2,15,10,5,13.59662,2,1,1,2013,13,4,12,6,0,2,1,4,2,2,2,2,0,2,1,0,0,0
201395224628,3,2,15,10,5,13.59662,1,1,3,2013,12,16,34,0,0,1,1,10,2,1,2,2,0,1,4,0,0,0
201395224640,4,2,17,10,5,357.13135,2,1,3,2013,12,57,12,1,0,2,1,10,0,0,2,1,0,3,1,0,0,0
201395224649,3,2,17,10,5,17.006254,2,1,6,2013,19,0,12,2,0,2,3,1,2,1,2,1,0,2,1,0,0,0
201395224650,6,2,17,10,5,204.07504,2,1,7,2013,9,48,12,6,0,4,1,10,0,0,2,1,0,1,1,0,0,0
201395224657,4,2,24,10,5,352.27066,2,1,5,2013,7,50,12,1,0,2,1,1,0,0,2,1,0,2,1,0,0,0
201395224710,4,2,1,32,4,355.912,2,1,4,2013,22,30,14,0,0,1,3,1,0,0,2,3,1,1,7,0,0,0
201395224769,1,2,1,33,5,4.6166,1,1,4,2013,7,27,34,0,0,1,2,1,3,1,2,1,0,1,4,0,0,0
201395224798,4,2,1,33,5,350.8616,2,1,4,2013,18,19,12,6,0,4,1,1,0,0,2,1,0,1,1,0,0,0
201395224898,4,2,2,32,4,699.2624,2,1,4,2013,5,30,12,7,0,1,2,1,0,0,2,3,0,1,1,19,0,0
201395224952,5,2,4,33,5,87.7154,1,1,6,2013,20,30,1,0,0,1,3,1,1,1,2,1,0,1,1,0,0,0
201395224961,4,2,6,33,5,346.80237,2,1,2,2013,14,11,12,7,0,1,1,1,0,0,2,8,0,1,1,0,0,0
201395224962,6,2,6,33,5,206.20682,2,1,2,2013,17,30,12,1,0,2,1,1,0,0,2,8,0,,1,0,0,0
201395224995,4,2,12,33,5,345.18524,2,1,4,2013,12,3,12,6,0,2,1,1,1,1,2,2,0,2,1,0,0,0
201395225000,1,2,12,33,5,11.135008,2,1,5,2013,19,1,12,6,0,4,3,1,3,2,2,2,0,1,1,0,0,0
201395225042,3,2,1,10,5,18.9049,1,1,4,2013,13,11,9,0,0,2,1,10,3,1,2,3,0,2,1,0,0,0
201395225062,4,2,2,10,5,351.091,2,1,2,2013,7,45,12,1,0,1,3,1,0,0,2,3,0,1,1,0,0,0
201395225078,1,2,2,10,5,2.7007,2,1,4,2013,15,26,12,2,0,1,1,1,3,2,2,3,0,1,1,0,0,0
201395225105,1,2,3,10,5,2.7007,2,1,2,2013,18,23,12,1,0,4,3,1,3,3,2,8,0,1,1,0,0,0
201395225154,3,2,5,10,5,22.615393,1,1,4,2013,15,29,8,0,0,2,1,1,2,1,2,3,0,2,1,0,0,0
201395225168,4,2,15,10,5,353.51212,2,1,6,2013,12,59,12,6,0,4,1,10,0,0,2,2,0,1,1,0,0,0
201395225235,4,2,1,33,5,350.8616,2,1,6,2013,7,16,12,6,0,5,3,1,0,0,2,1,0,1,1,0,0,0
201395225237,1,2,1,33,5,4.6166,2,1,6,2013,12,40,12,6,0,2,1,4,3,2,2,1,0,,1,0,0,0
201395225262,3,2,2,33,5,18.4664,1,1,7,2013,12,54,59,0,0,1,1,1,2,1,1,3,0,1,4,0,0,0
201395225309,4,2,2,32,4,699.2624,2,1,4,2013,16,15,12,1,0,1,1,1,0,0,2,3,0,1,1,28,0,0
201395225333,6,2,4,33,5,207.747,5,1,6,2013,17,50,12,7,0,1,1,10,0,0,2,1,0,1,1,0,0,0
201395225399,4,2,16,33,5,341.5738,1,1,2,2013,19,43,11,0,0,1,2,1,0,0,2,1,0,1,1,0,0,0
201395225400,1,2,16,33,5,22.771587,2,1,3,2013,10,27,12,6,0,2,1,1,3,2,2,1,0,3,1,0,0,0
201395225401,6,2,16,33,5,204.94429,2,1,4,2013,6,51,12,6,0,2,2,1,1,1,2,1,0,2,1,0,0,0
201395225413,6,2,1,33,5,207.747,2,1,1,2013,23,28,12,6,0,2,2,1,0,0,2,1,0,3,1,0,0,0
201395225422,1,2,1,33,5,4.6166,3,1,2,2013,12,36,12,2,0,2,1,1,4,4,1,1,0,3,1,0,0,0
201395225452,1,2,1,33,5,4.6166,1,1,4,2013,1,18,43,0,0,1,3,1,3,1,1,1,0,1,4,0,0,0
201395225490,4,2,1,33,5,350.8616,1,1,5,2013,23,44,59,0,0,2,2,1,0,0,2,1,0,3,4,0,0,0
201395225518,1,2,1,33,5,4.6166,1,1,7,2013,14,54,30,0,0,1,1,1,3,1,1,1,0,1,4,0,0,0
201395225571,3,2,4,33,5,18.4664,2,1,2,2013,10,15,12,7,0,1,1,4,2,1,2,1,0,1,1,0,0,0
201395225637,4,2,2,32,4,699.2624,1,1,5,2013,23,30,25,0,0,1,3,1,0,0,2,3,0,1,3,0,0,0
201395225725,4,2,6,33,5,346.80237,2,1,3,2013,19,11,12,1,0,2,2,1,0,0,2,8,0,3,1,0,0,0
201395225750,4,2,8,33,5,350.28952,2,1,5,2013,12,44,12,7,0,2,1,1,0,0,2,2,0,3,1,0,0,0
201395225763,4,2,12,33,5,345.18524,2,1,2,2013,19,14,12,1,0,2,3,4,0,0,2,2,0,3,1,0,0,0
201395225803,5,2,16,33,5,91.08635,2,1,4,2013,12,1,12,6,0,2,1,1,3,2,2,1,0,2,1,0,0,0
201395225815,4,2,16,33,5,341.5738,1,1,6,2013,18,51,34,0,0,1,2,4,0,0,2,1,0,1,4,0,0,0
201395225919,1,2,2,10,5,2.7007,2,1,3,2013,14,21,12,6,0,2,1,1,3,2,2,3,0,2,1,0,0,0
201395225990,3,2,3,10,5,18.9049,2,1,5,2013,10,51,12,1,0,2,1,1,2,1,2,8,0,3,1,0,0,0
201395226033,4,2,4,10,5,351.091,2,1,6,2013,11,39,12,6,0,5,1,11,1,2,2,3,0,1,1,0,0,0
201395226071,3,2,15,10,5,13.59662,2,1,1,2013,13,33,12,6,0,2,1,10,2,2,2,2,0,2,1,0,0,0
201395226092,4,2,17,10,5,357.13135,2,1,4,2013,9,20,12,6,0,2,1,10,0,0,2,1,0,2,1,0,0,0
201395226111,4,2,24,10,5,352.27066,2,1,7,2013,20,40,12,8,0,1,3,1,0,0,2,1,0,1,1,0,0,0
201395226142,4,2,1,10,5,351.091,2,1,5,2013,9,43,12,1,0,1,1,11,0,0,2,3,0,1,1,0,0,0
201395226182,3,2,2,10,5,18.9049,2,1,2,2013,9,0,12,6,0,1,1,2,2,1,2,3,0,1,1,0,0,0
201395226229,4,2,2,10,5,351.091,2,2,7,2013,16,30,12,1,0,1,3,11,0,0,2,3,0,1,1,0,0,0
201395226279,4,2,3,10,5,351.091,1,2,7,2013,16,56,59,0,0,1,1,11,0,0,2,8,0,1,4,0,0,0
201395226280,1,2,3,10,5,2.7007,1,2,7,2013,17,5,42,0,0,1,1,11,3,2,2,8,0,1,4,0,0,0
201395226336,4,2,5,10,5,346.76935,2,2,6,2013,9,30,12,1,0,2,1,11,0,0,2,3,0,,1,0,0,0
201395226352,6,2,15,10,5,203.9493,1,2,7,2013,1,49,30,0,0,1,3,1,0,0,2,2,0,1,4,0,0,0
201395226370,4,2,17,10,5,357.13135,2,2,6,2013,18,31,12,1,0,2,2,1,0,0,2,1,0,,1,0,0,0
201395226388,4,2,1,32,4,355.912,2,1,3,2013,22,15,14,0,0,1,3,1,0,0,2,3,1,1,7,0,0,0
201395226393,6,2,1,32,4,209.36,2,1,5,2013,22,10,12,1,0,2,3,1,1,1,2,3,0,2,1,0,0,0
201395226398,3,2,1,32,4,20.936,1,1,1,2013,22,30,8,0,0,1,2,1,4,1,2,3,0,1,1,0,0,0
201395226412,4,2,1,32,4,355.912,2,1,5,2013,3,30,14,0,0,1,3,4,0,0,2,3,1,1,7,0,0,0
201395226417,3,2,1,32,4,20.936,1,1,6,2013,15,0,8,0,0,1,1,4,2,1,2,3,0,1,1,0,0,0
201395226436,4,2,1,32,4,355.912,2,1,3,2013,8,20,12,8,0,2,1,1,0,0,2,3,0,,1,0,0,0
201395226437,6,2,1,32,4,209.36,2,1,3,2013,13,55,12,6,0,2,1,2,0,0,2,3,0,2,1,0,0,0
201395226459,4,2,1,32,4,355.912,2,2,1,2013,14,30,12,9,0,4,1,11,1,1,2,3,0,1,1,0,0,0
201395226469,3,2,1,32,4,20.936,2,2,3,2013,21,0,14,0,0,1,3,1,2,1,2,3,1,1,7,0,0,0
201395226472,5,2,1,32,4,83.744,2,2,4,2013,14,0,12,6,0,2,1,1,1,1,2,3,0,7,1,0,0,0
201395226474,3,2,1,32,4,20.936,1,2,4,2013,18,35,8,0,0,1,2,10,3,1,2,3,0,1,1,0,0,0
201395226484,4,2,1,32,4,355.912,2,2,6,2013,14,0,12,1,0,1,1,1,0,0,2,3,0,1,1,0,0,0
201395226537,1,2,1,33,5,4.6166,2,1,3,2013,19,13,12,6,0,2,3,2,4,3,2,1,0,2,1,0,0,0
201395226539,5,2,1,33,5,87.7154,3,1,4,2013,0,58,14,0,0,1,3,2,2,1,1,1,2,1,5,14,0,0
201395226547,4,2,1,33,5,350.8616,2,1,4,2013,18,26,12,6,0,2,2,2,0,0,2,1,0,6,1,0,0,0
201395226612,4,2,2,33,5,350.8616,2,1,5,2013,8,53,45,0,0,1,1,4,0,0,2,3,1,1,1,0,0,0
201395226624,1,2,4,33,5,4.6166,1,1,1,2013,2,31,59,0,0,1,2,1,3,1,2,1,0,1,4,0,0,0
201395226662,2,2,2,32,4,121.4288,2,1,2,2013,11,0,12,7,0,1,1,10,1,1,2,3,0,1,1,0,0,0
201395226670,4,2,2,32,4,699.2624,2,1,2,2013,17,40,12,1,0,1,5,2,0,0,2,3,0,1,1,0,0,0
201395226677,6,2,2,32,4,418.72,1,1,3,2013,6,0,59,0,0,1,3,2,0,0,2,3,0,1,4,0,0,0
201395226698,1,2,2,32,4,4.1872,2,1,4,2013,3,46,12,6,0,1,3,10,4,2,1,3,0,1,1,23,0,0
201395226778,4,2,4,33,5,350.8616,1,2,7,2013,12,15,34,0,0,1,1,10,0,0,2,1,0,1,4,0,0,0
201395226824,6,2,12,33,5,211.56516,2,1,1,2013,12,47,12,1,0,1,1,10,2,2,2,2,0,1,1,28,0,0
201395226825,4,2,12,33,5,345.18524,2,1,2,2013,11,20,14,0,0,1,1,10,0,0,2,2,1,1,7,0,0,0
201395226836,5,2,12,33,5,89.08006,2,1,5,2013,8,25,12,2,0,4,1,4,2,2,2,2,0,1,1,0,0,0
201395226864,5,2,16,33,5,91.08635,2,2,3,2013,7,8,12,2,0,1,4,10,2,1,2,1,0,1,1,0,0,0
201395226867,4,2,16,33,5,341.5738,2,2,3,2013,14,28,12,7,0,1,1,10,0,0,2,1,0,1,1,0,0,0
201395226890,4,2,12,33,5,345.18524,2,2,5,2013,17,32,12,1,0,1,1,10,0,0,2,2,0,1,1,0,0,0
201395226907,4,2,6,33,5,346.80237,1,2,1,2013,21,14,11,0,0,1,3,4,0,0,2,8,0,1,1,0,0,0
201395226943,1,2,6,33,5,9.373037,1,2,7,2013,22,3,59,0,0,5,3,1,3,1,1,8,0,1,4,0,0,0
201395227008,4,2,1,33,5,350.8616,2,2,3,2013,9,56,12,7,0,2,1,1,1,1,2,1,0,3,1,0,0,0
201395227088,6,2,1,33,5,207.747,2,2,7,2013,17,1,12,6,0,4,1,1,0,0,2,1,0,1,1,0,0,0
201395227130,1,2,2,32,4,4.1872,1,2,2,2013,14,30,25,0,0,1,1,4,3,1,2,3,0,1,3,0,0,0
201395227155,1,2,4,33,5,4.6166,3,2,4,2013,8,40,12,1,0,1,1,1,3,2,2,1,0,1,1,0,0,0
201395227156,6,2,4,33,5,207.747,2,2,4,2013,8,50,12,7,0,1,1,1,0,0,2,1,0,1,1,19,0,0
201395227163,3,2,2,32,4,41.872,3,2,4,2013,16,0,12,1,0,1,1,1,2,1,2,3,0,1,1,0,0,0
201395227200,4,2,2,32,4,699.2624,1,2,7,2013,10,45,26,0,0,1,1,1,0,0,2,3,0,1,3,0,0,0
201395227235,1,2,1,10,5,2.7007,2,2,4,2013,7,50,12,6,0,2,1,1,4,2,2,3,0,2,1,0,0,0
201395227350,3,2,4,10,5,18.9049,2,2,2,2013,14,47,12,1,0,2,1,11,2,2,2,3,0,,1,0,0,0
201395227398,4,2,15,10,5,353.51212,2,2,3,2013,11,2,12,1,0,2,1,1,0,0,2,2,0,2,1,0,0,0
201395227426,2,2,17,10,5,68.02502,3,2,6,2013,10,46,12,6,0,1,1,11,2,1,2,1,0,1,1,0,0,0
201395227437,4,2,8,10,5,346.61176,2,2,4,2013,11,50,12,6,0,2,1,1,0,0,2,1,0,2,1,0,0,0
201395227439,6,2,8,10,5,211.81828,2,2,4,2013,19,0,12,6,0,2,3,1,1,3,2,1,0,2,1,0,0,0
201395227446,6,2,24,10,5,216.78195,2,2,7,2013,12,30,12,6,0,2,1,11,0,0,2,1,0,3,1,0,0,0
201395227447,4,2,24,10,5,352.27066,2,2,7,2013,12,30,12,1,0,2,1,11,0,0,2,1,0,2,1,0,0,0
201395227499,5,2,1,10,5,89.1231,1,2,6,2013,20,22,42,0,0,1,3,1,2,2,2,3,0,1,4,20,0,0
201395227509,4,2,1,10,5,351.091,1,2,7,2013,12,41,25,0,0,1,1,4,1,1,2,3,0,1,3,0,0,0
201395227568,6,2,2,10,5,210.6546,3,2,5,2013,12,25,12,1,0,2,1,10,1,1,2,3,0,2,1,0,0,0
201395227633,1,2,4,10,5,2.7007,2,2,6,2013,10,57,12,6,0,2,1,10,3,2,2,3,0,,1,0,0,0
201395227673,3,2,15,10,5,13.59662,1,2,4,2013,10,45,8,0,0,2,1,1,3,1,2,2,0,2,1,0,0,0
201395227687,4,2,17,10,5,357.13135,2,2,6,2013,15,35,12,1,0,2,1,10,0,0,2,1,0,2,1,0,0,0
201395227767,4,2,1,33,5,350.8616,2,2,1,2013,11,33,12,6,0,4,1,1,0,0,2,1,0,1,1,0,0,0
201395227802,3,2,1,33,5,18.4664,2,2,4,2013,16,1,12,6,0,2,1,1,2,3,2,1,0,2,1,0,0,0
201395227861,1,2,2,32,4,4.1872,1,2,1,2013,7,45,26,0,0,1,1,1,3,1,2,3,0,1,3,0,0,0
201395227883,1,2,2,32,4,4.1872,1,2,5,2013,4,40,58,0,0,1,3,10,3,2,2,3,0,1,4,0,0,0
201395227891,2,2,2,32,4,121.4288,2,2,5,2013,11,10,12,7,0,1,1,10,0,0,2,3,0,1,1,0,0,0
201395227914,5,2,2,32,4,180.0496,1,2,7,2013,13,10,39,0,0,1,1,4,1,1,2,3,0,1,3,0,0,0
201395227933,1,2,4,33,5,4.6166,1,2,7,2013,15,19,31,0,0,1,1,4,4,1,2,1,0,1,4,0,0,0
201395227971,4,2,1,33,5,350.8616,2,2,3,2013,13,18,12,6,0,4,1,4,0,0,2,1,0,1,1,0,0,0
201395228070,1,2,2,32,4,4.1872,1,2,3,2013,20,16,21,0,0,1,3,4,3,2,2,3,0,1,4,0,0,0
201395228077,4,2,4,33,5,350.8616,1,2,5,2013,14,30,24,0,0,1,1,10,0,0,1,1,0,1,4,0,0,0
201395228088,6,2,2,32,4,418.72,2,2,6,2013,9,0,14,0,0,5,1,10,0,0,2,3,1,1,4,0,0,0
201395228148,3,2,6,33,5,18.746075,2,2,1,2013,8,30,12,2,0,2,1,1,2,1,2,8,0,2,1,0,0,0
201395228154,4,2,6,33,5,346.80237,2,2,3,2013,18,42,12,1,0,1,3,4,0,0,2,8,0,1,1,0,0,0
201395228192,6,2,16,33,5,204.94429,2,2,2,2013,18,58,12,1,0,4,2,1,1,1,2,1,0,1,1,0,0,0
201395228194,4,2,16,33,5,341.5738,2,2,3,2013,11,54,12,1,0,1,1,4,0,0,2,1,0,1,1,0,0,0
201395228206,6,2,1,10,5,210.6546,1,2,2,2013,20,57,34,0,0,2,3,1,0,0,2,3,0,2,4,0,0,0
201395228239,1,2,1,10,5,2.7007,1,2,6,2013,13,18,30,0,0,1,1,11,3,1,2,3,0,1,4,0,0,0
201395228270,1,2,2,10,5,2.7007,2,2,5,2013,4,36,12,2,0,1,2,10,3,2,1,3,0,1,1,0,0,0
201395228297,4,2,2,10,5,351.091,2,2,6,2013,15,0,12,6,0,2,1,10,0,0,2,3,0,2,1,0,0,0
201395228299,1,2,2,10,5,2.7007,2,2,6,2013,16,17,12,2,0,1,1,10,3,3,2,3,0,1,1,0,0,0
201395228306,3,2,2,10,5,18.9049,3,2,7,2013,9,55,12,8,0,1,1,10,2,1,2,3,1,1,1,0,0,0
201395228379,1,2,4,10,5,2.7007,1,2,7,2013,4,10,42,0,0,1,3,1,3,1,2,3,0,1,3,0,0,0
201395228382,4,2,5,10,5,346.76935,2,2,1,2013,14,15,12,1,0,2,1,1,0,0,2,3,0,,1,0,0,0
201395228401,3,2,15,10,5,13.59662,1,2,2,2013,11,28,30,0,0,1,1,10,3,1,2,2,0,1,4,0,0,0
201395228407,4,2,15,10,5,353.51212,2,2,6,2013,7,28,12,6,0,4,1,11,0,0,2,2,0,1,1,0,0,0
201395228429,2,2,24,10,5,54.195488,2,2,5,2013,13,13,12,1,0,6,1,10,1,2,2,1,0,1,1,0,0,0
201395228431,1,2,24,10,5,27.097744,4,2,6,2013,21,23,12,1,0,1,3,10,3,5,1,1,0,1,1,0,0,0
201395228445,6,2,1,32,4,209.36,2,2,2,2013,9,40,12,1,0,2,1,11,0,0,2,3,0,,1,0,0,0
201395228446,5,2,1,32,4,83.744,1,2,2,2013,21,20,33,0,0,1,3,10,1,2,2,3,0,1,4,0,0,0
201395228458,4,2,1,32,4,355.912,2,2,5,2013,14,20,12,1,0,1,1,10,0,0,2,3,0,1,1,0,0,0
201395228482,4,2,1,32,4,355.912,2,2,6,2013,12,0,14,0,0,1,1,1,0,0,2,3,1,1,7,0,0,0
201395228591,4,2,4,10,5,351.091,2,2,1,2013,16,26,12,8,0,1,1,10,0,0,2,3,0,1,1,0,0,0
201395228598,5,2,4,10,5,89.1231,2,2,3,2013,14,47,12,6,0,1,1,2,1,1,2,3,0,1,1,0,0,0
201395228654,4,2,17,10,5,357.13135,2,2,4,2013,13,25,12,6,0,4,1,10,0,0,2,1,0,1,1,0,0,0
201395228657,3,2,17,10,5,17.006254,2,2,5,2013,6,56,12,1,0,2,4,11,2,1,2,1,0,2,1,0,0,0
201395228664,1,2,24,10,5,27.097744,2,2,3,2013,10,9,23,0,0,1,1,10,3,2,1,1,0,1,4,0,0,0
201395228666,5,2,24,10,5,81.293236,1,2,4,2013,18,27,31,0,0,1,3,11,2,1,2,1,0,1,4,0,0,0
201395228671,6,2,1,32,4,209.36,3,2,7,2013,14,20,12,1,0,1,1,4,0,0,2,3,0,1,1,0,0,0
201395228709,3,2,1,32,4,20.936,1,2,2,2013,10,35,8,0,0,2,1,1,2,1,2,3,0,2,1,0,0,0
201395228715,4,2,1,32,4,355.912,2,2,3,2013,23,30,14,0,0,1,2,4,0,0,2,3,1,1,7,0,0,0
201395228718,6,2,1,32,4,209.36,2,3,6,2013,19,15,12,6,0,2,3,1,0,0,2,3,0,2,1,0,0,0
201395228729,3,2,1,33,5,18.4664,2,2,1,2013,15,57,12,6,0,2,1,1,3,3,2,1,0,2,1,0,0,0
201395228731,5,2,1,33,5,87.7154,1,2,1,2013,16,57,42,0,0,1,1,10,2,2,2,1,0,1,4,0,0,0
201395228765,4,2,1,33,5,350.8616,2,2,3,2013,22,0,12,6,0,2,3,4,0,0,2,1,0,2,1,0,0,0
201395228844,4,2,2,33,5,350.8616,1,3,7,2013,19,39,11,0,0,1,3,10,0,0,2,3,0,1,1,0,0,0
201395228883,4,2,2,32,4,699.2624,2,2,3,2013,20,40,12,6,0,1,3,11,0,0,2,3,0,1,1,0,0,0
201395228918,3,2,4,33,5,18.4664,1,2,5,2013,13,31,34,0,0,1,1,10,4,2,2,1,0,1,4,0,0,0
201395228946,6,2,6,33,5,206.20682,3,2,5,2013,17,8,12,6,0,4,1,1,0,0,2,8,0,1,1,0,0,0
201395228968,4,2,12,33,5,345.18524,2,2,3,2013,18,54,12,1,0,1,3,4,0,0,2,2,0,1,1,0,0,0
201395229056,3,2,1,10,5,18.9049,2,3,6,2013,16,25,12,1,0,2,1,1,2,1,2,3,0,3,1,0,0,0
201395229164,5,2,5,10,5,90.46157,2,3,6,2013,8,45,12,6,0,2,1,1,1,1,2,3,0,2,1,0,0,0
201395229177,3,2,15,10,5,13.59662,2,3,3,2013,9,51,12,1,0,2,1,1,3,1,2,2,0,2,1,0,0,0
201395229193,6,2,17,10,5,204.07504,2,3,7,2013,10,25,12,6,0,4,1,10,0,0,2,1,0,1,1,0,0,0
201395229203,4,2,24,10,5,352.27066,2,3,7,2013,9,0,12,6,0,2,1,1,0,0,2,1,0,2,1,0,0,0
201395229212,3,2,1,32,4,20.936,1,3,1,2013,13,20,8,0,0,1,1,1,4,1,2,3,0,1,4,0,0,0
201395229223,4,2,1,32,4,355.912,2,3,5,2013,16,30,12,8,0,1,1,1,0,0,2,3,0,1,1,0,0,0
201395229268,3,2,1,33,5,18.4664,2,3,4,2013,15,59,12,1,0,2,1,1,2,1,2,1,0,2,1,0,0,0