CASENUM,STRATUM,REGION,PJ,PSU,PSUSTRAT,WEIGHT,VE_TOTAL,MONTH,WKDY_IM,YEAR,HOUR_IM,MINUTE_IM,EVENT1_IM,MANCOL_IM,RELJCT1_IM,RELJCT2_IM,LGTCON_IM,WEATHR_IM,MAXSEV_IM,NO_INJ_IM,ALCHL_IM,LAND_USE,PVH_INVL,TYP_INT,REL_ROAD,CF1,CF2,CF3
201395229277,4,2,1,33,5,350.8616,2,3,5,2013,11,53,12,6,0,2,1,1,2,4,2,1,0,3,1,0,0,0
201395229285,1,2,1,33,5,4.6166,3,3,6,2013,14,12,12,1,0,1,1,10,3,3,2,1,0,1,1,0,0,0
201395229305,3,2,2,33,5,18.4664,2,3,2,2013,7,58,12,1,0,1,1,1,2,3,2,3,0,1,1,0,0,0
201395229333,1,2,4,33,5,4.6166,3,3,2,2013,7,30,12,1,0,1,1,1,3,1,2,1,0,1,1,28,0,0
201395229366,4,2,4,33,5,350.8616,2,3,5,2013,17,5,12,1,0,1,1,1,0,0,2,1,0,1,1,28,0,0
201395229370,1,2,2,32,4,4.1872,1,3,6,2013,3,30,25,0,0,1,3,10,3,1,2,3,0,1,3,0,0,0
201395229403,4,2,6,33,5,346.80237,2,3,3,2013,17,53,12,7,0,7,1,10,0,0,2,8,0,1,1,0,0,0
201395229410,5,2,6,33,5,93.73037,2,3,7,2013,0,10,12,1,0,1,2,1,2,2,1,8,0,1,1,0,0,0
201395229443,4,2,16,33,5,341.5738,2,3,1,2013,0,11,14,0,0,1,2,11,0,0,2,1,1,1,4,19,0,0
201395229453,4,2,1,10,5,351.091,1,3,7,2013,22,45,59,0,0,1,3,1,0,0,2,3,0,1,4,0,0,0
201395229506,1,2,1,10,5,2.7007,2,3,6,2013,16,56,12,2,0,1,1,2,3,2,1,3,0,1,1,0,0,0
201395229588,1,2,3,10,5,2.7007,3,3,2,2013,16,29,12,6,0,2,1,2,3,3,2,8,0,2,1,0,0,0
201395229626,6,2,3,10,5,210.6546,2,3,7,2013,19,42,12,1,0,2,5,1,0,0,2,8,0,2,1,0,0,0
201395229673,4,2,5,10,5,346.76935,2,3,4,2013,16,11,12,6,0,2,6,11,0,0,2,3,0,,1,0,0,0
201395229693,1,2,15,10,5,13.59662,2,3,1,2013,13,42,12,6,0,2,1,1,3,4,2,2,0,2,1,0,0,0
201395229700,4,2,15,10,5,353.51212,1,3,4,2013,5,56,33,0,0,1,3,11,0,0,2,2,0,1,4,0,0,0
201395229717,4,2,17,10,5,357.13135,2,3,7,2013,14,46,12,6,0,4,1,10,0,0,2,1,0,1,1,0,0,0
201395229731,1,2,1,32,4,20.936,2,3,1,2013,21,35,12,6,0,2,2,1,3,4,2,3,0,2,1,0,0,0
201395229733,3,2,1,32,4,20.936,1,3,2,2013,0,15,9,0,0,1,3,1,2,1,2,3,0,1,1,0,0,0
201395229736,6,2,1,32,4,209.36,2,3,2,2013,17,0,12,7,0,5,1,2,2,2,2,3,0,1,1,0,0,0
201395229738,5,2,1,32,4,83.744,2,3,2,2013,18,20,12,6,0,4,1,10,1,1,2,3,0,1,1,0,0,0
201395229747,4,2,1,32,4,355.912,2,3,4,2013,7,50,12,6,0,2,1,4,1,4,2,3,0,2,1,19,0,0
201395229773,1,2,1,33,5,4.6166,2,3,3,2013,7,34,12,2,0,2,4,1,3,2,2,1,0,3,1,0,0,0
201395229784,6,2,1,33,5,207.747,1,3,4,2013,6,45,30,0,0,1,2,1,0,0,2,1,0,1,4,0,0,0
201395229825,4,2,1,33,5,350.8616,1,3,7,2013,8,16,42,0,0,1,1,4,1,1,2,1,0,1,4,0,0,0
201395229856,6,2,4,33,5,207.747,3,3,2,2013,8,0,12,1,0,1,1,2,0,0,2,1,0,1,1,27,19,0
201395229919,4,2,4,33,5,350.8616,2,3,5,2013,16,45,12,1,0,1,1,1,2,1,2,1,0,1,1,28,0,0
201395229970,1,2,4,33,5,4.6166,2,3,7,2013,13,30,12,1,0,1,1,10,3,2,2,1,0,1,1,0,0,0
201395230010,4,2,12,33,5,345.18524,2,2,7,2013,14,0,12,1,0,1,1,4,0,0,2,2,0,1,1,0,0,0
201395230022,6,2,12,33,5,211.56516,2,3,5,2013,17,3,12,6,0,2,1,1,1,2,2,2,0,2,1,0,0,0
201395230053,4,2,16,33,5,341.5738,5,3,6,2013,12,5,12,1,0,2,1,1,0,0,2,1,0,2,1,0,0,0
201395230120,1,2,1,10,5,2.7007,2,3,1,2013,20,29,14,0,0,1,3,10,3,3,1,3,1,1,7,0,0,0
201395230173,4,2,2,10,5,351.091,2,3,2,2013,17,18,12,6,0,4,1,2,0,0,2,3,0,1,1,0,0,0
201395230225,1,2,2,10,5,2.7007,1,3,7,2013,16,1,38,0,1,19,1,1,3,1,2,3,0,1,4,0,0,0
201395230234,4,2,3,10,5,351.091,2,3,5,2013,5,50,12,1,0,2,3,1,0,0,2,8,0,2,1,0,0,0
201395230248,1,2,3,10,5,2.7007,2,3,6,2013,7,25,12,2,0,2,1,10,3,2,2,8,0,2,1,0,0,0
201395230311,1,2,5,10,5,7.538464,1,3,6,2013,23,36,1,0,0,1,3,1,3,4,2,3,0,1,4,20,0,0
201395230319,1,2,15,10,5,13.59662,2,3,3,2013,13,23,12,2,0,2,1,1,3,3,2,2,0,2,1,0,0,0
201395230353,3,2,1,32,4,20.936,1,3,7,2013,6,5,8,0,0,1,4,3,2,1,2,3,0,1,1,0,0,0
201395230360,4,2,1,32,4,355.912,3,3,1,2013,14,30,12,1,0,1,1,1,0,0,2,3,0,1,1,0,0,0
201395230376,6,2,1,32,4,209.36,3,3,6,2013,8,0,12,6,0,2,1,1,1,1,2,3,0,2,1,0,0,0
201395230401,3,2,1,33,5,18.4664,1,3,2,2013,15,5,9,0,0,1,1,2,2,1,1,1,0,1,2,0,0,0
201395230419,1,2,1,33,5,4.6166,2,3,4,2013,15,7,12,6,0,2,1,10,3,3,2,1,0,2,1,0,0,0
201395230426,1,2,1,33,5,4.6166,3,3,5,2013,8,30,12,8,0,1,1,4,4,3,2,1,0,1,1,0,0,0
201395230456,4,2,1,33,5,350.8616,2,3,7,2013,19,36,12,7,0,1,5,1,0,0,2,1,0,1,1,0,0,0
201395230526,4,2,4,33,5,350.8616,2,3,4,2013,20,20,12,7,0,1,3,4,0,0,2,1,0,1,1,0,0,0
201395230537,2,2,4,33,5,60.0158,4,3,5,2013,15,34,12,1,0,1,1,10,0,0,2,1,0,1,1,26,0,0
201395230541,3,2,4,33,5,18.4664,3,3,5,2013,18,0,12,1,0,1,1,10,2,2,2,1,0,1,1,0,0,0
201395230571,4,2,6,33,5,346.80237,3,3,5,2013,11,46,12,1,0,1,1,10,0,0,2,8,0,1,1,0,0,0
201395230583,3,2,8,33,5,18.76551,2,3,6,2013,12,20,12,6,0,2,1,10,3,1,2,2,0,,1,0,0,0
201395230584,4,2,8,33,5,350.28952,2,3,6,2013,15,15,12,1,0,1,1,1,1,1,2,2,0,1,1,0,0,0
201395230593,1,2,12,33,5,11.135008,2,3,3,2013,19,50,12,1,0,4,2,1,3,1,2,2,0,1,1,0,0,0
201395230596,5,2,12,33,5,89.08006,2,3,4,2013,13,50,12,6,0,4,1,10,2,2,2,2,0,1,1,0,0,0
201395230598,4,2,12,33,5,345.18524,2,3,4,2013,16,30,12,1,0,2,1,2,0,0,2,2,0,2,1,0,0,0
201395230612,6,2,16,33,5,204.94429,1,3,2,2013,17,28,42,0,0,1,1,3,2,1,2,1,0,1,4,0,0,0
201395230617,3,2,16,33,5,22.771587,1,3,5,2013,15,42,8,0,0,1,1,1,3,1,2,1,0,1,1,0,0,0
201395230619,5,2,16,33,5,91.08635,2,3,7,2013,12,37,12,6,0,2,1,1,2,1,2,1,0,2,1,0,0,0
201395230678,4,2,1,10,5,351.091,2,3,7,2013,19,35,12,9,0,4,5,1,0,0,2,3,0,1,1,0,0,0
201395230708,3,2,2,10,5,18.9049,1,3,6,2013,19,30,9,0,0,2,1,1,2,1,2,3,0,2,1,0,0,0
201395230754,1,2,4,10,5,2.7007,4,3,6,2013,12,21,12,6,0,2,1,1,3,5,2,3,0,2,1,0,0,0
201395230762,6,2,5,10,5,211.077,2,3,1,2013,15,54,12,2,0,1,1,10,0,0,2,3,0,1,1,0,0,0
201395230798,5,2,17,10,5,85.03127,2,3,6,2013,11,15,12,2,0,2,1,1,1,2,2,1,0,3,1,0,0,0
201395230800,4,2,17,10,5,357.13135,2,3,6,2013,14,48,12,1,0,2,1,1,0,0,2,1,0,,1,0,0,0
201395230802,5,2,24,10,5,81.293236,1,3,3,2013,15,30,21,0,0,1,1,2,2,1,2,1,0,1,4,0,0,0
201395230887,5,2,2,32,4,180.0496,2,3,2,2013,8,0,12,6,0,1,1,11,1,1,2,3,0,1,1,0,0,0
201395230893,1,2,4,33,5,4.6166,1,3,2,2013,21,40,34,0,0,5,3,1,3,1,2,1,0,1,4,0,0,0
201395230918,1,2,2,32,4,4.1872,3,3,4,2013,18,50,12,7,0,1,1,10,3,1,2,3,0,1,1,0,0,0
201395230931,6,2,2,32,4,418.72,3,3,6,2013,14,30,12,1,0,5,1,1,0,0,2,3,0,1,1,0,0,0
201395230943,1,2,6,33,5,9.373037,3,3,1,2013,7,43,12,7,0,1,1,10,4,1,2,8,0,1,1,0,0,0
201395230956,1,2,6,33,5,9.373037,1,3,5,2013,22,36,42,0,0,1,3,1,4,1,2,8,0,1,5,20,0,0
201395230992,4,2,16,33,5,341.5738,2,3,3,2013,14,0,12,7,0,2,1,1,0,0,2,1,0,6,1,0,0,0
201395230998,3,2,8,10,5,19.256208,1,3,7,2013,9,50,39,0,0,1,1,11,2,1,2,1,0,1,3,0,0,0
201395231024,1,2,1,10,5,2.7007,2,4,5,2013,14,3,12,6,0,1,1,1,4,4,2,3,0,1,1,0,0,0
201395231114,4,2,5,10,5,346.76935,2,4,3,2013,21,0,12,1,0,2,2,10,0,0,2,3,0,,1,0,0,0
201395231130,4,2,15,10,5,353.51212,2,4,5,2013,16,58,12,1,0,1,1,1,1,1,2,2,0,1,1,0,0,0
201395231131,3,2,15,10,5,13.59662,3,4,6,2013,11,0,12,1,0,2,1,1,2,1,2,2,0,2,1,0,0,0
201395231134,3,2,15,10,5,13.59662,1,4,7,2013,14,38,9,0,0,4,1,10,2,1,2,2,0,1,1,0,0,0
201395231145,4,2,24,10,5,352.27066,2,3,1,2013,18,30,14,0,0,1,1,1,0,0,2,1,1,1,7,0,0,0
201395231149,3,2,1,32,4,20.936,1,3,6,2013,20,30,9,0,0,1,3,1,3,1,2,3,0,1,1,0,0,0
201395231152,4,2,1,32,4,355.912,2,3,3,2013,10,25,12,7,0,2,1,1,0,0,2,3,0,,1,0,0,0
201395231175,3,2,1,32,4,20.936,1,3,1,2013,0,45,9,0,0,1,3,1,3,1,2,3,0,1,1,0,0,0
201395231179,4,2,1,32,4,355.912,2,4,2,2013,0,25,12,1,0,2,3,1,0,0,2,3,0,,1,0,0,0
201395231188,2,2,1,32,4,62.808,2,4,5,2013,9,35,12,6,0,2,1,1,1,1,2,3,0,2,1,0,0,0
201395231237,4,2,1,33,5,350.8616,2,4,5,2013,18,2,12,6,0,2,1,1,0,0,2,1,0,3,1,0,0,0
201395231255,3,2,2,33,5,18.4664,1,4,2,2013,15,15,34,0,0,1,1,10,2,1,2,3,0,1,4,0,0,0
201395231267,1,2,2,32,4,4.1872,1,4,2,2013,2,20,25,0,0,1,3,4,3,1,1,3,0,1,3,0,0,0
201395231283,4,2,2,32,4,699.2624,2,4,4,2013,11,35,12,1,0,1,1,1,0,0,2,3,0,1,1,0,0,0
201395231364,4,2,12,33,5,345.18524,1,4,3,2013,17,59,11,0,0,5,1,1,0,0,2,2,0,1,1,0,0,0
201395231367,3,2,12,33,5,22.270016,2,4,4,2013,18,0,12,1,0,2,1,1,2,1,2,2,0,2,1,0,0,0
201395231381,3,2,16,33,5,22.771587,2,4,2,2013,13,24,12,1,0,2,1,1,2,3,2,1,0,3,1,0,0,0
201395231463,5,1,6,21,2,92.06471,3,2,4,2013,16,35,12,1,0,5,1,1,1,4,2,8,0,1,1,0,0,0
201395231477,1,1,6,21,2,4.384034,1,2,2,2013,6,36,33,0,0,1,1,1,3,3,2,8,0,1,3,0,0,0
201395231508,5,1,40,21,2,83.80326,2,2,4,2013,8,1,12,6,0,5,1,1,1,1,2,1,0,1,1,0,0,0
201395231519,4,1,8,22,2,354.04037,2,2,7,2013,13,11,14,0,0,1,1,1,0,0,1,1,1,1,4,0,0,0
201395231521,5,1,8,22,2,88.51009,2,2,3,2013,6,10,12,1,0,2,3,10,2,1,2,1,0,4,1,0,0,0
201395231556,5,1,2,21,2,90.5073,2,2,6,2013,20,14,14,0,0,1,3,1,2,1,2,8,1,1,7,0,0,0
201395231612,1,1,6,21,2,4.384034,1,2,6,2013,21,12,24,0,0,1,3,1,3,1,1,8,0,1,3,0,0,0
201395231645,6,1,2,22,2,205.2204,1,2,5,2013,20,4,53,0,0,1,2,1,0,0,1,8,0,1,4,0,0,0
201395231646,3,1,2,22,2,29.3172,1,2,6,2013,13,6,34,0,0,1,1,1,2,1,2,8,0,1,4,0,0,0
201395231651,4,1,8,22,2,354.04037,2,2,3,2013,14,47,12,1,0,2,1,10,0,0,2,1,0,4,1,0,0,0
201395231670,3,2,1,10,5,18.9049,4,4,3,2013,16,21,12,1,0,1,1,10,2,2,2,3,0,1,1,0,0,0
201395231728,1,2,2,10,5,2.7007,3,4,5,2013,10,46,12,6,0,1,1,2,3,2,1,3,0,1,1,0,0,0
201395231772,4,2,4,10,5,351.091,2,4,4,2013,12,55,12,1,0,2,1,2,0,0,2,3,0,3,1,0,0,0
201395231810,5,2,15,10,5,95.17634,1,4,3,2013,1,22,33,0,0,1,3,10,2,2,2,2,0,1,4,0,0,0
201395231851,6,2,1,32,4,209.36,2,4,6,2013,12,45,12,2,0,4,1,2,0,0,2,3,0,1,1,0,0,0
201395231852,4,2,1,32,4,355.912,2,4,2,2013,10,20,12,1,0,1,1,1,0,0,2,3,0,1,1,0,0,0
201395231894,5,2,1,33,5,87.7154,2,4,4,2013,14,58,12,6,0,2,1,10,2,1,2,1,0,2,1,0,0,0
201395231900,3,2,1,33,5,18.4664,2,4,4,2013,20,22,12,1,0,2,2,10,2,1,2,1,0,2,1,0,0,0
201395231958,1,2,4,33,5,4.6166,1,4,1,2013,3,45,25,0,0,1,2,1,3,1,1,1,0,1,3,0,0,0
201395232028,4,2,2,32,4,699.2624,3,4,6,2013,8,0,12,1,0,1,1,1,0,0,2,3,0,1,1,0,0,0
201395232065,4,2,6,33,5,346.80237,2,4,4,2013,19,14,12,1,0,1,1,2,0,0,2,8,0,1,1,23,0,0
201395232075,3,2,6,33,5,18.746075,2,4,6,2013,15,10,12,1,0,2,1,1,2,2,2,8,0,2,1,0,0,0
201395232116,1,1,6,21,2,4.384034,4,1,6,2013,11,24,12,1,0,1,1,1,3,2,2,8,0,1,1,0,0,0
201395232153,4,1,4,21,2,350.4257,1,2,5,2013,8,44,59,0,0,2,1,10,0,0,2,3,0,3,4,0,0,0
201395232160,2,1,4,21,2,60.3382,2,3,2,2013,12,57,12,7,0,1,1,1,0,0,2,3,0,1,1,0,0,0
201395232184,6,1,6,21,2,210.43364,2,2,5,2013,12,13,12,6,0,2,1,1,0,0,1,8,0,2,1,0,0,0
201395232196,4,1,6,21,2,350.72272,2,3,6,2013,11,0,12,7,0,1,1,1,0,0,2,8,0,1,1,0,0,0
201395232211,4,1,11,21,2,351.56284,2,3,6,2013,16,20,12,8,0,1,1,10,0,0,2,2,0,1,1,0,0,0
201395232225,6,1,6,22,2,181.81355,1,3,1,2013,0,53,30,0,0,1,3,1,0,0,2,8,0,1,4,0,0,0
201395232226,4,1,6,22,2,363.6271,2,2,5,2013,16,45,14,0,0,4,1,10,0,0,1,8,1,1,7,0,0,0
201395232335,5,1,6,21,2,92.06471,2,3,4,2013,15,5,12,6,0,2,1,2,2,3,2,8,0,2,1,0,0,0
201395232355,1,1,6,21,2,4.384034,1,3,3,2013,9,30,24,0,0,1,1,10,3,1,2,8,0,1,3,0,0,0
201395232384,4,1,2,22,2,351.8064,1,3,6,2013,7,48,59,0,0,5,2,4,0,0,1,8,0,1,4,0,0,0
201395232391,6,1,6,22,2,181.81355,3,3,7,2013,13,18,12,1,0,2,1,1,0,0,2,8,0,3,1,0,0,0
201395232396,6,1,8,22,2,177.02019,2,3,3,2013,17,7,12,2,0,2,1,10,0,0,2,1,0,3,1,0,0,0
201395232399,6,1,8,22,2,177.02019,1,3,3,2013,5,32,53,0,0,1,4,1,0,0,2,1,0,1,4,0,0,0
201395232462,3,1,6,21,2,21.92017,2,3,2,2013,16,10,12,6,0,2,1,1,2,1,2,8,0,2,1,0,0,0
201395232476,3,1,11,21,2,17.578142,2,3,3,2013,7,50,12,1,0,5,4,1,2,1,2,2,0,1,1,0,0,0
201395232483,6,1,11,21,2,210.9377,2,3,7,2013,8,40,14,0,0,1,1,1,0,0,2,2,1,1,7,0,0,0
201395232499,3,1,8,22,2,88.51009,3,3,6,2013,16,5,12,1,0,1,1,1,2,1,2,1,0,1,1,0,0,0
201395232500,4,1,8,22,2,354.04037,1,3,3,2013,20,45,11,0,0,1,3,2,0,0,2,1,0,1,1,0,0,0
201395232574,4,2,2,10,5,351.091,2,4,1,2013,17,20,14,0,0,4,1,1,0,0,2,3,1,1,7,0,0,0
201395232714,5,2,8,10,5,86.65294,1,4,5,2013,8,40,59,0,0,1,1,1,1,1,2,1,0,1,4,0,0,0
201395232720,2,2,15,10,5,54.38648,2,4,3,2013,9,2,12,1,0,2,1,2,2,1,2,2,0,2,1,0,0,0
201395232724,3,2,15,10,5,13.59662,1,4,5,2013,14,29,8,0,0,2,1,10,2,1,2,2,0,2,1,0,0,0
201395232731,3,2,17,10,5,17.006254,1,4,4,2013,6,15,8,0,0,2,2,1,2,1,2,1,0,2,1,0,0,0
201395232735,4,2,17,10,5,357.13135,2,4,4,2013,19,59,12,6,0,4,1,2,0,0,2,1,0,1,1,0,0,0
201395232741,6,2,24,10,5,216.78195,2,4,5,2013,22,59,14,0,0,1,3,2,1,1,1,1,1,1,7,0,0,0
201395232746,3,2,1,32,4,20.936,1,4,2,2013,16,30,8,0,0,2,1,1,2,1,2,3,0,2,1,0,0,0
201395232758,1,2,1,32,4,20.936,1,4,6,2013,1,20,42,0,0,1,3,2,3,1,2,3,0,1,4,0,0,0
201395232761,5,2,1,32,4,83.744,4,4,1,2013,5,25,14,0,0,4,3,1,1,1,2,3,3,1,4,14,0,0
201395232763,4,2,1,32,4,355.912,1,4,2,2013,22,50,59,0,0,2,2,1,0,0,2,3,0,4,4,0,0,0
201395232773,1,2,1,33,5,4.6166,1,4,1,2013,10,6,17,0,0,1,1,10,3,1,2,1,0,1,4,0,0,0
201395232778,4,2,1,33,5,350.8616,2,4,1,2013,20,22,12,8,0,1,5,1,0,0,2,1,0,1,1,0,0,0
201395232813,6,2,1,33,5,207.747,4,4,5,2013,14,38,12,1,0,2,1,2,0,0,2,1,0,3,1,0,0,0
201395232817,3,2,1,33,5,18.4664,2,4,5,2013,16,19,12,6,0,4,1,2,2,2,2,1,0,1,1,0,0,0
201395232859,4,2,2,33,5,350.8616,2,4,7,2013,13,25,12,6,0,2,1,1,0,0,2,3,0,3,1,0,0,0
201395232869,6,2,2,32,4,418.72,1,4,2,2013,17,20,25,0,0,1,1,10,0,0,2,3,0,1,3,0,0,0
201395232936,3,2,2,32,4,41.872,3,4,6,2013,10,0,12,6,0,1,1,10,3,4,1,3,1,1,1,19,14,0
201395232942,4,2,4,33,5,350.8616,1,4,7,2013,1,50,25,0,0,1,3,10,0,0,2,1,0,1,3,0,0,0
201395232969,6,2,8,33,5,212.67578,2,4,3,2013,7,57,12,6,0,2,1,10,0,0,2,2,0,2,1,0,0,0
201395232984,4,2,12,33,5,345.18524,2,4,4,2013,9,41,12,2,0,2,1,1,0,0,2,2,0,2,1,0,0,0
201395232985,1,2,12,33,5,11.135008,2,4,4,2013,15,8,12,6,0,1,1,1,3,1,2,2,0,1,1,0,0,0
201395232998,4,2,16,33,5,341.5738,1,4,3,2013,6,45,11,0,0,1,2,2,0,0,2,1,0,1,1,0,0,0
201395233092,4,2,1,10,5,351.091,2,4,4,2013,11,39,12,1,0,4,1,2,0,0,2,3,0,1,1,0,0,0
201395233238,1,2,5,10,5,7.538464,1,4,1,2013,0,59,42,0,0,1,3,10,3,2,2,3,0,1,4,0,0,0
201395233239,3,2,5,10,5,22.615393,1,4,2,2013,6,56,8,0,0,2,1,1,2,1,2,3,0,2,1,0,0,0
201395233259,1,2,8,10,5,9.628104,2,4,6,2013,3,37,12,2,0,1,3,2,4,4,1,1,0,1,1,20,0,0
201395233263,4,2,15,10,5,353.51212,2,4,2,2013,18,21,12,1,0,1,1,1,0,0,2,2,0,1,1,0,0,0
201395233267,3,2,15,10,5,13.59662,2,4,5,2013,12,14,12,6,0,4,1,10,2,2,2,2,0,1,1,0,0,0
201395233280,3,2,17,10,5,17.006254,1,4,7,2013,11,57,9,0,0,2,1,1,2,1,2,1,0,2,1,0,0,0
201395233282,4,2,24,10,5,352.27066,2,4,2,2013,9,43,12,1,0,2,1,1,0,0,2,1,0,2,1,0,0,0
201395233300,5,2,1,32,4,83.744,2,4,5,2013,17,35,12,6,0,2,1,1,1,1,2,3,0,4,1,0,0,0
201395233302,4,2,1,32,4,355.912,3,4,3,2013,12,45,12,1,0,1,1,1,1,1,2,3,0,1,1,0,0,0
201395233305,1,2,1,32,4,20.936,3,4,4,2013,18,15,12,6,0,2,1,1,3,1,2,3,0,,1,0,0,0
201395233314,1,2,1,33,5,4.6166,2,4,1,2013,19,32,12,1,0,1,1,1,3,1,2,1,0,1,1,0,0,0
201395233355,4,2,1,33,5,350.8616,1,4,4,2013,18,23,53,0,0,1,1,10,0,0,2,1,0,1,4,0,0,0
201395233448,2,2,2,32,4,121.4288,2,4,4,2013,10,50,24,0,0,1,1,2,0,0,2,3,0,1,4,0,0,0
201395233520,4,2,6,33,5,346.80237,2,4,4,2013,16,20,12,6,0,2,1,2,0,0,2,8,0,3,1,0,0,0
201395233557,4,2,12,33,5,345.18524,2,4,7,2013,16,50,12,6,0,2,1,1,0,0,2,2,0,3,1,0,0,0
201395233573,4,2,16,33,5,341.5738,2,4,7,2013,19,13,14,0,0,4,1,1,0,0,2,1,1,1,4,0,0,0
201395233656,1,1,4,21,2,2.3207,2,3,1,2013,0,37,1,0,0,1,3,1,4,1,1,3,0,1,1,0,0,0
201395233682,6,1,6,21,2,210.43364,2,3,7,2013,10,3,12,7,0,1,1,1,0,0,2,8,0,1,1,0,0,0
201395233707,6,1,16,21,2,215.11601,1,3,3,2013,12,15,42,0,0,1,1,4,0,0,2,1,0,1,4,0,0,0
201395233714,6,1,40,21,2,209.50815,2,3,3,2013,16,24,12,2,0,2,1,4,0,0,2,1,0,4,1,0,0,0
201395233717,2,1,2,22,2,58.6344,2,3,4,2013,0,35,24,0,0,1,2,1,0,0,2,8,0,1,3,0,0,0
201395233722,5,1,6,22,2,60.604515,1,3,6,2013,6,55,59,0,0,1,1,10,1,1,2,8,0,1,4,0,0,0
201395233723,4,1,6,22,2,363.6271,2,3,5,2013,18,33,12,9,0,4,5,1,0,0,2,8,0,1,1,0,0,0
201395233724,5,1,6,22,2,60.604515,1,3,3,2013,16,30,30,0,0,1,1,2,2,1,2,8,0,1,4,0,0,0
201395233726,5,1,8,22,2,88.51009,3,3,3,2013,17,42,12,6,0,2,1,10,2,1,2,1,0,3,1,0,0,0
201395233740,1,2,1,10,5,2.7007,4,4,2,2013,11,57,12,1,0,1,1,1,3,3,2,3,0,1,1,0,0,0
201395233751,3,2,1,10,5,18.9049,1,5,4,2013,8,3,9,0,0,2,1,1,2,1,2,3,0,2,1,0,0,0
201395233809,3,2,2,10,5,18.9049,1,5,6,2013,16,15,9,0,0,2,1,1,2,1,2,3,0,2,1,0,0,0
201395233845,1,2,3,10,5,2.7007,3,5,7,2013,16,58,12,6,0,2,1,1,3,2,2,8,0,2,1,0,0,0
201395233857,3,2,4,10,5,18.9049,2,4,2,2013,15,47,12,2,0,2,1,1,2,2,2,3,0,2,1,0,0,0
201395233889,4,2,5,10,5,346.76935,2,4,1,2013,18,22,12,1,0,2,1,10,0,0,2,3,0,,1,0,0,0
201395233906,1,2,5,10,5,7.538464,6,5,6,2013,18,15,12,6,0,2,1,1,3,4,2,3,0,2,1,0,0,0
201395233940,3,2,24,10,5,27.097744,2,5,6,2013,13,18,12,7,0,1,1,1,2,1,2,1,0,1,1,0,0,0
201395233955,5,1,1,21,2,90.5073,2,3,4,2013,17,19,12,1,0,1,1,1,1,1,2,8,0,1,1,0,0,0
201395233960,6,1,1,21,2,208.863,1,3,4,2013,0,10,42,0,0,5,2,1,0,0,2,8,0,1,4,0,0,0
201395234040,6,1,6,22,2,181.81355,1,3,1,2013,16,24,16,0,0,1,1,1,2,1,2,8,0,1,1,0,0,0
201395234059,4,2,1,32,4,355.912,2,4,3,2013,17,10,12,1,0,2,1,1,1,1,2,3,0,3,1,0,0,0
201395234092,1,2,1,33,5,4.6166,2,5,4,2013,16,49,12,2,0,1,1,1,3,4,2,1,0,1,1,0,0,0
201395234154,5,2,2,32,4,180.0496,1,4,1,2013,17,0,35,0,0,1,1,2,1,1,2,3,0,1,4,0,0,0
201395234157,4,2,4,33,5,350.8616,1,4,1,2013,23,30,25,0,0,5,3,5,0,0,2,1,0,1,4,0,0,0
201395234191,6,2,4,33,5,207.747,2,5,4,2013,6,20,12,7,0,1,4,1,0,0,2,1,0,1,1,0,0,0
201395234222,3,2,2,32,4,41.872,3,5,6,2013,10,15,12,1,0,2,1,1,3,3,2,3,0,,1,0,0,0
201395234266,3,2,6,33,5,18.746075,2,5,6,2013,16,32,12,6,0,2,1,1,2,1,2,8,0,2,1,0,0,0
201395234285,1,2,12,33,5,11.135008,2,4,3,2013,20,35,12,1,0,2,5,1,3,3,2,2,0,3,1,0,0,0
201395234300,1,2,12,33,5,11.135008,1,5,7,2013,10,27,32,0,0,1,1,1,3,1,2,2,0,1,4,0,0,0
201395234316,3,1,1,21,2,20.8863,2,4,7,2013,13,0,12,7,0,1,1,1,2,1,2,8,0,1,1,0,0,0
201395234389,3,1,6,21,2,21.92017,2,4,5,2013,20,40,25,0,0,1,3,1,2,2,2,8,0,1,3,0,0,0
201395234396,5,1,6,21,2,92.06471,2,4,5,2013,17,25,12,2,0,1,1,1,1,2,2,8,0,1,1,0,0,0
201395234416,5,1,11,21,2,87.89071,2,4,2,2013,11,9,12,2,0,5,1,1,1,2,2,2,0,1,1,0,0,0
201395234418,4,1,11,21,2,351.56284,2,4,2,2013,17,47,12,7,0,1,1,1,0,0,2,2,0,1,1,0,0,0
201395234428,4,1,40,21,2,335.21304,1,4,7,2013,10,2,18,0,0,1,1,1,0,0,2,1,0,1,4,0,0,0
201395234436,3,1,8,22,2,88.51009,1,4,6,2013,18,15,1,0,0,1,1,1,2,1,2,1,0,1,1,0,0,0
201395234437,4,1,8,22,2,354.04037,3,4,7,2013,15,44,12,1,0,2,1,1,0,0,2,1,0,3,1,0,0,0
201395234539,6,1,8,22,2,177.02019,2,4,3,2013,14,20,12,1,0,2,1,1,0,0,2,1,0,2,1,0,0,0
201395234574,3,2,1,10,5,18.9049,1,5,6,2013,13,8,8,0,0,2,1,1,2,1,2,3,0,2,1,0,0,0
201395234582,1,2,1,10,5,2.7007,2,5,7,2013,16,45,12,2,0,1,1,10,3,2,2,3,0,1,1,0,0,0
201395234612,4,2,2,10,5,351.091,3,5,5,2013,11,30,12,1,0,1,1,1,1,1,2,3,0,1,1,28,0,0