CASENUM,STRATUM,REGION,PJ,PSU,PSUSTRAT,WEIGHT,VE_TOTAL,MONTH,WKDY_IM,YEAR,HOUR_IM,MINUTE_IM,EVENT1_IM,MANCOL_IM,RELJCT1_IM,RELJCT2_IM,LGTCON_IM,WEATHR_IM,MAXSEV_IM,NO_INJ_IM,ALCHL_IM,LAND_USE,PVH_INVL,TYP_INT,REL_ROAD,CF1,CF2,CF3
201395234625,1,2,2,10,5,2.7007,2,5,5,2013,23,14,12,6,0,2,3,1,4,4,2,3,0,2,1,0,0,0
201395234635,5,2,2,10,5,89.1231,2,5,7,2013,11,3,12,6,0,1,1,10,2,2,2,3,0,1,1,0,0,0
201395234638,6,2,2,10,5,210.6546,2,5,7,2013,17,20,12,7,0,1,1,10,0,0,1,3,0,1,1,0,0,0
201395234651,4,2,3,10,5,351.091,1,5,3,2013,15,40,42,0,0,1,1,1,0,0,2,8,0,1,1,0,0,0
201395234656,1,2,3,10,5,2.7007,1,5,5,2013,1,17,35,0,0,1,2,1,3,1,1,8,0,1,4,0,0,0
201395234667,3,2,3,10,5,18.9049,1,5,6,2013,21,38,8,0,0,2,2,1,2,1,2,8,0,3,1,0,0,0
201395234686,6,2,4,10,5,210.6546,2,5,3,2013,17,56,12,1,0,2,1,1,1,1,2,3,0,2,1,0,0,0
201395234698,1,2,4,10,5,2.7007,3,5,6,2013,7,56,12,1,0,2,1,10,3,2,2,3,0,2,1,0,0,0
201395234732,3,2,8,10,5,19.256208,1,5,3,2013,20,10,8,0,0,4,5,1,3,1,2,1,0,1,1,0,0,0
201395234733,1,2,8,10,5,9.628104,2,5,2,2013,17,30,12,6,0,4,1,1,3,1,2,1,0,1,1,0,0,0
201395234736,3,2,15,10,5,13.59662,2,5,1,2013,22,15,14,0,0,1,3,1,2,1,1,2,1,1,4,0,0,0
201395234750,3,2,17,10,5,17.006254,2,5,1,2013,14,40,12,8,0,2,1,1,2,3,2,1,0,2,1,0,0,0
201395234752,4,2,17,10,5,357.13135,2,5,2,2013,15,20,12,6,0,4,1,1,0,0,2,1,0,1,1,0,0,0
201395234754,6,2,17,10,5,204.07504,2,5,3,2013,5,58,12,6,0,2,4,1,0,0,2,1,0,2,1,0,0,0
201395234768,4,2,24,10,5,352.27066,2,5,7,2013,13,30,12,7,0,2,1,1,0,0,2,1,0,3,1,0,0,0
201395234772,6,2,1,32,4,209.36,2,5,3,2013,0,45,14,0,0,1,3,1,2,4,2,3,1,1,7,0,0,0
201395234791,4,2,1,33,5,350.8616,2,5,1,2013,15,37,12,1,0,2,1,1,0,0,2,1,0,2,1,0,0,0
201395234839,3,2,1,33,5,18.4664,2,5,5,2013,18,58,12,6,0,2,1,1,2,1,2,1,0,2,1,0,0,0
201395234889,1,2,4,33,5,4.6166,1,5,2,2013,12,45,44,0,0,1,1,1,3,3,2,1,0,1,1,0,0,0
201395234895,4,2,4,33,5,350.8616,2,5,2,2013,16,35,12,1,0,1,1,1,0,0,2,1,0,1,1,0,0,0
201395234945,3,2,4,33,5,18.4664,2,5,6,2013,6,30,12,7,0,1,3,2,3,1,2,1,0,1,1,0,0,0
201395234974,2,2,6,33,5,56.23822,2,5,2,2013,12,47,12,7,0,2,1,1,2,1,2,8,0,3,1,0,0,0
201395234987,4,2,6,33,5,346.80237,2,5,5,2013,13,23,12,6,0,2,1,1,0,0,2,8,0,2,1,0,0,0
201395235007,1,2,12,33,5,11.135008,3,5,4,2013,17,34,12,6,0,2,1,10,3,3,2,2,0,3,1,0,0,0
201395235014,4,2,12,33,5,345.18524,2,5,6,2013,7,10,12,7,0,2,4,2,0,0,2,2,0,,1,0,0,0
201395235031,3,2,16,33,5,22.771587,1,5,5,2013,16,15,8,0,0,4,1,1,2,1,2,1,0,1,1,0,0,0
201395235032,6,2,16,33,5,204.94429,2,5,5,2013,22,4,12,6,0,4,3,1,1,2,2,1,0,1,1,0,0,0
201395235033,3,2,16,33,5,22.771587,1,5,6,2013,2,20,42,0,0,1,2,2,2,1,2,1,0,1,4,0,0,0
201395235057,2,1,1,21,2,60.3382,2,4,5,2013,16,0,12,6,0,1,1,10,0,0,2,8,0,1,1,0,0,0
201395235091,2,1,6,21,2,61.376476,2,4,6,2013,6,45,12,1,0,2,1,1,2,2,2,8,0,6,1,0,0,0
201395235130,6,1,11,21,2,210.9377,2,4,6,2013,16,36,12,6,0,4,1,1,0,0,2,2,0,1,1,0,0,0
201395235140,5,1,8,22,2,88.51009,1,4,1,2013,18,36,40,0,0,1,1,1,2,1,2,1,0,1,4,0,0,0
201395235142,3,1,8,22,2,88.51009,2,4,2,2013,17,52,12,6,0,4,1,1,2,2,2,1,0,1,1,0,0,0
201395235143,6,1,8,22,2,177.02019,2,4,6,2013,22,57,12,2,0,1,3,10,0,0,1,1,0,1,1,0,0,0
201395235184,6,1,2,21,2,208.863,2,4,7,2013,15,47,12,6,0,4,1,1,0,0,2,8,0,1,1,0,0,0
201395235214,6,1,6,21,2,210.43364,3,4,3,2013,7,24,12,1,0,1,1,3,0,0,2,8,0,1,1,28,0,0
201395235261,6,1,6,22,2,181.81355,1,4,1,2013,22,3,33,0,0,2,3,10,1,1,1,8,0,3,4,0,0,0
201395235262,5,1,6,22,2,60.604515,1,4,6,2013,2,49,30,0,0,1,3,1,1,1,2,8,0,1,4,0,0,0
201395235266,4,1,8,22,2,354.04037,2,4,3,2013,15,7,12,1,0,1,1,1,0,0,2,1,0,1,1,0,0,0
201395235270,3,1,8,22,2,88.51009,1,4,3,2013,13,19,8,0,0,2,1,10,3,1,2,1,0,5,1,0,0,0
201395235272,6,1,8,22,2,177.02019,2,4,7,2013,8,21,12,1,0,2,1,1,0,0,2,1,0,3,1,0,0,0
201395235273,4,1,8,22,2,354.04037,3,4,7,2013,12,12,12,1,0,1,1,1,1,1,2,1,0,1,1,0,0,0
201395235314,1,1,16,21,2,14.341067,2,5,7,2013,18,56,30,0,0,1,1,1,3,1,2,1,1,1,4,0,0,0
201395235316,4,1,16,21,2,344.1856,2,5,6,2013,17,45,12,8,0,1,1,1,0,0,2,1,0,1,1,0,0,0
201395235383,5,1,4,21,2,90.5073,2,5,4,2013,11,40,12,6,0,4,1,1,2,3,2,3,0,1,1,0,0,0
201395235384,6,1,4,21,2,208.863,3,5,4,2013,7,58,12,1,0,2,1,1,0,0,2,3,0,3,1,0,0,0
201395235427,3,1,11,21,2,17.578142,1,5,4,2013,19,21,9,0,0,2,1,1,2,1,2,2,0,2,1,0,0,0
201395235436,6,1,2,22,2,205.2204,1,5,7,2013,19,6,31,0,0,1,1,1,0,0,2,8,0,1,4,0,0,0
201395235440,1,1,6,22,2,60.604515,2,5,6,2013,3,52,12,2,0,1,2,1,3,2,1,8,0,1,1,0,0,0
201395235443,4,1,6,22,2,363.6271,2,5,1,2013,12,38,12,1,0,2,1,1,1,1,2,8,0,3,1,0,0,0
201395235460,1,1,1,21,2,2.3207,3,5,3,2013,8,58,12,1,0,1,1,2,3,2,2,8,0,1,1,0,0,0
201395235494,3,1,3,21,2,20.8863,2,5,5,2013,11,1,12,1,0,2,1,2,2,1,2,2,0,2,1,0,0,0
201395235517,3,1,4,21,2,20.8863,2,5,4,2013,14,25,12,1,0,2,1,2,2,1,2,3,0,5,1,0,0,0
201395235552,4,1,6,21,2,350.72272,2,5,6,2013,6,25,12,1,0,2,1,1,0,0,2,8,0,3,1,0,0,0
201395235556,5,1,6,21,2,92.06471,2,5,5,2013,13,20,12,1,0,1,1,1,1,1,2,8,0,1,1,0,0,0
201395235562,5,1,11,21,2,87.89071,4,5,3,2013,8,46,12,1,0,4,1,1,1,2,2,2,0,1,1,0,0,0
201395235569,4,1,11,21,2,351.56284,1,5,7,2013,12,24,59,0,0,2,1,10,0,0,2,2,0,2,4,0,0,0
201395235577,3,1,16,21,2,14.341067,1,5,5,2013,7,20,30,0,0,1,1,10,2,1,2,1,0,1,4,0,0,0
201395235585,6,1,6,22,2,181.81355,2,5,3,2013,17,32,24,0,0,1,1,1,0,0,2,8,0,1,4,0,0,0
201395235586,3,1,6,22,2,60.604515,1,5,6,2013,14,52,8,0,0,1,1,1,3,1,2,8,0,1,1,0,0,0
201395235587,5,1,6,22,2,60.604515,2,5,6,2013,19,57,12,6,0,4,5,1,1,2,2,8,0,1,1,0,0,0
201395235588,5,1,6,22,2,60.604515,1,5,1,2013,1,36,30,0,0,1,6,1,1,1,1,8,0,1,4,0,0,0
201395235594,4,1,8,22,2,354.04037,2,5,2,2013,11,49,12,6,0,2,1,1,0,0,2,1,0,3,1,0,0,0
201395235628,1,2,1,10,5,2.7007,3,5,2,2013,15,19,12,1,0,2,1,1,4,5,2,3,0,3,1,0,0,0
201395235663,4,2,1,10,5,351.091,2,5,7,2013,14,40,12,6,0,2,1,1,0,0,2,3,0,2,1,0,0,0
201395235766,4,2,4,10,5,351.091,2,5,3,2013,16,40,12,7,0,2,1,1,0,0,2,3,0,2,1,0,0,0
201395235771,1,2,4,10,5,2.7007,2,5,4,2013,14,58,12,2,0,2,1,1,3,3,2,3,0,2,1,0,0,0
201395235798,4,2,5,10,5,346.76935,2,5,4,2013,12,30,12,1,0,2,1,1,0,0,2,3,0,,1,0,0,0
201395235801,3,2,5,10,5,22.615393,1,5,4,2013,20,30,1,0,0,1,1,1,2,1,2,3,0,1,1,0,0,0
201395235821,3,2,8,10,5,19.256208,1,6,4,2013,16,30,8,0,0,2,1,1,2,2,2,1,0,3,1,0,0,0
201395235836,4,2,15,10,5,353.51212,2,5,2,2013,10,7,12,6,0,2,1,1,0,0,2,2,0,2,1,0,0,0
201395235850,3,2,15,10,5,13.59662,1,5,6,2013,17,59,8,0,0,2,1,1,3,1,2,2,0,2,1,0,0,0
201395235872,3,2,24,10,5,27.097744,1,5,6,2013,19,40,1,0,0,4,1,1,2,1,2,1,0,1,1,0,0,0
201395235874,3,2,1,32,4,20.936,1,5,3,2013,16,0,8,0,0,1,1,1,2,1,2,3,0,1,1,0,0,0
201395235917,4,2,1,33,5,350.8616,1,5,3,2013,21,12,11,0,0,1,3,1,0,0,2,1,0,1,1,0,0,0
201395235945,5,2,1,33,5,87.7154,2,5,5,2013,16,10,12,1,0,2,1,1,2,1,2,1,0,3,1,0,0,0
201395235961,6,2,1,33,5,207.747,2,5,6,2013,23,4,12,6,0,2,3,1,0,0,2,1,0,2,1,0,0,0
201395235966,3,2,1,33,5,18.4664,2,5,7,2013,15,48,12,6,0,2,1,1,2,2,2,1,0,3,1,0,0,0
201395235981,3,2,2,33,5,18.4664,3,5,7,2013,12,23,12,6,0,4,1,1,3,1,2,3,0,1,1,14,0,0
201395236016,4,2,2,32,4,699.2624,1,5,4,2013,0,30,25,0,0,1,3,2,0,0,2,3,0,1,3,0,0,0
201395236048,2,2,2,32,4,121.4288,3,5,5,2013,17,0,12,7,0,1,1,1,1,1,2,3,0,1,1,0,0,0
201395236061,5,2,2,32,4,180.0496,2,5,6,2013,16,19,12,1,0,1,1,1,1,1,1,3,0,1,1,0,0,0
201395236097,3,2,6,33,5,18.746075,2,5,6,2013,16,37,12,1,0,2,1,1,2,1,2,8,0,2,1,0,0,0
201395236113,4,2,8,33,5,350.28952,2,5,7,2013,10,57,12,7,0,1,1,1,0,0,2,2,0,1,1,0,0,0
201395236141,4,2,16,33,5,341.5738,1,5,6,2013,17,14,1,0,0,2,1,1,0,0,2,1,0,3,1,0,0,0
201395236178,4,1,2,21,2,350.4257,1,5,4,2013,8,27,17,0,0,4,1,1,0,0,2,8,0,1,4,0,0,0
201395236231,6,1,6,21,2,210.43364,2,5,5,2013,17,10,12,1,0,1,1,1,0,0,2,8,0,1,1,0,0,0
201395236257,1,1,16,21,2,14.341067,2,5,1,2013,0,15,12,2,0,1,3,1,3,2,2,1,0,1,1,0,0,0
201395236262,5,1,2,22,2,87.9516,1,5,6,2013,8,7,42,0,0,1,1,1,2,1,2,8,0,1,4,0,0,0
201395236270,4,1,8,22,2,354.04037,2,5,1,2013,14,53,12,2,0,2,1,2,0,0,2,1,0,3,1,0,0,0
201395236302,5,1,3,21,2,90.5073,1,2,4,2013,19,21,42,0,0,1,2,1,2,1,2,2,0,1,4,0,0,0
201395236345,1,1,3,21,2,2.3207,1,3,1,2013,0,38,30,0,0,1,3,10,3,1,1,2,0,1,4,0,0,0
201395236361,1,1,3,21,2,2.3207,3,3,1,2013,15,41,12,1,0,1,1,1,3,3,2,2,0,1,1,0,0,0
201395236395,1,1,3,21,2,2.3207,3,3,5,2013,14,43,12,1,0,2,1,10,3,4,2,2,0,3,1,0,0,0
201395236411,1,1,3,21,2,2.3207,1,4,1,2013,14,48,30,0,0,1,1,1,3,2,2,2,0,1,4,0,0,0
201395236426,4,1,3,21,2,350.4257,2,4,3,2013,13,32,12,6,0,2,1,1,0,0,2,2,0,2,1,0,0,0
201395236464,3,1,3,21,2,20.8863,1,5,6,2013,17,37,9,0,0,1,1,1,2,1,2,2,0,1,1,16,0,0
201395236470,6,1,3,21,2,208.863,2,5,4,2013,11,27,12,1,0,2,1,1,0,0,2,2,0,2,1,0,0,0
201395236521,1,1,3,21,2,2.3207,3,5,4,2013,8,47,12,1,0,1,1,10,3,1,2,2,0,1,1,0,0,0
201395236569,3,1,6,21,2,21.92017,2,5,5,2013,23,53,12,6,0,2,3,10,2,1,2,8,0,2,1,0,0,0
201395236605,6,1,6,22,2,181.81355,2,5,3,2013,8,2,12,2,0,2,1,1,0,0,2,8,0,2,1,0,0,0
201395236608,5,1,6,22,2,60.604515,2,5,4,2013,16,36,12,6,0,4,1,1,2,1,2,8,0,1,1,0,0,0
201395236724,3,2,3,10,5,18.9049,1,5,4,2013,16,34,8,0,0,2,1,10,2,1,2,8,0,2,1,0,0,0
201395236734,1,2,3,10,5,2.7007,2,5,6,2013,16,27,12,2,0,1,1,1,3,2,2,8,0,1,1,0,0,0
201395236771,3,2,4,10,5,18.9049,2,5,7,2013,7,15,12,1,0,2,1,1,2,1,1,3,0,2,1,0,0,0
201395236785,5,2,5,10,5,90.46157,2,5,6,2013,5,15,12,6,0,2,4,1,1,1,2,3,0,2,1,0,0,0
201395236805,4,2,15,10,5,353.51212,2,5,4,2013,13,48,12,1,0,2,1,10,0,0,2,2,0,2,1,0,0,0
201395236807,6,2,15,10,5,203.9493,2,5,5,2013,2,16,12,6,0,2,3,1,0,0,2,2,0,2,1,0,0,0
201395236813,5,2,17,10,5,85.03127,2,5,4,2013,16,33,12,6,0,2,1,1,2,1,2,1,0,2,1,0,0,0
201395236815,4,2,17,10,5,357.13135,2,5,5,2013,15,25,12,7,0,4,1,2,0,0,2,1,0,1,1,0,0,0
201395236834,4,2,1,32,4,355.912,2,5,7,2013,17,0,12,6,0,2,1,1,0,0,2,3,0,2,1,0,0,0
201395236835,6,2,1,32,4,209.36,4,5,7,2013,3,0,14,0,0,1,3,1,0,0,2,3,3,1,7,0,0,0
201395236836,5,2,1,32,4,83.744,2,5,4,2013,11,0,12,6,0,2,1,1,2,1,2,3,0,2,1,0,0,0
201395236893,3,2,1,33,5,18.4664,1,5,4,2013,3,28,34,0,0,1,2,1,2,1,2,1,0,1,4,0,0,0
201395236902,4,2,1,33,5,350.8616,2,5,4,2013,15,15,12,1,0,2,1,1,0,0,2,1,0,3,1,0,0,0
201395236930,1,2,1,33,5,4.6166,3,5,6,2013,8,31,12,6,0,4,1,10,4,2,2,1,0,1,1,0,0,0
201395236940,1,2,1,33,5,4.6166,1,5,7,2013,2,12,42,0,0,1,2,1,3,2,1,1,0,1,4,0,0,0
201395237007,3,2,4,33,5,18.4664,1,2,7,2013,17,40,24,0,0,5,1,3,2,1,2,1,0,1,4,0,0,0
201395237008,4,2,4,33,5,350.8616,2,2,7,2013,18,30,25,0,0,1,5,1,0,0,2,1,0,1,4,0,0,0
201395237010,6,2,4,33,5,207.747,1,2,1,2013,14,0,17,0,0,1,1,1,0,0,2,1,0,1,4,0,0,0
201395237107,4,2,2,32,4,699.2624,2,5,6,2013,16,0,12,7,0,1,1,1,0,0,2,3,0,1,1,0,0,0
201395237156,6,2,12,33,5,211.56516,2,5,2,2013,11,25,12,1,0,2,1,10,0,0,2,2,0,3,1,0,0,0
201395237160,4,2,12,33,5,345.18524,2,5,3,2013,12,30,14,0,0,4,1,10,0,0,2,2,1,1,4,0,0,0
201395237181,5,2,12,33,5,89.08006,2,5,7,2013,18,17,12,7,0,2,1,1,1,3,2,2,0,2,1,0,0,0
201395237245,5,1,2,21,2,90.5073,2,5,3,2013,19,15,12,1,0,5,1,1,2,1,1,8,0,1,1,0,0,0
201395237287,4,1,4,21,2,350.4257,2,5,5,2013,19,50,12,7,0,2,1,1,1,1,1,3,0,4,1,0,0,0
201395237308,1,1,6,21,2,4.384034,2,5,4,2013,1,13,24,0,0,5,3,1,3,2,1,8,0,1,4,0,0,0
201395237348,1,1,40,21,2,41.90163,2,5,5,2013,12,46,12,1,0,1,1,1,3,2,2,1,0,1,1,0,0,0
201395237354,4,1,6,22,2,363.6271,2,5,5,2013,18,35,12,1,0,1,1,1,0,0,2,8,0,1,1,0,0,0
201395237357,5,1,6,22,2,60.604515,2,5,3,2013,8,31,12,6,0,2,1,1,1,1,2,8,0,2,1,0,0,0
201395237358,1,1,6,22,2,60.604515,1,6,7,2013,14,15,58,0,0,1,1,1,3,1,2,8,0,1,4,0,0,0
201395237361,4,1,8,22,2,354.04037,2,5,4,2013,16,44,12,8,0,2,1,1,0,0,2,1,0,3,1,0,0,0
201395237366,6,1,1,21,2,208.863,2,6,5,2013,5,10,12,6,0,1,1,1,1,1,2,8,0,1,1,0,0,0
201395237476,5,1,6,21,2,92.06471,2,6,5,2013,13,21,12,1,0,2,1,1,1,1,2,8,0,6,1,0,0,0
201395237493,5,1,16,21,2,86.0464,2,6,2,2013,16,48,12,1,0,2,1,10,1,2,2,1,0,3,1,0,0,0
201395237497,4,1,2,22,2,351.8064,3,6,3,2013,17,42,12,1,0,5,1,1,1,1,2,8,0,1,1,0,0,0
201395237499,5,1,6,22,2,60.604515,2,6,7,2013,20,21,12,6,0,2,1,1,2,1,2,8,0,2,1,0,0,0
201395237500,5,1,6,22,2,60.604515,2,6,6,2013,18,58,12,1,0,1,1,10,2,1,2,8,0,1,1,0,0,0
201395237501,3,1,6,22,2,60.604515,1,6,2,2013,20,30,8,0,0,2,5,2,2,1,1,8,0,3,1,0,0,0
201395237504,4,1,8,22,2,354.04037,2,6,6,2013,7,52,12,2,0,2,1,2,0,0,2,1,0,2,1,0,0,0
201395237505,6,1,8,22,2,177.02019,2,6,7,2013,9,32,12,6,0,2,1,1,0,0,2,1,0,2,1,0,0,0
201395237508,3,1,8,22,2,88.51009,1,6,7,2013,14,31,9,0,0,2,1,1,2,1,2,1,0,3,1,0,0,0
201395237560,1,2,1,10,5,2.7007,2,6,2,2013,10,30,42,0,0,1,1,1,3,1,2,3,0,1,4,19,0,0
201395237579,6,2,1,10,5,210.6546,1,6,4,2013,19,18,59,0,0,2,1,1,0,0,2,3,0,3,4,0,0,0
201395237597,5,2,1,10,5,89.1231,3,6,7,2013,11,27,12,1,0,2,1,1,2,4,2,3,0,2,1,0,0,0
201395237633,4,2,2,10,5,351.091,2,5,5,2013,11,10,12,6,0,2,1,1,0,0,2,3,0,2,1,0,0,0
201395237668,3,2,2,10,5,18.9049,1,6,2,2013,14,51,8,0,0,4,1,1,2,1,2,3,0,1,1,0,0,0
201395237693,1,2,2,10,5,2.7007,2,6,5,2013,15,32,12,2,0,2,1,1,3,2,2,3,0,2,1,0,0,0
201395237720,1,2,3,10,5,2.7007,2,5,3,2013,9,11,12,6,0,4,1,2,3,1,2,8,0,1,1,0,0,0
201395237841,1,2,5,10,5,7.538464,2,5,5,2013,7,30,12,1,0,2,1,1,3,2,2,3,0,2,1,0,0,0
201395237854,4,2,5,10,5,346.76935,2,6,3,2013,12,32,12,6,0,2,1,1,0,0,2,3,0,,1,0,0,0
201395237928,3,2,17,10,5,17.006254,1,6,3,2013,15,17,25,0,0,1,1,1,2,1,2,1,0,1,3,0,0,0
201395237937,4,2,24,10,5,352.27066,2,5,6,2013,19,30,14,0,0,1,1,10,0,0,2,1,1,1,7,0,0,0
201395237949,3,2,1,32,4,20.936,1,6,7,2013,22,30,8,0,0,1,3,1,2,1,1,3,0,1,1,0,0,0
201395237956,4,2,1,32,4,355.912,2,6,7,2013,9,15,12,7,0,1,1,10,0,0,2,3,0,1,1,0,0,0
201395237964,3,2,1,32,4,20.936,1,6,3,2013,8,0,31,0,0,1,1,1,2,1,2,3,0,1,4,0,0,0
201395237985,1,2,1,33,5,4.6166,2,5,2,2013,19,29,12,6,0,2,1,10,3,2,2,1,0,2,1,0,0,0
201395238028,4,2,1,33,5,350.8616,2,5,5,2013,15,48,12,1,0,2,1,1,0,0,2,1,0,,1,0,0,0
201395238058,1,2,1,33,5,4.6166,1,6,1,2013,7,27,44,0,0,1,1,10,3,1,2,1,0,1,1,0,0,0
201395238100,3,2,1,33,5,18.4664,2,6,4,2013,15,53,12,6,0,4,1,10,2,1,2,1,0,1,1,0,0,0
201395238118,1,2,1,33,5,4.6166,2,6,7,2013,9,44,12,6,0,2,1,10,3,3,2,1,0,3,1,0,0,0
201395238135,6,2,2,33,5,207.747,2,5,5,2013,12,15,12,1,0,1,1,1,1,2,2,3,0,1,1,0,0,0
201395238137,4,2,2,33,5,350.8616,1,5,5,2013,14,41,59,0,0,1,1,2,0,0,2,3,0,1,4,0,0,0
201395238208,3,2,4,33,5,18.4664,1,5,3,2013,23,54,34,0,0,1,2,2,2,1,2,1,0,1,3,0,0,0
201395238261,4,2,2,32,4,699.2624,1,5,6,2013,21,30,18,0,0,1,3,10,0,0,2,3,0,1,1,19,0,0
201395238281,6,2,2,32,4,418.72,1,6,2,2013,4,10,25,0,0,1,3,10,0,0,2,3,0,1,3,0,0,0
201395238315,1,2,2,32,4,4.1872,2,6,4,2013,0,29,12,1,0,1,3,1,4,1,2,3,0,1,1,28,0,0
201395238326,3,2,2,32,4,41.872,1,6,5,2013,1,5,25,0,0,1,3,1,3,1,2,3,0,1,3,0,0,0
201395238378,4,2,6,33,5,346.80237,3,5,3,2013,16,19,12,1,0,1,1,2,0,0,2,8,0,1,1,0,0,0
201395238390,6,2,6,33,5,206.20682,2,6,7,2013,1,40,12,2,0,1,3,10,2,1,2,8,0,1,1,0,0,0
201395238419,1,2,8,33,5,6.25517,1,6,5,2013,0,12,38,0,0,1,3,1,3,1,1,2,0,1,4,0,0,0
201395238446,4,2,12,33,5,345.18524,2,5,4,2013,19,0,12,1,0,2,6,1,0,0,2,2,0,2,1,0,0,0
201395238450,3,2,12,33,5,22.270016,2,5,6,2013,14,1,12,1,0,2,1,1,2,1,2,2,0,3,1,0,0,0
201395238469,3,2,12,33,5,22.270016,3,6,3,2013,17,35,12,1,0,1,1,1,2,1,2,2,0,1,1,0,0,0
201395238483,4,2,12,33,5,345.18524,2,6,6,2013,11,6,12,7,0,2,1,10,0,0,2,2,0,2,1,0,0,0
201395238499,4,2,16,33,5,341.5738,2,5,3,2013,16,6,12,8,0,1,1,2,0,0,2,1,0,1,1,0,0,0
201395238502,5,2,16,33,5,91.08635,2,5,4,2013,14,26,12,6,0,4,1,1,2,2,2,1,0,1,1,0,0,0
201395238504,3,2,16,33,5,22.771587,2,5,6,2013,8,4,12,6,0,4,1,1,2,1,2,1,0,1,1,0,0,0
201395238519,4,2,16,33,5,341.5738,2,6,7,2013,13,45,12,1,0,1,1,1,0,0,2,1,0,1,1,0,0,0
201395238558,5,1,1,21,2,90.5073,2,6,3,2013,20,29,12,7,0,1,2,2,5,2,2,8,0,1,1,0,0,0
201395238658,6,1,6,21,2,210.43364,3,6,2,2013,7,53,12,1,0,1,1,1,0,0,2,8,0,1,1,0,0,0
201395238666,6,1,2,22,2,205.2204,1,6,2,2013,15,19,17,0,0,1,1,10,0,0,2,8,0,1,4,0,0,0
201395238670,6,1,6,22,2,181.81355,1,6,3,2013,21,16,1,0,0,1,2,2,0,0,2,8,0,1,4,0,0,0
201395238671,5,1,6,22,2,60.604515,2,6,1,2013,17,37,30,0,0,1,1,1,1,1,2,8,1,1,5,0,0,0
201395238674,5,1,8,22,2,88.51009,2,6,3,2013,21,38,12,6,0,2,3,1,2,1,2,1,0,3,1,0,0,0
201395238675,4,1,8,22,2,354.04037,2,6,5,2013,12,28,12,7,0,1,1,2,0,0,2,1,0,1,1,0,0,0
201395238676,6,1,8,22,2,177.02019,2,6,5,2013,13,5,12,1,0,1,1,2,0,0,2,1,0,1,1,0,0,0
201395238679,6,1,8,22,2,177.02019,1,6,3,2013,12,43,30,0,0,1,1,10,0,0,2,1,0,1,4,0,0,0
201395238701,3,2,1,10,5,18.9049,2,6,3,2013,17,10,12,1,0,2,1,1,2,1,2,3,0,2,1,0,0,0
201395238702,4,2,1,10,5,351.091,2,6,3,2013,18,30,12,6,0,2,1,1,0,0,2,3,0,2,1,0,0,0
201395238775,1,2,2,10,5,2.7007,4,6,6,2013,16,51,12,1,0,1,1,1,3,1,2,3,0,1,1,0,0,0
201395238877,3,2,5,10,5,22.615393,1,6,6,2013,22,54,5,0,0,2,3,10,3,1,1,3,0,3,1,0,0,0
201395238885,4,2,15,10,5,353.51212,2,6,4,2013,22,11,12,6,0,2,3,2,0,0,2,2,0,2,1,0,0,0
201395238887,3,2,15,10,5,13.59662,2,6,5,2013,15,50,12,2,0,2,1,10,2,2,2,2,0,2,1,0,0,0
201395238895,2,2,17,10,5,68.02502,3,6,2,2013,14,27,12,7,0,1,1,10,0,0,2,1,0,1,1,0,0,0
201395238897,4,2,17,10,5,357.13135,2,6,3,2013,11,22,12,6,0,1,1,1,0,0,2,1,0,1,1,0,0,0
201395238907,3,2,17,10,5,17.006254,1,6,7,2013,9,41,9,0,0,2,1,1,2,1,2,1,0,3,1,0,0,0
201395238909,6,2,17,10,5,204.07504,2,6,7,2013,16,24,12,6,0,2,1,1,0,0,2,1,0,2,1,0,0,0
201395238912,3,2,24,10,5,27.097744,3,6,2,2013,16,10,12,1,0,2,1,2,3,2,2,1,0,3,1,0,0,0
201395238915,1,2,24,10,5,27.097744,2,6,4,2013,12,20,12,6,0,2,1,2,3,2,2,1,0,3,1,0,0,0
201395238917,4,2,1,32,4,355.912,2,6,2,2013,8,30,12,1,0,1,1,1,0,0,2,3,0,1,1,0,0,0
201395238928,1,2,1,32,4,20.936,2,6,4,2013,15,15,12,2,0,2,1,10,3,1,2,3,0,2,1,0,0,0
201395238929,3,2,1,32,4,20.936,1,6,1,2013,18,0,8,0,0,1,1,1,2,2,2,3,0,1,1,0,0,0
201395238947,4,2,1,33,5,350.8616,3,6,1,2013,13,19,12,1,0,1,1,1,0,0,2,1,0,1,1,0,0,0
201395238986,3,2,1,33,5,18.4664,1,6,5,2013,0,0,8,0,0,2,2,2,4,1,2,1,0,2,1,0,0,0
201395239009,5,2,1,33,5,87.7154,2,6,6,2013,19,32,12,6,0,2,1,1,1,1,2,1,0,2,1,0,0,0
201395239047,4,2,2,32,4,699.2624,1,6,1,2013,18,12,2,0,0,1,1,10,0,0,2,3,0,1,1,0,0,0
201395239055,2,2,2,32,4,121.4288,1,6,2,2013,6,40,25,0,0,1,4,2,1,1,2,3,0,1,3,0,0,0
201395239163,4,2,6,33,5,346.80237,2,6,3,2013,8,59,12,1,0,2,1,10,0,0,2,8,0,2,1,0,0,0
201395239180,3,2,8,33,5,18.76551,2,6,2,2013,18,18,12,6,0,2,1,2,3,2,2,2,0,3,1,0,0,0
201395239251,3,1,1,21,2,20.8863,1,6,6,2013,21,24,11,0,0,1,3,1,2,1,2,8,0,1,1,0,0,0