CASENUM,STRATUM,REGION,PJ,PSU,PSUSTRAT,WEIGHT,VE_TOTAL,MONTH,WKDY_IM,YEAR,HOUR_IM,MINUTE_IM,EVENT1_IM,MANCOL_IM,RELJCT1_IM,RELJCT2_IM,LGTCON_IM,WEATHR_IM,MAXSEV_IM,NO_INJ_IM,ALCHL_IM,LAND_USE,PVH_INVL,TYP_INT,REL_ROAD,CF1,CF2,CF3
201395239252,4,1,1,21,2,350.4257,2,6,3,2013,10,34,12,7,0,1,1,1,0,0,1,8,0,1,1,0,0,0
201395239266,3,1,2,21,2,20.8863,2,6,3,2013,17,33,12,7,0,1,1,10,2,1,2,8,0,1,1,0,0,0
201395239325,3,1,6,21,2,21.92017,2,6,4,2013,19,20,12,7,0,1,1,1,2,2,2,8,0,1,1,0,0,0
201395239346,6,1,11,21,2,210.9377,3,6,6,2013,17,3,12,1,0,1,1,1,0,0,2,2,0,1,1,0,0,0
201395239362,2,1,2,22,2,58.6344,3,6,6,2013,9,14,12,7,0,5,1,1,2,1,2,8,0,1,1,0,0,0
201395239365,5,1,6,22,2,60.604515,2,6,1,2013,16,28,12,6,0,2,1,1,1,2,2,8,0,2,1,0,0,0
201395239366,1,1,6,22,2,60.604515,2,6,7,2013,16,1,12,6,0,2,1,1,4,5,2,8,0,3,1,0,0,0
201395239367,3,1,6,22,2,60.604515,2,6,7,2013,19,1,12,2,0,4,1,1,2,1,2,8,0,1,1,0,0,0
201395239370,3,1,8,22,2,88.51009,1,6,4,2013,12,25,8,0,0,1,1,1,3,1,1,1,0,1,1,0,0,0
201395239371,5,1,8,22,2,88.51009,2,6,6,2013,12,9,12,6,0,2,1,1,1,4,2,1,0,2,1,0,0,0
201395239372,4,1,8,22,2,354.04037,2,6,5,2013,9,14,14,0,0,1,1,1,0,0,2,1,1,1,7,0,0,0
201395239445,4,2,2,10,5,351.091,2,6,5,2013,15,56,12,1,0,1,1,1,0,0,2,3,0,1,1,0,0,0
201395239467,3,2,3,10,5,18.9049,1,6,3,2013,19,43,9,0,0,1,1,1,2,1,2,8,0,1,1,0,0,0
201395239482,1,2,4,10,5,2.7007,3,6,3,2013,12,55,12,1,0,1,1,1,3,3,2,3,0,1,1,0,0,0
201395239502,4,2,4,10,5,351.091,2,6,7,2013,4,46,14,0,0,4,3,1,0,0,2,3,1,1,7,0,0,0
201395239510,6,2,5,10,5,211.077,2,6,2,2013,11,9,12,6,0,2,1,1,0,0,2,3,0,,1,0,0,0
201395239533,4,2,5,10,5,346.76935,2,6,7,2013,13,16,12,7,0,1,1,1,0,0,2,3,0,1,1,0,0,0
201395239542,3,2,15,10,5,13.59662,2,6,7,2013,11,31,12,6,0,2,1,10,2,2,2,2,0,3,1,0,0,0
201395239567,4,2,24,10,5,352.27066,2,6,6,2013,18,8,12,7,0,2,1,1,0,0,2,1,0,3,1,0,0,0
201395239571,4,2,1,32,4,355.912,2,6,4,2013,11,45,12,1,0,1,1,1,0,0,2,3,0,1,1,0,0,0
201395239576,5,2,1,32,4,83.744,2,6,5,2013,16,40,10,0,0,6,1,10,1,2,2,3,0,1,1,0,0,0
201395239577,6,2,1,32,4,209.36,2,6,5,2013,7,25,12,6,0,2,1,1,0,0,2,3,0,2,1,0,0,0
201395239583,3,2,1,32,4,20.936,3,6,7,2013,14,40,12,1,0,2,1,1,2,1,2,3,0,2,1,0,0,0
201395239613,4,2,1,33,5,350.8616,2,6,3,2013,12,44,12,1,0,1,1,1,0,0,2,1,0,1,1,0,0,0
201395239630,3,2,1,33,5,18.4664,1,6,4,2013,15,36,9,0,0,2,1,1,2,1,2,1,0,2,1,0,0,0
201395239632,6,2,1,33,5,207.747,1,6,4,2013,16,41,19,0,0,2,1,1,2,1,2,1,0,3,4,0,0,0
201395239695,5,2,2,32,4,180.0496,2,6,2,2013,18,45,12,1,0,1,1,2,1,1,2,3,0,1,1,19,0,0
201395239704,4,2,2,32,4,699.2624,2,6,1,2013,19,0,12,7,0,1,1,1,0,0,2,3,0,1,1,0,0,0
201395239710,3,2,4,33,5,18.4664,2,6,2,2013,8,45,12,1,0,1,1,1,2,1,2,1,0,1,1,0,0,0
201395239721,6,2,2,32,4,418.72,2,6,2,2013,23,30,12,6,0,2,3,1,0,0,2,3,0,2,1,0,0,0
201395239724,1,2,2,32,4,4.1872,1,6,3,2013,2,30,25,0,0,5,2,10,3,2,2,3,0,1,4,0,0,0
201395239801,5,2,6,33,5,93.73037,2,6,3,2013,7,6,12,6,0,2,1,1,2,1,2,8,0,2,1,0,0,0
201395239828,4,2,12,33,5,345.18524,1,6,5,2013,13,0,11,0,0,1,1,1,1,1,2,2,0,1,1,0,0,0
201395239847,3,2,16,33,5,22.771587,1,6,2,2013,10,55,9,0,0,2,1,1,2,1,2,1,0,2,1,0,0,0
201395239850,6,2,16,33,5,204.94429,1,6,3,2013,21,30,59,0,0,1,5,1,0,0,2,1,0,1,4,0,0,0
201395239851,4,2,16,33,5,341.5738,1,6,4,2013,0,57,11,0,0,1,2,1,0,0,2,1,0,1,1,0,0,0
201395239930,1,1,3,21,2,2.3207,2,7,2,2013,15,14,12,6,0,2,1,10,3,1,2,2,0,2,1,0,0,0
201395239936,3,1,4,21,2,20.8863,2,6,6,2013,8,41,14,0,0,4,3,10,2,1,2,3,1,1,7,0,0,0
201395239971,5,1,6,21,2,92.06471,3,6,5,2013,21,16,12,1,0,1,3,2,2,4,2,8,0,1,1,19,0,0
201395240025,1,1,1,21,2,2.3207,1,7,5,2013,15,56,7,0,0,1,1,1,3,5,2,8,0,1,1,0,0,0
201395240062,1,1,3,21,2,2.3207,2,7,2,2013,23,2,12,6,0,2,3,10,3,4,2,2,0,7,1,0,0,0
201395240101,4,1,6,21,2,350.72272,1,7,7,2013,21,45,44,0,0,1,3,1,1,1,2,8,0,1,1,0,0,0
201395240131,4,1,11,21,2,351.56284,2,7,3,2013,7,43,12,1,0,2,1,1,0,0,2,2,0,2,1,0,0,0
201395240135,3,1,16,21,2,14.341067,2,7,5,2013,14,22,12,6,0,4,1,1,2,2,2,1,0,1,1,0,0,0
201395240136,3,1,16,21,2,14.341067,1,7,7,2013,21,57,9,0,0,1,3,1,2,1,1,1,0,1,1,0,0,0
201395240138,6,1,6,22,2,181.81355,2,7,4,2013,13,3,12,1,0,1,1,1,0,0,2,8,0,1,1,0,0,0
201395240140,4,1,6,22,2,363.6271,2,7,4,2013,9,12,12,7,0,1,1,1,0,0,2,8,0,1,1,0,0,0
201395240169,1,2,1,10,5,2.7007,2,6,4,2013,17,32,12,6,0,2,1,1,3,2,2,3,0,2,1,0,0,0
201395240251,4,2,1,10,5,351.091,3,7,4,2013,15,40,12,6,0,2,1,10,1,1,2,3,1,2,1,0,0,0
201395240263,2,2,1,10,5,59.4154,2,7,6,2013,13,17,12,6,0,2,1,1,1,2,2,3,0,4,1,0,0,0
201395240348,1,2,2,10,5,2.7007,1,6,1,2013,4,19,30,0,0,1,3,1,3,1,2,3,0,1,4,0,0,0
201395240423,6,2,2,10,5,210.6546,2,7,5,2013,13,55,14,0,0,1,1,1,0,0,2,3,1,1,7,0,0,0
201395240432,3,2,2,10,5,18.9049,2,7,6,2013,17,59,12,1,0,1,1,1,2,1,2,3,0,1,1,28,0,0
201395240433,1,2,2,10,5,2.7007,2,7,7,2013,11,12,45,0,0,1,1,1,3,2,1,3,1,1,4,0,0,0
201395240437,4,2,2,10,5,351.091,2,7,7,2013,19,45,12,1,0,2,1,1,0,0,2,3,0,2,1,0,0,0
201395240447,1,2,3,10,5,2.7007,3,6,2,2013,19,50,12,8,0,2,1,1,3,3,2,8,0,2,1,20,0,0
201395240454,4,2,3,10,5,351.091,1,6,6,2013,17,18,38,0,0,1,1,2,0,0,2,8,0,1,5,0,0,0
201395240555,1,2,4,10,5,2.7007,1,7,4,2013,13,23,30,0,0,2,1,1,3,2,2,3,0,,4,0,0,0
201395240614,2,2,5,10,5,60.307713,2,7,4,2013,21,19,12,6,0,2,3,10,0,0,2,3,0,,1,0,0,0
201395240640,5,2,5,10,5,90.46157,2,7,6,2013,22,0,12,1,0,1,3,1,1,4,2,3,0,1,1,0,0,0
201395240651,3,2,15,10,5,13.59662,3,6,4,2013,18,21,12,1,0,2,1,1,2,2,2,2,0,2,1,0,0,0
201395240660,4,2,15,10,5,353.51212,2,7,4,2013,12,17,14,0,0,1,1,1,0,0,2,2,1,1,7,0,0,0
201395240667,1,2,15,10,5,13.59662,4,7,6,2013,17,16,12,8,0,1,1,1,4,2,2,2,0,1,1,0,0,0
201395240675,4,2,17,10,5,357.13135,2,6,3,2013,17,13,12,6,0,4,1,1,0,0,2,1,0,1,1,0,0,0
201395240687,3,2,17,10,5,17.006254,2,7,4,2013,16,27,12,6,0,2,1,10,3,1,2,1,0,4,1,0,0,0
201395240696,5,2,17,10,5,85.03127,2,7,5,2013,15,18,12,1,0,2,1,1,2,2,2,1,0,2,1,0,0,0
201395240713,4,2,24,10,5,352.27066,2,7,3,2013,13,30,12,7,0,4,1,1,0,0,2,1,0,1,1,0,0,0
201395240738,4,2,1,32,4,355.912,1,6,4,2013,0,30,30,0,0,1,3,2,1,1,2,3,0,1,4,0,0,0
201395240756,3,2,1,32,4,20.936,3,7,3,2013,16,30,12,1,0,2,1,10,2,4,2,3,0,2,1,0,0,0
201395240763,4,2,1,32,4,355.912,2,7,4,2013,12,0,12,1,0,2,1,1,0,0,2,3,0,,1,0,0,0
201395240767,3,2,1,32,4,20.936,2,7,2,2013,7,50,12,7,0,2,1,10,2,1,2,3,0,,1,0,0,0
201395240769,3,2,1,32,4,20.936,2,7,5,2013,20,50,12,1,0,1,1,1,2,2,2,3,0,1,1,0,0,0
201395240779,6,2,1,32,4,209.36,2,7,2,2013,13,0,12,6,0,2,1,10,0,0,2,3,0,,1,0,0,0
201395240784,3,2,1,32,4,20.936,1,7,3,2013,8,0,1,0,0,1,1,10,2,1,2,3,0,1,1,0,0,0
201395240832,4,2,1,33,5,350.8616,2,6,4,2013,9,20,12,1,0,2,1,10,0,0,2,1,0,2,1,0,0,0
201395240851,3,2,1,33,5,18.4664,2,6,5,2013,13,57,12,6,0,2,1,1,2,1,2,1,0,2,1,0,0,0
201395240864,1,2,1,33,5,4.6166,1,6,5,2013,22,41,31,0,0,2,3,2,3,1,2,1,0,2,4,0,0,0
201395240920,3,2,1,33,5,18.4664,1,7,4,2013,11,22,42,0,0,1,1,1,2,1,2,1,0,1,4,0,0,0
201395240929,4,2,1,33,5,350.8616,1,7,5,2013,0,47,18,0,0,1,3,1,0,0,2,1,0,1,1,0,0,0
201395240976,4,2,2,33,5,350.8616,2,7,4,2013,14,29,12,1,0,1,1,1,0,0,2,3,0,1,1,0,0,0
201395240993,1,2,2,32,4,4.1872,1,6,1,2013,18,58,24,0,0,1,1,1,3,4,1,3,0,1,4,0,0,0
201395241003,4,2,2,32,4,699.2624,2,6,2,2013,19,0,12,1,0,1,1,1,0,0,2,3,0,1,1,0,0,0
201395241036,1,2,2,32,4,4.1872,1,6,5,2013,0,15,25,0,0,1,3,10,4,1,2,3,0,1,3,0,0,0
201395241106,3,2,2,32,4,41.872,1,7,2,2013,10,10,25,0,0,1,1,10,2,1,2,3,0,1,4,0,0,0
201395241107,2,2,4,33,5,60.0158,2,7,2,2013,10,30,12,6,0,1,1,1,1,1,2,1,0,1,1,0,0,0
201395241109,4,2,4,33,5,350.8616,2,7,2,2013,16,50,12,1,0,1,1,2,1,1,2,1,0,1,1,0,0,0
201395241129,6,2,2,32,4,418.72,1,7,3,2013,22,20,25,0,0,5,3,1,1,1,2,3,0,1,4,0,0,0
201395241189,4,2,6,33,5,346.80237,2,6,5,2013,19,26,12,7,0,2,1,2,1,1,2,8,0,3,1,0,0,0
201395241236,3,2,12,33,5,22.270016,2,6,1,2013,18,42,12,7,0,2,1,1,2,1,2,2,0,,1,0,0,0
201395241246,6,2,12,33,5,211.56516,4,6,3,2013,21,20,12,1,0,2,2,2,0,0,2,2,0,2,1,0,0,0
201395241265,4,2,12,33,5,345.18524,2,6,6,2013,15,27,12,6,0,2,1,1,0,0,2,2,0,3,1,0,0,0
201395241269,3,2,12,33,5,22.270016,2,6,6,2013,17,31,12,6,0,2,1,2,2,2,2,2,0,2,1,0,0,0
201395241299,4,2,16,33,5,341.5738,2,6,1,2013,13,11,12,6,0,2,1,1,1,1,2,1,0,3,1,0,0,0
201395241300,3,2,16,33,5,22.771587,1,6,1,2013,14,9,34,0,0,2,1,1,2,1,2,1,0,3,4,0,0,0
201395241318,1,2,1,33,5,4.6166,1,7,1,2013,23,39,42,0,0,1,2,1,4,1,1,1,0,1,4,0,0,0
201395241342,3,2,1,33,5,18.4664,2,7,3,2013,16,12,12,6,0,2,1,1,2,1,2,1,0,2,1,0,0,0
201395241395,3,2,2,33,5,18.4664,2,7,3,2013,5,34,12,6,0,2,3,1,2,1,2,3,0,3,1,0,0,0
201395241398,1,2,2,33,5,4.6166,3,7,3,2013,22,12,12,6,0,2,3,10,3,2,2,3,0,2,1,0,0,0
201395241404,1,2,2,33,5,4.6166,3,7,7,2013,9,27,12,1,0,2,1,1,3,4,2,3,0,3,1,0,0,0
201395241460,4,2,4,33,5,350.8616,3,7,3,2013,16,55,12,7,0,1,1,1,0,0,2,1,0,1,1,0,0,0
201395241475,1,2,2,32,4,4.1872,2,7,4,2013,1,45,8,0,0,1,3,2,4,4,2,3,1,1,4,0,0,0
201395241503,1,2,4,33,5,4.6166,1,7,5,2013,16,15,24,0,0,1,1,1,3,1,2,1,0,1,3,0,0,0
201395241521,1,2,2,32,4,4.1872,1,7,6,2013,17,30,24,0,0,1,1,1,3,5,2,3,0,1,4,0,0,0
201395241557,4,2,6,33,5,346.80237,2,7,6,2013,5,58,12,1,0,2,1,1,0,0,2,8,0,2,1,0,0,0
201395241579,4,2,8,33,5,350.28952,2,7,7,2013,1,28,12,6,0,2,3,1,0,0,2,2,0,2,1,0,0,0
201395241595,4,2,12,33,5,345.18524,2,7,5,2013,15,35,12,1,0,2,1,1,0,0,2,2,0,2,1,0,0,0
201395241604,5,2,16,33,5,91.08635,2,7,4,2013,19,43,12,6,0,1,1,1,1,1,1,1,0,1,1,0,0,0
201395241697,3,1,6,21,2,21.92017,2,7,1,2013,20,52,12,7,1,17,6,10,2,1,2,8,0,1,1,0,0,0
201395241709,1,1,9,21,2,7.950115,2,6,6,2013,15,33,30,0,0,1,1,1,3,1,2,1,0,1,4,0,0,0
201395241717,3,1,9,21,2,23.850346,1,6,2,2013,15,0,8,0,0,2,1,1,3,1,2,1,0,2,1,0,0,0
201395241736,6,1,9,21,2,206.70299,2,7,7,2013,20,49,12,1,0,2,3,10,0,0,1,1,0,2,1,0,0,0
201395241750,3,1,11,21,2,17.578142,3,7,6,2013,19,20,12,1,0,2,1,1,2,1,1,2,0,,1,0,0,0
201395241767,6,1,8,22,2,177.02019,2,7,3,2013,7,52,12,1,0,2,1,10,0,0,2,1,0,3,1,0,0,0
201395241768,5,1,8,22,2,88.51009,3,7,4,2013,17,21,14,0,0,1,1,10,1,1,2,1,2,1,4,0,0,0
201395241772,4,1,8,22,2,354.04037,1,7,5,2013,3,44,11,0,0,1,3,1,0,0,2,1,0,1,1,0,0,0
201395241899,3,2,3,10,5,18.9049,2,7,6,2013,21,15,12,6,0,2,2,1,3,1,2,8,0,2,1,0,0,0
201395241910,3,2,4,10,5,18.9049,3,7,1,2013,15,45,12,7,0,1,1,1,2,2,2,3,0,1,1,0,0,0
201395241942,4,2,5,10,5,346.76935,2,7,3,2013,17,53,12,7,0,1,1,10,0,0,2,3,0,1,1,0,0,0
201395241975,4,2,17,10,5,357.13135,2,7,5,2013,17,19,12,1,0,2,1,1,0,0,2,1,0,2,1,0,0,0
201395241979,6,2,17,10,5,204.07504,2,7,6,2013,17,51,12,6,0,2,1,10,0,0,2,1,0,3,1,0,0,0
201395241989,4,2,24,10,5,352.27066,2,7,6,2013,8,10,14,0,0,4,1,1,0,0,2,1,1,1,7,0,0,0
201395241998,4,2,1,32,4,355.912,2,7,5,2013,11,20,12,6,0,1,1,1,0,0,2,3,0,1,1,0,0,0
201395242010,5,2,1,32,4,83.744,2,7,1,2013,20,15,12,6,0,1,1,1,2,1,2,3,0,1,1,0,0,0
201395242020,6,2,1,32,4,209.36,2,7,5,2013,11,30,12,2,0,2,1,1,0,0,2,3,0,2,1,0,0,0
201395242034,4,2,1,33,5,350.8616,1,7,2,2013,1,8,34,0,0,1,2,1,0,0,2,1,0,1,4,20,0,0
201395242037,3,2,1,33,5,18.4664,2,7,2,2013,10,50,12,7,0,1,1,10,2,1,2,1,0,1,1,0,0,0
201395242083,3,2,1,33,5,18.4664,1,7,6,2013,10,56,5,0,0,1,1,1,2,1,2,1,0,1,1,0,0,0
201395242100,1,2,1,33,5,4.6166,2,7,7,2013,14,18,12,2,0,2,1,1,3,5,2,1,0,2,1,0,0,0
201395242113,3,2,2,33,5,18.4664,1,7,3,2013,13,38,9,0,0,2,1,10,3,1,2,3,0,3,1,0,0,0
201395242135,6,2,2,32,4,418.72,1,7,1,2013,9,45,25,0,0,1,1,1,0,0,2,3,0,1,3,0,0,0
201395242168,4,2,4,33,5,350.8616,1,7,3,2013,14,0,34,0,0,1,1,1,0,0,2,1,0,1,3,0,0,0
201395242173,1,2,4,33,5,4.6166,2,7,3,2013,15,30,12,8,0,1,1,10,4,1,2,1,0,1,1,0,0,0
201395242182,5,2,2,32,4,180.0496,1,7,4,2013,5,0,24,0,0,1,2,10,1,1,1,3,0,1,3,0,0,0
201395242193,3,2,4,33,5,18.4664,2,7,4,2013,16,30,12,1,0,1,1,1,2,1,2,1,0,1,1,0,0,0
201395242212,1,2,4,33,5,4.6166,1,7,5,2013,11,25,1,0,0,1,1,1,4,1,2,1,0,1,4,0,0,0
201395242315,3,2,12,33,5,22.270016,1,7,4,2013,15,8,9,0,0,2,1,1,2,1,2,2,0,2,1,0,0,0
201395242394,1,1,2,21,2,2.3207,2,7,6,2013,6,5,12,6,0,2,1,1,3,1,2,8,0,2,1,0,0,0
201395242395,1,1,2,21,2,2.3207,2,7,1,2013,13,17,12,6,0,2,1,1,3,6,2,8,0,2,1,0,0,0
201395242437,2,1,6,21,2,61.376476,2,7,2,2013,7,15,12,7,0,2,1,1,0,0,2,8,0,10,1,0,0,0
201395242476,5,1,11,21,2,87.89071,1,7,5,2013,16,45,30,0,0,1,1,1,2,1,2,2,0,1,4,0,0,0
201395242478,6,1,11,21,2,210.9377,3,7,3,2013,8,39,12,1,0,1,1,1,0,0,2,2,0,1,1,0,0,0
201395242483,3,1,8,22,2,88.51009,2,7,1,2013,8,18,12,6,0,2,1,1,2,1,1,1,0,3,1,0,0,0
201395242485,6,1,8,22,2,177.02019,2,7,1,2013,21,31,12,6,0,2,3,1,0,0,2,1,0,3,1,0,0,0
201395242512,3,2,1,10,5,18.9049,2,7,7,2013,12,10,12,6,0,2,1,10,2,1,2,3,0,2,1,0,0,0
201395242628,3,2,5,10,5,22.615393,1,7,7,2013,23,36,9,0,0,2,3,10,2,1,2,3,0,2,1,0,0,0
201395242639,4,2,15,10,5,353.51212,3,7,4,2013,7,56,12,1,0,2,1,1,0,0,2,2,0,,1,0,0,0
201395242641,3,2,15,10,5,13.59662,1,7,4,2013,14,47,1,0,0,1,1,1,2,1,2,2,0,1,1,0,0,0
201395242647,3,2,17,10,5,17.006254,2,7,2,2013,13,41,12,1,0,1,1,10,2,1,2,1,0,1,1,28,0,0
201395242651,1,2,17,10,5,17.006254,1,7,4,2013,16,59,33,0,0,2,1,1,4,3,2,1,0,2,4,0,0,0
201395242658,3,2,17,10,5,17.006254,1,7,7,2013,18,3,35,0,0,1,1,2,2,2,2,1,0,1,4,0,0,0
201395242668,4,2,1,32,4,355.912,2,7,1,2013,23,50,12,7,0,1,3,10,0,0,2,3,0,1,1,0,0,0
201395242676,3,2,1,32,4,20.936,1,7,3,2013,23,40,1,0,0,1,3,1,2,1,2,3,0,1,1,0,0,0
201395242689,3,2,1,32,4,20.936,2,7,3,2013,16,55,12,1,0,2,1,1,2,1,2,3,0,2,1,0,0,0
201395242711,4,2,1,33,5,350.8616,2,7,2,2013,18,11,12,1,0,1,1,1,0,0,2,1,0,1,1,28,0,0
201395242740,3,2,1,33,5,18.4664,2,7,5,2013,17,16,12,6,0,2,1,10,2,1,2,1,0,2,1,0,0,0
201395242748,2,2,1,33,5,60.0158,2,7,6,2013,16,2,12,6,0,2,1,1,0,0,2,1,0,3,1,0,0,0
201395242765,6,2,1,33,5,207.747,2,7,7,2013,16,56,12,1,0,2,1,2,0,0,2,1,0,3,1,0,0,0
201395242778,5,2,2,33,5,87.7154,2,7,4,2013,11,29,12,6,0,4,1,1,1,2,2,3,0,1,1,0,0,0
201395242789,1,2,2,32,4,4.1872,2,7,1,2013,3,30,12,7,0,1,3,1,3,2,1,3,0,1,1,0,0,0
201395242795,1,2,2,32,4,4.1872,2,7,2,2013,12,30,18,0,0,1,1,10,3,2,2,3,0,1,1,0,0,0
201395242798,4,2,2,32,4,699.2624,2,7,2,2013,16,31,12,1,0,1,1,1,1,5,2,3,0,1,1,0,0,0
201395242819,3,2,2,32,4,41.872,2,7,3,2013,15,50,1,0,0,1,1,1,2,1,2,3,0,1,1,0,0,0
201395242825,1,2,2,32,4,4.1872,1,7,4,2013,0,20,25,0,0,1,3,1,3,1,2,3,0,1,3,0,0,0
201395242889,6,2,2,32,4,418.72,2,7,7,2013,19,15,12,1,0,1,1,10,0,0,2,3,0,1,1,28,0,0
201395242907,3,2,6,33,5,18.746075,1,7,3,2013,17,55,9,0,0,2,1,10,2,1,2,8,0,2,1,0,0,0
201395242914,4,2,6,33,5,346.80237,2,7,6,2013,13,4,12,7,0,2,1,1,0,0,2,8,0,3,1,23,0,0
201395242934,4,2,12,33,5,345.18524,2,7,3,2013,10,59,12,1,0,2,1,10,0,0,2,2,0,2,1,0,0,0
201395242949,2,2,12,33,5,55.67504,2,7,6,2013,17,38,12,7,0,2,1,1,1,1,2,2,0,2,1,0,0,0
201395242955,4,2,16,33,5,341.5738,2,7,2,2013,11,17,12,1,0,1,1,10,1,1,2,1,0,1,1,0,0,0
201395242961,6,2,16,33,5,204.94429,2,7,5,2013,16,53,12,8,0,1,1,1,0,0,2,1,0,1,1,0,0,0
201395242980,1,1,1,21,2,2.3207,3,7,1,2013,21,35,12,1,0,5,3,10,3,2,2,8,0,1,1,0,0,0
201395243005,6,1,2,21,2,208.863,2,7,4,2013,17,45,24,0,0,1,1,1,0,0,2,8,0,1,3,0,0,0
201395243019,1,1,2,21,2,2.3207,2,7,6,2013,17,55,12,2,0,1,1,1,3,2,2,8,0,1,1,0,0,0
201395243049,6,1,6,21,2,210.43364,2,7,3,2013,14,30,33,0,0,5,1,1,0,0,2,8,0,1,4,0,0,0
201395243084,5,1,6,21,2,92.06471,1,7,4,2013,15,20,24,0,0,1,1,1,1,1,2,8,0,1,3,0,0,0
201395243095,1,1,9,21,2,7.950115,2,7,1,2013,5,54,12,2,0,1,1,1,3,2,2,1,0,1,1,0,0,0
201395243113,3,1,16,21,2,14.341067,1,7,7,2013,12,42,1,0,0,2,1,1,2,1,2,1,0,2,1,0,0,0
201395243115,6,1,16,21,2,215.11601,2,7,7,2013,13,11,12,6,0,2,1,1,0,0,2,1,0,2,1,0,0,0
201395243120,3,1,8,22,2,88.51009,2,7,6,2013,22,31,1,0,0,4,3,1,2,1,2,1,0,1,1,0,0,0
201395243121,4,1,8,22,2,354.04037,2,7,7,2013,10,22,14,0,0,4,1,1,0,0,2,1,1,1,7,0,0,0
201395243122,6,1,8,22,2,177.02019,2,7,4,2013,18,25,12,6,0,4,1,1,0,0,2,1,0,1,1,0,0,0
201395243123,5,1,8,22,2,88.51009,2,7,6,2013,17,24,14,0,0,1,1,1,2,1,2,1,1,1,7,0,0,0
201395243133,6,1,6,22,2,181.81355,2,7,3,2013,15,45,12,6,0,1,1,10,0,0,2,8,0,1,1,0,0,0
201395243168,6,1,1,21,2,208.863,2,8,2,2013,15,37,12,1,0,1,1,1,1,1,2,8,0,1,1,0,0,0
201395243183,1,1,2,21,2,2.3207,1,8,2,2013,19,15,39,0,0,1,1,8,3,2,2,8,0,1,4,0,0,0
201395243253,1,1,6,21,2,4.384034,2,7,3,2013,18,15,12,2,0,4,1,1,3,2,1,8,0,1,1,0,0,0
201395243271,5,1,9,21,2,87.45126,1,5,4,2013,21,58,30,0,0,1,3,2,2,1,2,1,0,1,4,0,0,0
201395243273,4,1,9,21,2,349.80505,2,5,3,2013,11,28,12,8,0,2,1,1,0,0,2,1,0,3,1,0,0,0
201395243288,1,1,9,21,2,7.950115,2,5,7,2013,22,16,12,6,0,2,3,1,3,2,2,1,0,3,1,0,0,0
201395243304,3,1,16,21,2,14.341067,2,8,5,2013,11,24,12,1,0,4,1,1,2,1,1,1,0,1,1,0,0,0
201395243374,1,2,2,10,5,2.7007,2,7,4,2013,13,20,12,6,0,2,1,1,3,1,2,3,0,2,1,0,0,0
201395243380,1,2,2,10,5,2.7007,3,7,4,2013,20,49,59,0,0,5,3,2,3,4,2,3,0,1,3,14,0,0
201395243407,5,2,3,10,5,89.1231,2,8,5,2013,14,16,12,6,0,4,1,1,2,3,2,8,0,1,1,0,0,0
201395243456,4,2,5,10,5,346.76935,2,8,6,2013,14,43,12,6,0,2,1,10,0,0,2,3,0,,1,0,0,0
201395243463,3,2,15,10,5,13.59662,2,7,4,2013,18,40,12,1,0,2,1,10,2,1,2,2,0,2,1,0,0,0
201395243473,3,2,17,10,5,17.006254,2,7,3,2013,18,57,12,7,0,2,1,1,2,1,2,1,0,3,1,0,0,0
201395243487,5,2,24,10,5,81.293236,4,8,6,2013,19,24,12,1,0,1,1,10,1,2,2,1,0,1,1,28,0,0
201395243490,4,2,1,32,4,355.912,2,8,7,2013,19,40,12,1,0,2,1,1,0,0,2,3,0,,1,0,0,0
201395243500,3,2,1,32,4,20.936,2,8,7,2013,21,0,12,6,0,2,3,1,2,2,2,3,0,2,1,0,0,0
201395243504,3,2,1,32,4,20.936,1,8,5,2013,19,30,8,0,0,1,1,1,2,1,2,3,0,1,1,0,0,0
201395243507,5,2,1,32,4,83.744,2,8,4,2013,0,55,12,6,0,2,3,10,1,2,2,3,0,2,1,0,0,0
201395243514,4,2,1,32,4,355.912,2,7,6,2013,13,0,12,6,0,2,1,1,0,0,2,3,0,2,1,0,0,0
201395243524,6,2,1,32,4,209.36,2,7,6,2013,14,15,12,6,0,2,1,1,0,0,2,3,0,2,1,0,0,0
201395243535,1,1,1,21,2,2.3207,2,8,6,2013,12,25,12,6,0,2,1,2,3,2,2,8,0,2,1,0,0,0
201395243553,1,1,1,21,2,2.3207,2,8,5,2013,21,19,24,0,0,1,3,1,3,2,2,8,0,1,4,0,0,0
201395243562,1,1,2,21,2,2.3207,2,8,6,2013,8,9,12,2,0,2,1,2,3,2,2,8,0,2,1,0,0,0
201395243568,3,1,2,21,2,20.8863,2,8,5,2013,18,7,12,1,0,1,1,1,2,1,2,8,0,1,1,28,0,0
201395243633,1,1,9,21,2,7.950115,2,8,4,2013,9,6,12,6,0,2,1,1,3,2,2,1,0,2,1,0,0,0
201395243646,4,1,6,22,2,363.6271,2,8,1,2013,17,56,12,1,0,2,1,1,0,0,2,8,0,2,1,0,0,0
201395243647,5,1,6,22,2,60.604515,2,8,6,2013,17,59,12,1,0,1,1,2,2,2,2,8,0,1,1,0,0,0
201395243651,6,1,8,22,2,177.02019,1,8,3,2013,19,39,24,0,0,1,1,1,0,0,2,1,0,1,4,0,0,0
201395243653,6,1,8,22,2,177.02019,3,8,5,2013,10,32,12,1,0,2,1,1,0,0,2,1,0,2,1,0,0,0