CASENUM,STRATUM,REGION,PJ,PSU,PSUSTRAT,WEIGHT,VE_TOTAL,MONTH,WKDY_IM,YEAR,HOUR_IM,MINUTE_IM,EVENT1_IM,MANCOL_IM,RELJCT1_IM,RELJCT2_IM,LGTCON_IM,WEATHR_IM,MAXSEV_IM,NO_INJ_IM,ALCHL_IM,LAND_USE,PVH_INVL,TYP_INT,REL_ROAD,CF1,CF2,CF3
201395243655,4,1,8,22,2,354.04037,2,8,3,2013,21,45,12,1,0,2,3,1,1,1,2,1,0,2,1,0,0,0
201395243658,5,1,8,22,2,88.51009,2,8,7,2013,20,22,12,1,0,2,3,1,1,1,2,1,0,2,1,0,0,0
201395243675,5,2,1,32,4,83.744,2,8,1,2013,8,30,12,6,0,2,1,10,1,1,2,3,0,2,1,0,0,0
201395243684,1,2,1,32,4,20.936,1,8,1,2013,23,30,42,0,0,1,3,1,3,1,1,3,0,1,4,0,0,0
201395243694,4,2,1,32,4,355.912,1,8,6,2013,3,0,11,0,0,1,2,1,0,0,2,3,0,1,1,0,0,0
201395243698,3,2,1,32,4,20.936,2,8,1,2013,16,50,12,6,0,2,1,1,2,5,2,3,0,2,1,0,0,0
201395243699,3,2,1,32,4,20.936,2,8,7,2013,19,0,12,6,0,2,1,10,3,1,2,3,0,3,1,0,0,0
201395243733,4,2,1,33,5,350.8616,1,7,4,2013,13,28,59,0,0,1,1,2,0,0,2,1,0,1,4,0,0,0
201395243763,3,2,1,33,5,18.4664,1,8,6,2013,1,38,11,0,0,1,2,1,2,1,2,1,0,1,1,0,0,0
201395243780,5,2,1,33,5,87.7154,3,8,7,2013,23,40,12,6,0,2,3,1,1,3,2,1,0,3,1,0,0,0
201395243831,4,2,1,33,5,350.8616,2,8,6,2013,12,16,12,1,0,2,1,1,0,0,2,1,0,2,1,0,0,0
201395243890,4,2,4,33,5,350.8616,2,7,2,2013,17,30,12,1,0,1,1,1,0,0,2,1,0,1,1,0,0,0
201395243974,1,2,2,32,4,4.1872,3,8,7,2013,16,45,12,1,0,1,1,1,3,3,2,3,0,1,1,0,0,0
201395243997,4,2,4,33,5,350.8616,3,8,2,2013,17,19,12,1,0,1,1,10,0,0,2,1,0,1,1,0,0,0
201395243999,1,2,4,33,5,4.6166,2,8,2,2013,17,41,12,2,0,1,1,1,4,2,2,1,0,1,1,0,0,0
201395244022,5,2,4,33,5,87.7154,1,8,4,2013,11,5,34,0,0,1,1,2,1,1,2,1,0,1,4,0,0,0
201395244036,1,2,4,33,5,4.6166,1,8,5,2013,14,35,25,0,0,1,1,1,3,1,2,1,0,1,3,0,0,0
201395244097,6,2,6,33,5,206.20682,2,8,6,2013,12,41,12,6,0,2,1,5,0,0,2,8,0,2,1,0,0,0
201395244140,4,2,12,33,5,345.18524,2,8,5,2013,17,55,12,1,0,1,1,2,0,0,2,2,0,1,1,28,0,0
201395244151,6,2,12,33,5,211.56516,3,8,7,2013,21,55,12,1,0,2,3,1,2,1,2,2,0,2,1,0,0,0
201395244189,4,2,16,33,5,341.5738,1,8,1,2013,17,0,1,0,0,1,1,1,1,1,2,1,0,1,1,0,0,0
201395244230,4,2,1,10,5,351.091,2,8,6,2013,10,52,12,1,0,2,1,1,0,0,2,3,0,2,1,0,0,0
201395244237,3,2,1,10,5,18.9049,2,8,6,2013,21,22,12,7,0,4,3,1,3,1,1,3,0,1,1,0,0,0
201395244329,3,2,1,10,5,18.9049,2,8,6,2013,11,55,12,7,0,2,1,1,2,1,2,3,0,2,1,0,0,0
201395244346,3,2,2,10,5,18.9049,2,8,2,2013,17,56,12,6,0,4,1,10,2,1,2,3,0,1,1,0,0,0
201395244363,4,2,2,10,5,351.091,2,8,4,2013,16,10,12,1,0,1,1,1,0,0,2,3,0,1,1,0,0,0
201395244402,3,2,2,10,5,18.9049,1,8,3,2013,19,15,9,0,0,2,1,1,2,1,2,3,0,3,1,0,0,0
201395244413,1,2,2,10,5,2.7007,2,8,5,2013,22,11,12,6,0,2,3,1,3,4,2,3,0,2,1,0,0,0
201395244516,4,2,3,10,5,351.091,2,8,5,2013,19,45,14,0,0,4,1,1,0,0,2,8,1,1,7,0,0,0
201395244530,4,2,4,10,5,351.091,2,8,2,2013,15,40,12,2,0,2,1,10,1,1,2,3,0,3,1,0,0,0
201395244549,1,2,4,10,5,2.7007,1,8,2,2013,15,13,30,0,0,5,1,2,3,1,2,3,0,1,4,0,0,0
201395244624,3,2,5,10,5,22.615393,1,8,6,2013,23,44,1,0,0,1,3,1,3,2,2,3,0,1,1,0,0,0
201395244656,4,2,5,10,5,346.76935,2,8,6,2013,23,40,14,0,0,4,3,1,0,0,2,3,1,1,7,0,0,0
201395244672,4,2,15,10,5,353.51212,2,8,5,2013,21,30,12,1,0,2,3,10,0,0,2,2,0,2,1,0,0,0
201395244680,3,2,15,10,5,13.59662,1,8,3,2013,17,8,9,0,0,2,1,1,2,2,2,2,0,2,1,0,0,0
201395244682,3,2,15,10,5,13.59662,1,8,4,2013,16,5,1,0,0,1,1,1,2,1,2,2,0,1,1,0,0,0
201395244683,3,2,15,10,5,13.59662,1,8,4,2013,21,34,9,0,0,2,3,1,3,1,2,2,0,2,1,0,0,0
201395244685,3,2,15,10,5,13.59662,2,8,6,2013,15,7,12,2,0,2,1,1,2,1,2,2,0,2,1,0,0,0
201395244692,3,2,15,10,5,13.59662,1,8,3,2013,19,39,9,0,0,2,1,1,2,1,2,2,0,2,1,0,0,0
201395244693,3,2,15,10,5,13.59662,2,8,4,2013,0,41,12,2,0,2,3,1,2,1,2,2,0,2,1,0,0,0
201395244699,3,2,17,10,5,17.006254,1,8,1,2013,18,54,1,0,0,5,1,1,2,1,2,1,0,1,1,0,0,0
201395244702,4,2,17,10,5,357.13135,2,8,3,2013,17,0,12,1,0,2,1,10,0,0,2,1,0,2,1,0,0,0
201395244721,3,2,17,10,5,17.006254,3,8,3,2013,12,31,12,1,0,1,1,1,2,2,2,1,0,1,1,0,0,0
201395244724,3,2,17,10,5,17.006254,1,8,3,2013,18,6,1,0,0,2,1,1,2,1,2,1,0,2,1,0,0,0
201395244726,4,2,17,10,5,357.13135,2,8,4,2013,17,17,12,6,0,4,1,1,0,0,2,1,0,1,1,0,0,0
201395244736,4,2,24,10,5,352.27066,2,8,1,2013,11,47,12,7,0,2,1,1,0,0,2,1,0,2,1,0,0,0
201395244748,1,2,24,10,5,27.097744,2,8,2,2013,20,46,12,6,0,2,3,10,3,3,2,1,0,2,1,0,0,0
201395244749,2,2,24,10,5,54.195488,4,8,4,2013,15,23,12,7,0,2,1,1,3,2,2,1,0,,1,0,0,0
201395244752,4,2,24,10,5,352.27066,2,8,6,2013,4,20,12,1,0,2,3,10,0,0,2,1,0,2,1,0,0,0
201395244819,3,2,1,33,5,18.4664,2,8,6,2013,16,27,12,8,0,2,1,1,2,1,2,1,0,2,1,0,0,0
201395244837,4,2,2,33,5,350.8616,2,8,5,2013,17,54,12,1,0,1,1,1,0,0,2,3,0,1,1,0,0,0
201395244846,3,2,2,32,4,41.872,1,8,7,2013,8,30,1,0,0,1,1,1,2,1,2,3,0,1,1,0,0,0
201395244850,6,2,4,33,5,207.747,2,8,1,2013,0,30,18,0,0,1,2,1,1,1,2,1,0,1,1,0,0,0
201395244881,1,2,4,33,5,4.6166,1,8,2,2013,15,40,25,0,0,1,1,2,3,1,2,1,0,1,3,0,0,0
201395244887,4,2,4,33,5,350.8616,1,8,2,2013,16,30,25,0,0,1,1,2,0,0,2,1,0,1,4,0,0,0
201395244924,1,2,4,33,5,4.6166,1,8,5,2013,0,35,25,0,0,1,3,1,3,3,1,1,0,1,3,0,0,0
201395244926,2,2,4,33,5,60.0158,2,8,5,2013,7,40,12,7,0,2,1,1,1,1,2,1,0,3,1,0,0,0
201395244951,1,2,2,32,4,4.1872,3,8,6,2013,17,0,12,1,0,1,1,1,3,2,2,3,0,1,1,0,0,0
201395244970,3,2,6,33,5,18.746075,1,8,3,2013,17,11,1,0,0,1,1,10,2,1,2,8,0,1,1,0,0,0
201395244973,4,2,6,33,5,346.80237,2,8,4,2013,14,56,12,1,0,1,1,1,0,0,2,8,0,1,1,0,0,0
201395245002,4,2,12,33,5,345.18524,2,8,3,2013,13,36,12,1,0,2,1,1,1,3,2,2,0,2,1,0,0,0
201395245047,4,2,1,33,5,350.8616,2,8,2,2013,12,10,12,1,0,2,1,1,0,0,2,1,0,2,1,0,0,0
201395245056,3,2,1,33,5,18.4664,1,8,2,2013,18,30,9,0,0,2,1,1,2,1,2,1,0,3,1,0,0,0
201395245109,3,2,2,33,5,18.4664,2,8,3,2013,8,40,12,6,0,2,1,1,2,1,2,3,0,3,1,0,0,0
201395245138,1,2,2,32,4,4.1872,2,8,1,2013,0,27,12,7,0,1,3,1,4,5,1,3,0,1,1,0,0,0
201395245148,4,2,2,32,4,699.2624,1,8,2,2013,8,0,24,0,0,1,1,1,0,0,2,3,0,1,4,0,0,0
201395245182,3,2,2,32,4,41.872,1,8,3,2013,17,40,24,0,0,5,1,1,3,1,2,3,0,1,4,0,0,0
201395245267,3,2,12,33,5,22.270016,1,8,4,2013,20,5,9,0,0,2,1,1,2,1,2,2,0,,1,0,0,0
201395245271,1,2,12,33,5,11.135008,3,8,5,2013,14,50,12,6,0,2,1,10,3,3,2,2,0,2,1,0,0,0
201395245276,4,2,12,33,5,345.18524,2,8,6,2013,11,42,12,1,0,1,1,1,0,0,2,2,0,1,1,0,0,0
201395245323,1,2,2,32,4,4.1872,1,5,2,2013,0,7,25,0,0,1,3,1,3,1,1,3,0,1,4,0,0,0
201395245331,4,2,2,32,4,699.2624,2,5,5,2013,15,0,12,7,0,5,1,1,0,0,2,3,0,1,1,0,0,0
201395245334,1,2,2,32,4,4.1872,2,5,6,2013,9,20,12,2,0,1,1,1,3,1,2,3,0,1,1,0,0,0
201395245357,4,2,8,33,5,350.28952,2,4,4,2013,12,0,14,0,0,2,1,10,0,0,2,2,1,2,7,0,0,0
201395245372,1,2,16,33,5,22.771587,2,4,6,2013,9,25,12,6,0,2,1,10,3,1,2,1,0,2,1,0,0,0
201395245378,4,2,16,33,5,341.5738,2,5,7,2013,14,19,12,6,0,4,1,1,0,0,2,1,0,1,1,0,0,0
201395245379,6,2,16,33,5,204.94429,1,5,3,2013,15,11,42,0,0,1,1,1,0,0,2,1,0,1,4,0,0,0
201395245455,6,1,6,21,2,210.43364,2,8,2,2013,6,0,12,1,0,1,1,1,0,0,2,8,0,1,1,0,0,0
201395245469,3,1,16,21,2,14.341067,3,8,4,2013,9,4,12,6,0,4,1,1,2,1,2,1,1,1,1,0,0,0
201395245470,1,1,16,21,2,14.341067,1,8,6,2013,2,48,30,0,0,1,2,1,4,2,1,1,0,1,4,0,0,0
201395245472,4,1,8,22,2,354.04037,2,8,6,2013,11,27,14,0,0,1,1,1,0,0,2,1,1,1,7,0,0,0
201395245475,1,1,6,22,2,60.604515,1,8,7,2013,0,0,32,0,0,1,2,1,3,1,2,8,0,1,4,0,0,0
201395245476,6,1,6,22,2,181.81355,2,8,6,2013,13,35,12,6,0,4,1,1,0,0,2,8,0,1,1,0,0,0
201395245538,1,1,2,21,2,2.3207,1,8,7,2013,23,5,1,0,0,1,3,1,3,1,2,8,0,1,4,0,0,0
201395245549,6,1,4,21,2,208.863,2,8,6,2013,19,0,12,6,0,2,1,1,0,0,2,3,0,2,1,0,0,0
201395245562,3,1,6,21,2,21.92017,1,8,3,2013,14,1,9,0,0,2,1,1,3,1,2,8,0,6,1,0,0,0
201395245563,1,1,6,21,2,4.384034,2,8,1,2013,11,14,12,6,0,2,1,1,3,2,2,8,0,5,1,0,0,0
201395245588,3,1,11,21,2,17.578142,1,8,3,2013,3,31,18,0,0,1,3,1,2,2,2,2,0,1,1,0,0,0
201395245598,4,1,11,21,2,351.56284,2,8,7,2013,11,32,12,7,0,2,1,1,0,0,2,2,0,3,1,0,0,0
201395245603,1,1,16,21,2,14.341067,2,8,3,2013,15,10,12,1,0,4,1,1,3,1,2,1,0,1,1,0,0,0
201395245670,4,2,1,10,5,351.091,2,6,4,2013,14,45,12,7,0,2,1,1,0,0,2,3,0,2,1,20,0,0
201395245674,1,2,1,10,5,2.7007,1,6,6,2013,18,42,24,0,0,1,1,1,3,4,2,3,0,1,4,0,0,0
201395245685,3,2,2,10,5,18.9049,1,8,1,2013,16,14,9,0,0,4,1,1,2,1,2,3,0,1,1,0,0,0
201395245743,3,2,3,10,5,18.9049,2,8,1,2013,11,35,12,1,0,2,1,1,2,1,2,8,0,3,1,0,0,0
201395245790,1,2,4,10,5,2.7007,3,5,3,2013,7,51,12,2,0,1,1,1,4,1,2,3,1,1,1,0,0,0
201395245804,6,2,5,10,5,211.077,1,8,6,2013,14,16,30,0,0,1,1,1,0,0,2,3,0,1,4,0,0,0
201395245809,1,2,5,10,5,7.538464,1,6,1,2013,3,51,42,0,0,1,3,1,4,2,2,3,0,1,3,0,0,0
201395245812,3,2,15,10,5,13.59662,2,8,1,2013,18,11,12,6,0,2,1,1,4,1,2,2,0,2,1,0,0,0
201395245815,3,2,15,10,5,13.59662,2,8,3,2013,20,46,12,2,0,2,3,2,2,1,2,2,0,2,1,0,0,0
201395245817,3,2,15,10,5,13.59662,2,4,7,2013,20,40,12,1,0,2,5,10,2,1,2,2,0,2,1,0,0,0
201395245821,3,2,17,10,5,17.006254,2,8,7,2013,12,52,12,7,0,2,1,10,2,1,2,1,0,2,1,0,0,0
201395245827,3,2,17,10,5,17.006254,2,8,4,2013,12,23,12,1,0,2,1,10,2,1,2,1,0,2,1,0,0,0
201395245832,1,2,24,10,5,27.097744,1,8,1,2013,2,50,43,0,0,6,3,1,3,2,2,1,0,1,1,0,0,0
201395245834,3,2,24,10,5,27.097744,4,8,1,2013,11,42,12,1,0,1,1,1,3,2,2,1,0,1,1,0,0,0
201395245838,4,2,24,10,5,352.27066,2,8,3,2013,20,0,14,0,0,4,5,10,0,0,2,1,1,1,7,0,0,0
201395245851,4,2,8,10,5,346.61176,2,5,4,2013,13,20,12,6,0,2,1,1,0,0,2,1,0,3,1,0,0,0
201395245876,3,2,1,33,5,18.4664,2,8,7,2013,16,40,12,6,0,2,1,1,2,2,2,1,0,2,1,0,0,0
201395245899,1,2,1,33,5,4.6166,2,8,2,2013,16,10,12,6,0,2,1,10,3,1,2,1,0,2,1,0,0,0
201395245907,4,2,1,33,5,350.8616,2,8,3,2013,7,58,12,1,0,1,1,2,1,1,2,1,0,1,1,0,0,0
201395245936,3,2,1,33,5,18.4664,1,8,5,2013,14,26,9,0,0,2,1,1,2,1,2,1,0,2,1,0,0,0
201395245952,6,2,1,33,5,207.747,1,8,6,2013,17,13,42,0,0,1,1,1,0,0,1,1,0,1,4,0,0,0
201395245977,6,2,4,33,5,207.747,3,8,7,2013,12,0,12,1,0,1,1,1,0,0,2,1,0,1,1,0,0,0
201395246026,1,2,4,33,5,4.6166,1,8,4,2013,10,58,25,0,0,1,1,10,3,1,2,1,0,1,3,0,0,0
201395246029,1,2,2,32,4,4.1872,1,8,5,2013,3,5,30,0,0,1,3,1,4,1,2,3,0,1,4,0,0,0
201395246035,3,2,4,33,5,18.4664,2,8,5,2013,8,35,12,1,0,1,1,1,2,1,2,1,0,1,1,28,0,0
201395246078,4,2,6,33,5,346.80237,2,8,3,2013,16,54,12,1,0,2,1,10,0,0,2,8,0,,1,0,0,0
201395246085,3,2,6,33,5,18.746075,2,8,5,2013,14,56,12,6,0,2,1,1,2,2,2,8,0,3,1,0,0,0
201395246094,3,2,8,33,5,18.76551,1,8,7,2013,17,39,9,0,0,2,1,1,2,1,2,2,0,2,1,0,0,0
201395246106,3,2,12,33,5,22.270016,2,8,7,2013,15,45,12,1,0,2,1,1,2,2,2,2,0,3,1,0,0,0
201395246129,3,2,12,33,5,22.270016,3,8,6,2013,12,29,12,1,0,2,1,1,2,1,2,2,0,,1,0,0,0
201395246139,1,2,16,33,5,22.771587,1,8,2,2013,9,48,42,0,0,1,1,10,3,1,2,1,0,1,4,0,0,0
201395246151,3,2,1,32,4,20.936,1,8,2,2013,11,40,8,0,0,1,1,10,3,1,2,3,0,1,1,0,0,0
201395246158,1,2,1,32,4,20.936,3,8,6,2013,21,0,12,6,0,2,2,10,3,3,2,3,1,2,1,0,0,0
201395246161,3,2,1,32,4,20.936,1,8,6,2013,21,25,8,0,0,1,2,1,3,1,2,3,0,1,1,0,0,0
201395246174,5,1,1,21,2,90.5073,2,8,3,2013,17,52,24,0,0,1,1,1,1,1,2,8,0,1,3,0,0,0
201395246197,5,1,2,21,2,90.5073,1,8,3,2013,9,25,30,0,0,2,1,1,1,1,2,8,0,,4,0,0,0
201395246232,4,1,6,21,2,350.72272,2,8,5,2013,12,48,12,6,0,2,1,10,2,2,2,8,0,2,1,0,0,0
201395246237,5,1,6,21,2,92.06471,3,8,7,2013,19,0,12,1,0,1,3,1,1,1,2,8,0,1,1,0,0,0
201395246240,1,1,6,21,2,4.384034,3,8,4,2013,8,8,12,8,0,1,1,1,3,2,2,8,0,1,1,0,0,0
201395246269,3,1,16,21,2,14.341067,1,8,3,2013,18,41,24,0,0,1,1,1,3,1,2,1,0,1,4,0,0,0
201395246271,6,1,2,22,2,205.2204,2,8,5,2013,21,33,12,1,0,1,5,1,0,0,2,8,0,1,1,0,0,0
201395246329,2,2,2,10,5,59.4154,2,9,1,2013,22,27,12,6,0,1,3,1,0,0,2,3,0,1,1,0,0,0
201395246337,4,2,2,10,5,351.091,1,9,4,2013,6,0,18,0,0,1,4,1,0,0,2,3,0,1,1,,,
201395246427,1,2,5,10,5,7.538464,3,9,3,2013,15,45,12,1,0,2,1,1,3,1,2,3,0,2,1,0,0,0
201395246435,1,2,5,10,5,7.538464,2,9,5,2013,10,40,12,7,0,1,1,1,3,2,2,3,0,1,1,0,0,0
201395246446,3,2,5,10,5,22.615393,3,9,6,2013,19,46,14,0,0,1,1,1,2,1,2,3,2,1,7,0,0,0
201395246457,4,2,15,10,5,353.51212,2,9,5,2013,17,7,14,0,0,4,1,1,0,0,2,2,1,1,7,0,0,0
201395246473,6,2,17,10,5,204.07504,4,9,5,2013,15,32,12,1,0,2,1,1,1,2,2,1,0,2,1,0,0,0
201395246481,3,2,1,32,4,20.936,1,9,1,2013,2,50,8,0,0,1,3,1,2,2,2,3,0,1,1,0,0,0
201395246483,3,2,1,32,4,20.936,3,9,6,2013,22,15,14,0,0,1,2,1,3,2,1,3,2,1,7,14,0,0
201395246485,3,2,1,32,4,20.936,1,9,2,2013,19,30,8,0,0,1,1,10,3,1,2,3,0,1,1,0,0,0
201395246489,6,2,1,32,4,209.36,2,9,4,2013,15,50,12,6,0,2,1,1,0,0,2,3,0,2,1,0,0,0
201395246495,4,2,1,32,4,355.912,2,9,6,2013,15,50,14,0,0,1,1,1,0,0,2,3,1,1,7,21,0,0
201395246496,5,2,1,32,4,83.744,5,9,1,2013,1,0,14,0,0,1,3,1,2,1,1,3,4,1,7,0,0,0
201395246556,4,2,1,33,5,350.8616,2,9,5,2013,7,53,12,1,0,2,1,1,0,0,2,1,0,7,1,0,0,0
201395246610,4,2,4,33,5,350.8616,1,8,7,2013,9,25,18,0,0,1,1,10,0,0,2,1,0,1,2,0,0,0
201395246618,1,2,2,32,4,4.1872,1,9,1,2013,1,33,1,0,0,1,3,1,3,2,1,3,0,1,4,0,0,0
201395246624,5,2,2,32,4,180.0496,1,9,1,2013,19,30,25,0,0,1,1,1,1,2,2,3,0,1,3,0,0,0
201395246735,5,2,12,33,5,89.08006,2,8,7,2013,9,36,12,6,0,2,1,10,2,3,2,2,0,2,1,0,0,0
201395246742,6,2,12,33,5,211.56516,2,9,4,2013,6,50,12,1,0,2,4,1,1,1,2,2,0,2,1,0,0,0
201395246744,4,2,12,33,5,345.18524,1,9,4,2013,19,36,1,0,0,1,1,1,0,0,2,2,0,1,4,0,0,0
201395246755,4,2,16,33,5,341.5738,2,9,3,2013,15,8,12,1,0,2,1,1,0,0,2,1,0,3,1,0,0,0
201395246855,4,1,4,21,2,350.4257,2,9,1,2013,9,37,12,6,0,2,1,1,0,0,2,3,0,3,1,0,0,0
201395246880,3,1,9,21,2,23.850346,1,9,3,2013,15,51,9,0,0,2,1,10,2,1,2,1,0,3,1,0,0,0
201395246883,2,1,9,21,2,63.60092,2,9,5,2013,18,28,12,1,0,1,5,8,2,1,2,1,0,1,1,0,0,0
201395246908,5,1,8,22,2,88.51009,1,9,2,2013,8,7,30,0,0,1,1,1,1,1,2,1,0,1,4,0,0,0
201395246910,6,1,8,22,2,177.02019,2,9,7,2013,16,22,12,1,0,2,1,1,0,0,2,1,0,2,1,0,0,0
201395246931,5,2,1,10,5,89.1231,2,9,3,2013,10,43,12,1,0,2,1,1,1,1,2,3,0,,1,0,0,0
201395246956,3,2,1,10,5,18.9049,1,9,6,2013,20,59,1,0,0,2,3,1,3,2,1,3,0,2,1,0,0,0
201395246959,1,2,1,10,5,2.7007,2,9,7,2013,2,12,12,6,0,2,3,1,3,1,1,3,0,2,1,0,0,0
201395246990,5,2,2,10,5,89.1231,2,9,3,2013,11,15,12,2,0,1,1,1,1,2,2,3,0,1,1,0,0,0
201395247025,3,2,2,10,5,18.9049,1,9,7,2013,18,30,59,0,0,5,1,1,2,1,2,3,0,1,4,0,0,0
201395247059,5,2,4,10,5,89.1231,2,9,7,2013,12,38,12,6,0,2,1,1,2,1,2,3,0,2,1,0,0,0
201395247073,3,2,4,10,5,18.9049,1,9,3,2013,15,1,9,0,0,2,1,1,0,0,2,3,0,,1,0,0,0
201395247116,4,2,5,10,5,346.76935,2,9,7,2013,20,0,12,7,0,2,5,1,0,0,2,3,0,,1,0,0,0
201395247120,6,2,8,10,5,211.81828,2,9,4,2013,20,0,12,6,0,2,2,2,0,0,2,1,0,2,1,0,0,0
201395247131,5,2,15,10,5,95.17634,2,9,2,2013,12,24,12,2,0,1,1,2,1,1,2,2,0,1,1,0,0,0
201395247135,3,2,15,10,5,13.59662,2,9,4,2013,7,44,12,6,0,2,1,1,3,1,2,2,0,2,1,0,0,0
201395247149,4,2,17,10,5,357.13135,2,9,2,2013,13,32,12,6,0,2,1,2,0,0,2,1,0,3,1,0,0,0
201395247159,3,2,24,10,5,27.097744,2,9,7,2013,13,49,12,1,0,2,1,10,2,1,2,1,0,3,1,0,0,0
201395247160,3,2,24,10,5,27.097744,1,9,1,2013,12,50,1,0,0,1,1,1,2,1,2,1,0,1,3,0,0,0
201395247162,3,2,24,10,5,27.097744,2,9,2,2013,14,15,12,2,0,2,1,2,3,1,2,1,0,2,1,0,0,0
201395247164,3,2,24,10,5,27.097744,1,9,5,2013,14,50,9,0,0,2,1,1,2,1,2,1,0,2,1,0,0,0
201395247187,4,2,1,32,4,355.912,2,9,6,2013,13,0,12,1,0,2,1,1,0,0,2,3,0,2,1,0,0,0
201395247191,3,2,1,33,5,18.4664,2,9,7,2013,5,19,12,1,0,2,3,1,2,1,2,1,0,3,1,0,0,0
201395247246,3,2,1,33,5,18.4664,2,9,5,2013,6,29,12,6,0,2,4,1,2,1,2,1,0,6,1,0,0,0
201395247282,3,2,2,33,5,18.4664,2,9,3,2013,17,36,12,6,0,4,1,1,3,1,2,3,0,1,1,0,0,0
201395247295,3,2,2,32,4,41.872,1,9,7,2013,4,35,8,0,0,1,3,1,3,2,1,3,0,1,1,0,0,0
201395247302,6,2,4,33,5,207.747,2,9,7,2013,21,0,12,1,0,1,3,1,1,2,2,1,0,1,1,0,0,0
201395247311,1,2,2,32,4,4.1872,1,9,1,2013,13,58,39,0,0,1,1,1,3,1,1,3,0,1,4,0,0,0
201395247319,4,2,2,32,4,699.2624,2,9,2,2013,9,0,12,1,0,1,1,1,0,0,2,3,0,1,1,0,0,0
201395247375,1,2,4,33,5,4.6166,1,9,5,2013,18,30,25,0,0,1,1,10,3,1,2,1,0,1,4,0,0,0
201395247382,2,2,2,32,4,121.4288,1,9,6,2013,9,30,25,0,0,1,1,10,3,1,2,3,0,1,4,0,0,0
201395247466,4,2,16,33,5,341.5738,2,9,6,2013,7,45,12,1,0,2,1,1,0,0,2,1,0,3,1,0,0,0
201395247469,4,2,1,33,5,350.8616,2,9,5,2013,18,0,14,0,0,1,3,2,1,1,2,1,1,1,7,0,0,0
201395247534,1,2,1,33,5,4.6166,2,9,5,2013,11,0,12,2,0,2,1,10,3,3,2,1,0,3,1,0,0,0
201395247553,1,2,1,33,5,4.6166,1,9,6,2013,9,56,24,0,0,2,1,10,4,2,2,1,0,3,4,0,0,0
201395247561,4,2,1,33,5,350.8616,2,9,6,2013,17,56,12,6,0,4,1,2,0,0,2,1,0,1,1,0,0,0
201395247577,4,2,2,33,5,350.8616,2,9,4,2013,17,8,12,1,0,2,1,1,1,1,2,3,0,3,1,0,0,0
201395247617,4,2,2,32,4,699.2624,2,9,2,2013,10,40,12,1,0,1,1,10,0,0,2,3,0,1,1,0,0,0
201395247698,6,2,4,33,5,207.747,1,9,6,2013,22,20,35,0,0,1,3,2,0,0,2,1,0,1,4,0,0,0
201395247705,3,2,6,33,5,18.746075,1,9,1,2013,16,17,9,0,0,4,1,2,0,0,2,8,0,1,1,0,0,0
201395247711,4,2,6,33,5,346.80237,2,9,3,2013,17,44,12,6,0,4,1,1,0,0,2,8,0,1,1,0,0,0
201395247714,6,2,6,33,5,206.20682,1,9,5,2013,13,49,33,0,0,2,1,10,2,2,2,8,0,3,4,0,0,0
201395247715,5,2,6,33,5,93.73037,1,9,5,2013,21,0,33,0,0,1,3,1,2,2,2,8,0,1,4,0,0,0
201395247716,3,2,6,33,5,18.746075,1,9,5,2013,23,52,8,0,0,1,2,1,2,1,2,8,0,1,1,0,0,0
201395247734,4,2,12,33,5,345.18524,2,9,1,2013,19,31,12,1,0,2,3,2,0,0,2,2,0,2,1,0,0,0
201395247743,3,2,12,33,5,22.270016,1,9,4,2013,22,20,8,0,0,1,2,1,3,1,2,2,0,1,1,0,0,0
201395247758,6,2,16,33,5,204.94429,3,9,3,2013,14,15,12,7,0,2,1,1,0,0,2,1,0,2,1,0,0,0
201395247810,1,1,4,21,2,2.3207,2,9,5,2013,18,11,12,1,0,1,1,1,3,2,1,3,0,1,1,0,0,0
201395247817,3,1,4,21,2,20.8863,1,9,5,2013,17,22,9,0,0,1,1,1,2,1,1,3,0,1,1,0,0,0
201395247844,3,1,6,21,2,21.92017,2,9,6,2013,21,15,12,1,0,5,3,1,2,2,1,8,0,1,1,0,0,0
201395247876,4,1,2,22,2,351.8064,2,9,3,2013,16,52,12,1,0,5,1,1,0,0,2,8,0,1,1,0,0,0
201395247877,5,1,2,22,2,87.9516,1,9,2,2013,8,18,35,0,0,1,1,2,2,1,1,8,0,1,4,0,0,0
201395247879,5,1,8,22,2,88.51009,2,9,3,2013,6,41,12,6,0,4,1,10,2,2,1,1,0,1,1,0,0,0
201395247880,4,1,8,22,2,354.04037,2,9,6,2013,7,48,12,1,0,1,1,2,0,0,2,1,0,1,1,21,0,0
201395247882,5,1,8,22,2,88.51009,3,9,5,2013,14,29,12,6,0,4,1,10,1,1,2,1,1,1,1,0,0,0
201395247884,5,1,8,22,2,88.51009,2,9,2,2013,8,44,14,0,0,1,1,1,2,1,2,1,1,1,4,0,0,0
201395247936,3,2,1,10,5,18.9049,1,9,6,2013,20,6,8,0,0,2,3,2,4,1,2,3,0,2,1,0,0,0
201395248031,4,2,4,10,5,351.091,2,9,1,2013,14,29,12,1,0,2,1,1,0,0,2,3,0,2,1,0,0,0
201395248074,3,2,15,10,5,13.59662,1,9,1,2013,13,32,1,0,0,2,1,10,2,1,2,2,0,2,1,0,0,0
201395248080,4,2,15,10,5,353.51212,2,9,6,2013,9,56,12,2,0,2,1,10,0,0,2,2,0,2,1,0,0,0