CASENUM,STRATUM,REGION,PJ,PSU,PSUSTRAT,WEIGHT,VE_TOTAL,MONTH,WKDY_IM,YEAR,HOUR_IM,MINUTE_IM,EVENT1_IM,MANCOL_IM,RELJCT1_IM,RELJCT2_IM,LGTCON_IM,WEATHR_IM,MAXSEV_IM,NO_INJ_IM,ALCHL_IM,LAND_USE,PVH_INVL,TYP_INT,REL_ROAD,CF1,CF2,CF3
201395248101,4,2,24,10,5,352.27066,2,9,2,2013,18,0,12,7,0,2,1,1,0,0,2,1,0,2,1,0,0,0
201395248128,4,2,1,10,5,351.091,2,9,4,2013,17,27,12,1,0,2,1,1,0,0,2,3,0,3,1,0,0,0
201395248183,4,2,2,10,5,351.091,2,9,5,2013,7,10,54,11,0,5,3,1,0,0,2,3,0,1,1,14,0,0
201395248210,6,2,3,10,5,210.6546,2,9,2,2013,17,7,12,6,0,4,1,1,2,1,2,8,0,1,1,0,0,0
201395248268,3,2,5,10,5,22.615393,2,9,2,2013,20,49,12,1,0,2,3,1,2,1,2,3,0,,1,20,0,0
201395248279,5,2,5,10,5,90.46157,2,9,6,2013,22,6,12,7,0,1,3,1,2,1,2,3,0,1,1,0,0,0
201395248284,3,2,15,10,5,13.59662,2,9,2,2013,12,36,12,1,0,2,1,10,2,2,2,2,0,2,1,0,0,0
201395248290,3,2,15,10,5,13.59662,2,9,4,2013,7,40,12,6,0,2,1,1,2,4,2,2,0,2,1,0,0,0
201395248307,4,2,17,10,5,357.13135,2,9,7,2013,8,58,12,1,0,2,1,5,0,0,2,1,0,2,1,0,0,0
201395248317,3,2,8,10,5,19.256208,1,9,4,2013,12,4,8,0,0,2,1,1,2,1,2,1,0,2,1,0,0,0
201395248324,6,2,1,32,4,209.36,2,9,6,2013,5,45,12,6,0,2,2,2,0,0,2,3,0,2,1,0,0,0
201395248327,3,2,1,32,4,20.936,2,9,6,2013,7,45,12,6,0,5,4,10,3,1,2,3,0,1,1,0,0,0
201395248335,1,2,1,32,4,20.936,3,9,7,2013,13,20,12,1,0,2,1,1,3,4,2,3,0,3,1,0,0,0
201395248342,3,2,1,32,4,20.936,1,9,1,2013,18,20,8,0,0,1,1,2,2,1,2,3,0,1,1,0,0,0
201395248350,6,2,1,32,4,209.36,2,9,6,2013,20,15,12,6,0,2,2,1,2,2,2,3,0,3,1,0,0,0
201395248352,4,2,1,32,4,355.912,2,9,3,2013,13,0,12,6,0,2,1,1,0,0,2,3,0,2,1,0,0,0
201395248361,1,2,1,32,4,20.936,2,9,4,2013,8,10,12,6,0,2,1,1,3,4,2,3,0,2,1,0,0,0
201395248383,6,2,1,33,5,207.747,1,9,1,2013,3,7,11,0,0,1,2,1,1,1,2,1,0,1,1,0,0,0
201395248401,1,2,1,33,5,4.6166,1,9,2,2013,17,56,59,0,0,1,1,10,3,1,2,1,0,1,4,0,0,0
201395248408,3,2,1,33,5,18.4664,2,9,3,2013,8,54,12,6,0,2,1,1,3,1,2,1,0,3,1,0,0,0
201395248427,5,2,1,33,5,87.7154,1,9,4,2013,14,52,42,0,0,1,1,1,1,1,2,1,0,1,4,0,0,0
201395248463,4,2,1,33,5,350.8616,1,9,6,2013,21,12,11,0,0,1,2,1,0,0,2,1,0,1,1,0,0,0
201395248511,4,2,2,32,4,699.2624,1,9,1,2013,3,31,5,0,0,1,3,1,1,1,2,3,0,1,1,0,0,0
201395248537,1,2,4,33,5,4.6166,1,9,3,2013,2,25,25,0,0,1,2,1,3,1,2,1,0,1,3,0,0,0
201395248556,3,2,4,33,5,18.4664,3,9,4,2013,16,14,12,1,0,1,1,1,2,2,2,1,0,1,1,0,0,0
201395248646,4,2,12,33,5,345.18524,2,9,4,2013,17,35,12,1,0,2,1,1,0,0,2,2,0,3,1,0,0,0
201395248664,5,2,16,33,5,91.08635,2,9,2,2013,6,36,12,6,0,2,4,10,1,1,2,1,0,2,1,0,0,0
201395248668,3,2,16,33,5,22.771587,2,9,4,2013,6,56,12,1,0,1,2,1,2,1,2,1,0,1,1,0,0,0
201395248672,3,2,16,33,5,22.771587,1,9,6,2013,1,50,30,0,0,1,2,1,2,1,1,1,0,1,4,0,0,0
201395248673,4,2,16,33,5,341.5738,2,9,6,2013,11,43,12,6,0,2,1,1,0,0,2,1,0,3,1,0,0,0
201395248683,6,1,1,21,2,208.863,3,9,2,2013,18,29,12,7,0,1,5,1,0,0,2,8,0,1,1,0,0,0
201395248823,3,1,40,21,2,41.90163,1,7,1,2013,4,4,42,0,0,1,3,1,4,1,2,1,0,1,6,0,0,0
201395248825,3,1,2,22,2,29.3172,2,9,6,2013,14,45,12,1,0,1,1,1,2,2,2,8,0,1,1,0,0,0
201395248827,3,1,6,22,2,60.604515,1,9,7,2013,14,51,1,0,0,4,1,10,3,1,2,8,0,1,1,0,0,0
201395248828,4,1,6,22,2,363.6271,1,9,4,2013,20,10,11,0,0,1,3,1,0,0,2,8,0,1,1,0,0,0
201395248829,6,1,6,22,2,181.81355,1,9,6,2013,2,36,30,0,0,1,3,1,0,0,2,8,0,1,4,0,0,0
201395248831,5,1,8,22,2,88.51009,1,9,2,2013,20,55,30,0,0,2,2,1,2,1,2,1,0,2,4,0,0,0
201395248833,4,1,8,22,2,354.04037,1,9,4,2013,18,16,38,0,0,2,1,1,0,0,2,1,0,3,4,0,0,0
201395248864,6,2,1,10,5,210.6546,2,10,5,2013,13,48,12,1,0,2,1,1,0,0,2,3,0,2,1,0,0,0
201395248887,6,2,2,10,5,210.6546,1,9,1,2013,15,6,42,0,0,2,1,2,1,1,2,3,0,3,4,0,0,0
201395248911,3,2,2,10,5,18.9049,1,10,6,2013,2,15,1,0,0,1,3,1,3,1,1,3,0,1,4,0,0,0
201395248926,1,2,3,10,5,2.7007,2,9,1,2013,17,28,12,2,0,2,2,2,3,3,2,8,0,2,1,0,0,0
201395248929,3,2,3,10,5,18.9049,2,9,1,2013,19,53,12,1,0,2,3,2,2,3,2,8,0,3,1,0,0,0
201395249020,4,2,15,10,5,353.51212,2,10,5,2013,7,20,12,6,0,4,4,1,0,0,2,2,0,1,1,0,0,0
201395249028,3,2,17,10,5,17.006254,1,9,2,2013,5,20,24,0,0,5,2,1,2,1,2,1,0,1,4,0,0,0
201395249030,3,2,17,10,5,17.006254,1,10,3,2013,20,15,8,0,0,1,2,1,2,1,1,1,0,1,1,0,0,0
201395249037,5,2,17,10,5,85.03127,2,10,7,2013,23,10,12,6,0,4,2,1,1,1,1,1,0,1,1,0,0,0
201395249041,1,2,24,10,5,27.097744,1,9,2,2013,21,12,43,0,0,2,3,1,3,2,1,1,0,2,4,0,0,0
201395249047,3,2,1,32,4,20.936,2,9,7,2013,15,0,12,7,0,1,1,10,2,2,2,3,0,1,1,0,0,0
201395249051,6,2,1,32,4,209.36,1,9,7,2013,18,5,33,0,0,2,1,1,1,1,2,3,0,2,4,0,0,0
201395249059,4,2,1,32,4,355.912,2,10,4,2013,21,20,12,6,0,2,2,1,1,1,2,3,0,2,1,0,0,0
201395249060,3,2,1,32,4,20.936,1,10,4,2013,16,25,33,0,0,1,1,1,2,1,2,3,0,1,4,0,0,0
201395249063,5,2,1,32,4,83.744,2,10,5,2013,18,0,12,6,0,2,1,1,1,1,2,3,0,2,1,0,0,0
201395249081,1,2,1,33,5,4.6166,2,9,1,2013,15,8,12,2,0,1,1,2,3,4,2,1,0,1,1,0,0,0
201395249119,3,2,1,33,5,18.4664,1,10,4,2013,14,37,9,0,0,2,1,1,2,1,2,1,0,3,1,16,0,0
201395249177,5,2,4,33,5,87.7154,1,9,7,2013,14,0,25,0,0,1,1,1,2,1,2,1,0,1,3,0,0,0
201395249182,3,2,2,32,4,41.872,1,9,7,2013,15,11,25,0,0,1,1,1,4,1,2,3,0,1,3,0,0,0
201395249202,4,2,2,32,4,699.2624,2,9,1,2013,16,40,12,6,0,1,1,2,0,0,2,3,0,1,1,0,0,0
201395249221,6,2,4,33,5,207.747,3,9,2,2013,8,8,12,1,0,1,1,10,1,1,2,1,0,1,1,0,0,0
201395249297,1,2,6,33,5,9.373037,3,10,3,2013,19,45,12,8,0,1,2,1,3,4,2,8,0,1,1,0,0,0
201395249339,4,2,12,33,5,345.18524,2,9,2,2013,17,18,12,1,0,2,1,1,0,0,2,2,0,3,1,0,0,0
201395249393,4,1,2,21,2,350.4257,3,9,2,2013,19,8,12,1,0,2,3,1,0,0,2,8,0,2,1,0,0,0
201395249445,6,1,6,21,2,210.43364,2,9,3,2013,17,4,24,0,1,19,1,1,0,0,2,8,0,1,4,0,0,0
201395249449,1,1,6,21,2,4.384034,1,9,7,2013,23,1,24,0,0,1,3,10,3,1,2,8,0,1,3,0,0,0
201395249466,3,1,6,21,2,21.92017,1,9,3,2013,23,11,33,0,0,1,3,1,2,1,1,8,0,1,4,0,0,0
201395249490,3,1,11,21,2,17.578142,2,9,5,2013,16,59,12,7,1,2,1,1,2,1,2,2,0,3,1,0,0,0
201395249498,5,1,11,21,2,87.89071,2,9,5,2013,11,24,12,6,0,4,1,1,1,1,2,2,0,1,1,0,0,0
201395249502,4,1,11,21,2,351.56284,2,9,4,2013,16,8,12,1,0,1,1,1,0,0,2,2,0,1,1,0,0,0
201395249507,2,1,16,21,2,57.36427,2,9,5,2013,10,43,12,1,0,4,1,1,1,1,2,1,0,1,1,0,0,0
201395249518,3,1,6,22,2,60.604515,1,9,6,2013,16,54,8,0,0,1,1,1,2,1,2,8,0,1,1,0,0,0
201395249522,6,1,8,22,2,177.02019,1,9,6,2013,23,45,30,0,0,1,3,1,0,0,1,1,0,1,4,0,0,0
201395249524,5,1,8,22,2,88.51009,2,9,3,2013,17,21,12,2,0,2,1,1,2,4,1,1,0,2,1,0,0,0
201395249620,1,2,2,10,5,2.7007,2,10,3,2013,20,30,12,2,0,1,1,1,3,3,1,3,0,1,1,0,0,0
201395249673,4,2,3,10,5,351.091,2,10,1,2013,12,23,14,0,0,1,1,1,0,0,2,8,1,1,7,0,0,0
201395249684,6,2,4,10,5,210.6546,2,10,2,2013,6,45,12,1,0,1,2,1,2,1,2,3,0,1,1,0,0,0
201395249725,4,2,5,10,5,346.76935,2,10,1,2013,10,0,12,6,0,2,1,2,0,0,2,3,0,,1,0,0,0
201395249757,3,2,15,10,5,13.59662,2,10,3,2013,17,34,14,0,0,1,1,1,2,1,1,2,1,1,7,0,0,0
201395249759,3,2,15,10,5,13.59662,2,10,3,2013,18,1,12,6,0,2,1,1,2,2,2,2,0,2,1,0,0,0
201395249762,3,2,15,10,5,13.59662,2,10,6,2013,17,29,12,6,0,2,1,1,2,2,2,2,0,2,1,0,0,0
201395249780,4,2,24,10,5,352.27066,2,10,1,2013,14,14,12,6,0,2,1,10,1,1,2,1,0,2,1,0,0,0
201395249783,6,2,24,10,5,216.78195,2,10,4,2013,17,56,12,6,0,4,1,1,1,1,2,1,0,1,1,0,0,0
201395249793,1,2,1,32,4,20.936,2,10,1,2013,3,40,14,0,0,1,3,1,3,1,2,3,1,1,7,0,0,0
201395249812,4,2,1,32,4,355.912,2,10,5,2013,22,20,12,7,0,1,3,1,0,0,2,3,0,1,1,0,0,0
201395249815,6,2,1,32,4,209.36,2,10,2,2013,1,15,12,1,0,2,3,1,0,0,2,3,0,3,1,0,0,0
201395249821,3,2,1,32,4,20.936,2,10,4,2013,16,50,12,6,0,2,1,1,2,2,2,3,0,2,1,0,0,0
201395249835,4,2,1,33,5,350.8616,2,10,7,2013,17,53,12,1,0,2,1,1,0,0,2,1,0,2,1,0,0,0
201395249885,3,2,1,33,5,18.4664,4,10,4,2013,16,50,12,1,0,1,1,1,2,2,2,1,0,1,1,0,0,0
201395249946,1,2,2,32,4,4.1872,1,10,7,2013,7,30,42,0,0,1,1,2,3,1,2,3,0,1,4,0,0,0
201395249980,4,2,4,33,5,350.8616,2,10,1,2013,13,50,12,1,0,1,1,1,0,0,2,1,0,1,1,0,0,0
201395249984,1,2,2,32,4,4.1872,4,10,1,2013,17,30,14,0,0,1,1,2,3,4,2,3,1,1,2,0,0,0
201395250009,1,2,2,32,4,4.1872,1,10,2,2013,16,45,25,0,0,1,1,10,3,1,2,3,0,1,3,0,0,0
201395250062,2,2,2,32,4,121.4288,2,10,5,2013,19,55,12,7,0,1,3,1,2,1,2,3,0,1,1,0,0,0
201395250078,4,2,2,32,4,699.2624,2,10,6,2013,23,13,12,1,0,1,2,1,0,0,2,3,0,1,1,0,0,0
201395250083,4,2,6,33,5,346.80237,2,10,3,2013,16,50,12,7,0,4,1,1,2,1,2,8,0,1,1,0,0,0
201395250110,3,2,12,33,5,22.270016,2,10,7,2013,14,50,12,1,0,1,1,10,2,6,2,2,0,1,1,0,0,0
201395250125,1,2,12,33,5,11.135008,2,10,3,2013,11,50,12,6,0,2,1,1,3,1,2,2,0,2,1,0,0,0
201395250132,1,2,12,33,5,11.135008,1,10,5,2013,11,17,1,0,0,1,1,1,3,2,2,2,0,1,1,0,0,0
201395250134,4,2,12,33,5,345.18524,2,10,5,2013,16,58,12,6,0,2,1,1,0,0,2,2,0,2,1,0,0,0
201395250139,6,2,12,33,5,211.56516,3,10,6,2013,17,4,12,1,0,1,1,1,0,0,2,2,0,1,1,0,0,0
201395250150,4,2,16,33,5,341.5738,2,10,5,2013,15,15,12,6,0,2,1,1,0,0,2,1,0,2,1,0,0,0
201395250177,3,1,1,21,2,20.8863,3,10,4,2013,8,57,12,1,1,18,1,1,2,1,2,8,0,1,1,28,0,0
201395250258,5,1,6,21,2,92.06471,1,10,3,2013,19,0,46,0,0,2,3,1,1,1,2,8,0,2,3,0,0,0
201395250285,4,1,9,21,2,349.80505,2,10,5,2013,11,53,12,6,0,2,1,1,1,1,2,1,0,6,1,0,0,0
201395250298,6,1,11,21,2,210.9377,1,10,3,2013,9,9,33,0,0,1,1,1,0,0,2,2,0,1,4,0,0,0
201395250311,5,1,40,21,2,83.80326,1,10,7,2013,12,52,42,0,0,1,1,10,2,1,2,1,0,1,4,0,0,0
201395250319,5,1,6,22,2,60.604515,1,10,1,2013,20,48,35,0,0,1,3,2,2,1,2,8,0,1,4,0,0,0
201395250323,6,1,8,22,2,177.02019,2,10,3,2013,16,37,12,1,0,1,1,1,1,1,2,1,0,1,1,0,0,0
201395250324,4,1,8,22,2,354.04037,2,10,1,2013,12,34,12,1,0,2,1,10,0,0,2,1,0,3,1,0,0,0
201395250328,6,1,8,22,2,177.02019,2,10,1,2013,15,1,12,1,0,2,1,10,0,0,2,1,0,2,1,0,0,0
201395250334,2,2,4,10,5,59.4154,5,10,6,2013,16,23,12,1,0,1,1,1,2,6,2,3,0,1,1,0,0,0
201395250362,3,2,1,10,5,18.9049,1,10,2,2013,8,5,25,0,0,1,1,1,2,1,2,3,0,1,3,0,0,0
201395250395,4,2,1,10,5,351.091,2,10,6,2013,11,15,12,8,0,4,1,1,0,0,2,3,0,1,1,0,0,0
201395250472,1,2,3,10,5,2.7007,2,10,4,2013,6,27,12,6,0,2,2,10,3,1,2,8,0,2,1,0,0,0
201395250553,3,2,15,10,5,13.59662,1,10,1,2013,4,16,33,0,0,1,3,1,3,1,1,2,0,1,4,0,0,0
201395250568,4,2,15,10,5,353.51212,2,10,7,2013,13,2,12,7,0,4,1,2,0,0,2,2,0,1,1,0,0,0
201395250574,4,2,17,10,5,357.13135,2,10,3,2013,17,19,12,6,0,4,1,10,0,0,2,1,0,1,1,0,0,0
201395250584,6,2,17,10,5,204.07504,2,10,7,2013,9,7,12,6,0,4,1,2,1,2,2,1,0,1,1,0,0,0
201395250593,4,2,24,10,5,352.27066,2,10,6,2013,17,40,12,1,0,1,1,1,0,0,2,1,0,1,1,0,0,0
201395250604,5,2,1,32,4,83.744,2,10,6,2013,13,0,12,1,0,2,1,1,2,1,2,3,0,2,1,0,0,0
201395250607,4,2,1,32,4,355.912,3,10,1,2013,14,15,12,1,0,2,1,1,2,2,2,3,0,2,11,0,0,0
201395250612,3,2,1,32,4,20.936,2,10,4,2013,17,20,12,1,0,2,1,1,2,3,2,3,0,3,1,0,0,0
201395250638,3,2,1,33,5,18.4664,1,10,1,2013,16,33,8,0,0,2,1,1,2,2,2,1,0,2,1,0,0,0
201395250639,4,2,1,33,5,350.8616,1,10,1,2013,16,40,1,0,0,1,1,1,0,0,2,1,0,1,1,0,0,0
201395250658,1,2,1,33,5,4.6166,1,10,3,2013,7,46,59,0,0,5,1,1,3,1,2,1,0,1,4,0,0,0
201395250742,6,2,2,32,4,418.72,1,10,2,2013,6,40,24,0,0,5,3,1,0,0,2,3,0,1,3,0,0,0
201395250819,5,2,2,32,4,180.0496,1,10,5,2013,6,20,1,0,0,5,2,10,2,1,2,3,0,1,4,0,0,0
201395250852,4,2,4,33,5,350.8616,2,10,6,2013,8,52,12,7,0,1,1,1,0,0,1,1,0,1,1,0,0,0
201395250867,3,2,4,33,5,18.4664,1,10,6,2013,19,46,1,0,0,1,2,10,2,1,2,1,0,1,1,0,0,0
201395250872,3,2,6,33,5,18.746075,1,10,7,2013,20,16,9,0,0,4,3,1,2,1,2,8,0,1,1,16,0,0
201395250897,4,2,8,33,5,350.28952,2,10,1,2013,0,20,14,0,0,1,3,1,0,0,2,2,1,1,7,0,0,0
201395250945,6,2,16,33,5,204.94429,2,10,2,2013,7,35,12,6,0,2,1,1,1,1,2,1,0,2,1,0,0,0
201395250955,4,2,16,33,5,341.5738,2,10,6,2013,9,14,12,1,0,2,1,1,0,0,2,1,0,3,1,0,0,0
201395251020,4,2,2,10,5,351.091,1,10,1,2013,2,19,11,0,0,1,2,2,0,0,2,3,0,1,1,0,0,0
201395251137,4,2,4,10,5,351.091,2,10,6,2013,16,50,12,1,0,4,1,1,0,0,2,3,0,1,1,0,0,0
201395251161,4,2,5,10,5,346.76935,2,10,4,2013,14,54,12,1,0,2,1,1,1,1,2,3,0,2,1,0,0,0
201395251175,3,2,15,10,5,13.59662,2,10,1,2013,16,37,12,6,0,4,1,10,2,1,1,2,0,1,1,0,0,0
201395251202,3,2,24,10,5,27.097744,2,10,3,2013,12,20,12,1,0,4,1,10,2,2,2,1,0,1,1,0,0,0
201395251229,4,2,1,33,5,350.8616,2,10,2,2013,11,42,12,1,0,1,1,2,0,0,2,1,0,1,1,0,0,0
201395251270,1,2,1,33,5,4.6166,4,10,4,2013,12,41,12,1,0,1,1,1,4,4,2,1,0,1,1,0,0,0
201395251284,6,2,1,33,5,207.747,2,10,5,2013,12,18,12,7,0,4,1,1,1,1,2,1,0,1,1,0,0,0
201395251321,3,2,2,33,5,18.4664,2,10,3,2013,8,19,12,6,0,2,1,1,2,2,2,3,0,3,1,0,0,0
201395251323,4,2,2,33,5,350.8616,2,10,4,2013,8,42,12,1,0,2,1,1,0,0,2,3,0,,1,0,0,0
201395251325,2,2,2,33,5,60.0158,2,10,5,2013,7,24,54,11,0,1,2,10,1,1,2,3,0,1,1,14,0,0
201395251416,6,2,2,32,4,418.72,4,10,4,2013,16,38,12,1,0,1,1,1,1,3,1,3,0,1,1,0,0,0
201395251422,4,2,4,33,5,350.8616,1,10,5,2013,7,45,11,0,0,1,4,1,0,0,2,1,0,1,1,0,0,0
201395251434,1,2,2,32,4,4.1872,2,10,3,2013,13,45,8,0,0,1,1,1,4,3,2,3,0,1,1,0,0,0
201395251457,3,2,6,33,5,18.746075,2,10,7,2013,18,51,12,1,0,1,3,1,2,4,2,8,0,1,1,0,0,0
201395251463,4,2,6,33,5,346.80237,2,10,4,2013,8,30,12,1,0,1,4,1,0,0,2,8,0,1,1,0,0,0
201395251479,3,2,8,33,5,18.76551,1,10,2,2013,19,32,8,0,0,1,2,1,2,1,2,2,0,1,1,0,0,0
201395251488,4,2,12,33,5,345.18524,2,10,7,2013,13,8,12,1,0,1,1,2,1,2,2,2,0,1,1,0,0,0
201395251503,3,2,12,33,5,22.270016,3,10,5,2013,17,55,12,7,0,1,1,10,3,2,2,2,0,1,1,0,0,0
201395251524,4,2,16,33,5,341.5738,1,10,4,2013,22,0,11,0,0,1,2,1,0,0,2,1,0,1,1,0,0,0
201395251541,4,2,1,32,4,355.912,2,10,3,2013,21,0,14,0,0,1,3,1,0,0,2,3,1,1,7,0,0,0
201395251551,5,2,1,32,4,83.744,2,10,5,2013,16,45,12,1,0,1,1,1,1,2,2,3,0,1,1,0,0,0
201395251555,6,2,1,32,4,209.36,2,10,1,2013,20,30,14,0,0,1,3,1,0,0,2,3,1,1,7,0,0,0
201395251561,3,2,1,32,4,20.936,1,10,2,2013,17,30,8,0,0,1,1,2,3,2,2,3,0,1,1,0,0,0
201395251647,1,2,2,10,5,2.7007,2,10,2,2013,17,10,12,6,0,2,1,10,3,1,2,3,0,2,1,0,0,0
201395251767,3,2,5,10,5,22.615393,1,10,5,2013,16,5,8,0,0,1,1,2,2,1,2,3,0,1,1,0,0,0
201395251794,4,2,17,10,5,357.13135,1,10,3,2013,23,13,11,0,0,1,2,1,0,0,2,1,0,1,1,0,0,0
201395251807,5,2,24,10,5,81.293236,2,10,4,2013,22,33,12,6,0,2,3,2,2,1,2,1,0,2,1,0,0,0
201395251815,4,2,1,32,4,355.912,2,10,7,2013,22,30,12,1,0,2,3,10,2,4,2,3,0,2,1,0,0,0
201395251819,3,2,1,32,4,20.936,2,10,5,2013,15,30,12,6,0,2,1,2,3,1,2,3,0,2,1,0,0,0
201395251834,6,2,1,32,4,209.36,2,11,6,2013,12,35,12,1,0,2,1,1,3,3,2,3,0,,1,0,0,0
201395251840,4,2,1,32,4,355.912,2,10,1,2013,12,0,12,7,0,1,1,1,0,0,2,3,0,1,1,0,0,0
201395251843,1,2,1,32,4,20.936,2,7,6,2013,13,55,12,6,0,2,1,1,3,2,2,3,0,2,1,0,0,0
201395251850,3,2,1,32,4,20.936,2,7,2,2013,20,20,12,6,0,2,5,10,2,1,2,3,0,2,1,0,0,0
201395251858,3,2,1,32,4,20.936,1,7,5,2013,21,5,8,0,0,1,5,1,2,3,2,3,0,1,1,0,0,0
201395251860,3,2,1,32,4,20.936,1,7,3,2013,19,0,9,0,0,4,1,1,2,1,2,3,0,1,1,0,0,0
201395251871,4,2,1,32,4,355.912,2,8,3,2013,16,45,12,2,0,2,1,10,1,2,2,3,0,2,1,0,0,0
201395251874,5,2,1,32,4,83.744,3,8,1,2013,23,45,14,0,0,2,3,1,1,1,2,3,2,3,7,14,0,0
201395251883,3,2,1,32,4,20.936,1,8,5,2013,2,25,40,0,0,1,3,1,2,1,1,3,0,1,4,0,0,0
201395251891,6,2,1,32,4,209.36,2,8,3,2013,14,15,14,0,0,2,1,1,0,0,2,3,1,3,7,0,0,0
201395251897,3,2,1,32,4,20.936,3,8,6,2013,22,50,14,0,0,1,3,1,3,2,2,3,2,1,7,14,0,0
201395251898,4,2,1,32,4,355.912,2,8,1,2013,20,30,12,1,0,2,1,1,1,2,2,3,0,2,1,0,0,0
201395251910,1,2,1,32,4,20.936,2,8,7,2013,19,30,12,6,0,1,1,1,3,1,2,3,0,1,1,0,0,0
201395251912,3,2,1,32,4,20.936,1,8,1,2013,17,55,9,0,0,2,1,1,2,1,2,3,0,2,1,0,0,0
201395251932,4,2,1,33,5,350.8616,2,10,1,2013,11,33,12,6,0,4,1,1,2,1,2,1,0,1,11,0,0,0
201395252056,1,2,4,33,5,4.6166,1,10,7,2013,5,15,34,0,0,1,2,10,4,1,2,1,0,1,4,0,0,0
201395252101,1,2,4,33,5,4.6166,1,10,3,2013,18,30,35,0,0,1,1,10,4,1,2,1,0,1,4,13,0,0
201395252136,4,2,2,32,4,699.2624,3,10,5,2013,11,50,12,7,0,1,1,2,0,0,2,3,0,1,1,0,0,0
201395252169,2,2,4,33,5,60.0158,3,11,6,2013,0,45,12,1,0,1,3,2,1,2,2,1,0,1,1,0,0,0
201395252218,1,2,6,33,5,9.373037,1,11,6,2013,20,9,33,0,0,1,3,1,3,1,2,8,0,1,3,0,0,0
201395252220,4,2,6,33,5,346.80237,2,7,7,2013,13,32,12,7,0,4,1,10,5,1,2,8,0,1,1,0,0,0
201395252222,3,2,6,33,5,18.746075,2,8,1,2013,20,30,12,1,0,2,2,1,2,1,2,8,0,4,1,0,0,0
201395252265,4,2,12,33,5,345.18524,2,10,3,2013,14,13,12,6,0,4,1,1,0,0,2,2,0,1,11,0,0,0
201395252281,5,2,16,33,5,91.08635,2,10,7,2013,21,50,12,6,0,2,2,1,1,2,2,1,0,2,1,0,0,0
201395252288,3,2,16,33,5,22.771587,3,10,5,2013,16,42,12,1,0,2,1,2,2,1,2,1,0,3,1,0,0,0
201395252291,3,2,16,33,5,22.771587,1,8,6,2013,12,36,9,0,0,1,1,1,3,1,2,1,0,1,1,0,0,0
201395252295,4,2,16,33,5,341.5738,2,8,4,2013,11,33,12,6,0,2,1,1,0,0,1,1,0,2,1,0,0,0
201395252392,1,1,2,21,2,2.3207,1,10,1,2013,2,13,34,0,0,1,3,1,3,1,2,8,0,1,4,0,0,0
201395252443,1,1,3,21,2,2.3207,1,7,7,2013,1,47,33,0,0,2,3,10,3,1,2,2,0,3,4,0,0,0
201395252454,4,1,3,21,2,350.4257,2,8,1,2013,13,18,12,9,0,4,1,1,0,0,2,2,0,1,1,0,0,0
201395252534,3,1,3,21,2,20.8863,1,9,6,2013,7,39,8,0,0,1,1,2,3,1,2,2,0,1,1,0,0,0
201395252550,1,1,3,21,2,2.3207,2,9,6,2013,14,59,12,6,0,4,1,1,3,2,1,2,0,1,1,0,0,0
201395252627,5,1,4,21,2,90.5073,1,10,1,2013,3,24,30,0,0,1,3,1,2,1,2,3,0,1,4,0,0,0
201395252660,3,1,6,21,2,21.92017,2,10,6,2013,16,5,12,1,0,1,1,1,2,1,2,8,0,1,1,28,0,0
201395252665,2,1,6,21,2,61.376476,3,10,6,2013,20,5,12,1,0,1,2,1,0,0,2,8,0,1,1,28,0,0
201395252678,1,1,9,21,2,7.950115,2,10,4,2013,20,4,42,0,0,1,2,1,3,2,1,1,1,1,5,14,0,0
201395252683,3,1,11,21,2,17.578142,1,10,3,2013,16,48,8,0,0,2,1,1,2,1,2,2,0,3,1,0,0,0
201395252692,5,1,6,22,2,60.604515,1,10,5,2013,7,5,42,0,0,2,1,10,1,1,2,8,0,3,4,0,0,0
201395252694,4,1,8,22,2,354.04037,1,10,4,2013,8,3,1,0,0,2,1,1,0,0,2,1,0,3,1,0,0,0
201395252697,2,1,8,22,2,88.51009,2,10,4,2013,16,34,12,6,0,2,1,1,0,0,2,1,0,3,1,0,0,0
201395252698,6,1,8,22,2,177.02019,1,10,7,2013,2,34,41,0,0,2,3,1,0,0,2,1,0,3,4,0,0,0
201395252812,6,1,6,21,2,210.43364,2,10,2,2013,21,45,12,1,0,2,3,1,0,0,2,8,0,4,1,0,0,0
201395252844,5,1,9,21,2,87.45126,1,10,1,2013,8,27,30,0,0,1,1,1,1,1,2,1,0,1,4,0,0,0
201395252856,4,1,6,22,2,363.6271,2,10,7,2013,10,44,12,6,0,2,1,1,0,0,2,8,0,2,1,0,0,0
201395252858,6,1,6,22,2,181.81355,1,10,1,2013,18,11,33,0,0,1,3,1,0,0,2,8,0,1,4,0,0,0
201395252862,6,1,8,22,2,177.02019,1,10,3,2013,15,49,30,0,0,1,1,1,0,0,2,1,0,1,4,0,0,0
201395252863,1,1,8,22,2,88.51009,1,10,2,2013,2,27,30,0,0,2,3,1,3,1,2,1,0,3,4,0,0,0
201395252887,4,2,1,10,5,351.091,2,11,5,2013,10,19,12,6,0,7,1,1,0,0,2,3,0,1,1,0,0,0