CASENUM,STRATUM,REGION,PJ,PSU,PSUSTRAT,WEIGHT,VE_TOTAL,MONTH,WKDY_IM,YEAR,HOUR_IM,MINUTE_IM,EVENT1_IM,MANCOL_IM,RELJCT1_IM,RELJCT2_IM,LGTCON_IM,WEATHR_IM,MAXSEV_IM,NO_INJ_IM,ALCHL_IM,LAND_USE,PVH_INVL,TYP_INT,REL_ROAD,CF1,CF2,CF3
201395309035,6,1,2,7,2,206.7274,2,1,6,2013,12,0,12,6,0,2,1,1,0,0,2,8,0,3,1,0,0,0
201395309042,4,1,2,7,2,347.6779,2,1,4,2013,7,43,12,7,0,1,1,1,5,1,2,8,0,1,1,0,0,0
201395309049,5,1,2,7,2,93.967,2,1,3,2013,8,30,12,7,0,1,1,3,2,1,2,8,0,1,1,0,0,0
201395309054,2,1,2,7,2,56.3802,6,1,6,2013,22,10,12,7,0,1,3,1,2,4,1,8,0,1,1,14,0,0
201395309058,3,1,2,7,2,18.7934,2,1,5,2013,17,56,12,7,0,1,3,1,2,1,2,8,0,1,1,0,0,0
201395309071,3,1,3,7,2,18.7934,1,1,1,2013,16,1,8,0,0,2,1,1,2,1,2,3,0,2,1,0,0,0
201395309081,6,1,5,7,2,212.50645,3,1,4,2013,7,56,12,6,0,2,1,2,1,1,2,2,0,2,1,0,0,0
201395309089,5,1,5,7,2,96.59384,2,1,3,2013,7,21,12,2,0,1,1,1,5,1,2,2,0,1,1,0,0,0
201395309092,3,1,8,7,2,34.57384,1,1,1,2013,19,21,8,0,0,2,3,2,2,1,2,1,0,2,1,0,0,0
201395309097,6,1,8,7,2,207.44305,1,1,6,2013,17,7,30,0,0,1,1,4,0,0,2,1,0,1,4,0,0,0
201395309103,4,1,10,7,2,364.25275,2,1,7,2013,15,18,12,1,0,2,1,1,1,1,2,1,0,2,1,28,0,0
201395309105,5,1,16,7,2,76.733925,3,1,3,2013,10,24,12,6,0,2,1,1,2,1,1,1,0,2,1,0,0,0
201395309124,5,1,1,7,2,93.967,2,2,6,2013,13,30,12,6,0,2,1,1,1,1,2,2,0,2,1,0,0,0
201395309142,6,1,2,7,2,206.7274,1,2,6,2013,19,37,11,0,0,1,6,1,0,0,2,8,0,1,1,0,0,0
201395309150,6,1,3,7,2,206.7274,1,1,2,2013,7,38,38,0,0,1,1,4,0,0,2,3,0,1,4,0,0,0
201395309151,5,1,3,7,2,93.967,3,1,2,2013,12,35,12,1,0,4,1,2,1,1,2,3,0,1,1,0,0,0
201395309161,5,1,8,7,2,103.72153,2,1,7,2013,16,32,12,6,0,2,1,1,5,2,2,1,0,2,1,0,0,0
201395309166,6,1,10,7,2,208.14442,2,1,3,2013,20,40,12,1,0,2,3,1,0,0,2,1,0,2,1,0,0,0
201395309178,5,3,5,61,9,104.1441,2,2,4,2013,18,48,12,6,0,2,3,1,2,2,2,1,0,2,1,0,0,0
201395309186,3,3,5,61,9,34.7147,2,2,5,2013,8,45,12,1,0,2,1,1,2,1,2,1,0,2,1,0,0,0
201395309187,4,3,5,61,9,347.147,2,2,5,2013,16,52,14,0,0,1,1,2,1,1,2,1,1,1,7,0,0,0
201395309189,6,3,5,61,9,208.2882,5,2,2,2013,16,31,12,1,0,2,1,1,0,0,2,1,0,2,1,0,0,0
201395309204,3,3,5,61,9,34.7147,1,2,4,2013,17,24,1,0,0,2,1,1,2,2,2,1,0,,1,28,0,0
201395309206,4,3,5,61,9,347.147,2,3,7,2013,13,58,12,1,0,2,1,1,0,0,1,1,0,2,1,0,0,0
201395309209,5,3,5,61,9,104.1441,1,3,4,2013,7,53,1,0,0,1,1,2,1,1,2,1,0,1,4,0,0,0
201395309211,6,3,5,61,9,208.2882,2,3,3,2013,9,1,12,2,0,2,1,1,0,0,2,1,0,2,1,0,0,0
201395309218,3,3,3,61,9,34.7147,1,2,6,2013,15,55,9,0,0,4,1,1,2,1,2,1,0,1,1,0,0,0
201395309219,1,3,3,61,9,34.7147,2,2,7,2013,16,47,12,6,0,2,5,1,3,1,2,1,0,2,1,0,0,0
201395309220,5,3,3,61,9,104.1441,2,2,6,2013,21,50,12,2,0,2,3,1,2,2,2,1,0,2,1,0,0,0
201395309223,5,3,3,61,9,104.1441,2,2,5,2013,12,2,12,6,0,2,1,10,2,3,2,1,0,2,1,0,0,0
201395309225,3,3,3,61,9,34.7147,1,2,7,2013,22,30,1,0,0,1,2,1,3,1,2,1,0,1,1,0,0,0
201395309239,6,3,1,61,9,208.2882,2,2,7,2013,3,14,12,6,0,2,3,1,0,0,1,8,0,2,1,0,0,0
201395309253,5,3,1,61,9,104.1441,2,2,1,2013,14,53,12,6,0,2,1,1,2,1,2,8,0,2,1,0,0,0
201395309254,6,3,1,61,9,208.2882,1,2,4,2013,15,50,53,0,0,1,1,1,0,0,2,8,0,1,4,0,0,0
201395309260,6,3,1,61,9,208.2882,2,2,1,2013,10,0,12,6,0,2,1,1,1,1,2,8,0,2,1,0,0,0
201395309262,4,3,1,61,9,347.147,1,2,1,2013,22,30,11,0,0,1,2,1,0,0,2,8,0,1,1,0,0,0
201395309266,3,3,1,61,9,34.7147,2,2,3,2013,21,35,12,6,0,4,3,1,2,1,2,8,0,1,1,0,0,0
201395309269,1,3,1,61,9,34.7147,1,2,1,2013,22,55,42,0,0,1,3,1,3,2,2,8,0,1,4,0,0,0
201395309272,2,3,1,61,9,69.4294,2,2,3,2013,12,0,54,11,0,1,1,1,1,1,2,8,0,1,1,14,0,0
201395309274,5,3,1,61,9,104.1441,2,2,4,2013,11,25,12,6,0,2,1,1,2,1,2,8,0,2,1,0,0,0
201395309276,3,3,1,61,9,34.7147,1,2,5,2013,12,55,9,0,0,2,1,1,2,1,2,8,0,3,1,0,0,0
201395309278,2,3,1,61,9,69.4294,2,2,3,2013,11,25,12,1,0,2,1,1,1,1,2,8,0,,1,0,0,0
201395309285,1,3,1,61,9,34.7147,1,2,7,2013,10,0,59,0,0,2,1,1,3,1,2,8,0,3,4,0,0,0
201395309286,4,3,1,61,9,347.147,2,2,1,2013,13,9,12,6,0,2,1,1,0,0,2,8,0,3,1,0,0,0
201395309291,5,3,1,61,9,104.1441,1,2,4,2013,16,55,42,0,0,1,1,1,2,1,2,8,0,1,4,0,0,0
201395309296,1,3,1,61,9,34.7147,1,2,7,2013,22,5,1,0,0,1,2,1,4,4,1,8,0,1,1,0,0,0
201395309298,6,3,1,61,9,208.2882,2,2,5,2013,4,50,12,1,0,4,3,1,0,0,2,8,0,1,1,0,0,0
201395309299,3,3,1,61,9,34.7147,3,2,5,2013,16,55,12,1,0,2,1,2,3,1,2,8,0,2,1,0,0,0
201395309307,4,3,1,61,9,347.147,2,2,3,2013,12,0,12,2,0,2,1,1,1,1,2,8,0,3,1,0,0,0
201395309318,6,3,1,61,9,208.2882,2,2,2,2013,19,10,12,1,0,4,3,1,1,1,2,8,0,1,1,0,0,0
201395309323,3,3,1,61,9,34.7147,1,2,3,2013,21,35,9,0,0,1,3,10,4,2,1,8,0,1,1,0,0,0
201395309327,3,3,1,61,9,34.7147,4,2,3,2013,9,10,12,1,0,2,1,1,2,1,2,8,0,,1,0,0,0
201395309328,5,3,1,61,9,104.1441,2,2,4,2013,12,55,12,6,0,2,1,1,2,3,2,8,0,2,1,0,0,0
201395309329,4,3,1,61,9,347.147,2,2,5,2013,8,0,12,1,0,2,1,1,0,0,2,8,0,,1,0,0,0
201395309336,3,3,6,61,9,34.7147,1,2,7,2013,14,35,8,0,0,1,1,1,2,1,2,1,0,1,1,0,0,0
201395309337,3,3,6,61,9,34.7147,1,2,2,2013,16,34,8,0,0,1,1,1,3,1,2,1,0,1,1,0,0,0
201395309338,6,3,6,61,9,208.2882,2,2,4,2013,16,42,12,1,0,1,1,1,0,0,2,1,0,1,1,0,0,0
201395309343,4,3,1,46,8,359.424,1,1,1,2013,19,10,11,0,0,1,2,1,0,0,2,8,0,1,1,0,0,0
201395309347,3,3,1,46,8,22.464,2,1,2,2013,6,45,12,1,0,2,4,2,3,2,2,8,0,3,1,0,0,0
201395309348,5,3,1,46,8,89.856,2,1,2,2013,6,55,12,6,0,2,1,2,1,2,2,8,0,2,1,0,0,0
201395309353,2,3,1,46,8,67.392,1,1,3,2013,23,25,1,0,0,1,2,2,0,0,2,8,0,1,4,0,0,0
201395309355,6,3,1,46,8,202.176,1,1,4,2013,15,44,57,0,0,1,1,1,0,0,2,8,0,1,3,0,0,0
201395309369,6,3,3,46,8,202.176,2,1,7,2013,14,30,12,1,0,2,1,1,0,0,2,2,0,3,1,0,0,0
201395309398,5,3,4,46,8,89.856,2,1,3,2013,17,25,12,6,0,2,3,1,2,1,2,2,0,2,1,0,0,0
201395309399,4,3,4,46,8,359.424,2,1,3,2013,17,45,12,1,0,2,3,1,0,0,2,2,0,2,1,0,0,0
201395309407,2,3,5,46,8,67.392,2,1,7,2013,12,3,12,1,0,2,1,1,1,1,2,1,0,2,1,0,0,0
201395309416,6,3,7,46,8,208.0418,2,1,7,2013,22,11,12,1,0,4,6,1,0,0,2,1,0,1,1,0,0,0
201395309423,4,3,1,46,8,359.424,1,2,7,2013,5,25,25,0,0,1,2,2,0,0,2,8,0,1,3,0,0,0
201395309432,6,3,1,46,8,202.176,1,2,7,2013,8,25,23,0,0,1,1,2,0,0,2,8,0,1,4,0,0,0
201395309448,5,3,1,46,8,89.856,2,2,2,2013,15,41,12,6,0,4,1,2,2,1,2,8,0,1,1,0,0,0
201395309454,3,3,1,46,8,22.464,1,2,3,2013,16,15,35,0,0,1,1,1,2,1,2,8,0,1,4,0,0,0
201395309457,6,3,1,46,8,202.176,1,2,4,2013,19,9,38,0,0,1,2,1,0,0,2,8,0,1,5,0,0,0
201395309467,4,3,1,46,8,359.424,2,2,7,2013,11,5,12,6,0,2,1,1,0,0,2,8,0,3,1,0,0,0
201395309473,5,3,1,46,8,89.856,1,2,1,2013,19,5,42,0,0,1,2,1,2,1,2,8,0,1,4,0,0,0
201395309477,6,3,1,46,8,202.176,3,2,3,2013,7,15,12,1,0,1,1,1,0,0,2,8,0,1,1,0,0,0
201395309495,4,3,3,46,8,359.424,2,2,2,2013,7,50,12,1,0,1,1,10,0,0,2,2,0,1,1,0,0,0
201395309498,1,3,3,46,8,22.464,4,2,3,2013,7,52,12,6,0,2,1,1,3,1,2,2,0,3,1,0,0,0
201395309503,1,3,3,46,8,22.464,2,2,1,2013,11,25,12,6,0,2,1,2,3,1,2,2,0,2,1,0,0,0
201395309504,1,3,3,46,8,22.464,1,2,2,2013,0,30,30,0,0,1,3,10,3,1,2,2,0,1,4,0,0,0
201395309508,6,3,3,46,8,202.176,2,2,4,2013,14,26,12,1,0,2,1,10,0,0,2,2,0,3,1,0,0,0
201395309522,6,3,4,46,8,202.176,3,2,4,2013,13,25,12,1,0,4,1,1,0,0,2,2,0,1,1,0,0,0
201395309528,4,3,4,46,8,359.424,2,2,7,2013,11,6,12,1,0,2,1,1,0,0,2,2,0,2,1,0,0,0
201395309534,1,3,4,46,8,22.464,1,2,4,2013,1,0,53,0,0,1,3,2,3,1,2,2,0,1,4,0,0,0
201395309543,6,3,5,46,8,202.176,1,2,7,2013,5,0,24,0,0,1,2,3,1,1,2,1,0,1,3,0,0,0
201395309553,4,3,5,46,8,359.424,1,2,3,2013,1,35,34,0,0,2,3,10,0,0,2,1,0,2,4,0,0,0
201395309574,4,3,5,46,8,359.424,1,2,4,2013,16,5,24,0,0,5,1,10,0,0,2,1,0,1,4,0,0,0
201395309575,6,3,5,46,8,202.176,2,2,4,2013,17,20,12,6,0,4,5,1,0,0,2,1,0,1,1,21,0,0
201395309589,4,3,7,46,8,364.07315,1,2,3,2013,15,45,18,0,0,1,1,10,0,0,2,1,0,1,1,0,0,0
201395309590,2,3,7,46,8,52.01045,2,2,5,2013,7,50,12,1,0,1,1,1,0,0,2,1,0,1,1,0,0,0
201395309591,2,3,7,46,8,52.01045,2,2,5,2013,15,15,12,7,0,4,1,1,0,0,2,1,0,1,1,0,0,0
201395309610,5,1,2,7,2,93.967,2,2,6,2013,12,10,12,7,0,1,1,2,1,3,2,8,0,1,1,0,0,0
201395309637,6,1,5,7,2,212.50645,2,2,7,2013,17,43,12,2,0,4,3,1,0,0,2,2,0,1,1,0,0,0
201395309647,6,1,16,7,2,230.20177,1,2,1,2013,14,46,30,0,0,1,1,1,0,0,2,1,0,1,4,0,0,0
201395309663,6,3,1,61,9,208.2882,2,2,4,2013,15,51,12,6,0,2,1,1,1,2,2,8,0,2,1,0,0,0
201395309672,5,3,1,61,9,104.1441,2,2,3,2013,20,10,12,2,0,2,3,1,1,3,2,8,0,2,1,0,0,0
201395309675,4,3,1,61,9,347.147,2,2,1,2013,12,10,12,1,0,2,1,1,0,0,2,8,0,4,1,0,0,0
201395309677,3,3,1,61,9,34.7147,1,2,4,2013,19,58,9,0,0,1,3,5,3,1,2,8,0,1,1,0,0,0
201395309681,5,3,1,61,9,104.1441,2,2,6,2013,19,20,12,6,0,2,3,1,1,3,1,8,0,2,1,0,0,0
201395309684,6,3,1,61,9,208.2882,2,2,2,2013,10,40,12,1,0,2,1,1,0,0,2,8,0,,1,0,0,0
201395309685,3,3,1,61,9,34.7147,1,2,2,2013,12,50,9,0,0,2,1,1,2,1,2,8,0,3,1,0,0,0
201395309691,3,3,1,61,9,34.7147,1,2,4,2013,9,35,8,0,0,1,1,1,2,1,2,8,0,1,1,0,0,0
201395309694,3,3,1,61,9,34.7147,3,2,4,2013,19,8,12,1,0,1,2,1,2,1,2,8,0,1,1,0,0,0
201395309700,5,3,1,61,9,104.1441,2,2,5,2013,16,27,12,8,0,2,1,1,2,1,2,8,0,3,1,0,0,0
201395309702,4,3,1,61,9,347.147,4,2,1,2013,15,50,14,0,0,1,1,1,0,0,2,8,3,1,7,14,0,0
201395309703,1,3,1,61,9,34.7147,1,2,6,2013,3,55,34,0,0,1,2,1,4,1,1,8,0,1,4,0,0,0
201395309704,6,3,1,61,9,208.2882,2,3,7,2013,15,10,12,6,0,2,1,1,0,0,2,8,0,2,1,0,0,0
201395309705,3,3,1,61,9,34.7147,1,3,7,2013,19,5,8,0,0,1,3,1,3,1,2,8,0,1,1,0,0,0
201395309708,1,3,1,61,9,34.7147,2,2,4,2013,7,55,12,1,0,1,1,1,3,2,2,8,0,1,1,0,0,0
201395309714,5,3,1,61,9,104.1441,4,3,7,2013,13,55,12,1,0,1,1,1,2,5,2,8,0,1,1,0,0,0
201395309717,6,3,1,61,9,208.2882,2,3,2,2013,9,40,12,6,0,2,1,1,2,1,2,8,0,2,1,0,0,0
201395309721,3,3,1,61,9,34.7147,2,2,4,2013,12,50,12,1,0,2,1,1,2,1,2,8,0,,1,0,0,0
201395309731,5,3,1,61,9,104.1441,2,3,3,2013,11,45,12,6,0,4,1,2,1,1,2,8,0,1,1,0,0,0
201395309732,3,3,1,61,9,34.7147,1,2,5,2013,22,55,8,0,0,1,2,1,3,1,2,8,0,1,1,0,0,0
201395309734,1,3,1,61,9,34.7147,1,2,7,2013,2,15,42,0,0,1,3,1,3,3,1,8,0,1,3,0,0,0
201395309735,6,3,1,61,9,208.2882,1,2,7,2013,22,12,58,0,0,2,2,5,0,0,2,8,0,3,4,0,0,0
201395309739,5,3,1,61,9,104.1441,2,3,2,2013,17,33,12,6,0,2,1,1,1,1,2,8,0,2,1,0,0,0
201395309742,4,3,1,61,9,347.147,2,3,6,2013,7,38,12,1,0,2,1,1,0,0,2,8,0,,1,0,0,0
201395309745,3,3,1,61,9,34.7147,1,3,3,2013,17,43,9,0,0,2,1,1,2,1,2,8,0,3,1,0,0,0
201395309752,6,3,1,61,9,208.2882,2,3,4,2013,17,50,12,1,0,2,1,1,0,0,2,8,0,2,1,0,0,0
201395309757,2,3,1,61,9,69.4294,2,3,7,2013,15,25,54,11,0,1,1,10,0,0,2,8,0,1,1,14,0,0
201395309762,5,3,1,61,9,104.1441,2,3,2,2013,10,0,12,6,0,2,1,1,1,4,2,8,0,,1,0,0,0
201395309763,1,3,1,61,9,34.7147,1,3,2,2013,12,50,1,0,0,1,1,1,3,1,2,8,0,1,1,0,0,0
201395309767,6,3,1,61,9,208.2882,2,3,7,2013,10,40,12,6,0,2,1,2,0,0,2,8,0,2,1,0,0,0
201395309770,1,3,1,61,9,34.7147,1,3,1,2013,12,0,21,0,0,1,1,1,3,2,2,8,0,1,4,0,0,0
201395309772,4,3,1,61,9,347.147,2,3,2,2013,19,40,12,1,0,2,3,1,1,1,2,8,0,,1,0,0,0
201395309782,3,3,1,61,9,34.7147,2,3,1,2013,11,30,1,0,0,2,1,1,2,1,2,8,0,3,1,0,0,0
201395309785,5,3,1,61,9,104.1441,2,3,6,2013,17,55,12,2,0,1,1,1,2,2,1,8,0,1,1,0,0,0
201395309786,3,3,1,61,9,34.7147,2,3,5,2013,16,40,12,1,0,2,1,1,2,2,2,8,0,2,1,0,0,0
201395309787,3,3,1,61,9,34.7147,3,3,7,2013,15,15,12,8,0,1,1,1,2,1,2,8,0,1,1,0,0,0
201395309789,3,3,1,61,9,34.7147,3,3,1,2013,12,20,12,1,0,1,1,1,2,1,2,8,0,1,1,0,0,0
201395309791,3,3,1,61,9,34.7147,1,3,2,2013,12,18,34,0,0,2,1,1,2,1,2,8,0,2,4,0,0,0
201395309796,6,3,1,61,9,208.2882,2,3,7,2013,22,2,12,6,0,2,3,1,0,0,2,8,0,2,1,0,0,0
201395309801,3,3,5,61,9,34.7147,2,3,7,2013,16,9,12,6,0,2,1,1,2,2,2,1,0,2,1,0,0,0
201395309806,6,3,5,61,9,208.2882,2,3,4,2013,18,15,12,6,0,2,1,1,0,0,2,1,0,2,1,0,0,0
201395309807,3,3,5,61,9,34.7147,1,3,4,2013,8,24,9,0,0,1,1,1,2,1,2,1,0,1,1,0,0,0
201395309808,5,3,5,61,9,104.1441,3,3,5,2013,17,43,12,1,0,1,1,1,3,1,2,1,0,1,1,0,0,0
201395309818,4,3,1,46,8,359.424,2,2,1,2013,0,0,14,0,0,1,3,1,0,0,2,8,1,1,4,0,0,0
201395309823,5,3,1,46,8,89.856,1,2,1,2013,22,50,53,0,0,1,2,1,2,1,2,8,0,1,4,0,0,0
201395309835,6,3,1,46,8,202.176,1,2,5,2013,6,45,24,0,0,1,1,8,0,0,2,8,0,1,4,0,0,0
201395309843,3,3,1,46,8,22.464,3,2,5,2013,19,27,12,1,0,2,3,2,2,1,2,8,0,3,1,0,0,0
201395309846,4,3,1,46,8,359.424,1,2,6,2013,9,30,11,0,0,1,1,10,0,0,2,8,0,1,1,0,0,0
201395309860,4,3,3,46,8,359.424,2,2,2,2013,18,40,12,1,0,1,3,2,1,1,2,2,0,1,1,23,0,0
201395309888,4,3,4,46,8,359.424,2,2,6,2013,13,15,12,6,0,2,1,1,0,0,2,2,0,3,1,0,0,0
201395309903,4,3,5,46,8,359.424,2,2,5,2013,14,23,12,2,0,4,1,2,0,0,2,1,0,1,1,0,0,0
201395309909,5,3,7,46,8,104.0209,1,2,1,2013,20,11,30,0,0,2,3,1,1,1,2,1,0,2,4,20,0,0
201395309911,6,3,7,46,8,208.0418,2,2,6,2013,7,30,12,6,0,2,1,10,0,0,2,1,0,2,1,0,0,0
201395309928,2,1,2,7,2,56.3802,2,2,4,2013,17,37,12,7,0,1,2,1,0,0,2,8,0,1,1,0,0,0
201395309936,6,1,2,7,2,206.7274,2,2,7,2013,12,37,12,2,0,4,1,1,0,0,2,8,0,1,1,0,0,0
201395309966,5,1,8,7,2,103.72153,2,2,7,2013,3,10,12,9,0,1,3,4,5,2,1,1,0,1,1,0,0,0
201395309967,6,1,8,7,2,207.44305,2,2,3,2013,12,46,12,6,0,2,1,1,0,0,2,1,0,3,1,0,0,0
201395309971,5,1,10,7,2,104.07221,2,2,2,2013,12,1,12,6,0,2,1,2,5,2,2,1,0,3,1,0,0,0
201395309974,5,1,16,7,2,76.733925,2,2,4,2013,7,26,12,6,0,2,1,1,5,1,2,1,0,3,1,0,0,0
201395309992,4,1,3,7,2,347.6779,3,2,7,2013,2,40,14,0,0,1,3,1,0,0,2,3,2,1,7,0,0,0
201395310000,5,1,5,7,2,96.59384,2,2,7,2013,16,21,12,6,0,4,1,1,5,1,2,2,0,1,1,0,0,0
201395310008,5,1,10,7,2,104.07221,2,2,6,2013,12,22,12,1,0,2,1,1,4,3,2,1,0,,1,0,0,0
201395310009,3,1,10,7,2,52.036106,2,2,5,2013,20,35,12,6,0,2,3,1,3,2,2,1,0,3,1,0,0,0
201395310015,5,3,1,61,9,104.1441,1,3,6,2013,3,7,1,0,0,1,3,1,1,1,2,8,0,1,4,0,0,0
201395310016,3,3,1,61,9,34.7147,1,3,7,2013,20,1,9,0,0,1,5,1,2,1,1,8,0,1,1,0,0,0
201395310017,4,3,1,61,9,347.147,2,3,3,2013,17,8,12,6,0,2,1,10,0,0,2,8,0,2,1,0,0,0
201395310024,3,3,1,61,9,34.7147,2,3,3,2013,17,12,12,1,0,2,1,1,2,1,2,8,0,2,1,0,0,0
201395310025,3,3,1,61,9,34.7147,3,3,5,2013,14,0,12,1,0,2,1,1,2,2,2,8,0,,1,0,0,0
201395310035,6,3,1,61,9,208.2882,2,3,3,2013,7,10,12,1,0,1,4,10,0,0,2,8,0,1,1,0,0,0
201395310036,5,3,1,61,9,104.1441,2,3,4,2013,10,0,12,6,0,2,1,10,2,2,2,8,0,3,1,0,0,0
201395310043,3,3,1,61,9,34.7147,2,3,7,2013,16,40,12,1,0,1,1,1,2,1,2,8,0,1,1,0,0,0
201395310046,4,3,1,61,9,347.147,1,3,4,2013,19,15,9,0,0,4,1,1,1,1,2,8,0,1,1,0,0,0
201395310050,5,3,1,61,9,104.1441,2,3,7,2013,15,10,12,6,0,2,1,1,2,2,2,8,0,2,1,0,0,0
201395310055,6,3,1,61,9,208.2882,2,3,4,2013,12,35,12,1,0,2,1,1,0,0,2,8,0,2,1,0,0,0
201395310063,3,3,2,61,9,34.7147,1,2,6,2013,23,50,8,0,0,2,3,1,3,1,2,3,0,2,1,0,0,0
201395310066,6,3,2,61,9,208.2882,2,2,1,2013,15,52,12,6,0,2,1,1,1,1,2,3,0,2,1,0,0,0
201395310072,4,3,2,61,9,347.147,3,2,2,2013,15,26,12,1,0,2,1,1,0,0,2,3,0,3,1,0,0,0
201395310074,3,3,2,61,9,34.7147,1,2,2,2013,20,8,8,0,0,1,3,1,3,1,2,3,0,1,1,0,0,0
201395310078,5,3,2,61,9,104.1441,2,2,6,2013,22,2,12,6,0,2,3,10,1,1,2,3,0,2,1,0,0,0
201395310084,6,3,2,61,9,208.2882,2,2,1,2013,18,10,12,1,0,2,3,1,1,1,2,3,0,2,1,0,0,0
201395310085,3,3,2,61,9,34.7147,2,2,2,2013,11,50,12,6,0,2,1,1,2,1,2,3,0,3,1,0,0,0
201395310087,3,3,2,61,9,34.7147,1,2,2,2013,23,59,9,0,0,2,2,1,2,1,2,3,0,2,1,0,0,0
201395310094,4,3,2,61,9,347.147,2,2,4,2013,18,37,12,1,0,2,3,1,1,4,2,3,0,2,1,0,0,0
201395310100,5,3,2,61,9,104.1441,2,2,5,2013,17,30,12,2,0,2,1,2,1,2,2,3,0,2,1,0,0,0
201395310122,6,3,2,61,9,208.2882,3,2,1,2013,16,2,12,1,0,2,1,1,1,1,2,3,0,2,1,0,0,0
201395310127,3,3,2,61,9,34.7147,1,2,2,2013,15,28,9,0,0,2,1,1,3,1,2,3,0,2,1,0,0,0
201395310128,4,3,2,61,9,347.147,2,2,2,2013,17,45,12,1,0,2,3,1,0,0,2,3,0,2,1,0,0,0
201395310133,3,3,2,61,9,34.7147,1,2,3,2013,15,23,9,0,0,2,1,1,2,1,2,3,0,2,1,0,0,0
201395310138,3,3,2,61,9,34.7147,1,2,4,2013,16,48,9,0,0,2,1,1,2,1,2,3,0,3,1,0,0,0
201395310141,3,3,2,61,9,34.7147,2,2,4,2013,19,45,12,6,0,2,3,1,2,2,2,3,0,2,1,0,0,0
201395310145,6,3,2,61,9,208.2882,2,2,5,2013,15,17,12,6,0,2,1,1,0,0,2,3,0,2,1,0,0,0
201395310146,4,3,2,61,9,347.147,2,2,5,2013,18,41,12,1,0,1,5,1,0,0,2,3,0,1,1,0,0,0
201395310149,3,3,2,61,9,34.7147,2,2,6,2013,12,40,12,1,0,1,1,1,2,1,2,3,0,1,1,0,0,0
201395310156,2,3,2,61,9,69.4294,7,2,2,2013,13,35,12,1,0,2,1,10,2,1,2,3,0,2,1,0,0,0
201395310157,3,3,2,61,9,34.7147,3,2,2,2013,15,21,12,1,0,2,1,1,2,1,2,3,0,2,1,0,0,0
201395310160,3,3,2,61,9,34.7147,1,2,3,2013,21,56,9,0,0,1,3,1,3,1,2,3,0,1,1,0,0,0
201395310163,3,3,2,61,9,34.7147,1,2,3,2013,22,40,8,0,0,1,3,1,3,1,1,3,0,1,1,0,0,0
201395310169,3,3,4,61,9,34.7147,1,2,5,2013,16,58,9,0,0,2,1,1,2,1,2,8,0,3,1,0,0,0
201395310181,4,3,4,61,9,347.147,2,2,6,2013,13,20,12,1,0,2,1,1,1,1,2,8,0,2,1,0,0,0
201395310183,6,3,4,61,9,208.2882,2,2,6,2013,20,5,14,0,0,1,2,1,0,0,2,8,1,1,7,0,0,0
201395310196,6,3,4,61,9,208.2882,2,2,5,2013,13,26,12,6,0,4,1,1,0,0,2,8,0,1,1,0,0,0
201395310200,3,3,4,61,9,34.7147,1,2,7,2013,12,3,1,0,0,2,3,1,3,1,2,8,0,2,1,0,0,0
201395310210,3,3,4,61,9,34.7147,1,2,2,2013,12,48,18,0,0,1,3,1,2,1,2,8,0,1,1,0,0,0
201395310215,3,3,4,61,9,34.7147,1,2,3,2013,8,15,9,0,0,2,1,10,2,1,2,8,0,3,1,0,0,0
201395310217,5,3,4,61,9,104.1441,1,2,5,2013,23,53,59,0,0,1,2,1,2,1,2,8,0,1,4,0,0,0
201395310219,1,3,4,61,9,34.7147,2,2,5,2013,14,32,12,2,0,1,1,1,3,3,2,8,0,1,1,0,0,0
201395310221,4,3,4,61,9,347.147,2,2,7,2013,11,50,12,1,0,1,1,1,0,0,2,8,0,1,1,0,0,0
201395310226,6,3,4,61,9,208.2882,1,2,4,2013,20,48,33,0,0,1,2,1,2,1,2,8,0,1,4,0,0,0
201395310240,4,3,4,61,9,347.147,2,1,4,2013,13,39,12,1,0,1,1,1,1,1,2,8,0,1,1,0,0,0
201395310241,6,3,4,61,9,208.2882,2,1,4,2013,12,23,12,6,0,2,1,1,0,0,2,8,0,2,1,0,0,0
201395310244,1,3,4,61,9,34.7147,3,1,5,2013,12,22,12,1,0,1,1,10,3,2,2,8,0,1,1,0,0,0
201395310245,2,3,4,61,9,69.4294,2,1,5,2013,13,30,12,7,0,1,1,1,0,0,2,8,0,1,1,0,0,0
201395310246,5,3,4,61,9,104.1441,2,1,5,2013,14,6,12,6,0,2,1,1,2,2,2,8,0,2,1,0,0,0
201395310252,3,3,4,61,9,34.7147,2,1,3,2013,12,28,12,6,0,2,1,1,2,1,2,8,0,3,1,0,0,0
201395310263,6,3,4,61,9,208.2882,2,1,6,2013,19,44,12,6,0,2,3,1,0,0,1,8,0,3,1,0,0,0
201395310265,4,3,4,61,9,347.147,1,1,6,2013,17,13,41,0,0,1,1,1,0,0,2,8,0,1,4,0,0,0
201395310270,2,3,4,61,9,69.4294,2,1,2,2013,12,1,12,1,0,1,1,1,1,2,2,8,0,1,1,0,0,0
201395310271,5,3,4,61,9,104.1441,2,1,5,2013,13,43,12,1,0,2,1,2,2,1,2,8,0,2,1,0,0,0
201395310272,3,3,4,61,9,34.7147,2,1,6,2013,13,4,12,1,0,2,1,1,3,2,2,8,0,2,1,0,0,0
201395310284,6,3,4,61,9,208.2882,2,1,7,2013,11,10,12,6,0,2,1,1,0,0,2,8,0,2,1,0,0,0
201395310287,4,3,4,61,9,347.147,2,1,2,2013,19,15,12,7,0,1,2,1,0,0,2,8,0,1,1,0,0,0