CASENUM,STRATUM,REGION,PJ,PSU,PSUSTRAT,WEIGHT,VE_TOTAL,MONTH,WKDY_IM,YEAR,HOUR_IM,MINUTE_IM,EVENT1_IM,MANCOL_IM,RELJCT1_IM,RELJCT2_IM,LGTCON_IM,WEATHR_IM,MAXSEV_IM,NO_INJ_IM,ALCHL_IM,LAND_USE,PVH_INVL,TYP_INT,REL_ROAD,CF1,CF2,CF3
201395311637,3,3,2,61,9,34.7147,2,4,2,2013,17,6,12,1,0,1,1,1,3,1,2,3,0,1,1,0,0,0
201395311643,4,3,2,61,9,347.147,2,4,4,2013,18,19,12,1,0,5,1,10,0,0,2,3,0,1,1,0,0,0
201395311645,6,3,2,61,9,208.2882,2,4,4,2013,22,40,12,2,0,2,3,2,1,2,2,3,0,2,1,0,0,0
201395311656,3,3,2,61,9,34.7147,1,4,7,2013,18,57,8,0,0,2,1,1,2,1,2,3,0,2,1,0,0,0
201395311658,6,3,2,61,9,208.2882,2,4,1,2013,7,23,12,6,0,2,4,1,1,1,2,3,0,2,1,0,0,0
201395311659,1,3,2,61,9,34.7147,2,4,1,2013,11,25,12,2,0,2,1,1,3,2,2,3,0,2,1,0,0,0
201395311664,3,3,2,61,9,34.7147,2,4,2,2013,16,20,12,1,0,1,1,1,2,1,2,3,0,1,1,0,0,0
201395311673,4,3,2,61,9,347.147,2,4,3,2013,18,14,12,1,0,2,1,1,0,0,2,3,0,2,1,0,0,0
201395311674,6,3,2,61,9,208.2882,2,4,3,2013,19,7,12,6,0,4,5,1,2,2,2,3,0,1,1,0,0,0
201395311676,5,3,2,61,9,104.1441,6,4,3,2013,19,39,12,1,0,2,5,1,2,8,2,3,0,2,1,0,0,0
201395311678,3,3,2,61,9,34.7147,1,4,4,2013,11,6,1,0,0,1,1,1,3,1,2,3,0,1,1,0,0,0
201395311682,3,3,2,61,9,34.7147,2,4,5,2013,11,56,12,1,0,2,1,1,2,1,2,3,0,2,1,0,0,0
201395311687,3,3,2,61,9,34.7147,1,4,6,2013,14,45,8,0,0,4,1,1,2,1,2,3,0,1,1,0,0,0
201395311692,3,3,2,61,9,34.7147,1,4,1,2013,17,35,8,0,0,1,1,1,2,2,2,3,0,1,1,0,0,0
201395311693,2,3,2,61,9,69.4294,2,4,3,2013,12,45,12,1,0,1,1,1,2,1,2,3,0,1,1,0,0,0
201395311695,3,3,2,61,9,34.7147,2,4,4,2013,18,23,12,7,0,1,1,1,2,1,2,3,0,1,1,0,0,0
201395311699,4,3,2,61,9,347.147,2,4,6,2013,11,24,12,2,0,2,1,1,0,0,2,3,0,2,1,0,0,0
201395311701,3,3,2,61,9,34.7147,2,4,7,2013,23,58,12,1,0,2,3,1,3,2,2,3,0,2,1,0,0,0
201395311703,6,3,2,61,9,208.2882,1,4,7,2013,4,0,42,0,0,1,2,1,0,0,2,3,0,1,4,0,0,0
201395311714,5,3,2,61,9,104.1441,1,4,5,2013,17,52,30,0,0,2,3,1,1,1,2,3,0,2,4,0,0,0
201395311717,4,3,2,61,9,347.147,2,4,6,2013,8,41,12,6,0,2,1,1,0,0,2,3,0,2,1,0,0,0
201395311724,6,3,2,61,9,208.2882,2,4,1,2013,18,40,12,1,0,2,1,1,0,0,2,3,0,2,1,0,0,0
201395311740,1,3,1,46,8,22.464,1,4,7,2013,0,50,34,0,0,1,3,1,3,2,1,8,0,1,4,0,0,0
201395311742,4,3,1,46,8,359.424,2,4,7,2013,15,42,12,1,0,1,1,1,0,0,2,8,0,1,1,0,0,0
201395311743,3,3,1,46,8,22.464,1,4,7,2013,16,8,34,0,0,1,1,1,2,1,2,8,0,1,4,0,0,0
201395311748,3,3,1,46,8,22.464,1,4,1,2013,12,47,5,0,0,1,1,1,2,1,2,8,0,1,1,0,0,0
201395311757,5,3,1,46,8,89.856,3,4,3,2013,6,30,12,1,0,1,1,1,1,2,2,8,0,1,1,0,0,0
201395311770,6,3,1,46,8,202.176,1,4,5,2013,17,40,17,0,0,1,1,10,0,0,2,8,0,1,4,0,0,0
201395311775,4,3,1,46,8,359.424,2,4,6,2013,18,5,12,7,0,2,1,1,0,0,2,8,0,3,1,0,0,0
201395311789,6,3,3,46,8,202.176,2,4,6,2013,10,19,12,6,0,2,1,1,0,0,2,2,0,,1,0,0,0
201395311791,6,3,4,46,8,202.176,2,4,7,2013,16,30,12,2,0,4,1,1,1,1,2,2,0,1,1,0,0,0
201395311815,5,3,7,46,8,104.0209,2,4,5,2013,16,57,12,6,0,4,1,2,1,1,2,1,0,1,1,0,0,0
201395311821,6,3,1,61,9,208.2882,1,4,7,2013,21,14,39,0,0,2,2,1,0,0,2,8,0,3,4,0,0,0
201395311822,5,3,1,61,9,104.1441,2,4,5,2013,15,32,12,6,0,2,1,1,2,3,2,8,0,2,1,0,0,0
201395311827,3,3,1,61,9,34.7147,1,4,7,2013,11,5,1,0,0,2,1,1,2,1,2,8,0,2,1,0,0,0
201395311828,3,3,1,61,9,34.7147,1,4,7,2013,13,8,9,0,0,4,1,1,3,1,2,8,0,1,1,0,0,0
201395311829,1,3,1,61,9,34.7147,1,4,1,2013,10,18,59,0,0,2,1,1,3,1,2,8,0,3,4,0,0,0
201395311831,3,3,1,61,9,34.7147,1,4,1,2013,1,14,9,0,0,1,2,1,3,1,1,8,0,1,1,0,0,0
201395311832,1,3,1,61,9,34.7147,1,4,7,2013,11,25,34,0,0,2,1,1,3,1,2,8,0,2,4,0,0,0
201395311833,1,3,1,61,9,34.7147,1,4,2,2013,16,56,1,0,0,5,1,10,3,1,2,8,0,1,2,0,0,0
201395311838,6,3,1,61,9,208.2882,1,4,2,2013,16,51,42,0,0,1,1,2,0,0,2,8,0,1,4,0,0,0
201395311845,5,3,1,61,9,104.1441,4,4,2,2013,10,50,12,1,0,2,1,10,2,4,2,8,0,,1,0,0,0
201395311849,6,3,1,61,9,208.2882,1,4,3,2013,8,44,57,0,0,1,1,10,1,1,2,8,0,1,3,0,0,0
201395311854,4,3,1,61,9,347.147,2,4,6,2013,16,35,12,7,0,1,1,1,0,0,2,8,0,1,1,0,0,0
201395311859,3,3,6,61,9,34.7147,1,4,3,2013,16,5,8,0,0,1,2,1,2,1,2,1,0,1,1,0,0,0
201395311888,3,1,3,7,2,18.7934,2,4,3,2013,16,10,12,1,0,2,1,1,2,2,1,3,0,2,1,0,0,0
201395311892,6,1,5,7,2,212.50645,2,4,2,2013,17,52,12,6,0,4,1,1,1,1,2,2,0,1,1,0,0,0
201395311896,5,1,5,7,2,96.59384,2,4,5,2013,12,7,12,6,0,2,1,1,2,3,2,2,0,2,1,0,0,0
201395311901,2,1,10,7,2,52.036106,1,4,2,2013,20,14,24,0,0,5,2,1,0,0,2,1,0,1,4,0,0,0
201395311902,5,1,10,7,2,104.07221,2,4,2,2013,17,21,12,6,0,2,1,1,5,1,2,1,0,2,1,0,0,0
201395311904,5,1,16,7,2,76.733925,2,4,2,2013,18,42,12,6,0,2,1,1,2,1,2,1,0,2,1,0,0,0
201395311921,5,1,1,7,2,93.967,2,4,3,2013,22,49,12,6,0,2,3,1,1,1,1,2,0,3,1,0,0,0
201395311927,5,1,2,7,2,93.967,5,4,5,2013,16,54,12,7,0,2,1,1,2,1,2,8,0,2,1,0,0,0
201395311942,6,1,2,7,2,206.7274,2,4,1,2013,13,12,12,6,0,2,1,1,0,0,2,8,0,2,1,0,0,0
201395311951,3,1,3,7,2,18.7934,1,4,2,2013,17,19,9,0,0,1,1,1,2,1,2,3,0,1,1,16,0,0
201395311967,1,1,8,7,2,34.57384,2,4,5,2013,9,48,12,2,0,2,1,1,3,3,2,1,0,2,1,0,0,0
201395311968,3,1,8,7,2,34.57384,3,4,5,2013,21,12,12,1,0,2,3,1,2,1,2,1,0,2,1,0,0,0
201395311971,2,1,10,7,2,52.036106,2,4,4,2013,16,5,12,1,0,5,1,1,0,0,2,1,0,1,1,0,0,0
201395311972,2,1,10,7,2,52.036106,2,4,5,2013,13,32,12,7,0,5,1,1,0,0,2,1,0,1,1,0,0,0
201395311990,5,3,1,46,8,89.856,2,4,3,2013,18,33,12,6,0,1,1,1,2,2,2,8,0,1,1,0,0,0
201395311999,3,3,1,46,8,22.464,2,4,5,2013,5,40,14,0,0,1,4,1,2,1,2,8,1,1,7,0,0,0
201395312002,4,3,1,46,8,359.424,2,4,5,2013,19,50,12,7,0,1,2,2,0,0,2,8,0,1,1,0,0,0
201395312004,1,3,1,46,8,22.464,2,4,6,2013,6,30,12,6,0,2,1,1,3,2,2,8,0,2,1,0,0,0
201395312005,6,3,1,46,8,202.176,2,4,6,2013,8,57,12,1,0,2,1,10,0,0,2,8,0,2,1,0,0,0
201395312017,4,3,3,46,8,359.424,2,4,2,2013,15,45,12,1,0,1,1,1,0,0,2,2,0,1,1,0,0,0
201395312020,3,3,3,46,8,22.464,2,4,2,2013,17,46,12,1,0,1,1,1,2,1,2,2,0,1,1,0,0,0
201395312041,3,3,4,46,8,22.464,2,4,5,2013,18,20,12,1,0,2,5,2,2,1,2,2,0,2,1,0,0,0
201395312045,6,3,5,46,8,202.176,2,4,7,2013,12,19,12,6,0,2,1,1,2,4,2,1,0,3,1,0,0,0
201395312047,1,3,5,46,8,22.464,2,4,7,2013,13,42,12,6,0,2,1,1,3,2,2,1,0,2,1,0,0,0
201395312052,5,3,5,46,8,89.856,2,4,7,2013,20,47,12,6,0,2,3,1,2,1,2,1,0,2,1,0,0,0
201395312053,4,3,5,46,8,359.424,2,4,1,2013,10,25,12,1,0,2,1,10,0,0,2,1,0,3,1,0,0,0
201395312065,3,3,5,46,8,22.464,1,4,4,2013,21,48,30,0,0,1,6,10,2,2,2,1,0,1,4,0,0,0
201395312074,4,3,7,46,8,364.07315,2,4,4,2013,14,39,12,6,0,2,1,1,1,1,2,1,0,3,1,0,0,0
201395312075,3,3,7,46,8,52.01045,1,4,4,2013,15,15,8,0,0,1,1,1,2,1,2,1,0,1,1,0,0,0
201395312079,6,3,4,61,9,208.2882,3,3,6,2013,15,15,12,1,0,1,1,10,0,0,2,8,0,1,1,0,0,0
201395312087,3,3,4,61,9,34.7147,2,3,3,2013,11,13,12,1,0,2,1,1,2,1,2,8,0,2,1,0,0,0
201395312093,6,3,4,61,9,208.2882,2,3,5,2013,19,39,12,1,0,2,1,1,2,3,2,8,0,3,1,0,0,0
201395312096,4,3,4,61,9,347.147,2,3,6,2013,16,15,12,1,0,1,1,1,0,0,2,8,0,1,1,0,0,0
201395312101,3,3,4,61,9,34.7147,2,3,2,2013,2,9,12,8,0,2,1,1,2,1,2,8,0,3,1,0,0,0
201395312103,6,3,4,61,9,208.2882,2,3,3,2013,9,3,12,1,0,2,2,2,1,1,2,8,0,2,1,0,0,0
201395312108,5,3,4,61,9,104.1441,2,3,4,2013,10,56,12,1,0,2,1,1,2,1,2,8,0,2,1,0,0,0
201395312119,3,3,4,61,9,34.7147,1,3,7,2013,20,16,18,0,0,1,3,1,2,1,2,8,0,1,4,0,0,0
201395312120,3,3,4,61,9,34.7147,2,3,2,2013,11,25,12,1,0,2,1,10,2,1,1,8,0,2,1,0,0,0
201395312122,4,3,4,61,9,347.147,3,3,2,2013,7,55,12,1,0,2,1,1,1,1,2,8,0,,1,28,0,0
201395312124,6,3,4,61,9,208.2882,2,3,3,2013,8,15,12,7,0,1,1,1,0,0,2,8,0,1,1,0,0,0
201395312133,6,3,4,61,9,208.2882,2,3,6,2013,12,12,12,6,0,2,1,1,0,0,2,8,0,3,1,0,0,0
201395312139,5,3,4,61,9,104.1441,2,3,2,2013,17,55,12,7,0,1,1,1,1,1,2,8,0,1,1,0,0,0
201395312141,3,3,4,61,9,34.7147,2,3,2,2013,8,57,12,7,0,1,1,1,2,1,2,8,0,1,1,0,0,0
201395312143,6,3,4,61,9,208.2882,2,3,3,2013,19,35,12,6,0,2,1,1,0,0,2,8,0,2,1,0,0,0
201395312147,3,3,4,61,9,34.7147,1,3,3,2013,21,21,34,0,0,2,2,1,2,1,1,8,0,2,4,0,0,0
201395312156,3,3,4,61,9,34.7147,1,3,7,2013,14,58,9,0,0,2,1,1,2,1,2,8,0,3,1,0,0,0
201395312157,6,3,4,61,9,208.2882,2,3,7,2013,11,43,12,1,0,1,1,6,2,1,2,8,0,1,1,0,0,0
201395312166,6,3,4,61,9,208.2882,2,4,4,2013,8,0,12,1,0,1,1,1,0,0,2,8,0,1,1,0,0,0
201395312167,3,3,4,61,9,34.7147,2,4,4,2013,15,43,12,9,0,4,1,1,2,1,2,8,0,1,1,0,0,0
201395312169,4,3,4,61,9,347.147,1,4,4,2013,14,35,59,0,0,1,1,1,0,0,2,8,0,1,4,0,0,0
201395312170,5,3,4,61,9,104.1441,2,4,4,2013,8,33,12,6,0,2,1,1,2,2,2,8,0,2,1,0,0,0
201395312179,6,3,4,61,9,208.2882,2,4,6,2013,20,0,12,1,0,2,3,1,0,0,2,8,0,2,1,0,0,0
201395312181,3,3,4,61,9,34.7147,2,4,6,2013,12,23,12,1,0,1,1,10,2,3,2,8,0,1,1,19,0,0
201395312190,4,3,4,61,9,347.147,2,4,5,2013,10,37,12,7,0,4,1,1,0,0,2,8,0,1,1,0,0,0
201395312200,6,3,4,61,9,208.2882,2,4,6,2013,14,45,12,1,0,1,1,10,0,0,2,8,0,1,1,0,0,0
201395312202,3,3,4,61,9,34.7147,1,4,7,2013,11,27,1,0,0,1,1,1,3,1,2,8,0,1,1,0,0,0
201395312206,4,3,4,61,9,347.147,2,4,1,2013,14,45,12,7,0,2,1,1,0,0,2,8,0,2,1,0,0,0
201395312216,3,3,4,61,9,34.7147,2,4,4,2013,8,6,12,1,0,1,1,1,3,2,2,8,0,1,1,0,0,0
201395312222,6,3,4,61,9,208.2882,2,4,6,2013,17,28,12,1,0,1,1,1,0,0,2,8,0,1,1,0,0,0
201395312226,3,3,4,61,9,34.7147,1,4,7,2013,4,40,8,0,0,1,6,1,2,1,2,8,0,1,1,16,0,0
201395312228,3,3,4,61,9,34.7147,2,4,5,2013,21,42,12,6,0,2,3,1,2,4,1,8,0,2,1,0,0,0
201395312229,4,3,4,61,9,347.147,2,4,7,2013,16,35,12,1,0,2,1,1,0,0,2,8,0,2,1,0,0,0
201395312234,3,3,5,61,9,34.7147,1,4,1,2013,15,10,1,0,0,1,1,1,3,1,2,1,0,1,2,0,0,0
201395312239,4,3,5,61,9,347.147,1,5,7,2013,18,30,33,0,0,1,1,1,0,0,2,1,0,1,4,0,0,0
201395312240,6,3,5,61,9,208.2882,1,5,2,2013,8,37,32,0,0,1,1,10,0,0,2,1,0,1,5,0,0,0
201395312241,3,3,5,61,9,34.7147,1,5,2,2013,22,11,8,0,0,1,2,1,2,1,2,1,0,1,1,0,0,0
201395312245,3,3,5,61,9,34.7147,3,5,4,2013,16,23,12,1,0,1,1,1,2,1,2,1,0,1,1,0,0,0
201395312246,3,3,5,61,9,34.7147,2,5,7,2013,19,11,12,1,0,1,1,1,2,1,2,1,0,1,1,0,0,0
201395312247,3,3,5,61,9,34.7147,1,5,7,2013,17,35,8,0,0,1,1,1,2,2,2,1,0,1,1,16,0,0
201395312250,1,3,1,61,9,34.7147,1,4,5,2013,17,0,23,0,0,1,1,1,3,2,2,8,0,1,4,0,0,0
201395312261,2,3,1,61,9,69.4294,1,4,2,2013,16,17,42,0,0,1,1,1,0,0,2,8,0,1,1,0,0,0
201395312262,5,3,1,61,9,104.1441,2,4,3,2013,14,10,12,6,0,2,1,1,2,1,2,8,0,2,1,0,0,0
201395312266,3,3,1,61,9,34.7147,2,5,6,2013,9,21,12,6,0,2,1,1,2,1,2,8,0,2,1,0,0,0
201395312267,6,3,1,61,9,208.2882,1,4,1,2013,3,40,53,0,0,1,2,1,0,0,2,8,0,1,4,0,0,0
201395312272,5,3,1,61,9,104.1441,2,5,7,2013,0,30,12,6,0,2,3,1,1,2,1,8,0,2,1,0,0,0
201395312276,4,3,1,61,9,347.147,2,5,4,2013,16,24,12,1,0,1,1,2,0,0,2,8,0,1,1,0,0,0
201395312282,5,3,1,61,9,104.1441,2,4,6,2013,11,3,12,1,0,2,1,1,1,3,2,8,0,,1,0,0,0
201395312291,6,3,1,61,9,208.2882,2,5,7,2013,13,23,53,0,0,4,1,1,0,0,2,8,1,1,4,0,0,0
201395312298,5,3,1,61,9,104.1441,1,4,2,2013,22,0,53,0,0,1,3,1,2,1,1,8,0,1,4,0,0,0
201395312299,2,3,1,61,9,69.4294,2,5,7,2013,0,10,12,7,0,1,2,1,0,0,2,8,0,1,1,0,0,0
201395312302,6,3,1,61,9,208.2882,1,5,1,2013,22,45,34,0,0,1,2,1,1,1,2,8,0,1,4,0,0,0
201395312304,4,3,1,61,9,347.147,2,4,7,2013,14,25,12,7,0,1,1,1,0,0,2,8,0,1,1,0,0,0
201395312317,1,3,1,61,9,34.7147,1,4,3,2013,1,30,33,0,0,1,2,10,3,1,1,8,0,1,3,0,0,0
201395312328,3,3,1,46,8,22.464,1,4,1,2013,0,0,34,0,0,1,3,1,2,1,1,8,0,1,4,0,0,0
201395312329,3,3,1,46,8,22.464,1,4,1,2013,0,30,8,0,0,1,2,1,2,1,2,8,0,1,4,0,0,0
201395312343,6,3,1,46,8,202.176,4,4,5,2013,15,0,12,1,0,2,1,1,2,1,2,8,0,3,1,0,0,0
201395312344,4,3,1,46,8,359.424,2,4,5,2013,15,41,12,7,0,1,1,1,0,0,2,8,0,1,1,0,0,0
201395312357,5,3,2,46,8,89.856,1,4,4,2013,0,30,34,0,0,1,2,2,2,1,2,8,0,1,4,0,0,0
201395312359,4,3,2,46,8,359.424,1,4,5,2013,5,16,34,0,0,1,2,5,0,0,2,8,0,1,4,0,0,0
201395312360,6,3,2,46,8,202.176,1,4,6,2013,0,30,34,0,0,1,2,1,0,0,2,8,0,1,4,0,0,0
201395312364,4,3,3,46,8,359.424,2,4,2,2013,7,20,12,1,0,2,1,1,0,0,2,2,0,,1,0,0,0
201395312376,6,3,3,46,8,202.176,2,4,5,2013,15,7,14,0,0,1,1,1,0,0,2,2,1,1,2,0,0,0
201395312384,1,3,4,46,8,22.464,1,4,1,2013,6,32,32,0,0,1,4,1,3,1,2,2,0,1,4,0,0,0
201395312390,4,3,4,46,8,359.424,2,4,5,2013,12,12,12,1,0,2,1,1,1,1,2,2,0,,1,0,0,0
201395312400,3,3,5,46,8,22.464,2,4,2,2013,15,20,12,1,0,1,1,1,2,1,2,1,0,1,1,0,0,0
201395312402,3,3,5,46,8,22.464,3,4,3,2013,16,45,12,1,0,1,1,1,2,2,2,1,0,1,1,0,0,0
201395312407,2,3,5,46,8,67.392,1,4,4,2013,11,45,40,0,0,1,1,10,0,0,2,1,0,1,4,0,0,0
201395312408,5,3,5,46,8,89.856,2,4,4,2013,11,56,12,6,0,2,1,10,2,1,2,1,0,,1,0,0,0
201395312409,3,3,5,46,8,22.464,2,4,4,2013,20,17,12,6,0,2,2,1,2,1,2,1,0,,1,0,0,0
201395312432,1,1,2,7,2,9.3967,1,4,6,2013,14,35,42,0,0,1,1,1,3,1,1,8,0,1,4,0,0,0
201395312443,1,1,2,7,2,9.3967,2,4,7,2013,7,58,12,6,0,2,1,1,3,3,2,8,0,2,1,0,0,0
201395312450,3,1,3,7,2,18.7934,1,4,4,2013,18,23,8,0,0,1,5,1,2,1,1,3,0,1,1,0,0,0
201395312462,3,1,10,7,2,52.036106,1,4,2,2013,17,8,8,0,0,2,1,1,2,1,2,1,0,3,1,0,0,0
201395312464,6,1,10,7,2,208.14442,2,4,5,2013,14,19,12,1,0,1,1,1,0,0,2,1,0,1,1,0,0,0
201395312473,5,3,5,61,9,104.1441,2,5,4,2013,15,0,12,6,0,2,1,1,1,3,2,1,0,3,1,0,0,0
201395312480,6,3,1,61,9,208.2882,2,5,6,2013,18,56,12,1,0,1,1,1,0,0,2,8,0,1,1,26,19,0
201395312482,3,3,1,61,9,34.7147,1,4,3,2013,19,10,9,0,0,2,5,1,2,1,2,8,0,2,1,0,0,0
201395312485,3,3,1,61,9,34.7147,1,5,7,2013,11,50,9,0,0,4,1,1,2,1,2,8,0,1,1,0,0,0
201395312489,4,3,1,61,9,347.147,2,5,3,2013,12,0,12,7,0,2,1,1,0,0,2,8,0,2,1,0,0,0
201395312490,5,3,1,61,9,104.1441,2,5,3,2013,12,5,12,6,0,7,1,1,2,2,2,8,0,1,1,0,0,0
201395312493,6,3,1,61,9,208.2882,2,5,5,2013,14,32,12,1,0,1,1,1,0,0,2,8,0,1,1,0,0,0
201395312509,4,3,1,46,8,359.424,1,4,1,2013,21,0,11,0,0,1,3,1,0,0,2,8,0,1,1,0,0,0
201395312513,5,3,1,46,8,89.856,2,4,2,2013,11,57,12,2,0,2,1,1,3,2,2,8,0,7,1,0,0,0
201395312533,6,3,1,46,8,202.176,2,5,6,2013,7,0,34,0,0,1,1,2,0,0,2,8,0,1,3,0,0,0
201395312534,4,3,1,46,8,359.424,2,5,6,2013,12,45,12,1,0,1,1,2,0,0,2,8,0,1,1,0,0,0
201395312555,4,3,3,46,8,359.424,2,5,5,2013,16,20,12,1,0,2,1,2,0,0,2,2,0,2,1,0,0,0
201395312562,5,3,4,46,8,89.856,4,4,7,2013,14,31,12,1,0,2,1,10,1,4,2,2,0,2,1,0,0,0
201395312565,6,3,4,46,8,202.176,2,4,2,2013,6,48,14,0,0,1,1,1,1,1,2,2,1,1,7,14,0,0
201395312579,6,3,4,46,8,202.176,2,5,5,2013,15,0,12,6,0,2,1,2,0,0,2,2,0,3,1,0,0,0
201395312589,4,3,5,46,8,359.424,2,4,7,2013,3,0,12,9,0,4,3,1,0,0,2,1,0,1,1,0,0,0
201395312597,6,3,5,46,8,202.176,1,4,3,2013,10,50,33,0,0,2,1,1,1,1,2,1,0,,4,0,0,0
201395312611,5,3,7,46,8,104.0209,2,4,7,2013,3,50,12,1,0,1,3,2,1,2,1,1,0,1,1,0,0,0
201395312615,4,3,7,46,8,364.07315,3,5,6,2013,15,45,12,1,0,2,1,2,0,0,2,1,0,4,1,0,0,0
201395312626,5,1,2,7,2,93.967,2,4,1,2013,11,32,12,1,0,2,1,1,5,1,2,8,0,,1,0,0,0
201395312630,2,1,2,7,2,56.3802,4,4,2,2013,8,21,12,1,0,1,1,1,2,3,2,8,0,1,1,28,0,0
201395312649,6,1,3,7,2,206.7274,2,4,2,2013,12,34,12,6,0,2,1,1,0,0,2,3,0,2,1,0,0,0
201395312657,3,1,5,7,2,19.31877,1,4,6,2013,18,35,9,0,0,4,1,1,2,1,2,2,0,1,1,0,0,0
201395312658,5,1,5,7,2,96.59384,1,4,7,2013,13,13,30,0,0,2,1,1,2,1,2,2,0,2,3,0,0,0
201395312659,3,1,5,7,2,19.31877,1,4,1,2013,17,17,9,0,0,4,1,1,2,1,2,2,0,1,1,0,0,0
201395312662,5,1,8,7,2,103.72153,3,4,5,2013,18,34,12,1,0,2,1,1,5,1,2,1,0,2,1,0,0,0
201395312663,6,1,8,7,2,207.44305,2,4,3,2013,18,22,12,6,0,2,1,1,0,0,1,1,0,2,1,0,0,0
201395312667,5,1,10,7,2,104.07221,2,4,7,2013,22,31,12,6,0,2,3,1,1,2,2,1,0,2,1,0,0,0
201395312671,5,1,10,7,2,104.07221,2,4,1,2013,14,40,12,1,0,2,1,1,1,2,2,1,0,2,1,0,0,0
201395312676,4,3,3,61,9,347.147,1,2,3,2013,21,54,42,0,0,4,3,1,1,1,2,1,0,1,4,0,0,0
201395312678,3,3,3,61,9,34.7147,1,3,1,2013,0,40,42,0,0,2,3,1,2,1,1,1,0,3,4,0,0,0
201395312680,5,3,3,61,9,104.1441,2,3,3,2013,14,25,12,1,0,2,1,1,3,3,2,1,0,2,1,0,0,0
201395312686,1,3,3,61,9,34.7147,2,3,6,2013,13,8,12,6,0,2,1,1,3,3,2,1,0,4,1,0,0,0
201395312688,3,3,3,61,9,34.7147,1,4,4,2013,19,30,1,0,0,1,5,1,2,1,1,1,0,1,1,0,0,0
201395312689,6,3,3,61,9,208.2882,2,4,5,2013,15,35,12,2,0,2,1,2,0,0,2,1,0,2,1,0,0,0
201395312699,3,3,3,61,9,34.7147,2,4,5,2013,14,30,12,1,0,1,1,1,2,1,2,1,0,1,1,0,0,0
201395312700,3,3,3,61,9,34.7147,1,4,3,2013,6,45,8,0,0,2,1,1,2,1,2,1,0,2,1,0,0,0
201395312701,1,3,3,61,9,34.7147,2,5,6,2013,18,5,12,6,0,2,1,1,3,2,2,1,0,2,1,0,0,0
201395312703,4,3,3,61,9,347.147,2,5,7,2013,20,40,14,0,0,1,3,1,0,0,1,1,1,1,7,0,0,0
201395312707,6,3,5,61,9,208.2882,1,5,2,2013,17,56,34,0,0,1,1,2,0,0,2,1,0,1,4,0,0,0
201395312709,5,3,5,61,9,104.1441,3,5,5,2013,7,22,12,6,0,2,1,1,1,1,2,1,0,2,1,0,0,0
201395312714,3,3,5,61,9,34.7147,1,5,7,2013,17,14,8,0,0,2,1,1,2,1,2,1,0,3,1,0,0,0
201395312715,3,3,5,61,9,34.7147,1,5,2,2013,20,27,1,0,0,2,1,1,3,1,2,1,0,3,1,0,0,0
201395312716,3,3,5,61,9,34.7147,1,5,3,2013,19,30,9,0,0,2,1,1,2,1,2,1,0,2,1,16,0,0
201395312721,1,3,1,61,9,34.7147,2,5,3,2013,15,10,12,6,0,2,1,1,3,1,2,8,0,3,1,0,0,0
201395312726,1,3,1,61,9,34.7147,1,5,6,2013,18,0,42,0,0,1,1,1,3,1,2,8,0,1,4,0,0,0
201395312733,4,3,1,61,9,347.147,2,5,6,2013,12,7,12,6,0,2,1,1,1,1,2,8,0,3,1,0,0,0
201395312734,3,3,1,61,9,34.7147,1,5,3,2013,12,17,9,0,0,4,1,10,2,1,2,8,0,1,1,0,0,0
201395312736,6,3,1,61,9,208.2882,1,5,6,2013,17,37,33,0,0,1,1,1,0,0,2,8,0,1,4,0,0,0
201395312743,5,3,1,61,9,104.1441,2,5,1,2013,21,22,12,6,0,2,2,1,2,2,1,8,0,2,1,0,0,0
201395312752,4,3,1,61,9,347.147,2,5,5,2013,17,20,12,7,0,2,1,1,0,0,2,8,0,4,1,0,0,0
201395312755,5,3,1,61,9,104.1441,1,5,6,2013,15,50,34,0,0,1,1,1,2,1,1,8,0,1,4,0,0,0
201395312764,3,3,1,61,9,34.7147,1,5,7,2013,15,0,9,0,0,1,1,1,2,3,2,8,0,1,1,0,0,0
201395312766,5,3,1,61,9,104.1441,2,5,1,2013,18,5,12,2,0,4,1,1,2,3,2,8,0,1,1,0,0,0
201395312770,6,3,1,61,9,208.2882,2,5,4,2013,12,49,12,1,0,2,1,1,1,1,2,8,0,,1,0,0,0
201395312771,4,3,1,61,9,347.147,2,5,3,2013,15,55,12,1,0,2,1,1,0,0,2,8,0,2,1,0,0,0
201395312798,6,3,1,46,8,202.176,2,5,5,2013,16,20,12,8,0,2,1,1,1,1,2,8,0,,1,0,0,0
201395312803,4,3,1,46,8,359.424,2,5,6,2013,15,15,12,7,0,2,1,2,0,0,2,8,0,,1,0,0,0
201395312805,5,3,1,46,8,89.856,3,5,6,2013,16,15,12,6,0,2,1,1,2,1,2,8,0,3,1,0,0,0
201395312812,5,3,3,46,8,89.856,2,5,7,2013,13,15,12,6,0,2,1,1,1,2,2,2,0,2,1,0,0,0
201395312822,6,3,3,46,8,202.176,3,5,4,2013,12,7,12,1,0,1,1,1,0,0,2,2,0,1,1,0,0,0
201395312832,4,3,3,46,8,359.424,2,5,6,2013,11,55,12,6,0,2,1,2,0,0,2,2,0,2,1,0,0,0
201395312838,4,3,4,46,8,359.424,2,5,2,2013,7,4,12,1,0,2,1,1,0,0,2,2,0,,1,0,0,0
201395312861,1,3,5,46,8,22.464,1,5,7,2013,7,0,42,0,0,1,1,10,3,1,2,1,0,1,4,0,0,0
201395312865,4,3,5,46,8,359.424,2,5,3,2013,7,35,12,1,0,2,1,1,0,0,2,1,0,,1,0,0,0