CASENUM,STRATUM,REGION,PJ,PSU,PSUSTRAT,WEIGHT,VE_TOTAL,MONTH,WKDY_IM,YEAR,HOUR_IM,MINUTE_IM,EVENT1_IM,MANCOL_IM,RELJCT1_IM,RELJCT2_IM,LGTCON_IM,WEATHR_IM,MAXSEV_IM,NO_INJ_IM,ALCHL_IM,LAND_USE,PVH_INVL,TYP_INT,REL_ROAD,CF1,CF2,CF3
201395315504,3,1,1,7,2,18.7934,1,5,2,2013,15,2,8,0,0,2,1,1,3,1,2,2,0,2,1,0,0,0
201395315508,3,1,1,7,2,18.7934,1,4,7,2013,21,50,9,0,0,2,1,1,3,1,2,2,0,2,1,0,0,0
201395315512,5,1,2,7,2,93.967,2,7,7,2013,18,29,12,1,0,1,1,2,2,1,2,8,0,1,1,0,0,0
201395315514,3,1,2,7,2,18.7934,1,7,7,2013,15,9,1,0,0,1,1,1,2,1,2,8,0,1,1,0,0,0
201395315515,6,1,2,7,2,206.7274,1,7,1,2013,8,45,24,0,0,1,1,1,0,0,2,8,0,1,,0,0,0
201395315539,1,1,2,7,2,9.3967,2,4,6,2013,23,28,59,0,0,1,3,1,3,1,1,8,1,1,4,0,0,0
201395315555,5,1,3,7,2,93.967,3,7,6,2013,13,32,12,6,0,2,1,1,1,2,2,3,1,3,1,0,0,0
201395315560,3,1,5,7,2,19.31877,3,7,2,2013,8,11,12,7,0,1,1,1,2,1,2,2,0,1,1,0,0,0
201395315574,6,1,16,7,2,230.20177,2,7,5,2013,20,32,12,6,0,2,3,1,0,0,2,1,0,2,1,0,0,0
201395315576,3,1,30,7,2,121.15165,1,7,1,2013,12,49,57,0,1,5,1,1,3,1,2,1,0,1,8,0,0,0
201395315579,3,3,1,46,8,22.464,1,7,7,2013,8,45,57,0,0,1,1,1,2,1,2,8,0,1,4,0,0,0
201395315595,4,3,1,46,8,359.424,2,7,4,2013,16,41,12,1,0,1,1,1,0,0,2,8,0,1,1,0,0,0
201395315604,5,3,1,46,8,89.856,1,7,6,2013,3,0,34,0,0,1,2,1,2,3,2,8,0,1,4,0,0,0
201395315610,2,3,1,46,8,67.392,1,7,6,2013,13,35,53,0,0,1,1,1,1,1,2,8,0,1,4,0,0,0
201395315617,6,3,3,46,8,202.176,2,7,1,2013,14,55,12,6,0,4,1,1,0,0,2,2,0,1,1,0,0,0
201395315639,4,3,4,46,8,359.424,2,7,2,2013,16,20,12,1,0,1,1,1,0,0,2,2,0,1,1,0,0,0
201395315646,6,3,4,46,8,202.176,2,7,5,2013,1,35,12,6,0,2,3,1,1,1,2,2,0,2,1,0,0,0
201395315655,5,3,5,46,8,89.856,3,7,2,2013,17,37,12,2,0,2,1,1,2,2,2,1,0,2,1,0,0,0
201395315656,6,3,5,46,8,202.176,2,7,3,2013,7,55,12,6,0,2,1,2,0,0,2,1,0,2,1,0,0,0
201395315675,3,3,3,61,9,34.7147,1,7,2,2013,11,43,9,0,0,1,1,1,3,1,2,1,0,1,1,0,0,0
201395315682,6,3,5,61,9,208.2882,1,8,6,2013,7,45,59,0,0,1,1,2,0,0,2,1,0,1,4,0,0,0
201395315683,3,3,5,61,9,34.7147,1,8,6,2013,23,30,8,0,0,1,2,1,2,2,2,1,0,1,2,0,0,0
201395315690,2,3,5,61,9,69.4294,2,8,2,2013,7,8,12,1,0,1,1,1,0,0,2,1,0,1,1,0,0,0
201395315692,6,3,5,61,9,208.2882,2,8,2,2013,16,12,12,6,0,2,1,1,0,0,2,1,0,2,1,0,0,0
201395315700,6,3,1,61,9,208.2882,1,8,2,2013,19,44,59,0,0,1,3,2,0,0,2,8,0,1,4,0,0,0
201395315706,4,3,1,61,9,347.147,1,8,1,2013,20,23,34,0,0,1,3,2,0,0,1,8,0,1,4,0,0,0
201395315709,3,3,1,61,9,34.7147,1,8,6,2013,17,59,9,0,0,2,1,1,2,1,2,8,0,3,1,0,0,0
201395315712,2,3,1,61,9,69.4294,2,8,5,2013,7,43,12,1,0,1,1,1,2,1,2,8,0,1,1,0,0,0
201395315715,5,3,1,61,9,104.1441,2,8,3,2013,6,40,12,6,0,2,4,1,2,1,2,8,0,2,1,0,0,0
201395315716,6,3,1,61,9,208.2882,3,8,2,2013,12,20,12,1,0,2,1,1,0,0,2,8,0,,1,0,0,0
201395315723,1,3,1,61,9,34.7147,1,8,4,2013,11,12,1,0,0,1,1,1,3,2,2,8,0,1,1,0,0,0
201395315724,3,3,1,61,9,34.7147,1,8,4,2013,7,25,33,0,0,1,1,1,2,1,2,8,0,1,4,0,0,0
201395315729,4,3,1,61,9,347.147,2,8,1,2013,21,15,12,1,0,2,2,1,0,0,2,8,0,3,1,0,0,0
201395315732,6,3,1,61,9,208.2882,2,8,5,2013,15,25,12,6,0,2,1,10,1,2,2,8,0,3,1,0,0,0
201395315737,5,3,1,61,9,104.1441,1,8,7,2013,3,46,34,0,0,2,2,1,1,1,1,8,0,3,4,0,0,0
201395315745,3,3,1,61,9,34.7147,2,8,5,2013,15,16,12,6,0,1,1,1,2,2,2,8,0,1,1,0,0,0
201395315749,1,3,1,61,9,34.7147,3,8,7,2013,16,53,12,6,0,2,1,1,3,1,2,8,0,2,1,0,0,0
201395315750,6,3,1,61,9,208.2882,2,8,4,2013,13,44,12,6,0,2,1,1,0,0,2,8,0,2,1,0,0,0
201395315755,4,3,1,61,9,347.147,2,8,7,2013,23,21,12,7,0,5,3,1,0,0,2,8,0,1,1,0,0,0
201395315763,5,3,1,61,9,104.1441,2,8,7,2013,15,2,12,6,0,2,1,1,1,1,2,8,0,2,1,0,0,0
201395315768,6,3,1,61,9,208.2882,1,8,7,2013,23,10,42,0,0,1,3,1,0,0,2,8,0,1,4,0,0,0
201395315772,3,3,1,61,9,34.7147,1,7,3,2013,18,30,9,0,0,2,1,1,2,1,2,8,0,2,1,0,0,0
201395315780,5,1,1,7,2,93.967,2,7,3,2013,14,58,12,1,0,1,1,1,5,4,2,2,0,1,1,0,0,0
201395315796,2,1,2,7,2,56.3802,2,7,2,2013,19,45,12,7,0,4,1,1,0,0,2,8,0,1,1,0,0,0
201395315797,6,1,2,7,2,206.7274,2,7,7,2013,15,42,12,7,0,1,1,1,0,0,2,8,0,1,1,0,0,0
201395315825,3,1,5,7,2,19.31877,1,7,4,2013,8,0,15,0,0,2,1,1,2,1,2,2,0,,1,16,0,0
201395315832,5,1,5,7,2,96.59384,1,7,2,2013,17,24,33,0,0,1,1,1,5,1,2,2,0,1,4,0,0,0
201395315838,3,1,8,7,2,34.57384,1,7,6,2013,19,11,8,0,0,2,1,1,3,1,2,1,0,2,1,0,0,0
201395315840,5,1,8,7,2,103.72153,2,7,1,2013,15,29,12,6,0,2,1,2,5,1,2,1,0,2,1,0,0,0
201395315843,6,1,8,7,2,207.44305,1,8,5,2013,14,28,33,0,0,1,1,2,0,0,2,1,0,1,4,0,0,0
201395315850,2,1,10,7,2,52.036106,2,8,5,2013,11,12,12,6,0,4,1,2,1,1,2,1,0,1,1,0,0,0
201395315852,5,1,10,7,2,104.07221,2,8,5,2013,13,11,12,2,0,1,1,2,5,1,2,1,0,1,1,0,0,0
201395315855,5,1,16,7,2,76.733925,1,7,2,2013,0,12,17,0,0,1,3,2,1,1,2,1,0,1,4,0,0,0
201395315858,3,1,30,7,2,121.15165,1,7,6,2013,14,34,9,0,0,1,1,1,2,1,2,1,0,1,1,0,0,0
201395315860,1,1,2,7,2,9.3967,1,7,5,2013,20,50,1,0,0,5,3,1,3,1,1,8,0,1,1,0,0,0
201395315864,6,3,1,46,8,202.176,1,7,7,2013,9,0,30,0,0,2,1,10,0,0,2,8,0,3,4,0,0,0
201395315871,4,3,1,46,8,359.424,2,7,3,2013,8,26,12,6,0,2,1,10,0,0,2,8,0,2,1,20,0,0
201395315896,4,3,3,46,8,359.424,2,7,4,2013,17,42,12,7,0,2,1,2,0,0,2,2,0,3,1,0,0,0
201395315898,5,3,3,46,8,89.856,2,8,5,2013,14,40,12,2,0,2,1,1,2,2,2,2,0,,1,0,0,0
201395315900,1,3,3,46,8,22.464,2,8,6,2013,16,20,12,6,0,2,1,1,3,3,2,2,0,2,1,0,0,0
201395315908,5,3,4,46,8,89.856,2,7,2,2013,9,45,12,1,0,1,1,1,2,2,2,2,0,1,1,0,0,0
201395315911,3,3,4,46,8,22.464,2,7,4,2013,15,58,12,1,0,1,1,1,2,1,2,2,0,1,1,0,0,0
201395315916,4,3,4,46,8,359.424,2,8,5,2013,15,38,14,0,0,4,1,10,0,0,2,2,1,1,7,0,0,0
201395315926,4,3,5,46,8,359.424,1,7,4,2013,7,0,59,0,0,2,4,2,0,0,2,1,0,3,4,0,0,0
201395315928,1,3,5,46,8,22.464,2,7,4,2013,22,35,12,6,0,2,3,1,3,1,2,1,0,2,1,0,0,0
201395315938,4,3,7,46,8,364.07315,2,7,7,2013,14,40,12,1,0,2,1,1,0,0,2,1,0,2,1,0,0,0
201395315941,2,3,7,46,8,52.01045,2,8,5,2013,10,39,12,6,1,2,1,1,1,4,2,1,0,2,1,0,0,0
201395315965,4,3,1,61,9,347.147,2,8,6,2013,7,37,12,6,0,2,1,1,0,0,2,8,0,2,1,0,0,0
201395315966,3,3,1,61,9,34.7147,1,8,7,2013,20,53,33,0,0,5,2,2,3,1,2,8,0,1,4,0,0,0
201395315968,5,3,1,61,9,104.1441,1,8,7,2013,16,34,30,0,0,1,1,1,1,2,2,8,0,1,4,0,0,0
201395315970,2,3,1,61,9,69.4294,2,8,5,2013,21,5,12,6,0,2,2,2,3,1,2,8,0,3,1,0,0,0
201395315971,3,3,1,61,9,34.7147,1,8,3,2013,12,9,1,0,0,2,1,10,2,2,2,8,0,3,1,0,0,0
201395315979,3,3,1,61,9,34.7147,2,8,2,2013,16,29,1,0,0,2,1,10,2,3,2,8,0,2,1,0,0,0
201395315981,6,3,1,61,9,208.2882,2,8,7,2013,14,5,12,1,0,1,1,10,0,0,2,8,0,1,1,0,0,0
201395315982,2,3,1,61,9,69.4294,4,8,6,2013,9,0,12,6,0,1,1,10,2,3,2,8,0,1,1,0,0,0
201395315986,5,3,1,61,9,104.1441,1,8,7,2013,20,28,1,0,0,1,3,2,1,1,2,8,0,1,4,0,0,0
201395315994,4,3,1,61,9,347.147,1,8,3,2013,9,10,23,0,0,1,1,1,0,0,2,8,0,1,4,0,0,0
201395315995,5,3,1,61,9,104.1441,2,8,2,2013,6,45,12,1,0,2,1,1,2,2,2,8,0,,1,0,0,0
201395315998,6,3,1,61,9,208.2882,1,8,6,2013,19,16,1,0,0,1,3,10,0,0,2,8,0,1,1,0,0,0
201395316000,3,3,1,61,9,34.7147,1,8,2,2013,16,55,9,0,0,2,1,10,2,1,2,8,0,3,1,0,0,0
201395316024,5,3,1,46,8,89.856,2,8,1,2013,10,45,12,6,0,2,1,1,2,1,2,8,0,2,1,0,0,0
201395316025,6,3,1,46,8,202.176,1,8,1,2013,17,20,53,0,0,1,1,1,0,0,2,8,0,1,4,0,0,0
201395316038,4,3,1,46,8,359.424,2,8,3,2013,11,50,12,8,0,1,1,1,0,0,2,8,0,1,1,0,0,0
201395316045,6,3,1,46,8,202.176,1,8,5,2013,5,10,33,0,0,1,2,1,0,0,2,8,0,1,4,0,0,0
201395316048,1,3,1,46,8,22.464,1,8,6,2013,17,0,42,0,0,1,1,1,3,1,2,8,0,1,4,0,0,0
201395316065,6,3,7,46,8,208.0418,2,8,2,2013,14,30,12,1,0,1,1,2,0,0,2,1,0,1,1,0,0,0
201395316066,5,3,7,46,8,104.0209,2,8,6,2013,0,0,12,6,0,4,1,1,1,4,2,1,0,1,1,0,0,0
201395316079,5,3,4,46,8,89.856,2,8,4,2013,13,28,12,6,0,2,1,1,2,1,2,2,0,,1,0,0,0
201395316096,4,3,5,46,8,359.424,2,8,5,2013,14,11,12,7,0,2,1,1,0,0,2,1,0,,1,0,0,0
201395316099,6,3,5,46,8,202.176,1,8,6,2013,3,37,25,0,0,1,2,1,0,0,2,1,0,1,3,0,0,0
201395316125,5,3,1,61,9,104.1441,1,8,1,2013,0,31,42,0,0,1,3,2,1,1,2,8,0,1,4,0,0,0
201395316136,6,3,1,61,9,208.2882,1,4,3,2013,19,35,33,0,0,1,5,2,0,0,2,8,0,1,3,0,0,0
201395316138,1,3,1,61,9,34.7147,3,9,3,2013,7,42,12,6,0,2,1,1,3,3,2,8,0,2,1,0,0,0
201395316145,6,3,1,61,9,208.2882,4,9,4,2013,17,18,12,1,0,1,1,2,0,0,2,8,0,1,1,0,0,0
201395316146,4,3,1,61,9,347.147,3,9,4,2013,16,0,12,1,0,2,1,2,0,0,2,8,0,2,1,0,0,0
201395316151,5,3,1,61,9,104.1441,1,9,1,2013,19,58,42,0,0,1,5,1,2,3,2,8,0,1,4,0,0,0
201395316158,6,3,1,61,9,208.2882,1,8,7,2013,19,40,42,0,0,1,5,2,0,0,2,8,0,1,4,0,0,0
201395316169,4,3,1,61,9,347.147,1,8,6,2013,11,45,24,0,0,1,1,2,1,1,2,8,0,1,3,0,0,0
201395316170,5,3,1,61,9,104.1441,2,8,6,2013,11,55,12,1,0,1,1,2,2,1,2,8,0,1,1,0,0,0
201395316173,3,3,1,61,9,34.7147,4,9,4,2013,7,0,12,1,0,2,1,1,2,2,2,8,0,,1,0,0,0
201395316175,6,3,1,61,9,208.2882,2,9,3,2013,8,10,12,1,0,1,1,1,0,0,2,8,0,1,1,0,0,0
201395316180,3,3,1,61,9,34.7147,1,9,1,2013,2,59,8,0,0,2,3,1,2,1,1,8,0,2,1,0,0,0
201395316184,3,3,3,61,9,34.7147,1,8,6,2013,13,15,9,0,0,2,1,1,2,1,2,1,0,2,1,0,0,0
201395316188,4,3,5,61,9,347.147,2,8,3,2013,11,21,12,1,0,2,1,1,1,1,2,1,0,2,1,0,0,0
201395316190,5,3,5,61,9,104.1441,1,8,4,2013,8,7,3,0,0,1,1,1,1,1,2,1,0,1,4,0,0,0
201395316195,6,3,5,61,9,208.2882,2,9,2,2013,18,42,12,1,0,2,1,1,1,2,2,1,0,2,1,0,0,0
201395316198,4,3,6,61,9,347.147,2,8,2,2013,10,57,12,6,0,4,1,1,0,0,2,1,0,1,1,0,0,0
201395316227,3,1,2,7,2,18.7934,1,8,1,2013,12,12,1,0,0,1,1,1,3,1,2,8,0,1,1,0,0,0
201395316244,1,1,8,7,2,34.57384,2,8,6,2013,15,33,12,8,0,1,1,2,3,2,2,1,0,1,1,0,0,0
201395316246,4,1,5,7,2,347.73785,2,8,2,2013,13,18,12,6,0,4,1,1,5,1,2,2,0,1,1,0,0,0
201395316251,5,1,10,7,2,104.07221,1,8,2,2013,4,13,23,0,0,1,3,1,5,1,1,1,0,1,4,0,0,0
201395316252,6,1,10,7,2,208.14442,2,8,1,2013,18,14,12,1,0,2,1,1,0,0,2,1,0,,1,0,0,0
201395316255,5,1,16,7,2,76.733925,2,8,5,2013,16,57,12,6,0,2,1,1,5,1,2,1,0,2,1,0,0,0
201395316264,5,3,1,46,8,89.856,2,8,7,2013,21,45,12,1,0,2,2,1,2,4,2,8,0,3,1,0,0,0
201395316275,4,3,1,46,8,359.424,1,8,2,2013,21,30,57,0,0,1,2,1,0,0,2,8,0,1,3,0,0,0
201395316276,6,3,1,46,8,202.176,2,8,3,2013,1,5,12,6,0,2,2,1,0,0,2,8,0,2,1,0,0,0
201395316294,5,3,1,46,8,89.856,1,8,6,2013,22,35,42,0,0,1,2,1,2,1,2,8,0,1,4,0,0,0
201395316309,4,3,3,46,8,359.424,2,8,5,2013,10,13,12,1,0,2,1,1,0,0,2,2,0,2,1,0,0,0
201395316310,6,3,3,46,8,202.176,1,8,6,2013,12,51,33,0,0,1,1,1,0,0,2,2,0,1,4,0,0,0
201395316319,6,3,4,46,8,202.176,2,8,2,2013,21,15,12,6,0,4,3,1,0,0,2,2,0,1,1,0,0,0
201395316328,3,3,7,46,8,52.01045,1,8,1,2013,17,0,18,0,0,1,1,1,2,1,2,1,0,1,1,0,0,0
201395316329,4,3,7,46,8,364.07315,2,8,2,2013,15,40,12,1,0,1,1,10,0,0,2,1,0,1,1,0,0,0
201395316330,5,3,7,46,8,104.0209,2,8,3,2013,5,15,12,6,0,1,2,10,1,1,2,1,0,1,1,0,0,0
201395316353,4,3,5,46,8,359.424,1,8,6,2013,17,30,11,0,0,1,1,10,0,0,2,1,0,1,1,0,0,0
201395316363,3,3,5,61,9,34.7147,2,9,4,2013,13,43,14,0,0,1,1,2,2,1,2,1,1,1,7,0,0,0
201395316369,2,3,1,61,9,69.4294,2,9,6,2013,12,15,12,6,0,1,1,10,0,0,2,8,0,1,1,0,0,0
201395316370,5,3,1,61,9,104.1441,1,9,2,2013,12,20,41,0,0,1,1,10,2,1,2,8,0,1,3,0,0,0
201395316371,1,3,1,61,9,34.7147,2,9,6,2013,14,10,12,1,0,1,1,10,3,1,1,8,0,1,1,0,0,0
201395316375,6,3,1,61,9,208.2882,2,9,4,2013,14,22,12,6,0,2,1,1,1,1,2,8,0,3,1,0,0,0
201395316379,5,3,1,61,9,104.1441,2,9,7,2013,11,50,12,6,0,2,1,1,2,4,1,8,0,2,1,0,0,0
201395316382,1,3,1,61,9,34.7147,1,9,4,2013,20,0,42,0,0,1,6,1,3,1,2,8,0,1,4,0,0,0
201395316391,4,3,1,61,9,347.147,2,9,6,2013,20,51,12,6,0,2,3,2,0,0,2,8,0,2,1,0,0,0
201395316398,6,3,1,61,9,208.2882,2,9,5,2013,18,44,12,6,0,2,1,2,0,0,2,8,0,2,1,0,0,0
201395316399,2,3,1,61,9,69.4294,2,8,5,2013,17,30,12,1,0,1,1,1,0,0,2,8,0,1,1,0,0,0
201395316402,1,3,1,61,9,34.7147,1,9,2,2013,17,30,42,0,0,1,1,2,3,3,2,8,0,1,3,0,0,0
201395316404,3,3,1,61,9,34.7147,1,9,2,2013,8,35,9,0,0,1,1,1,3,1,2,8,0,1,1,0,0,0
201395316410,6,3,1,46,8,202.176,2,8,7,2013,17,0,12,6,0,2,1,1,0,0,2,8,0,2,1,0,0,0
201395316420,4,3,1,46,8,359.424,2,8,2,2013,17,45,12,1,0,1,1,1,0,0,2,8,0,1,1,0,0,0
201395316426,3,3,1,46,8,22.464,2,8,3,2013,15,5,12,6,0,4,1,10,3,3,2,8,0,1,1,0,0,0
201395316436,1,3,1,46,8,22.464,1,8,5,2013,16,27,34,0,0,1,1,1,3,1,2,8,0,1,4,0,0,0
201395316437,3,3,1,46,8,22.464,1,8,5,2013,18,35,1,0,0,1,1,1,3,3,1,8,0,1,1,0,0,0
201395316443,3,3,1,46,8,22.464,2,8,6,2013,21,27,12,1,0,2,2,1,2,2,2,8,0,,1,0,0,0
201395316447,3,3,3,46,8,22.464,2,8,7,2013,14,11,12,1,0,1,1,2,2,2,2,2,0,1,1,0,0,0
201395316475,4,3,4,46,8,359.424,2,8,7,2013,19,24,12,1,0,2,1,1,0,0,2,2,0,2,1,0,0,0
201395316496,3,3,5,46,8,22.464,1,8,3,2013,17,35,9,0,0,2,1,1,2,1,2,1,0,3,1,16,0,0
201395316502,1,3,5,46,8,22.464,2,8,5,2013,5,30,12,1,0,2,4,1,3,1,1,1,0,3,1,0,0,0
201395316504,6,3,5,46,8,202.176,2,8,5,2013,16,11,12,1,0,1,1,1,0,0,2,1,0,1,1,0,0,0
201395316506,2,3,5,46,8,67.392,2,8,6,2013,15,54,12,1,0,2,1,1,1,1,2,1,0,2,1,0,0,0
201395316513,4,3,7,46,8,364.07315,2,8,5,2013,16,7,12,1,0,1,1,1,0,0,2,1,0,1,1,0,0,0
201395316515,3,3,3,61,9,34.7147,2,7,4,2013,17,50,12,1,0,1,1,2,2,1,2,1,0,1,1,0,0,0
201395316518,3,3,3,61,9,34.7147,1,8,7,2013,0,0,9,0,0,2,3,2,2,1,2,1,0,2,1,0,0,0
201395316519,4,3,3,61,9,347.147,1,8,7,2013,21,41,53,0,0,1,2,2,0,0,2,1,0,1,4,0,0,0
201395316520,3,3,3,61,9,34.7147,2,8,1,2013,18,28,12,6,0,2,5,2,3,1,2,1,0,2,1,0,0,0
201395316540,6,3,1,46,8,202.176,1,8,7,2013,3,0,53,0,0,1,2,1,0,0,2,8,0,1,4,0,0,0
201395316547,4,3,1,46,8,359.424,2,8,2,2013,5,57,12,1,0,1,1,1,0,0,2,8,0,1,1,0,0,0
201395316560,6,3,1,46,8,202.176,2,8,4,2013,15,15,12,1,0,1,1,1,1,1,2,8,0,1,1,0,0,0
201395316571,4,3,1,46,8,359.424,1,8,6,2013,16,0,53,0,0,1,1,1,0,0,2,8,0,1,4,0,0,0
201395316581,4,3,3,46,8,359.424,2,8,2,2013,17,40,12,1,0,2,1,1,0,0,2,2,0,2,1,0,0,0
201395316586,6,3,3,46,8,202.176,2,8,3,2013,17,0,12,6,0,2,1,1,0,0,2,2,0,,1,0,0,0
201395316599,3,3,4,46,8,22.464,1,8,2,2013,8,20,34,0,0,1,1,1,2,1,2,2,0,1,4,0,0,0
201395316601,6,3,4,46,8,202.176,2,8,2,2013,14,13,12,6,0,2,1,1,0,0,2,2,0,2,1,0,0,0
201395316607,4,3,4,46,8,359.424,2,8,6,2013,11,9,12,6,0,2,1,1,0,0,2,2,0,2,1,0,0,0
201395316621,4,3,5,46,8,359.424,3,8,2,2013,18,47,12,7,0,2,1,1,0,0,2,1,0,2,1,0,0,0
201395316636,4,3,7,46,8,364.07315,2,8,5,2013,13,49,12,7,0,1,1,1,0,0,2,1,0,1,1,0,0,0
201395316642,4,3,1,61,9,347.147,2,9,2,2013,14,30,12,1,0,2,1,10,0,0,2,8,0,2,1,0,0,0
201395316647,5,3,1,61,9,104.1441,2,9,1,2013,7,39,12,6,0,2,1,1,1,1,2,8,0,2,1,0,0,0
201395316654,6,3,1,61,9,208.2882,2,9,6,2013,9,31,12,1,0,2,1,1,0,0,2,8,0,,1,0,0,0
201395316657,4,3,1,61,9,347.147,2,9,3,2013,15,45,12,6,0,2,1,10,0,0,2,8,0,3,1,0,0,0
201395316663,3,3,1,61,9,34.7147,2,9,4,2013,21,5,12,1,0,2,3,10,3,2,2,8,0,2,1,0,0,0
201395316667,3,3,1,61,9,34.7147,2,9,2,2013,16,0,12,1,0,2,1,10,2,1,2,8,0,2,1,0,0,0
201395316668,5,3,1,61,9,104.1441,2,9,3,2013,17,20,12,1,0,2,1,1,2,1,2,8,0,3,1,0,0,0
201395316670,3,3,1,61,9,34.7147,1,9,6,2013,2,10,33,0,0,2,2,1,3,1,1,8,0,6,4,0,0,0
201395316675,3,3,1,61,9,34.7147,2,9,1,2013,12,45,12,1,0,2,1,1,2,2,2,8,0,2,1,0,0,0
201395316677,6,3,1,61,9,208.2882,2,9,4,2013,17,25,12,1,0,1,1,1,0,0,2,8,0,1,1,0,0,0
201395316687,6,3,1,61,9,208.2882,1,9,5,2013,17,10,57,0,0,1,1,1,0,0,2,8,0,1,3,0,0,0
201395316690,1,3,1,61,9,34.7147,2,9,6,2013,13,7,12,1,0,1,1,1,4,1,2,8,0,1,1,0,0,0
201395316691,4,3,1,61,9,347.147,1,9,6,2013,19,33,57,0,0,1,5,1,0,0,2,8,0,1,3,0,0,0
201395316692,3,3,1,61,9,34.7147,2,9,6,2013,16,39,12,1,0,1,1,1,2,1,2,8,0,1,1,0,0,0
201395316701,3,3,2,61,9,34.7147,2,8,5,2013,15,9,12,1,0,1,1,1,3,2,2,3,0,1,1,0,0,0
201395316702,6,3,2,61,9,208.2882,2,8,5,2013,17,58,12,6,0,2,1,1,0,0,2,3,0,2,1,0,0,0
201395316703,3,3,2,61,9,34.7147,1,8,6,2013,16,1,9,0,0,2,1,10,2,3,2,3,0,3,1,0,0,0
201395316706,1,3,2,61,9,34.7147,2,8,1,2013,16,39,12,6,0,7,1,10,3,2,2,3,0,1,1,0,0,0
201395316713,3,3,2,61,9,34.7147,1,8,4,2013,14,40,9,0,0,1,1,10,2,1,2,3,0,1,1,0,0,0
201395316714,3,3,2,61,9,34.7147,1,8,4,2013,15,7,8,0,0,4,1,2,2,1,2,3,0,1,1,0,0,0
201395316715,6,3,2,61,9,208.2882,2,8,4,2013,15,54,12,1,0,2,1,2,0,0,2,3,0,3,1,0,0,0
201395316719,3,3,2,61,9,34.7147,1,8,5,2013,17,50,9,0,0,2,1,1,2,1,2,3,0,2,1,16,0,0
201395316722,3,3,2,61,9,34.7147,1,8,7,2013,12,4,9,0,0,4,1,1,2,1,2,3,0,1,4,0,0,0
201395316728,3,3,2,61,9,34.7147,2,8,3,2013,8,15,12,1,0,2,1,1,2,1,2,3,0,2,1,0,0,0
201395316729,4,3,2,61,9,347.147,2,8,3,2013,11,35,12,6,0,2,1,1,1,1,2,3,0,2,1,0,0,0
201395316731,6,3,2,61,9,208.2882,2,8,4,2013,13,30,12,6,0,2,1,1,0,0,2,3,0,2,1,0,0,0
201395316734,3,3,2,61,9,34.7147,1,8,6,2013,6,20,8,0,0,1,3,1,3,1,2,3,0,1,1,0,0,0
201395316737,3,3,2,61,9,34.7147,1,8,6,2013,16,5,9,0,0,4,1,1,2,1,2,3,0,1,1,0,0,0
201395316749,6,3,2,61,9,208.2882,1,8,7,2013,14,1,33,0,0,2,1,1,0,0,2,3,0,2,4,0,0,0
201395316753,4,3,2,61,9,347.147,2,8,2,2013,9,20,12,1,0,2,1,10,1,1,2,3,0,3,1,0,0,0
201395316757,3,3,2,61,9,34.7147,2,8,2,2013,18,6,12,6,0,4,1,1,2,1,2,3,0,1,1,0,0,0
201395316762,3,3,2,61,9,34.7147,1,8,4,2013,12,42,9,0,0,1,1,1,2,1,2,3,0,1,1,16,20,0
201395316767,5,3,2,61,9,104.1441,2,8,6,2013,14,30,12,1,0,1,1,10,1,1,2,3,0,1,1,0,0,0
201395316775,5,3,1,61,9,104.1441,2,9,6,2013,9,48,12,2,0,2,1,1,1,1,2,8,0,2,1,0,0,0
201395316780,3,3,1,61,9,34.7147,2,9,7,2013,11,13,12,6,0,2,1,1,2,1,2,8,0,3,1,0,0,0
201395316783,6,3,1,61,9,208.2882,1,9,2,2013,16,27,59,0,0,5,1,10,1,1,2,8,0,1,4,0,0,0
201395316787,5,3,1,61,9,104.1441,2,9,7,2013,15,45,12,6,0,2,1,1,2,4,1,8,0,3,1,0,0,0
201395316792,3,3,1,61,9,34.7147,1,9,2,2013,21,32,9,0,0,1,2,2,4,1,1,8,0,1,1,0,0,0
201395316795,3,3,1,61,9,34.7147,2,9,6,2013,7,5,12,6,0,2,4,1,3,1,2,8,0,2,1,0,0,0
201395316798,6,3,1,61,9,208.2882,2,9,4,2013,7,45,12,6,0,2,1,1,0,0,2,8,0,2,1,0,0,0
201395316802,5,3,1,61,9,104.1441,3,9,4,2013,7,3,12,1,1,5,1,2,2,1,2,8,0,1,1,0,0,0
201395316812,4,3,1,61,9,347.147,2,9,4,2013,8,50,12,1,0,1,1,2,0,0,2,8,0,1,1,0,0,0
201395316813,6,3,1,61,9,208.2882,1,9,4,2013,10,7,24,0,0,1,1,2,1,1,2,8,0,1,4,0,0,0
201395316814,5,3,1,61,9,104.1441,2,9,4,2013,12,20,12,1,0,1,1,10,2,2,2,8,0,1,1,0,0,0
201395316825,3,1,1,7,2,18.7934,1,8,1,2013,18,56,8,0,0,1,1,1,2,1,2,2,0,1,1,0,0,0
201395316837,1,1,2,7,2,9.3967,3,8,6,2013,2,38,12,2,0,1,3,1,3,4,1,8,0,1,1,0,0,0
201395316846,6,1,2,7,2,206.7274,1,8,5,2013,15,40,30,0,0,1,1,2,0,0,2,8,0,1,4,0,0,0
201395316849,5,1,2,7,2,93.967,3,8,5,2013,16,22,12,1,0,1,1,1,2,1,2,8,0,1,1,0,0,0
201395316851,1,1,2,7,2,9.3967,3,8,5,2013,20,46,12,6,0,2,2,1,3,4,2,8,0,2,1,0,0,0
201395316880,3,1,3,7,2,18.7934,1,8,4,2013,21,6,1,0,0,2,3,1,2,1,2,3,0,3,1,3,0,0