CASENUM,STRATUM,REGION,PJ,PSU,PSUSTRAT,WEIGHT,VE_TOTAL,MONTH,WKDY_IM,YEAR,HOUR_IM,MINUTE_IM,EVENT1_IM,MANCOL_IM,RELJCT1_IM,RELJCT2_IM,LGTCON_IM,WEATHR_IM,MAXSEV_IM,NO_INJ_IM,ALCHL_IM,LAND_USE,PVH_INVL,TYP_INT,REL_ROAD,CF1,CF2,CF3
201395319740,3,3,2,61,9,34.7147,1,11,6,2013,12,21,8,0,0,1,1,10,2,1,2,3,0,1,1,0,0,0
201395319743,5,3,2,61,9,104.1441,1,11,7,2013,9,5,30,0,0,1,1,1,1,1,2,3,0,1,4,0,0,0
201395319757,6,3,2,61,9,208.2882,2,11,6,2013,2,54,14,0,0,1,3,1,0,0,1,3,1,1,5,0,0,0
201395319758,4,3,2,61,9,347.147,1,11,6,2013,3,55,30,0,0,2,2,1,1,1,2,3,0,3,4,20,0,0
201395319759,5,3,2,61,9,104.1441,1,11,6,2013,4,13,39,0,0,2,3,1,1,2,2,3,0,3,4,20,0,0
201395319770,1,3,1,46,8,22.464,1,11,1,2013,9,15,42,0,0,1,1,10,3,2,2,8,0,1,4,0,0,0
201395319779,6,3,1,46,8,202.176,2,11,3,2013,6,30,12,2,0,2,4,10,0,0,2,8,0,3,1,0,0,0
201395319782,4,3,1,46,8,359.424,2,11,3,2013,13,5,12,6,0,2,1,1,0,0,2,8,0,3,1,0,0,0
201395319792,3,3,1,46,8,22.464,2,11,4,2013,15,25,12,7,0,5,1,1,2,1,2,8,0,1,1,0,0,0
201395319797,3,3,1,46,8,22.464,2,11,5,2013,8,50,14,0,0,1,1,1,2,1,2,8,1,1,7,0,0,0
201395319821,6,3,3,46,8,202.176,1,11,2,2013,21,25,33,0,0,1,3,1,0,0,2,2,0,1,4,0,0,0
201395319829,5,3,3,46,8,89.856,4,11,6,2013,8,45,12,1,0,1,1,2,1,3,2,2,0,1,1,0,0,0
201395319830,4,3,3,46,8,359.424,1,11,6,2013,20,45,11,0,0,1,3,1,0,0,2,2,0,1,1,0,0,0
201395319832,1,3,4,46,8,22.464,1,11,1,2013,3,10,31,0,0,1,3,1,3,1,2,2,0,1,4,0,0,0
201395319841,5,3,4,46,8,89.856,1,11,5,2013,16,39,30,0,0,1,5,1,2,1,2,2,0,1,4,0,0,0
201395319858,4,3,5,46,8,359.424,1,11,6,2013,17,30,11,0,0,1,3,1,0,0,2,1,0,1,1,0,0,0
201395319867,4,3,7,46,8,364.07315,2,11,6,2013,15,1,12,1,0,2,1,1,0,0,2,1,0,3,1,21,0,0
201395319869,6,3,1,61,9,208.2882,3,12,2,2013,17,10,12,1,0,1,1,1,0,0,2,8,0,1,1,0,0,0
201395319870,2,3,1,61,9,69.4294,2,12,6,2013,10,45,12,1,0,2,1,1,2,2,2,8,0,2,1,0,0,0
201395319873,3,3,1,61,9,34.7147,1,12,7,2013,15,53,15,0,0,2,1,1,2,1,2,8,0,2,1,0,0,0
201395319877,6,3,1,61,9,208.2882,2,12,5,2013,18,20,12,6,0,2,2,1,0,0,2,8,0,3,1,0,0,0
201395319882,5,3,1,61,9,104.1441,1,12,1,2013,21,21,31,0,0,5,3,1,1,1,1,8,0,1,4,0,0,0
201395319891,6,3,1,61,9,208.2882,1,12,3,2013,8,34,11,0,0,1,1,1,0,0,2,8,0,1,1,0,0,0
201395319897,3,3,1,61,9,34.7147,2,12,2,2013,12,46,12,6,0,2,1,1,2,1,2,8,0,3,1,0,0,0
201395319898,4,3,1,61,9,347.147,2,12,5,2013,7,15,12,7,0,1,1,1,0,0,2,8,0,1,1,0,0,0
201395319904,4,3,5,61,9,347.147,2,12,2,2013,8,49,12,7,0,4,1,1,0,0,2,1,0,1,1,0,0,0
201395319906,1,3,5,61,9,34.7147,3,12,2,2013,11,14,12,6,0,2,1,1,3,3,2,1,0,2,1,0,0,0
201395319909,3,3,5,61,9,34.7147,1,12,4,2013,12,30,33,0,0,1,1,1,2,1,2,1,0,1,4,0,0,0
201395319910,6,3,5,61,9,208.2882,2,12,4,2013,17,27,12,6,0,2,5,1,0,0,2,1,0,3,1,0,0,0
201395319923,4,1,2,7,2,347.6779,2,12,1,2013,11,13,12,7,0,1,1,1,5,1,2,8,0,1,1,0,0,0
201395319938,5,1,2,7,2,93.967,2,12,6,2013,17,38,12,6,0,4,3,2,5,3,2,8,0,1,1,0,0,0
201395319949,5,1,3,7,2,93.967,3,12,4,2013,22,18,14,0,0,1,3,1,5,1,2,3,2,1,8,0,0,0
201395319950,4,1,3,7,2,347.6779,1,12,4,2013,20,55,8,0,0,1,3,1,1,1,1,3,0,1,1,0,0,0
201395319953,6,1,3,7,2,206.7274,2,12,6,2013,20,7,12,1,0,2,3,2,5,1,2,3,0,3,1,0,0,0
201395319984,3,1,8,7,2,34.57384,1,12,5,2013,21,59,8,0,0,2,3,1,2,1,2,1,0,2,1,0,0,0
201395319989,5,1,16,7,2,76.733925,2,12,1,2013,12,56,12,6,0,2,1,1,2,3,2,1,0,2,1,0,0,0
201395319991,1,3,1,46,8,22.464,1,11,7,2013,0,0,35,0,0,1,2,10,3,1,2,8,0,1,4,0,0,0
201395319993,4,3,1,46,8,359.424,2,11,7,2013,10,0,12,1,0,2,1,1,0,0,2,8,0,2,1,0,0,0
201395319995,6,3,1,46,8,202.176,2,11,7,2013,15,20,12,6,0,2,1,10,0,0,2,8,0,2,1,0,0,0
201395319999,5,3,1,46,8,89.856,1,11,1,2013,3,30,42,0,0,1,2,2,1,1,2,8,0,1,4,0,0,0
201395320021,4,3,1,46,8,359.424,2,11,4,2013,14,20,12,1,0,1,1,1,0,0,2,8,0,1,1,19,0,0
201395320023,6,3,1,46,8,202.176,1,11,4,2013,15,30,38,0,0,1,1,1,0,0,2,8,0,1,4,0,0,0
201395320027,5,3,1,46,8,89.856,2,11,4,2013,22,50,12,6,0,2,2,1,1,1,1,8,0,2,1,0,0,0
201395320043,4,3,1,46,8,359.424,2,11,6,2013,19,9,14,0,0,4,2,1,0,0,2,8,1,1,7,0,0,0
201395320065,6,3,3,46,8,202.176,2,11,4,2013,7,24,12,1,0,1,1,1,0,0,2,2,0,1,1,0,0,0
201395320074,6,3,4,46,8,202.176,2,11,7,2013,15,35,12,6,0,2,1,10,0,0,2,2,0,3,1,0,0,0
201395320084,4,3,4,46,8,359.424,1,11,3,2013,19,26,42,0,0,1,2,1,0,0,2,2,0,1,4,0,0,0
201395320097,6,3,5,46,8,202.176,1,11,1,2013,7,9,24,0,0,1,1,2,0,0,2,1,0,1,3,0,0,0
201395320115,5,3,7,46,8,104.0209,3,11,1,2013,15,45,12,6,0,2,1,1,1,1,1,1,0,3,1,0,0,0
201395320125,5,3,1,46,8,89.856,2,11,2,2013,14,15,12,1,0,1,1,2,2,2,2,8,0,1,1,0,0,0
201395320141,6,3,1,46,8,202.176,1,11,4,2013,18,0,42,0,0,1,2,1,0,0,2,8,0,1,4,0,0,0
201395320145,4,3,1,46,8,359.424,2,11,5,2013,7,30,12,7,0,2,1,1,0,0,2,8,0,3,1,0,0,0
201395320149,5,3,1,46,8,89.856,2,11,6,2013,6,40,12,2,0,1,1,1,2,2,2,8,0,1,1,0,0,0
201395320161,4,3,3,46,8,359.424,2,11,2,2013,14,30,12,7,0,1,1,2,0,0,2,2,0,1,1,0,0,0
201395320166,1,3,3,46,8,22.464,3,11,2,2013,18,52,12,1,0,1,3,10,3,4,1,2,0,1,1,0,0,0
201395320168,3,3,3,46,8,22.464,1,11,3,2013,14,35,8,0,0,4,1,1,2,1,2,2,0,1,1,0,0,0
201395320187,6,3,4,46,8,202.176,2,11,3,2013,19,25,12,9,0,4,3,1,0,0,2,2,0,1,1,0,0,0
201395320188,3,3,4,46,8,22.464,1,11,4,2013,15,55,8,0,0,1,1,1,2,1,2,2,0,1,1,0,0,0
201395320191,4,3,4,46,8,359.424,2,11,5,2013,19,0,12,7,0,2,3,1,0,0,2,2,0,2,1,0,0,0
201395320201,6,3,5,46,8,202.176,3,11,2,2013,18,18,12,6,0,2,3,10,0,0,2,1,0,2,1,0,0,0
201395320206,4,3,5,46,8,359.424,4,11,3,2013,17,32,12,1,0,1,3,1,0,0,2,1,0,1,1,0,0,0
201395320220,5,3,7,46,8,104.0209,2,11,3,2013,0,0,12,6,0,2,1,10,1,2,2,1,0,2,1,0,0,0
201395320222,6,3,7,46,8,208.0418,1,11,5,2013,22,26,30,0,0,1,3,1,0,0,2,1,0,1,4,0,0,0
201395320238,3,3,1,46,8,22.464,1,12,3,2013,11,45,8,0,0,1,1,1,2,1,2,8,0,1,1,0,0,0
201395320242,4,3,1,46,8,359.424,2,12,4,2013,20,18,14,0,0,1,3,1,0,0,2,8,1,1,2,0,0,0
201395320246,6,3,1,46,8,202.176,1,12,5,2013,1,5,33,0,0,1,2,1,0,0,1,8,0,1,4,0,0,0
201395320260,5,3,1,46,8,89.856,3,12,6,2013,17,14,25,0,0,1,2,3,2,2,2,8,0,1,4,0,0,0
201395320264,6,3,1,46,8,202.176,1,12,6,2013,18,36,25,0,0,1,2,3,2,1,2,8,0,1,4,0,0,0
201395320267,6,3,2,46,8,202.176,1,12,1,2013,2,40,42,0,0,1,2,1,0,0,2,8,0,1,4,0,0,0
201395320270,6,3,3,46,8,202.176,1,11,7,2013,5,30,30,0,0,1,3,1,1,1,2,2,0,1,4,0,0,0
201395320278,4,3,3,46,8,359.424,2,12,4,2013,7,50,12,1,0,1,1,10,0,0,2,2,0,1,1,0,0,0
201395320292,3,3,4,46,8,22.464,1,11,7,2013,19,0,8,0,0,4,3,1,2,2,2,2,0,1,1,0,0,0
201395320308,4,3,5,46,8,359.424,2,12,3,2013,19,54,12,1,0,2,3,1,0,0,2,1,0,3,1,0,0,0
201395320310,3,3,5,46,8,22.464,1,12,4,2013,13,25,33,0,0,1,1,10,2,1,2,1,0,1,4,0,0,0
201395320313,6,3,5,46,8,202.176,3,12,4,2013,17,30,12,6,0,4,3,1,1,2,2,1,0,1,1,0,0,0
201395320325,5,3,5,46,8,89.856,2,12,5,2013,18,39,12,6,0,2,6,2,2,1,2,1,0,2,1,0,0,0
201395320335,4,3,7,46,8,364.07315,2,12,4,2013,14,0,12,7,0,4,1,1,0,0,2,1,0,1,1,0,0,0
201395320336,2,3,7,46,8,52.01045,2,12,4,2013,14,50,12,6,0,1,1,1,0,0,2,1,0,1,1,0,0,0
201395320341,4,3,3,61,9,347.147,2,3,5,2013,9,40,12,1,0,2,1,1,1,2,2,1,0,2,1,0,0,0
201395320342,5,3,3,61,9,104.1441,2,12,1,2013,21,5,12,6,0,2,3,1,1,1,2,1,0,2,1,0,0,0
201395320345,3,3,3,61,9,34.7147,1,12,1,2013,9,0,1,0,0,1,1,1,2,1,2,1,0,1,1,0,0,0
201395320350,3,3,5,61,9,34.7147,1,12,1,2013,13,0,9,0,0,2,1,1,2,1,2,1,0,2,1,0,0,0
201395320353,4,3,5,61,9,347.147,1,12,4,2013,8,43,32,0,0,1,3,1,0,0,2,1,0,1,4,0,0,0
201395320354,3,3,5,61,9,34.7147,1,12,4,2013,23,56,9,0,0,1,2,1,2,1,2,1,0,1,1,0,0,0
201395320355,3,3,5,61,9,34.7147,2,12,5,2013,16,10,12,6,0,1,1,1,2,1,2,1,0,1,1,0,0,0
201395320357,3,3,6,61,9,34.7147,1,12,7,2013,16,41,9,0,0,2,5,1,2,1,2,1,0,3,1,0,0,0
201395320359,3,3,1,61,9,34.7147,1,11,4,2013,20,48,8,0,0,1,2,1,2,1,2,8,0,1,4,0,0,0
201395320362,1,3,1,61,9,34.7147,2,12,2,2013,15,30,12,6,0,2,1,1,3,2,2,8,0,2,1,0,0,0
201395320364,5,3,1,61,9,104.1441,2,12,6,2013,7,30,24,0,0,1,1,1,3,2,2,8,0,1,4,0,0,0
201395320368,3,3,1,61,9,34.7147,1,12,6,2013,21,15,8,0,0,1,3,1,3,1,2,8,0,1,1,0,0,0
201395320370,3,3,1,61,9,34.7147,2,12,7,2013,23,50,12,6,0,2,3,1,3,2,2,8,0,3,1,0,0,0
201395320372,2,3,1,61,9,69.4294,1,12,4,2013,2,35,50,0,0,1,2,1,0,0,2,8,0,1,1,0,0,0
201395320377,3,3,1,61,9,34.7147,1,12,4,2013,22,30,59,0,0,1,3,1,2,1,1,8,0,1,4,0,0,0
201395320378,1,3,1,61,9,34.7147,3,12,5,2013,18,17,12,6,0,2,5,1,3,6,2,8,0,2,1,0,0,0
201395320379,6,3,1,61,9,208.2882,2,12,2,2013,6,55,12,1,0,2,5,1,0,0,2,8,0,2,1,0,0,0
201395320381,5,3,1,61,9,104.1441,2,12,3,2013,8,44,12,1,0,2,1,1,2,1,2,8,0,2,1,0,0,0
201395320387,3,3,1,61,9,34.7147,1,12,5,2013,12,30,8,0,0,1,1,1,2,1,2,8,0,1,1,0,0,0
201395320388,3,3,1,61,9,34.7147,1,12,2,2013,8,45,8,0,0,2,1,1,3,1,2,8,0,3,1,0,0,0
201395320389,4,3,1,61,9,347.147,2,12,2,2013,10,39,12,6,0,2,1,1,0,0,2,8,0,2,1,0,0,0
201395320390,3,3,1,61,9,34.7147,1,12,2,2013,11,10,1,0,0,1,1,1,2,1,2,8,0,1,1,0,0,0
201395320392,6,3,1,61,9,208.2882,1,12,4,2013,7,30,59,0,0,1,1,10,0,0,2,8,0,1,4,0,0,0
201395320395,3,3,1,61,9,34.7147,1,12,6,2013,13,26,1,0,0,2,1,1,2,1,2,8,0,2,1,0,0,0
201395320403,6,3,1,61,9,208.2882,2,12,6,2013,19,5,12,6,1,2,5,1,0,0,2,8,0,2,1,0,0,0
201395320404,1,3,1,61,9,34.7147,4,12,7,2013,17,13,12,1,0,2,5,10,3,4,2,8,0,,1,0,0,0
201395320405,3,3,1,61,9,34.7147,2,12,4,2013,18,29,12,1,0,2,5,10,2,1,2,8,0,,1,0,0,0
201395320407,5,3,1,61,9,104.1441,1,12,3,2013,0,20,30,0,0,1,3,1,1,1,2,8,0,1,4,0,0,0
201395320415,3,3,1,61,9,34.7147,1,12,7,2013,12,55,9,0,0,2,1,1,2,1,2,8,0,2,1,16,0,0
201395320418,1,3,1,61,9,34.7147,1,12,2,2013,5,43,42,0,0,1,2,1,3,3,2,8,0,1,4,0,0,0
201395320419,4,3,1,61,9,347.147,2,12,2,2013,10,4,12,6,0,2,1,1,0,0,2,8,0,2,1,21,0,0
201395320421,1,3,1,61,9,34.7147,1,12,4,2013,5,19,59,0,0,1,2,1,3,1,2,8,0,1,4,0,0,0
201395320427,6,3,1,61,9,208.2882,2,12,6,2013,20,54,12,7,0,2,3,1,0,0,2,8,0,2,1,0,0,0
201395320428,5,3,1,61,9,104.1441,2,12,5,2013,13,0,12,1,0,2,1,1,1,1,2,8,0,,1,0,0,0
201395320433,3,3,2,61,9,34.7147,2,12,1,2013,14,52,12,1,0,2,1,1,3,3,2,3,0,4,1,0,0,0
201395320438,5,3,2,61,9,104.1441,1,12,3,2013,16,53,42,0,0,2,1,10,2,2,1,3,0,2,4,0,0,0
201395320441,3,3,2,61,9,34.7147,1,12,3,2013,18,13,8,0,0,1,5,1,2,1,2,3,0,1,1,0,0,0
201395320445,4,3,2,61,9,347.147,2,12,4,2013,18,0,14,0,0,4,5,1,0,0,2,3,1,1,4,0,0,0
201395320447,3,3,2,61,9,34.7147,1,12,5,2013,10,46,9,0,0,2,1,1,2,1,2,3,0,2,1,0,0,0
201395320451,3,3,2,61,9,34.7147,1,12,3,2013,1,18,33,0,0,1,3,1,2,1,1,3,0,1,3,0,0,0
201395320452,3,3,2,61,9,34.7147,2,12,6,2013,17,6,12,1,0,1,1,1,2,1,2,3,0,1,1,0,0,0
201395320453,6,3,2,61,9,208.2882,2,12,6,2013,22,40,12,6,0,2,3,1,3,1,2,3,0,2,1,0,0,0
201395320459,5,3,2,61,9,104.1441,2,12,1,2013,23,19,12,7,0,2,3,1,1,1,2,3,0,2,1,0,0,0
201395320464,3,3,2,61,9,34.7147,1,12,5,2013,16,20,8,0,0,1,1,1,2,1,2,3,0,1,1,0,0,0
201395320466,4,3,2,61,9,347.147,2,12,6,2013,6,55,12,1,0,2,1,1,1,1,2,3,0,2,1,0,0,0
201395320467,3,3,2,61,9,34.7147,2,12,6,2013,13,30,12,1,0,2,1,1,2,2,2,3,0,3,1,0,0,0
201395320475,6,3,2,61,9,208.2882,1,12,1,2013,2,46,19,0,0,1,3,10,0,0,1,3,0,1,4,0,0,0
201395320480,3,3,2,61,9,34.7147,1,12,3,2013,15,3,18,0,0,1,1,1,3,1,2,3,0,1,1,0,0,0
201395320485,4,3,2,61,9,347.147,2,12,5,2013,11,3,14,0,0,1,1,1,0,0,2,3,1,1,7,21,0,0
201395320493,3,3,2,61,9,34.7147,2,12,6,2013,15,10,12,1,0,2,1,1,2,1,2,3,0,3,1,0,0,0
201395320494,3,3,2,61,9,34.7147,2,12,7,2013,12,55,12,1,0,2,1,1,2,1,2,3,0,2,1,0,0,0
201395320498,6,3,2,61,9,208.2882,2,12,7,2013,22,36,12,6,0,4,5,1,0,0,1,3,0,1,1,0,0,0
201395320502,4,3,2,61,9,347.147,2,12,2,2013,17,11,12,7,0,2,5,1,0,0,2,3,0,2,1,0,0,0
201395320510,5,3,2,61,9,104.1441,2,12,6,2013,14,32,12,6,0,2,1,1,2,1,2,3,0,2,1,0,0,0
201395320529,6,1,2,7,2,206.7274,1,12,5,2013,18,44,42,0,0,1,1,1,0,0,2,8,0,1,4,0,0,0
201395320538,2,1,2,7,2,56.3802,2,12,6,2013,15,30,12,7,0,1,1,1,0,0,2,8,0,1,1,0,0,0
201395320560,3,1,3,7,2,18.7934,1,12,5,2013,15,37,8,0,0,2,1,1,3,1,2,3,0,2,1,0,0,0
201395320564,4,1,5,7,2,347.73785,1,12,3,2013,15,44,9,0,0,1,1,1,1,2,2,2,0,1,1,0,0,0
201395320566,3,1,5,7,2,19.31877,2,12,2,2013,16,17,12,7,0,1,1,1,2,1,2,2,0,1,1,0,0,0
201395320568,6,1,5,7,2,212.50645,3,12,1,2013,13,54,14,0,0,1,1,4,2,1,2,2,1,1,7,0,0,0
201395320572,5,1,5,7,2,96.59384,1,9,6,2013,20,35,59,0,0,1,3,1,5,1,1,2,0,1,4,0,0,0
201395320575,6,1,8,7,2,207.44305,1,12,1,2013,12,45,42,0,0,2,1,4,0,0,2,1,0,2,4,0,0,0
201395320576,5,1,8,7,2,103.72153,5,12,5,2013,11,50,12,1,0,1,1,1,2,2,1,1,0,1,1,0,0,0
201395320579,6,1,10,7,2,208.14442,2,11,3,2013,17,57,12,1,0,2,3,2,0,0,2,1,0,2,1,0,0,0
201395320581,2,1,10,7,2,52.036106,2,12,3,2013,8,30,12,6,0,4,1,4,0,0,2,1,0,1,1,0,0,0
201395320585,5,1,16,7,2,76.733925,3,12,5,2013,5,52,12,1,0,2,3,1,1,4,2,1,0,2,1,0,0,0
201395320587,6,1,16,7,2,230.20177,1,12,1,2013,14,27,33,0,0,1,1,4,0,0,2,1,0,1,4,0,0,0
201395320589,5,1,30,7,2,121.15165,2,11,6,2013,17,39,12,6,0,2,3,1,2,1,2,1,0,3,1,0,0,0
201395320603,4,3,1,46,8,359.424,2,12,1,2013,12,15,12,6,0,4,1,5,0,0,2,8,0,1,1,0,0,0
201395320609,6,3,1,46,8,202.176,1,12,3,2013,6,30,30,0,0,1,2,1,0,0,2,8,0,1,4,0,0,0
201395320617,2,3,1,46,8,67.392,3,12,4,2013,14,52,12,1,0,4,1,1,0,0,2,8,0,1,1,0,0,0
201395320632,6,3,1,46,8,202.176,1,12,7,2013,10,30,30,0,0,1,1,1,1,1,2,8,0,1,4,0,0,0
201395320634,4,3,1,46,8,359.424,1,12,7,2013,18,30,11,0,0,1,2,1,0,0,2,8,0,1,1,0,0,0
201395320637,1,3,1,46,8,22.464,1,12,1,2013,18,24,42,0,0,1,2,1,3,1,1,8,0,1,4,0,0,0
201395320638,1,3,1,46,8,22.464,2,12,1,2013,1,10,12,2,0,1,2,1,4,5,1,8,0,1,1,0,0,0
201395320661,6,3,1,46,8,202.176,4,12,5,2013,7,45,12,1,0,1,1,10,1,1,2,8,0,1,1,28,0,0
201395320664,5,3,1,46,8,89.856,1,12,6,2013,6,30,19,0,0,2,3,1,1,1,2,8,0,3,4,0,0,0
201395320665,4,3,1,46,8,359.424,2,12,6,2013,11,10,14,0,0,2,1,1,0,0,2,8,1,3,4,0,0,0
201395320672,6,1,1,7,2,206.7274,2,12,2,2013,12,12,12,6,0,2,1,1,2,4,2,2,0,2,1,0,0,0
201395320680,3,3,3,46,8,22.464,3,12,7,2013,15,54,12,1,0,2,1,1,2,1,2,2,0,2,1,0,0,0
201395320689,6,3,3,46,8,202.176,2,12,3,2013,18,43,12,6,0,2,3,1,0,0,2,2,0,2,1,0,0,0
201395320690,5,3,3,46,8,89.856,2,12,4,2013,10,20,12,6,0,2,1,1,2,2,2,2,0,2,1,0,0,0
201395320705,6,3,3,46,8,202.176,1,12,7,2013,1,35,32,0,0,1,3,2,0,0,1,2,0,1,4,0,0,0
201395320734,4,3,4,46,8,359.424,2,12,3,2013,19,27,12,1,0,1,3,1,0,0,2,2,0,1,1,0,0,0
201395320745,5,3,4,46,8,89.856,1,12,6,2013,23,10,33,0,0,1,3,2,2,1,1,2,0,1,3,0,0,0
201395320746,6,3,4,46,8,202.176,2,12,7,2013,0,50,12,1,0,1,3,2,0,0,2,2,0,1,1,0,0,0
201395320755,3,3,4,46,8,22.464,2,12,3,2013,16,20,12,1,0,1,1,1,2,2,2,2,0,1,1,0,0,0
201395320761,4,3,4,46,8,359.424,2,12,5,2013,17,10,12,1,0,2,3,1,0,0,2,2,0,3,1,0,0,0
201395320771,6,3,5,46,8,202.176,1,12,1,2013,7,58,24,0,0,1,1,10,0,0,2,1,0,1,4,0,0,0
201395320777,4,3,5,46,8,359.424,2,12,3,2013,14,7,12,1,0,1,1,1,0,0,2,1,0,1,1,0,0,0
201395320799,4,3,5,46,8,359.424,1,12,3,2013,1,12,11,0,0,1,3,1,0,0,2,1,0,1,1,0,0,0
201395320802,1,3,5,46,8,22.464,2,12,4,2013,16,7,12,1,0,2,1,1,3,2,2,1,0,2,1,0,0,0
201395320819,6,3,7,46,8,208.0418,2,12,1,2013,10,20,12,6,0,1,1,1,1,3,2,1,0,1,1,0,0,0
201395320820,4,3,7,46,8,364.07315,1,12,2,2013,20,50,18,0,0,1,2,1,0,0,2,1,0,1,4,0,0,0
201395320823,5,1,1,7,2,93.967,1,12,7,2013,1,42,59,0,0,1,3,8,3,3,2,2,0,1,4,0,0,0
201395320844,5,1,2,7,2,93.967,1,12,5,2013,15,49,35,0,0,1,1,1,1,1,1,8,0,1,4,0,0,0
201395320845,3,1,2,7,2,18.7934,4,12,5,2013,18,46,12,1,0,1,2,1,2,1,2,8,0,1,1,28,0,0
201395320851,6,1,2,7,2,206.7274,1,12,1,2013,10,38,24,0,0,1,1,1,0,0,1,8,0,1,3,0,0,0
201395320887,5,1,10,7,2,104.07221,2,12,6,2013,15,5,12,6,0,2,1,1,1,3,2,1,0,3,1,0,0,0
201395320891,2,1,10,7,2,52.036106,2,12,2,2013,12,43,33,0,0,1,1,1,5,1,2,1,1,1,4,0,0,0
201395320910,3,3,1,61,9,34.7147,1,12,7,2013,5,3,8,0,0,1,1,10,2,2,2,8,0,1,4,0,0,0
201395320911,3,3,1,61,9,34.7147,1,12,7,2013,7,20,11,0,0,1,1,10,2,1,2,8,0,1,1,0,0,0
201395320912,2,3,1,61,9,69.4294,2,12,7,2013,11,57,12,1,0,4,1,10,0,0,2,8,0,1,1,0,0,0
201395320919,6,3,1,61,9,208.2882,1,12,2,2013,12,37,59,0,0,1,1,1,2,1,2,8,0,1,4,0,0,0
201395320921,5,3,1,61,9,104.1441,1,12,4,2013,9,0,59,0,0,1,1,1,2,1,2,8,0,1,4,0,0,0
201395320930,3,3,1,61,9,34.7147,1,12,6,2013,18,45,9,0,0,2,2,1,2,1,2,8,0,3,1,0,0,0
201395320937,6,3,1,61,9,208.2882,1,12,2,2013,21,20,1,0,0,1,3,1,0,0,2,8,0,1,4,0,0,0
201395320939,3,3,1,61,9,34.7147,1,12,2,2013,16,3,8,0,0,1,1,10,3,1,2,8,0,1,1,0,0,0
201395320940,4,3,1,61,9,347.147,2,12,2,2013,19,42,12,1,0,2,2,1,1,3,2,8,0,2,1,0,0,0
201395320973,3,3,1,61,9,34.7147,1,12,7,2013,12,20,9,0,0,2,1,10,2,1,2,8,0,2,1,0,0,0
201395320974,6,3,1,61,9,208.2882,2,12,1,2013,10,45,12,1,0,2,1,1,0,0,2,8,0,2,1,0,0,0
201395321005,6,3,1,46,8,202.176,2,12,3,2013,10,0,12,1,0,2,1,1,0,0,2,8,0,3,1,0,0,0
201395321010,4,3,1,46,8,359.424,2,12,3,2013,18,25,14,0,0,4,3,1,0,0,2,8,1,1,7,0,0,0
201395321030,3,3,3,46,8,22.464,1,12,1,2013,17,18,5,0,0,2,1,10,2,1,2,2,0,3,1,0,0,0
201395321033,3,3,3,46,8,22.464,1,12,2,2013,0,0,42,0,0,1,3,1,2,1,1,2,0,1,4,0,0,0
201395321039,4,3,3,46,8,359.424,1,12,5,2013,16,45,40,0,0,1,1,1,0,0,2,2,0,1,4,0,0,0
201395321049,1,3,4,46,8,22.464,3,12,7,2013,23,5,12,6,0,2,3,2,3,1,2,2,0,2,1,0,0,0
201395321053,6,3,4,46,8,202.176,1,12,2,2013,7,50,11,0,0,1,1,1,0,0,2,2,0,1,1,0,0,0
201395321068,6,3,5,46,8,202.176,1,12,7,2013,18,45,30,0,0,1,3,2,0,0,2,1,0,1,3,0,0,0
201395321077,4,3,5,46,8,359.424,2,12,2,2013,17,50,12,7,0,1,5,10,0,0,2,1,0,1,1,0,0,0
201395321088,5,3,7,46,8,104.0209,3,12,5,2013,9,53,12,1,0,4,1,1,1,1,2,1,1,1,1,0,0,0
201395321110,6,3,1,61,9,208.2882,1,12,5,2013,3,36,42,0,0,1,3,1,1,1,2,8,0,1,3,0,0,0
201395321187,3,3,1,46,8,22.464,1,12,1,2013,5,30,8,0,0,1,2,2,2,1,1,8,0,1,1,19,0,0
201395321192,4,3,1,46,8,359.424,2,12,3,2013,12,15,12,7,0,1,1,1,0,0,2,8,0,1,1,0,0,0
201395321222,5,3,3,46,8,89.856,2,12,7,2013,18,17,12,6,0,2,3,2,2,1,2,2,0,2,1,0,0,0
201395321234,5,3,4,46,8,89.856,2,12,7,2013,22,30,12,6,0,2,3,2,2,1,2,2,0,2,1,0,0,0
201395321255,5,3,5,46,8,89.856,2,12,2,2013,11,40,12,2,0,2,1,4,2,2,2,1,0,2,1,0,0,0
201395321293,1,1,2,7,2,9.3967,2,12,6,2013,17,18,12,6,0,2,2,1,3,2,2,8,0,2,1,0,0,0
201395321334,5,1,3,7,2,93.967,3,12,3,2013,10,49,12,1,0,1,1,1,2,1,2,3,0,1,1,0,0,0
201395321346,3,1,5,7,2,19.31877,1,12,2,2013,18,17,9,0,0,2,3,2,2,1,2,2,0,3,1,0,0,0
201395321354,1,1,8,7,2,34.57384,2,12,7,2013,16,18,12,6,0,2,1,1,3,3,2,1,0,2,1,0,0,0
201395321356,4,1,8,7,2,345.73843,2,12,2,2013,0,45,14,0,0,1,3,1,0,0,2,1,1,1,7,0,0,0
201395321376,2,1,30,7,2,121.15165,2,12,2,2013,15,10,12,6,0,4,1,1,1,1,2,1,0,1,1,0,0,0
201395321401,1,3,1,61,9,34.7147,2,10,2,2013,18,7,12,6,0,2,1,1,3,2,2,8,0,2,1,0,0,0