CASENUM,STRATUM,REGION,PJ,PSU,PSUSTRAT,WEIGHT,VE_TOTAL,MONTH,WKDY_IM,YEAR,HOUR_IM,MINUTE_IM,EVENT1_IM,MANCOL_IM,RELJCT1_IM,RELJCT2_IM,LGTCON_IM,WEATHR_IM,MAXSEV_IM,NO_INJ_IM,ALCHL_IM,LAND_USE,PVH_INVL,TYP_INT,REL_ROAD,CF1,CF2,CF3
201395321403,3,3,1,61,9,34.7147,2,12,4,2013,18,40,12,1,0,2,3,1,2,1,2,8,0,,1,0,0,0
201395322287,6,1,30,7,2,242.3033,2,11,4,2013,19,45,12,8,0,4,5,1,0,0,1,1,0,1,1,0,0,0
201395411484,4,3,1,44,9,360.748,2,1,6,2013,16,15,12,6,0,2,1,1,0,0,2,3,0,3,1,0,0,0
201395411486,6,3,1,44,9,225.4675,2,1,6,2013,18,35,12,6,0,2,2,1,1,3,2,3,0,3,1,0,0,0
201395411489,5,3,1,44,9,90.187,3,1,6,2013,13,20,12,1,0,1,1,1,1,1,1,3,0,1,1,28,0,0
201395411495,5,3,1,44,9,90.187,2,1,2,2013,20,3,12,8,0,1,2,1,1,1,2,3,0,1,1,0,0,0
201395411498,4,3,1,44,9,360.748,2,1,2,2013,7,53,12,6,0,4,1,1,0,0,2,3,0,1,1,0,0,0
201395411505,5,3,1,44,9,90.187,1,1,4,2013,11,31,34,0,0,1,1,1,1,1,2,3,0,1,3,0,0,0
201395411511,2,3,1,44,9,45.0935,4,1,5,2013,7,23,12,1,0,1,1,1,1,1,2,3,0,1,1,0,0,0
201395411513,4,3,1,44,9,360.748,2,1,5,2013,18,31,12,2,0,2,3,1,0,0,2,3,0,2,1,0,0,0
201395411519,5,3,1,44,9,90.187,3,1,6,2013,20,31,12,1,0,2,1,2,2,5,2,3,0,2,1,0,0,0
201395411521,6,3,1,44,9,225.4675,1,1,7,2013,9,29,34,0,0,1,2,5,0,0,2,3,0,1,4,0,0,0
201395411525,4,3,1,44,9,360.748,2,1,7,2013,14,23,12,1,0,1,1,1,0,0,2,3,0,1,1,0,0,0
201395411534,6,3,1,44,9,225.4675,1,1,5,2013,16,12,34,0,0,1,1,2,1,1,2,3,0,1,4,0,0,0
201395411539,4,3,1,44,9,360.748,3,1,6,2013,15,49,12,1,0,2,1,1,1,2,2,3,0,4,1,0,0,0
201395411547,4,3,1,44,9,360.748,1,1,2,2013,17,9,42,0,0,1,1,1,0,0,2,3,0,1,4,0,0,0
201395411554,5,3,1,44,9,90.187,1,1,5,2013,23,54,1,0,0,1,2,1,2,1,1,3,0,1,4,0,0,0
201395411558,6,3,1,44,9,225.4675,2,1,6,2013,9,47,12,1,0,4,1,3,0,0,2,3,0,1,1,0,0,0
201395411561,4,3,1,44,9,360.748,1,1,6,2013,10,38,18,0,0,1,1,10,0,0,2,3,0,1,1,0,0,0
201395411567,6,3,1,44,9,225.4675,1,1,6,2013,16,47,35,0,0,1,1,10,2,3,1,3,0,1,4,0,0,0
201395411578,4,3,2,44,9,360.748,2,1,6,2013,18,49,12,1,0,4,2,1,0,0,2,8,0,1,1,0,0,0
201395411588,4,3,2,44,9,360.748,2,1,5,2013,11,33,12,1,0,1,1,1,0,0,2,8,0,1,1,0,0,0
201395411589,2,3,2,44,9,45.0935,2,1,5,2013,2,8,12,2,0,1,2,1,4,1,2,8,0,1,1,0,0,0
201395411590,6,3,2,44,9,225.4675,1,1,5,2013,19,21,42,0,0,1,2,5,0,0,2,8,0,1,4,0,0,0
201395411600,5,3,2,44,9,90.187,2,1,5,2013,11,43,12,6,0,2,1,2,2,3,2,8,0,2,1,0,0,0
201395411604,4,3,2,44,9,360.748,1,1,5,2013,13,49,59,0,0,1,1,2,0,0,2,8,0,1,4,0,0,0
201395411605,6,3,2,44,9,225.4675,1,1,6,2013,11,52,42,0,0,1,1,1,0,0,2,8,0,1,4,0,0,0
201395411614,4,3,2,44,9,360.748,1,1,6,2013,14,52,42,0,0,1,1,3,0,0,2,8,0,1,4,0,0,0
201395411626,5,3,3,44,9,90.187,2,1,7,2013,14,36,12,6,0,2,1,1,1,1,2,8,0,2,1,0,0,0
201395411627,4,3,3,44,9,360.748,2,1,7,2013,20,20,12,1,0,2,3,1,0,0,2,8,0,2,1,0,0,0
201395411636,2,3,3,44,9,45.0935,2,1,6,2013,18,56,12,6,0,2,2,2,1,4,2,8,0,2,1,0,0,0
201395411637,5,3,3,44,9,90.187,1,1,7,2013,18,52,30,0,0,1,3,1,2,1,2,8,0,1,4,0,0,0
201395411638,4,3,3,44,9,360.748,1,1,1,2013,21,27,11,0,0,1,3,1,0,0,2,8,0,1,1,0,0,0
201395411647,5,3,3,44,9,90.187,2,1,4,2013,17,58,12,2,0,4,3,10,2,3,2,8,0,1,1,0,0,0
201395411648,6,3,3,44,9,225.4675,1,1,4,2013,17,22,1,0,0,2,1,10,0,0,2,8,0,3,4,0,0,0
201395411654,4,3,3,44,9,360.748,2,1,6,2013,8,45,12,6,0,2,1,10,1,3,2,8,0,2,1,0,0,0
201395411793,3,3,1,44,9,45.0935,1,1,7,2013,16,47,1,0,0,1,1,10,2,1,2,3,0,1,4,0,0,0
201395411799,6,3,1,44,9,225.4675,1,1,7,2013,10,27,34,0,0,1,1,1,0,0,2,3,0,1,4,0,0,0
201395411804,4,3,1,44,9,360.748,1,1,2,2013,9,35,53,0,0,1,1,1,0,0,2,3,0,1,4,0,0,0
201395411810,5,3,1,44,9,90.187,1,1,4,2013,20,32,40,0,0,1,2,2,1,2,2,3,0,1,4,0,0,0
201395411811,2,3,1,44,9,45.0935,1,1,5,2013,9,52,1,0,0,1,1,1,2,1,2,3,0,1,2,0,0,0
201395411817,4,3,1,44,9,360.748,2,2,6,2013,10,25,12,1,0,2,1,1,0,0,2,3,0,3,1,0,0,0
201395411818,6,3,1,44,9,225.4675,1,2,6,2013,16,38,42,0,0,1,1,1,0,0,2,3,0,1,4,0,0,0
201395411826,5,3,2,44,9,90.187,2,1,7,2013,23,43,12,6,0,2,2,10,2,1,2,8,0,2,1,0,0,0
201395411831,6,3,2,44,9,225.4675,2,1,3,2013,15,50,12,6,0,2,1,10,1,1,2,8,0,7,1,0,0,0
201395411833,5,3,2,44,9,90.187,2,1,4,2013,16,17,12,1,0,2,1,10,1,1,2,8,0,3,1,0,0,0
201395411845,6,3,3,44,9,225.4675,1,1,1,2013,23,5,11,0,0,1,3,1,0,0,2,8,0,1,1,0,0,0
201395412890,4,3,5,44,9,360.748,2,1,2,2013,17,24,12,1,1,18,5,10,0,0,1,1,0,1,1,0,0,0
201395412891,5,3,5,44,9,90.187,1,1,5,2013,7,25,42,0,1,5,1,2,2,1,2,1,0,1,4,0,0,0
201395412892,6,3,5,44,9,225.4675,1,1,5,2013,15,27,24,0,0,1,1,2,0,0,2,1,0,1,3,0,0,0
201395412902,4,3,5,44,9,360.748,2,1,1,2013,16,41,12,1,0,4,1,1,0,0,2,1,0,1,1,0,0,0
201395412906,5,3,5,44,9,90.187,2,1,6,2013,14,18,12,1,0,1,1,3,1,2,2,1,0,1,1,0,0,0
201395413464,2,3,3,27,8,63.553,2,1,2,2013,7,0,12,7,0,1,1,1,2,1,2,8,0,1,1,0,0,0
201395413471,3,3,3,27,8,18.158,2,1,3,2013,10,30,12,1,0,2,1,1,2,1,2,8,0,3,1,0,0,0
201395413475,6,3,3,27,8,208.817,2,1,4,2013,17,31,12,1,1,18,3,1,0,0,2,8,0,1,1,0,0,0
201395413496,3,3,2,27,8,18.158,2,1,4,2013,11,0,12,1,0,2,1,1,2,2,2,8,0,2,1,0,0,0
201395413501,3,3,2,27,8,18.158,2,1,4,2013,13,0,12,1,0,1,1,1,2,2,2,8,0,1,1,0,0,0
201395413515,6,3,2,27,8,208.817,3,1,5,2013,17,25,12,1,0,1,2,1,0,0,2,8,0,1,1,0,0,0
201395413528,5,3,2,27,8,90.79,1,1,6,2013,11,20,42,0,0,1,1,1,1,2,2,8,0,1,4,0,0,0
201395413529,3,3,2,27,8,18.158,2,1,6,2013,11,57,12,1,0,2,1,1,2,1,2,8,0,,1,0,0,0
201395413542,3,3,2,27,8,18.158,2,1,7,2013,21,21,12,6,0,2,3,1,2,2,2,8,0,2,1,0,0,0
201395413548,4,3,2,27,8,354.081,2,1,1,2013,15,44,12,8,0,2,1,1,0,0,2,8,0,3,1,0,0,0
201395413560,1,3,2,27,8,9.079,2,1,2,2013,14,44,12,6,0,2,1,1,3,2,2,8,0,2,1,0,0,0
201395413570,3,3,2,27,8,18.158,3,1,3,2013,17,38,12,1,0,1,5,1,2,1,2,8,0,1,1,0,0,0
201395413583,3,3,2,27,8,18.158,2,1,4,2013,16,40,12,1,0,2,1,1,2,1,2,8,0,2,1,0,0,0
201395413590,1,3,2,27,8,9.079,2,1,5,2013,6,54,12,6,0,2,4,1,3,4,2,8,0,2,1,0,0,0
201395413595,3,3,2,27,8,18.158,2,1,5,2013,11,44,12,1,0,1,1,1,2,2,2,8,0,1,1,0,0,0
201395413599,2,3,2,27,8,63.553,2,1,5,2013,13,58,12,7,0,2,1,1,0,0,2,8,0,2,1,0,0,0
201395413605,3,3,2,27,8,18.158,1,1,6,2013,5,26,42,0,0,1,2,1,2,1,1,8,0,1,4,0,0,0
201395413609,3,3,2,27,8,18.158,1,1,6,2013,12,51,8,0,0,1,1,2,2,1,2,8,0,1,1,0,0,0
201395413619,3,3,2,27,8,18.158,2,1,6,2013,17,41,12,1,0,2,3,8,2,1,2,8,0,2,1,0,0,0
201395413639,6,3,4,27,8,208.817,1,1,4,2013,11,8,39,0,0,1,1,1,0,0,2,8,0,1,4,0,0,0
201395413641,2,3,4,27,8,63.553,2,1,6,2013,19,8,12,7,0,1,3,2,2,1,2,8,0,1,1,0,0,0
201395413694,5,3,3,27,8,90.79,4,1,4,2013,8,10,12,1,0,1,1,2,2,2,2,8,0,1,1,28,0,0
201395413704,4,3,3,27,8,354.081,2,1,6,2013,11,38,12,1,0,1,1,1,0,0,2,8,0,1,1,28,0,0
201395413705,3,3,3,27,8,18.158,2,1,6,2013,12,40,12,1,0,2,1,10,2,1,2,8,0,2,1,0,0,0
201395413708,3,3,2,27,8,18.158,2,1,7,2013,9,40,12,1,0,2,1,1,2,1,2,8,0,3,1,28,0,0
201395413710,4,3,2,27,8,354.081,2,1,7,2013,13,11,14,0,0,1,1,1,0,0,2,8,1,1,5,14,0,0
201395413718,6,3,2,27,8,208.817,2,1,1,2013,12,23,12,6,0,2,1,1,0,0,2,8,0,2,1,0,0,0
201395413735,3,3,2,27,8,18.158,2,1,2,2013,15,16,12,9,0,1,1,2,2,3,2,8,0,1,1,0,0,0
201395413744,3,3,2,27,8,18.158,2,1,2,2013,18,16,12,6,0,4,2,2,2,2,2,8,0,1,1,0,0,0
201395413748,5,3,2,27,8,90.79,1,1,3,2013,7,34,59,0,0,1,1,2,2,2,2,8,0,1,4,0,0,0
201395413763,3,3,2,27,8,18.158,1,1,3,2013,19,46,42,0,0,1,2,2,2,1,2,8,0,1,4,0,0,0
201395413777,3,3,2,27,8,18.158,1,1,4,2013,19,45,8,0,0,1,2,2,2,1,2,8,0,1,1,0,0,0
201395413787,4,3,2,27,8,354.081,2,1,5,2013,17,30,12,11,0,4,2,2,0,0,2,8,0,1,1,0,0,0
201395413798,3,3,2,27,8,18.158,2,1,6,2013,5,39,12,1,0,2,2,4,3,3,2,8,0,2,1,0,0,0
201395413814,1,3,2,27,8,9.079,5,1,6,2013,15,15,59,0,0,2,1,1,3,12,2,8,0,2,3,0,0,0
201395413815,3,3,2,27,8,18.158,1,1,6,2013,15,40,9,0,0,2,1,1,3,2,2,8,0,2,1,0,0,0
201395413817,6,3,2,27,8,208.817,2,1,6,2013,16,45,12,6,0,2,1,1,0,0,2,8,0,2,1,0,0,0
201395413839,1,3,4,27,8,9.079,1,1,4,2013,11,6,23,0,0,1,1,2,3,2,2,8,0,1,4,0,0,0
201395413852,3,3,1,44,9,45.0935,2,2,7,2013,16,11,12,1,0,2,1,1,2,1,2,3,0,3,1,0,0,0
201395413858,4,3,1,44,9,360.748,2,2,2,2013,18,55,12,7,0,1,2,1,0,0,2,3,0,1,1,0,0,0
201395413868,2,3,1,44,9,45.0935,2,2,3,2013,17,2,12,7,0,1,1,1,0,0,2,3,0,1,1,0,0,0
201395413870,3,3,1,44,9,45.0935,1,2,4,2013,17,8,1,0,0,1,1,1,2,1,2,3,0,1,1,0,0,0
201395413871,4,3,1,44,9,360.748,2,2,4,2013,17,56,12,7,0,2,1,1,0,0,2,3,0,2,1,0,0,0
201395413873,6,3,1,44,9,225.4675,2,2,4,2013,17,9,12,1,0,2,1,1,1,1,2,3,0,2,1,0,0,0
201395413878,5,3,1,44,9,90.187,2,2,6,2013,10,20,12,6,0,2,1,1,1,2,2,3,0,2,1,0,0,0
201395413882,4,3,2,44,9,360.748,2,2,1,2013,15,30,12,6,0,2,1,1,0,0,2,8,0,2,1,0,0,0
201395413889,3,3,2,44,9,45.0935,2,2,4,2013,14,11,12,8,0,1,1,1,2,2,2,8,0,1,1,0,0,0
201395413891,3,3,2,44,9,45.0935,2,2,6,2013,7,37,12,2,1,4,1,1,2,2,2,8,0,1,1,0,0,0
201395413895,6,3,3,44,9,225.4675,1,2,1,2013,0,34,35,0,0,1,3,1,0,0,1,8,0,1,4,0,0,0
201395413899,5,3,3,44,9,90.187,2,2,2,2013,15,50,12,6,0,2,1,10,1,2,2,8,0,2,1,0,0,0
201395413902,4,3,3,44,9,360.748,1,2,5,2013,21,2,53,0,0,1,3,2,0,0,2,8,0,1,4,0,0,0
201395413923,4,3,1,44,9,360.748,1,2,1,2013,13,16,42,0,0,1,1,1,0,0,2,3,0,1,4,0,0,0
201395413934,5,3,1,44,9,90.187,1,2,4,2013,11,54,31,0,0,2,1,2,2,1,2,3,0,3,4,0,0,0
201395413935,4,3,1,44,9,360.748,1,2,4,2013,5,55,11,0,0,1,2,10,0,0,2,3,0,1,1,0,0,0
201395413945,4,3,1,44,9,360.748,2,2,6,2013,7,50,12,1,0,2,1,1,0,0,2,3,0,2,1,0,0,0
201395413951,4,3,2,44,9,360.748,1,2,7,2013,11,30,40,0,0,2,1,1,0,0,2,8,0,3,4,0,0,0
201395413965,5,3,3,44,9,90.187,1,2,4,2013,20,38,53,0,0,1,6,1,1,1,1,8,0,1,4,0,0,0
201395413968,4,3,3,44,9,360.748,2,2,5,2013,8,53,12,6,0,2,1,1,0,0,2,8,0,3,1,0,0,0
201395414174,3,3,1,27,8,18.158,2,2,4,2013,13,1,12,6,0,2,1,1,2,1,2,3,0,2,1,0,0,0
201395414176,1,3,1,27,8,9.079,1,2,7,2013,23,18,42,0,0,1,3,1,4,2,2,3,0,1,4,0,0,0
201395414179,3,3,1,27,8,18.158,2,2,4,2013,15,20,12,6,0,2,1,2,2,1,2,3,0,3,1,0,0,0
201395414181,1,3,1,27,8,9.079,1,2,7,2013,11,30,33,0,0,1,1,2,3,1,2,3,0,1,4,0,0,0
201395414189,6,3,3,27,8,208.817,4,1,3,2013,9,3,12,1,0,1,1,1,2,1,2,8,0,1,1,0,0,0
201395414209,2,3,3,27,8,63.553,3,1,3,2013,8,5,12,7,0,1,1,1,0,0,2,8,0,1,1,0,0,0
201395414242,1,3,2,27,8,9.079,1,1,2,2013,19,7,42,0,0,1,2,1,3,1,2,8,0,1,3,0,0,0
201395414245,3,3,2,27,8,18.158,1,1,5,2013,12,43,8,0,0,1,1,2,2,1,2,8,0,1,1,0,0,0
201395414258,3,3,2,27,8,18.158,2,1,3,2013,15,57,12,1,0,1,1,1,2,1,2,8,0,1,1,28,0,0
201395414260,1,3,2,27,8,9.079,1,1,3,2013,16,9,34,0,0,1,1,1,4,3,2,8,0,1,4,20,0,0
201395414268,5,3,2,27,8,90.79,3,1,3,2013,18,54,33,0,0,4,2,1,2,1,2,8,2,1,4,0,0,0
201395414269,4,3,2,27,8,354.081,2,1,3,2013,19,36,12,7,0,2,2,1,5,1,2,8,0,3,1,0,0,0
201395414276,1,3,2,27,8,9.079,2,1,4,2013,15,21,12,6,0,2,1,1,3,1,2,8,0,2,1,0,0,0
201395414302,6,3,2,27,8,208.817,2,1,6,2013,13,5,12,6,0,4,1,1,0,0,2,8,0,1,1,0,0,0
201395414333,4,3,2,27,8,354.081,1,1,6,2013,17,23,38,0,0,1,2,4,0,0,2,8,0,1,4,0,0,0
201395414340,3,3,4,27,8,18.158,2,1,7,2013,8,20,12,1,0,1,1,1,2,1,2,8,0,1,1,0,0,0
201395414356,6,3,4,27,8,208.817,1,1,6,2013,16,28,35,0,0,1,1,4,0,0,2,8,0,1,4,0,0,0
201395414380,3,3,2,27,8,18.158,3,1,7,2013,18,26,12,1,0,2,2,1,3,3,1,8,0,2,1,0,0,0
201395414396,6,3,2,27,8,208.817,2,1,2,2013,9,55,12,1,0,2,1,2,1,1,2,8,0,2,1,0,0,0
201395414400,3,3,2,27,8,18.158,2,1,2,2013,14,19,12,1,0,2,1,1,2,2,2,8,0,2,1,0,0,0
201395414409,3,3,2,27,8,18.158,2,1,3,2013,11,30,12,6,0,2,1,1,2,2,2,8,0,2,1,0,0,0
201395414411,3,3,2,27,8,18.158,1,1,3,2013,16,38,5,0,0,1,1,1,3,1,2,8,0,1,1,0,0,0
201395414422,3,3,2,27,8,18.158,2,1,4,2013,14,34,12,1,0,2,1,1,2,1,2,8,0,2,1,0,0,0
201395414433,1,3,2,27,8,9.079,2,1,5,2013,12,2,12,6,0,2,1,1,3,2,1,8,0,3,1,0,0,0
201395414444,1,3,3,27,8,9.079,1,1,2,2013,19,1,35,0,0,1,2,1,3,2,1,8,0,1,4,0,0,0
201395414488,1,3,2,27,8,9.079,3,2,6,2013,12,15,33,0,0,1,1,1,3,1,2,8,2,1,3,0,0,0
201395414493,4,3,2,27,8,354.081,2,2,6,2013,17,10,12,7,0,1,1,1,0,0,2,8,0,1,1,0,0,0
201395414511,1,3,2,27,8,9.079,2,2,7,2013,21,23,12,6,0,2,2,1,3,3,2,8,0,2,1,0,0,0
201395414514,3,3,2,27,8,18.158,2,2,1,2013,12,30,12,6,0,2,1,1,2,1,2,8,0,3,1,0,0,0
201395414515,5,3,2,27,8,90.79,2,2,1,2013,13,37,12,6,0,2,1,1,2,1,2,8,0,3,1,0,0,0
201395414517,6,3,2,27,8,208.817,2,2,1,2013,18,40,12,1,0,2,2,1,0,0,2,8,0,2,1,0,0,0
201395414523,1,3,2,27,8,9.079,2,2,2,2013,17,13,12,6,0,2,5,1,3,2,2,8,0,2,1,0,0,0
201395414528,1,3,2,27,8,9.079,3,2,3,2013,10,37,12,1,0,2,1,1,3,3,2,8,0,3,1,0,0,0
201395414538,3,3,2,27,8,18.158,2,2,4,2013,16,27,12,1,0,4,1,1,2,2,2,8,0,1,1,0,0,0
201395414544,3,3,2,27,8,18.158,1,2,4,2013,19,24,8,0,0,1,3,1,2,1,2,8,0,1,1,0,0,0
201395414548,3,3,2,27,8,18.158,1,2,5,2013,7,4,8,0,0,4,1,1,3,1,2,8,0,1,1,0,0,0
201395414561,3,3,2,27,8,18.158,2,2,6,2013,8,22,12,1,0,1,1,2,2,1,2,8,0,1,1,0,0,0
201395414564,3,3,2,27,8,18.158,3,2,6,2013,11,55,12,6,0,2,1,1,2,3,2,8,0,2,1,0,0,0
201395414571,3,3,2,27,8,18.158,2,2,6,2013,18,10,12,6,0,2,3,1,2,1,2,8,0,2,1,0,0,0
201395414579,4,3,4,27,8,354.081,3,2,6,2013,17,46,12,1,0,1,2,1,1,3,2,8,0,1,1,0,0,0
201395414580,1,3,4,27,8,9.079,1,2,6,2013,21,8,1,0,1,19,2,1,3,1,2,8,0,1,8,0,0,0
201395414605,6,3,3,27,8,208.817,1,2,6,2013,0,21,34,0,1,5,3,2,0,0,1,8,0,1,3,0,0,0
201395414626,1,3,1,44,9,45.0935,2,2,3,2013,9,46,12,1,0,1,1,1,3,3,2,3,0,1,1,0,0,0
201395414628,4,3,1,44,9,360.748,1,2,7,2013,2,24,11,0,0,1,2,10,0,0,2,3,0,1,1,0,0,0
201395414629,6,3,1,44,9,225.4675,1,2,7,2013,15,25,1,0,0,1,1,4,0,0,2,3,0,1,1,0,0,0
201395414635,5,3,1,44,9,90.187,2,2,1,2013,19,43,12,6,0,2,2,1,2,1,2,3,0,2,1,0,0,0
201395414641,5,3,1,44,9,90.187,1,2,3,2013,21,0,1,0,0,1,2,1,1,1,2,3,0,1,4,0,0,0
201395414644,4,3,1,44,9,360.748,1,2,5,2013,16,25,42,0,0,1,1,1,0,0,2,3,0,1,4,0,0,0
201395414652,6,3,1,44,9,225.4675,1,2,7,2013,2,49,32,0,0,1,2,2,1,1,1,3,0,1,4,0,0,0
201395414661,3,3,1,44,9,45.0935,1,2,3,2013,8,40,30,0,0,1,1,2,2,1,2,3,0,1,4,0,0,0
201395414664,5,3,1,44,9,90.187,2,2,3,2013,17,34,12,6,0,2,1,1,1,1,2,3,0,3,1,0,0,0
201395414665,6,3,1,44,9,225.4675,1,2,3,2013,6,34,32,0,0,1,2,10,1,1,2,3,0,1,4,0,0,0
201395414672,4,3,1,44,9,360.748,2,2,5,2013,7,55,12,6,0,2,1,1,0,0,2,3,0,2,1,0,0,0
201395414676,6,3,2,44,9,225.4675,2,2,6,2013,13,0,12,6,0,2,1,1,0,0,2,8,0,2,1,0,0,0
201395414683,4,3,2,44,9,360.748,1,2,1,2013,10,22,34,0,0,1,1,1,0,0,2,8,0,1,4,0,0,0
201395414684,3,3,2,44,9,45.0935,2,2,1,2013,17,34,12,6,0,2,1,1,2,2,2,8,0,2,1,0,0,0
201395414689,5,3,2,44,9,90.187,1,2,3,2013,16,55,17,0,0,1,1,1,1,1,2,8,0,1,4,0,0,0
201395414690,6,3,2,44,9,225.4675,1,2,3,2013,20,5,42,0,0,1,2,1,0,0,1,8,0,1,4,0,0,0
201395414698,5,3,2,44,9,90.187,2,2,5,2013,16,0,14,0,0,1,1,1,2,2,2,8,1,1,5,0,0,0
201395414700,4,3,2,44,9,360.748,2,2,5,2013,16,30,12,8,0,1,1,10,0,0,2,8,0,1,1,0,0,0
201395414701,2,3,2,44,9,45.0935,2,2,6,2013,11,47,12,8,0,1,1,10,1,1,2,8,0,1,1,0,0,0
201395414710,1,3,2,44,9,45.0935,1,2,3,2013,1,5,19,0,0,1,2,3,3,1,2,8,0,1,4,0,0,0
201395414714,4,3,2,44,9,360.748,1,2,3,2013,20,31,11,0,0,1,2,10,0,0,2,8,0,1,1,0,0,0
201395414716,5,3,2,44,9,90.187,1,2,4,2013,19,20,42,0,0,1,2,1,2,1,1,8,0,1,4,0,0,0
201395414725,6,3,3,44,9,225.4675,1,2,1,2013,1,41,1,0,0,1,3,10,2,1,1,8,0,1,4,0,0,0
201395414745,1,1,6,23,2,5.9551,2,1,6,2013,7,8,12,2,0,2,1,1,3,2,2,1,0,,1,0,0,0
201395414866,5,3,1,44,9,90.187,2,3,1,2013,13,34,12,2,0,2,1,1,2,3,2,3,0,3,1,0,0,0
201395414868,4,3,1,44,9,360.748,2,3,2,2013,18,12,12,1,0,2,1,1,0,0,2,3,0,3,1,0,0,0
201395414879,4,3,1,44,9,360.748,2,3,5,2013,12,20,12,6,0,2,1,1,0,0,2,3,0,3,1,0,0,0
201395414880,5,3,1,44,9,90.187,3,3,5,2013,12,46,12,1,0,2,1,1,1,3,2,3,0,3,1,0,0,0
201395414887,5,3,2,44,9,90.187,1,3,7,2013,9,15,42,0,0,1,1,10,1,1,2,8,0,1,4,0,0,0
201395414888,4,3,2,44,9,360.748,2,3,1,2013,16,0,12,7,0,2,1,1,0,0,2,8,0,2,1,0,0,0
201395414890,1,3,2,44,9,45.0935,1,3,2,2013,16,40,35,0,0,1,1,1,4,1,2,8,0,1,4,0,0,0
201395414893,6,3,2,44,9,225.4675,1,3,3,2013,11,45,39,0,0,1,1,10,0,0,2,8,0,1,4,0,0,0
201395414898,5,3,2,44,9,90.187,1,3,6,2013,8,4,42,0,0,1,1,1,1,1,2,8,0,1,4,0,0,0
201395414905,4,3,5,44,9,360.748,2,2,7,2013,14,8,12,1,0,2,1,1,1,1,2,1,0,2,1,0,0,0
201395414910,5,3,5,44,9,90.187,2,2,6,2013,6,44,12,6,1,2,4,10,2,2,2,1,0,3,1,0,0,0
201395414914,4,3,5,44,9,360.748,2,2,4,2013,14,17,12,6,0,4,1,2,0,0,2,1,0,1,1,0,0,0
201395414916,6,3,5,44,9,225.4675,1,2,6,2013,6,27,57,0,1,19,2,1,0,0,2,1,0,1,3,0,0,0
201395414925,2,3,5,44,9,45.0935,2,2,4,2013,9,5,12,6,0,2,1,1,5,1,2,1,0,2,1,0,0,0
201395414927,4,3,5,44,9,360.748,1,2,7,2013,14,57,42,0,0,2,1,2,0,0,2,1,0,2,4,0,0,0
201395414932,5,3,5,44,9,90.187,1,2,4,2013,20,51,42,0,0,1,2,1,1,1,2,1,0,1,4,0,0,0
201395415026,4,1,6,23,2,351.3509,2,2,7,2013,1,13,12,6,0,1,3,1,0,0,2,1,0,1,1,0,0,0
201395415048,3,1,6,23,2,17.8653,2,2,4,2013,14,40,12,6,0,1,1,10,3,1,2,1,0,1,1,0,0,0
201395415124,3,3,3,27,8,18.158,2,2,4,2013,8,4,12,1,0,1,1,1,2,2,2,8,0,1,1,0,0,0
201395415146,5,3,3,27,8,90.79,3,2,4,2013,8,41,12,1,0,1,1,1,2,1,2,8,0,1,1,0,0,0
201395415165,4,3,2,27,8,354.081,1,2,7,2013,0,57,59,0,0,2,2,1,0,0,2,8,0,3,4,0,0,0
201395415167,3,3,2,27,8,18.158,2,2,7,2013,1,30,12,1,0,2,2,1,2,3,1,8,0,2,1,0,0,0
201395415181,3,3,2,27,8,18.158,2,2,1,2013,16,19,12,8,0,4,1,1,2,2,1,8,0,1,1,0,0,0
201395415193,5,3,2,27,8,90.79,2,2,2,2013,12,15,12,6,0,2,1,1,2,4,2,8,0,2,1,0,0,0
201395415194,3,3,2,27,8,18.158,2,2,2,2013,14,0,14,0,0,1,1,1,2,1,2,8,1,1,7,0,0,0
201395415200,6,3,2,27,8,208.817,2,2,2,2013,19,35,12,6,0,2,2,1,0,0,2,8,0,2,1,0,0,0
201395415208,3,3,2,27,8,18.158,2,2,3,2013,12,10,12,1,0,2,1,1,2,1,2,8,0,,1,0,0,0
201395415220,2,3,2,27,8,63.553,1,2,4,2013,13,24,8,0,0,1,1,1,2,1,2,8,0,1,1,0,0,0
201395415240,3,3,2,27,8,18.158,2,2,5,2013,9,35,12,6,0,2,1,1,2,1,2,8,0,3,1,0,0,0
201395415252,4,3,2,27,8,354.081,2,2,5,2013,18,55,12,7,0,1,3,1,0,0,2,8,0,1,1,0,0,0
201395415262,3,3,2,27,8,18.158,2,2,6,2013,15,13,12,6,0,4,1,1,2,2,2,8,0,1,1,0,0,0
201395415268,3,3,2,27,8,18.158,2,2,6,2013,19,13,12,6,0,2,2,1,3,2,2,8,0,2,1,0,0,0
201395415283,6,3,2,27,8,208.817,1,2,7,2013,19,28,33,0,0,2,2,2,0,0,2,8,0,2,3,0,0,0
201395415297,1,3,4,27,8,9.079,1,2,7,2013,1,41,42,0,0,1,2,2,3,1,2,8,0,1,4,0,0,0
201395415301,5,3,4,27,8,90.79,2,2,7,2013,14,25,12,1,0,1,1,2,2,2,2,8,0,1,1,0,0,0
201395415311,3,3,2,27,8,18.158,2,2,2,2013,12,9,12,1,0,2,1,1,2,1,2,8,0,2,1,0,0,0
201395415320,3,3,2,27,8,18.158,1,2,3,2013,7,40,35,0,0,2,1,1,2,1,2,8,0,2,4,0,0,0
201395415336,4,3,2,27,8,354.081,2,2,4,2013,9,45,12,7,0,2,1,1,0,0,2,8,0,2,1,0,0,0
201395415359,3,3,2,27,8,18.158,2,2,5,2013,19,45,12,6,0,2,2,1,2,3,2,8,0,2,1,0,0,0