CASENUM,STRATUM,REGION,PJ,PSU,PSUSTRAT,WEIGHT,VE_TOTAL,MONTH,WKDY_IM,YEAR,HOUR_IM,MINUTE_IM,EVENT1_IM,MANCOL_IM,RELJCT1_IM,RELJCT2_IM,LGTCON_IM,WEATHR_IM,MAXSEV_IM,NO_INJ_IM,ALCHL_IM,LAND_USE,PVH_INVL,TYP_INT,REL_ROAD,CF1,CF2,CF3
201395418954,3,3,2,27,8,18.158,2,5,4,2013,17,15,12,1,0,2,1,1,2,2,2,8,0,2,1,0,0,0
201395418965,4,3,2,27,8,354.081,1,5,5,2013,16,23,31,0,0,1,1,1,1,1,1,8,0,1,4,0,0,0
201395418978,3,3,2,27,8,18.158,2,5,6,2013,13,45,14,0,0,1,1,1,2,2,2,8,1,1,5,0,0,0
201395418987,3,3,2,27,8,18.158,1,5,6,2013,21,32,11,0,0,1,2,1,2,1,2,8,0,1,1,0,0,0
201395418990,3,3,4,27,8,18.158,1,5,2,2013,13,0,44,0,0,5,1,1,2,1,2,8,0,1,4,0,0,0
201395419000,3,3,2,27,8,18.158,2,1,7,2013,21,8,12,1,0,1,2,8,2,2,2,8,0,1,1,0,0,0
201395419010,1,3,2,27,8,9.079,3,2,1,2013,19,13,12,6,0,2,3,1,3,3,1,8,0,2,1,0,0,0
201395419016,3,3,2,27,8,18.158,2,2,5,2013,19,8,12,2,0,1,2,1,2,2,1,8,0,1,1,0,0,0
201395419031,3,3,4,27,8,18.158,2,3,2,2013,15,42,12,1,0,1,1,8,2,3,2,8,0,1,1,28,0,0
201395419043,5,3,3,44,9,90.187,1,6,1,2013,5,53,42,0,0,1,1,1,1,1,2,8,0,1,4,0,0,0
201395419046,4,3,3,44,9,360.748,2,6,3,2013,21,43,12,6,0,1,3,10,0,0,2,8,0,1,1,0,0,0
201395419053,5,3,3,44,9,90.187,1,6,6,2013,23,58,59,0,0,1,2,1,2,1,2,8,0,1,4,0,0,0
201395419079,3,3,1,27,8,18.158,1,3,7,2013,20,29,43,0,0,2,3,1,2,1,2,3,0,2,4,0,0,0
201395419082,4,3,1,27,8,354.081,2,3,1,2013,10,20,12,6,0,2,1,1,0,0,2,3,0,3,1,0,0,0
201395419144,6,3,3,27,8,208.817,3,6,4,2013,22,10,12,1,0,1,2,1,0,0,2,8,0,1,1,0,0,0
201395419157,3,3,3,27,8,18.158,2,6,6,2013,15,9,12,1,0,5,1,2,2,2,2,8,0,1,1,0,0,0
201395419160,3,3,1,27,8,18.158,3,6,4,2013,13,30,12,7,0,1,1,1,2,5,2,3,0,1,1,0,0,0
201395419175,3,3,2,27,8,18.158,2,6,1,2013,13,30,12,6,0,2,1,1,2,1,2,8,0,3,1,0,0,0
201395419177,4,3,2,27,8,354.081,2,6,1,2013,17,13,12,1,0,2,1,2,1,1,2,8,0,2,1,0,0,0
201395419191,3,3,2,27,8,18.158,2,6,2,2013,15,0,12,6,0,4,1,1,2,1,2,8,0,1,1,0,0,0
201395419195,3,3,2,27,8,18.158,2,6,3,2013,7,35,6,0,0,1,1,1,2,4,2,8,0,1,4,0,0,0
201395419202,3,3,2,27,8,18.158,2,6,3,2013,18,47,12,1,0,2,1,1,2,1,2,8,0,2,1,0,0,0
201395419206,6,3,2,27,8,208.817,3,6,4,2013,8,0,12,1,0,1,1,1,0,0,2,8,0,1,1,0,0,0
201395419218,5,3,2,27,8,90.79,2,6,4,2013,19,50,12,2,0,1,1,1,2,4,2,8,0,1,1,0,0,0
201395419222,3,3,2,27,8,18.158,2,6,5,2013,8,5,12,2,0,2,1,1,2,2,2,8,0,3,1,0,0,0
201395419239,3,3,2,27,8,18.158,2,6,5,2013,21,38,12,6,0,2,2,2,2,2,2,8,0,2,1,0,0,0
201395419256,4,3,2,27,8,354.081,2,6,6,2013,17,55,12,6,0,2,1,2,0,0,2,8,0,3,1,0,0,0
201395419260,1,3,4,27,8,9.079,1,6,7,2013,12,17,59,0,0,1,1,1,4,1,2,8,0,1,4,0,0,0
201395419265,5,3,4,27,8,90.79,2,6,3,2013,11,30,12,7,0,1,1,1,1,1,2,8,0,1,1,0,0,0
201395419280,4,3,3,44,9,360.748,2,6,1,2013,12,59,12,6,0,2,1,1,0,0,2,8,0,3,1,0,0,0
201395419305,5,3,1,27,8,90.79,2,3,5,2013,13,46,12,6,0,2,1,1,2,1,2,3,0,3,1,0,0,0
201395419316,6,3,1,27,8,208.817,3,4,1,2013,2,43,12,1,0,1,3,1,3,4,2,3,1,1,1,0,0,0
201395419353,1,3,2,27,8,9.079,2,6,1,2013,15,33,12,6,0,2,1,1,3,4,2,8,0,3,1,0,0,0
201395419358,3,3,2,27,8,18.158,1,6,2,2013,8,50,8,0,0,1,1,1,2,1,2,8,0,1,1,0,0,0
201395419379,2,3,2,27,8,63.553,2,6,3,2013,8,20,12,1,0,2,1,1,0,0,2,8,0,3,1,0,0,0
201395419382,3,3,2,27,8,18.158,2,6,3,2013,11,54,12,6,0,2,1,1,2,2,2,8,0,2,1,0,0,0
201395419393,3,3,2,27,8,18.158,2,6,4,2013,8,15,12,1,0,2,1,1,2,1,2,8,0,2,1,0,0,0
201395419404,4,3,2,27,8,354.081,2,6,5,2013,10,38,12,1,0,4,1,1,0,0,2,8,0,1,1,0,0,0
201395419405,6,3,2,27,8,208.817,2,6,5,2013,11,0,12,7,0,2,1,1,0,0,2,8,0,3,1,0,0,0
201395419406,3,3,2,27,8,18.158,2,6,5,2013,12,24,12,1,0,4,1,1,2,1,2,8,0,1,1,0,0,0
201395419409,5,3,2,27,8,90.79,1,6,5,2013,15,43,16,0,0,1,1,6,1,1,2,8,0,1,1,0,0,0
201395419414,3,3,2,27,8,18.158,2,6,5,2013,16,56,12,1,0,2,1,2,2,1,2,8,0,2,1,0,0,0
201395419419,3,3,2,27,8,18.158,1,6,5,2013,18,41,30,0,0,1,1,2,2,1,2,8,0,1,4,0,0,0
201395419428,3,3,2,27,8,18.158,2,6,6,2013,11,20,12,1,1,5,1,1,2,4,2,8,0,1,1,0,0,0
201395419460,1,3,3,27,8,9.079,1,6,7,2013,14,40,25,0,0,1,1,1,4,2,2,8,0,1,3,0,0,0
201395419463,4,3,3,27,8,354.081,2,6,7,2013,18,22,12,1,0,1,1,1,0,0,2,8,0,1,1,0,0,0
201395419474,3,3,3,27,8,18.158,2,6,2,2013,20,24,12,7,1,18,5,2,2,2,2,8,0,1,1,0,0,0
201395419483,2,3,3,27,8,63.553,2,6,5,2013,16,49,12,6,1,18,1,2,2,1,2,8,0,1,1,0,0,0
201395419513,3,1,6,23,2,17.8653,3,6,7,2013,13,7,12,6,0,2,1,1,3,1,2,1,0,3,1,0,0,0
201395419516,6,3,3,44,9,225.4675,1,7,7,2013,19,50,30,0,0,1,1,10,1,1,2,8,0,1,4,0,0,0
201395419518,4,3,3,44,9,360.748,1,7,2,2013,10,27,8,0,0,1,1,1,1,1,2,8,0,1,7,0,0,0
201395419527,3,3,3,44,9,45.0935,2,7,5,2013,11,23,12,1,0,1,1,2,2,1,2,8,0,1,1,0,0,0
201395419528,4,3,3,44,9,360.748,2,7,5,2013,20,31,12,1,0,2,1,10,0,0,2,8,0,2,1,0,0,0
201395419533,2,3,3,44,9,45.0935,2,7,6,2013,23,38,12,1,0,2,3,10,1,2,2,8,0,2,1,0,0,0
201395419537,4,3,5,44,9,360.748,2,6,2,2013,21,53,12,6,0,2,3,1,0,0,2,1,0,2,1,0,0,0
201395419540,6,3,5,44,9,225.4675,1,6,5,2013,21,55,53,0,0,1,2,2,0,0,2,1,0,1,4,0,0,0
201395419541,5,3,5,44,9,90.187,1,6,7,2013,11,43,42,0,0,1,1,1,1,1,2,1,0,1,4,0,0,0
201395419549,4,3,5,44,9,360.748,2,6,2,2013,18,20,14,0,0,4,1,1,0,0,2,1,1,1,7,0,0,0
201395419551,5,3,5,44,9,90.187,1,6,4,2013,16,3,59,0,0,1,5,1,1,1,2,1,0,1,4,0,0,0
201395419586,4,3,1,27,8,354.081,2,3,5,2013,17,33,12,6,0,2,1,1,0,0,2,3,0,,1,0,0,0
201395419598,3,3,1,27,8,18.158,1,3,1,2013,2,30,9,0,0,2,3,1,3,1,1,3,0,2,1,16,0,0
201395419604,1,3,1,27,8,9.079,2,4,4,2013,1,30,12,6,0,2,3,1,3,3,2,3,0,2,1,0,0,0
201395419613,3,3,1,27,8,18.158,2,4,1,2013,2,24,12,7,0,2,3,1,3,1,2,3,0,,1,0,0,0
201395419640,1,3,2,27,8,9.079,1,6,7,2013,2,22,42,0,0,1,1,1,4,3,1,8,0,1,3,0,0,0
201395419642,3,3,2,27,8,18.158,2,6,7,2013,11,9,12,7,0,1,1,1,2,2,2,8,0,1,1,0,0,0
201395419645,3,3,2,27,8,18.158,2,6,7,2013,15,34,12,8,0,2,1,1,2,1,2,8,0,3,1,0,0,0
201395419653,1,3,2,27,8,9.079,2,6,1,2013,14,20,12,6,0,2,1,1,4,3,2,8,0,2,1,0,0,0
201395419668,3,3,2,27,8,18.158,2,6,2,2013,17,20,12,1,0,2,1,1,2,1,2,8,0,2,1,0,0,0
201395419673,3,3,2,27,8,18.158,1,6,2,2013,22,35,8,0,0,1,2,1,2,1,2,8,0,1,1,0,0,0
201395419691,4,3,2,27,8,354.081,2,6,4,2013,7,47,14,0,0,1,2,1,0,0,2,8,1,1,7,0,0,0
201395419697,3,3,2,27,8,18.158,3,6,4,2013,13,7,12,6,0,2,1,1,2,3,2,8,0,2,1,0,0,0
201395419711,6,3,2,27,8,208.817,2,6,5,2013,17,40,12,1,0,1,1,1,0,0,2,8,0,1,1,0,0,0
201395419715,5,3,2,27,8,90.79,3,6,5,2013,18,59,12,6,0,2,1,1,2,1,2,8,0,2,1,0,0,0
201395419718,3,3,2,27,8,18.158,1,6,5,2013,22,56,8,0,0,1,2,1,4,2,1,8,0,1,1,15,0,0
201395419728,3,3,2,27,8,18.158,2,6,6,2013,15,24,12,6,0,2,1,1,2,5,2,8,0,3,1,0,0,0
201395419735,1,3,2,27,8,9.079,1,6,6,2013,23,28,34,0,0,1,2,1,3,1,1,8,0,1,4,0,0,0
201395419740,6,3,4,27,8,208.817,2,6,1,2013,12,0,12,7,1,18,2,1,0,0,2,8,0,1,1,0,0,0
201395419742,2,3,4,27,8,63.553,2,6,3,2013,15,55,25,0,0,1,1,2,2,3,2,8,0,1,3,0,0,0
201395419750,3,3,4,27,8,18.158,1,6,6,2013,19,45,24,0,0,1,1,1,2,1,2,8,0,1,3,0,0,0
201395419803,6,3,1,27,8,208.817,2,4,4,2013,17,24,12,1,0,1,1,1,0,0,2,3,0,1,1,0,0,0
201395419804,4,3,1,27,8,354.081,2,4,4,2013,17,41,12,6,0,4,1,1,0,0,2,3,0,1,1,0,0,0
201395419805,3,3,1,27,8,18.158,1,4,4,2013,18,37,8,0,0,1,1,1,3,1,2,3,0,1,1,0,0,0
201395419810,3,3,1,27,8,18.158,2,4,2,2013,16,42,14,0,0,2,1,1,3,1,2,3,1,2,7,0,0,0
201395419823,2,3,1,27,8,63.553,2,6,4,2013,20,59,12,7,0,1,2,1,1,1,2,3,0,1,1,0,0,0
201395419829,6,3,3,27,8,208.817,2,6,1,2013,2,44,12,1,0,1,3,2,0,0,2,8,0,1,1,0,0,0
201395419849,3,3,3,27,8,18.158,2,6,4,2013,9,9,12,1,0,2,1,1,2,1,2,8,0,,1,0,0,0
201395419860,1,3,3,27,8,9.079,2,6,6,2013,20,14,12,1,0,1,1,1,3,2,2,8,0,1,1,23,0,0
201395419867,3,3,2,27,8,18.158,2,6,7,2013,14,33,12,6,0,2,1,1,2,4,2,8,0,2,1,0,0,0
201395419886,3,3,2,27,8,18.158,2,6,2,2013,10,30,12,1,0,2,1,1,2,3,2,8,0,2,1,0,0,0
201395419894,4,3,2,27,8,354.081,1,6,2,2013,18,15,34,0,0,1,1,1,0,0,2,8,0,1,4,0,0,0
201395419897,3,3,2,27,8,18.158,1,6,3,2013,3,11,44,0,0,1,2,1,2,1,2,8,0,1,1,0,0,0
201395419914,3,3,2,27,8,18.158,2,6,4,2013,9,0,12,1,0,2,1,1,2,1,2,8,0,2,1,0,0,0
201395419942,6,3,2,27,8,208.817,2,6,6,2013,13,29,12,6,0,4,1,1,0,0,2,8,0,1,1,0,0,0
201395419945,3,3,2,27,8,18.158,2,6,6,2013,14,44,12,2,0,4,1,1,2,1,2,8,0,1,1,0,0,0
201395419958,4,3,2,27,8,354.081,1,6,2,2013,12,45,30,0,0,1,1,1,0,0,2,8,0,1,4,0,0,0
201395419960,1,3,4,27,8,9.079,1,6,7,2013,15,57,24,0,0,1,1,2,3,1,2,8,0,1,4,0,0,0
201395419970,3,3,4,27,8,18.158,2,6,5,2013,20,43,12,1,0,1,2,1,2,1,2,8,0,1,1,0,0,0
201395419971,4,3,4,27,8,354.081,1,6,5,2013,22,23,11,0,0,1,2,1,0,0,2,8,0,1,1,0,0,0
201395419975,3,3,2,27,8,18.158,1,6,7,2013,1,10,30,0,0,1,2,1,2,1,1,8,0,1,4,0,0,0
201395419990,1,3,3,44,9,45.0935,1,7,7,2013,6,26,58,0,0,4,4,10,4,2,1,8,0,1,4,0,0,0
201395419995,5,3,3,44,9,90.187,2,7,4,2013,10,32,12,2,0,2,1,1,1,1,2,8,0,2,1,0,0,0
201395419996,4,3,3,44,9,360.748,2,7,4,2013,10,58,12,1,0,2,1,1,1,1,2,8,0,2,1,0,0,0
201395420002,3,3,3,44,9,45.0935,2,7,6,2013,12,53,12,6,0,2,1,2,2,1,2,8,0,2,1,0,0,0
201395420009,4,3,3,44,9,360.748,2,7,1,2013,19,13,12,6,0,4,1,2,1,1,2,8,0,1,1,0,0,0
201395420019,4,3,3,44,9,360.748,2,7,6,2013,18,58,12,1,0,2,1,1,0,0,2,8,0,2,1,0,0,0
201395420049,3,3,1,27,8,18.158,2,4,6,2013,23,0,12,1,0,1,3,1,3,1,2,3,0,1,1,0,0,0
201395420064,3,3,1,27,8,18.158,1,4,5,2013,15,28,8,0,0,1,1,1,2,1,2,3,0,1,1,0,0,0
201395420079,5,3,1,27,8,90.79,3,4,7,2013,4,0,12,6,0,2,3,1,1,2,2,3,1,2,1,0,0,0
201395420081,4,3,1,27,8,354.081,2,4,7,2013,10,0,12,1,0,2,1,1,0,0,2,3,0,3,1,0,0,0
201395420088,3,3,1,27,8,18.158,2,4,7,2013,23,30,12,6,0,2,2,1,3,1,2,3,0,2,1,0,0,0
201395420096,3,3,1,27,8,18.158,1,4,5,2013,16,16,8,0,0,2,1,1,2,2,2,3,0,2,1,0,0,0
201395420113,3,3,1,27,8,18.158,2,4,6,2013,7,45,12,6,0,2,1,1,2,1,2,3,0,2,1,0,0,0
201395420122,5,3,3,27,8,90.79,1,7,2,2013,10,24,39,0,0,1,1,2,2,1,2,8,0,1,4,0,0,0
201395420139,4,3,3,27,8,354.081,2,7,4,2013,19,8,12,1,0,1,1,1,0,0,2,8,0,1,1,0,0,0
201395420147,3,3,2,27,8,18.158,1,6,7,2013,12,16,42,0,0,1,1,1,2,1,2,8,0,1,4,0,0,0
201395420167,3,3,2,27,8,18.158,3,6,1,2013,16,41,12,7,0,1,1,1,3,2,2,8,0,1,1,0,0,0
201395420171,1,3,2,27,8,9.079,1,7,2,2013,3,5,25,0,0,5,2,1,3,1,2,8,0,1,3,0,0,0
201395420186,3,3,2,27,8,18.158,2,7,2,2013,20,51,12,6,0,4,2,1,2,1,2,8,0,1,1,0,0,0
201395420189,5,3,2,27,8,90.79,2,7,3,2013,15,21,12,1,0,2,1,2,2,2,2,8,0,2,1,0,0,0
201395420208,6,3,2,27,8,208.817,4,7,4,2013,17,20,12,1,0,1,1,2,1,2,2,8,0,1,1,0,0,0
201395420213,4,3,2,27,8,354.081,1,7,4,2013,18,50,43,0,0,4,1,2,0,0,2,8,0,1,4,0,0,0
201395420219,3,3,2,27,8,18.158,2,7,5,2013,18,42,12,1,0,2,1,1,2,2,2,8,0,2,1,0,0,0
201395420231,1,3,4,27,8,9.079,1,7,2,2013,7,40,34,0,0,1,1,1,3,1,2,8,0,1,3,0,0,0
201395420243,3,3,2,27,8,18.158,3,4,2,2013,18,40,12,1,0,1,1,1,2,2,2,8,0,1,1,0,0,0
201395420256,4,3,3,44,9,360.748,2,8,6,2013,11,3,12,7,0,2,1,1,0,0,2,8,0,2,1,0,0,0
201395420259,4,3,5,44,9,360.748,1,7,3,2013,16,32,24,0,0,1,1,2,0,0,2,1,0,1,4,0,0,0
201395420267,4,3,5,44,9,360.748,1,7,4,2013,21,57,24,0,0,1,2,2,0,0,2,1,0,1,3,0,0,0
201395420271,6,3,5,44,9,225.4675,1,7,1,2013,16,47,57,0,0,1,1,2,0,0,2,1,0,1,3,0,0,0
201395420276,2,3,5,44,9,45.0935,2,7,4,2013,11,6,12,1,0,2,1,1,0,0,2,1,0,2,1,0,0,0
201395420280,4,3,5,44,9,360.748,1,7,7,2013,5,26,38,0,0,1,2,10,0,0,1,1,0,1,4,20,0,0
201395420281,5,3,5,44,9,90.187,1,7,7,2013,11,55,24,0,0,1,1,2,1,1,2,1,0,1,4,0,0,0
201395420301,1,3,1,27,8,9.079,1,4,5,2013,0,12,42,0,0,1,3,1,3,1,2,3,0,1,4,0,0,0
201395420309,6,3,1,27,8,208.817,2,4,4,2013,8,46,12,6,0,2,1,1,0,0,2,3,0,3,1,0,0,0
201395420341,3,3,1,27,8,18.158,1,4,3,2013,17,23,9,0,0,2,1,1,3,1,2,3,0,3,1,0,0,0
201395420344,4,3,1,27,8,354.081,2,4,7,2013,11,48,12,7,0,1,1,1,0,0,2,3,0,1,1,0,0,0
201395420348,3,3,1,27,8,18.158,2,4,1,2013,17,30,12,1,0,2,1,8,3,2,2,3,0,2,1,0,0,0
201395420366,1,3,3,27,8,9.079,2,7,6,2013,13,50,12,1,0,1,1,1,3,5,2,8,0,1,1,0,0,0
201395420368,3,3,2,27,8,18.158,2,7,5,2013,11,12,12,6,0,2,1,1,2,1,2,8,0,3,1,0,0,0
201395420394,3,3,2,27,8,18.158,2,7,3,2013,12,13,12,6,0,2,1,1,2,2,2,8,0,2,1,0,0,0
201395420408,3,3,2,27,8,18.158,2,7,4,2013,11,16,12,2,0,1,1,1,2,2,2,8,0,1,1,0,0,0
201395420426,3,3,2,27,8,18.158,2,7,5,2013,9,50,12,1,0,2,1,2,2,2,2,8,0,2,1,0,0,0
201395420432,4,3,2,27,8,354.081,2,7,7,2013,16,9,14,0,0,1,1,1,0,0,2,8,1,1,7,0,0,0
201395420437,6,3,2,27,8,208.817,2,7,1,2013,12,30,12,6,0,2,1,1,0,0,2,8,0,3,1,0,0,0
201395420448,3,3,2,27,8,18.158,1,7,2,2013,13,9,59,0,0,4,1,1,2,1,2,8,0,1,4,0,0,0
201395420476,6,3,4,27,8,208.817,1,7,4,2013,16,16,24,0,0,1,1,2,0,0,2,8,0,1,4,0,0,0
201395420486,3,3,4,27,8,18.158,1,7,6,2013,15,57,24,0,0,1,1,1,3,2,2,8,0,1,3,0,0,0
201395420505,3,1,9,23,2,21.415852,2,7,3,2013,15,43,12,1,0,1,1,10,2,1,2,8,0,1,1,0,0,0
201395420512,4,1,9,23,2,353.36157,2,7,6,2013,14,38,12,1,0,2,1,1,0,0,2,8,0,2,1,0,0,0
201395420513,6,1,9,23,2,214.15852,2,7,6,2013,17,5,12,6,0,2,1,1,0,0,2,8,0,3,1,0,0,0
201395420555,4,1,9,23,2,353.36157,2,7,4,2013,17,27,12,6,0,2,1,1,0,0,2,8,0,3,1,0,0,0
201395420581,3,3,1,27,8,18.158,1,4,6,2013,17,15,9,0,0,2,1,1,3,1,2,3,0,2,1,0,0,0
201395420586,6,3,1,27,8,208.817,2,4,1,2013,2,7,12,2,0,2,2,1,0,0,1,3,0,2,1,0,0,0
201395420591,5,3,1,27,8,90.79,1,4,1,2013,23,0,19,0,0,2,1,1,1,1,2,3,0,3,4,0,0,0
201395420596,3,3,1,27,8,18.158,2,5,4,2013,10,5,12,7,0,4,1,1,2,1,2,3,0,1,1,0,0,0
201395420610,3,3,3,27,8,18.158,2,7,2,2013,15,41,12,7,0,1,1,1,2,2,2,8,0,1,1,0,0,0
201395420626,3,3,2,27,8,18.158,3,7,7,2013,16,11,12,1,0,2,1,2,3,5,2,8,0,,1,0,0,0
201395420632,5,3,2,27,8,90.79,2,7,7,2013,21,17,12,6,0,2,6,1,2,3,2,8,0,2,1,0,0,0
201395420651,3,3,2,27,8,18.158,4,7,2,2013,15,15,12,6,0,2,1,1,3,4,2,8,0,2,1,14,0,0
201395420670,4,3,2,27,8,354.081,2,7,3,2013,22,11,12,6,0,2,2,1,0,0,2,8,0,2,1,0,0,0
201395420671,3,3,2,27,8,18.158,2,7,3,2013,23,11,12,6,0,2,2,1,2,2,2,8,0,2,1,0,0,0
201395420674,3,3,2,27,8,18.158,2,7,4,2013,9,29,12,1,0,2,1,1,2,1,2,8,0,,1,0,0,0
201395420675,6,3,2,27,8,208.817,2,7,4,2013,13,58,12,6,0,2,1,1,0,0,2,8,0,2,1,0,0,0
201395420701,3,3,2,27,8,18.158,2,7,6,2013,17,25,12,6,0,2,1,1,3,2,2,8,0,2,1,0,0,0
201395420719,2,3,1,44,9,45.0935,2,5,6,2013,3,55,24,0,0,1,2,1,2,1,2,3,0,1,3,0,0,0
201395420720,6,3,1,44,9,225.4675,2,5,6,2013,6,38,12,1,0,1,1,1,0,0,2,3,0,1,1,0,0,0
201395420722,4,3,1,44,9,360.748,1,5,6,2013,17,0,18,0,0,1,1,1,0,0,2,3,0,1,1,0,0,0
201395420723,5,3,1,44,9,90.187,2,5,6,2013,17,35,12,1,0,1,1,1,1,3,2,3,0,1,1,0,0,0
201395420736,4,3,1,44,9,360.748,1,5,3,2013,7,5,35,0,0,1,1,1,0,0,2,3,0,1,4,0,0,0
201395420739,3,3,1,44,9,45.0935,1,5,5,2013,16,15,34,0,0,1,1,1,2,1,2,3,0,1,4,0,0,0
201395420742,2,3,1,44,9,45.0935,3,5,5,2013,16,14,12,6,0,2,1,1,3,4,2,3,0,2,1,0,0,0
201395420745,6,3,1,44,9,225.4675,2,5,6,2013,15,30,12,1,0,1,1,1,1,1,2,3,0,1,1,0,0,0
201395420746,2,3,1,44,9,45.0935,1,5,6,2013,15,5,1,0,0,5,1,1,0,0,2,3,0,1,1,0,0,0
201395420748,4,3,1,44,9,360.748,2,6,7,2013,11,35,12,1,0,4,1,1,1,1,2,3,0,1,1,0,0,0
201395420755,3,3,1,44,9,45.0935,1,6,2,2013,13,18,34,0,0,1,1,1,3,1,2,3,0,1,4,0,0,0
201395420757,5,3,1,44,9,90.187,1,6,2,2013,11,58,32,0,0,1,1,1,1,1,2,3,0,1,4,0,0,0
201395420760,2,3,1,44,9,45.0935,3,6,4,2013,7,46,12,6,0,2,1,1,0,0,2,3,0,2,1,0,0,0
201395420762,5,3,1,44,9,90.187,2,6,4,2013,16,10,12,6,0,2,1,1,1,1,2,3,0,2,1,0,0,0
201395420764,4,3,1,44,9,360.748,1,6,5,2013,21,52,11,0,0,1,2,10,0,0,2,3,0,1,1,0,0,0
201395420773,5,3,1,44,9,90.187,2,6,6,2013,22,22,12,8,0,1,2,1,1,1,1,3,0,1,1,0,0,0
201395420775,2,3,1,44,9,45.0935,2,6,6,2013,14,47,12,1,0,2,1,1,1,1,2,3,0,3,1,0,0,0
201395420777,6,3,1,44,9,225.4675,1,6,6,2013,11,0,24,0,0,1,1,10,0,0,2,3,0,1,3,0,0,0
201395420779,4,3,1,44,9,360.748,1,6,7,2013,18,7,57,0,0,1,1,1,0,0,2,3,0,1,3,0,0,0
201395420788,5,3,1,44,9,90.187,2,6,2,2013,15,22,12,6,0,2,1,1,1,1,2,3,0,3,1,0,0,0
201395420791,5,3,1,44,9,90.187,2,6,3,2013,10,16,12,6,0,2,1,1,1,1,2,3,0,2,1,0,0,0
201395420796,4,3,1,44,9,360.748,2,6,5,2013,18,23,12,1,0,4,1,1,1,3,2,3,0,1,1,0,0,0
201395420797,5,3,1,44,9,90.187,3,6,5,2013,8,54,12,2,0,1,1,1,1,3,2,3,0,1,1,0,0,0
201395420799,6,3,1,44,9,225.4675,1,6,5,2013,17,6,16,0,0,1,1,2,0,0,2,3,0,1,1,0,0,0
201395420800,3,3,1,44,9,45.0935,1,6,5,2013,17,15,16,0,0,1,1,2,2,1,2,3,0,1,1,0,0,0
201395420814,5,3,1,44,9,90.187,4,6,3,2013,16,34,12,1,0,4,1,1,1,3,2,3,0,1,1,0,0,0
201395420816,4,3,1,44,9,360.748,2,6,4,2013,13,58,12,1,0,1,1,1,0,0,2,3,0,1,1,28,0,0
201395420818,6,3,1,44,9,225.4675,1,6,4,2013,20,12,34,0,0,1,1,1,1,1,2,3,0,1,4,0,0,0
201395420827,3,3,1,44,9,45.0935,2,6,1,2013,20,51,33,0,0,1,6,2,2,1,2,3,1,1,4,0,0,0
201395420829,5,3,1,44,9,90.187,2,6,1,2013,19,48,12,2,0,1,1,2,1,1,2,3,0,1,1,0,0,0
201395420832,4,3,1,44,9,360.748,1,6,3,2013,7,12,18,0,0,1,1,10,0,0,2,3,0,1,4,0,0,0
201395420833,1,3,1,44,9,45.0935,1,6,4,2013,18,42,32,0,0,1,1,1,3,2,1,3,0,1,4,0,0,0
201395420834,5,3,1,44,9,90.187,2,6,4,2013,11,12,12,6,0,4,1,1,1,3,2,3,0,1,1,0,0,0
201395420836,2,3,1,44,9,45.0935,3,6,4,2013,9,28,12,1,0,1,1,1,1,1,2,3,0,1,1,0,0,0
201395420840,1,3,1,44,9,45.0935,2,6,6,2013,6,25,12,2,0,1,1,1,4,2,2,3,0,1,1,0,0,0
201395420845,4,3,1,44,9,360.748,2,6,7,2013,18,6,12,6,0,2,1,1,0,0,2,3,0,2,1,0,0,0
201395420847,6,3,1,44,9,225.4675,1,6,1,2013,22,7,11,0,0,1,2,10,0,0,2,3,0,1,1,0,0,0
201395420855,5,3,2,44,9,90.187,1,5,5,2013,15,30,59,0,0,1,1,10,1,1,2,8,0,1,4,0,0,0
201395420858,6,3,2,44,9,225.4675,1,5,6,2013,8,13,42,0,0,1,1,1,0,0,2,8,0,1,4,0,0,0
201395420859,4,3,2,44,9,360.748,1,5,6,2013,16,29,34,0,0,1,1,1,0,0,2,8,0,1,4,0,0,0
201395420867,1,3,2,44,9,45.0935,3,5,3,2013,13,28,12,6,0,2,1,1,3,3,2,8,0,2,1,0,0,0
201395420872,5,3,2,44,9,90.187,2,5,4,2013,6,58,12,6,0,2,1,1,2,2,2,8,0,2,1,0,0,0
201395420873,4,3,2,44,9,360.748,2,5,5,2013,17,0,12,1,0,1,1,1,0,0,2,8,0,1,1,0,0,0
201395420877,5,3,2,44,9,90.187,1,6,1,2013,12,47,35,0,0,4,1,1,1,2,2,8,0,1,4,0,0,0
201395420879,6,3,2,44,9,225.4675,1,6,1,2013,10,0,43,0,0,1,1,10,2,1,2,8,0,1,4,0,0,0
201395420885,5,3,2,44,9,90.187,1,6,3,2013,16,16,42,0,0,1,1,1,1,1,2,8,0,1,4,0,0,0
201395420891,6,3,2,44,9,225.4675,1,6,5,2013,19,44,42,0,0,1,1,2,0,0,2,8,0,1,4,0,0,0
201395420893,4,3,2,44,9,360.748,1,6,5,2013,12,45,42,0,0,4,1,10,0,0,2,8,0,1,4,0,0,0
201395420896,1,3,2,44,9,45.0935,1,6,6,2013,23,45,42,0,0,1,2,10,4,2,2,8,0,1,4,0,0,0
201395420901,5,3,2,44,9,90.187,1,6,1,2013,18,30,34,0,0,1,1,2,1,1,2,8,0,1,4,0,0,0
201395420902,3,3,2,44,9,45.0935,1,6,3,2013,16,10,43,0,0,1,1,1,2,1,2,8,0,1,4,0,0,0
201395420909,4,3,2,44,9,360.748,2,6,5,2013,8,5,12,6,0,2,1,1,0,0,2,8,0,3,1,0,0,0
201395420913,5,3,2,44,9,90.187,1,6,7,2013,7,0,1,0,0,1,1,1,2,3,2,8,0,1,4,0,0,0