CASENUM,STRATUM,REGION,PJ,PSU,PSUSTRAT,WEIGHT,VE_TOTAL,MONTH,WKDY_IM,YEAR,HOUR_IM,MINUTE_IM,EVENT1_IM,MANCOL_IM,RELJCT1_IM,RELJCT2_IM,LGTCON_IM,WEATHR_IM,MAXSEV_IM,NO_INJ_IM,ALCHL_IM,LAND_USE,PVH_INVL,TYP_INT,REL_ROAD,CF1,CF2,CF3
201395422893,3,3,2,27,8,18.158,2,9,7,2013,18,42,12,1,0,2,1,1,2,1,2,8,0,2,1,0,0,0
201395422902,3,3,2,27,8,18.158,2,9,1,2013,16,16,12,6,0,2,1,1,2,2,2,8,0,2,1,0,0,0
201395422906,3,3,2,27,8,18.158,1,9,1,2013,21,55,8,0,0,1,3,1,3,1,2,8,0,1,1,0,0,0
201395422918,4,3,2,27,8,354.081,2,9,3,2013,11,17,12,7,0,1,1,1,0,0,2,8,0,1,1,0,0,0
201395422920,6,3,2,27,8,208.817,2,9,3,2013,13,6,12,1,0,2,1,1,0,0,2,8,0,2,1,0,0,0
201395422930,3,3,2,27,8,18.158,2,9,4,2013,7,30,12,6,0,2,1,1,2,1,2,8,0,2,1,0,0,0
201395422943,3,3,2,27,8,18.158,2,9,4,2013,21,38,12,1,0,2,2,1,2,1,2,8,0,2,1,0,0,0
201395422945,5,3,2,27,8,90.79,2,9,5,2013,9,33,12,1,0,1,1,1,2,2,2,8,0,1,1,0,0,0
201395422961,3,3,2,27,8,18.158,2,9,6,2013,13,32,12,7,0,4,1,1,2,1,2,8,0,1,1,0,0,0
201395422972,1,3,4,27,8,9.079,3,9,3,2013,17,40,12,1,0,1,1,1,3,3,2,8,0,1,1,0,0,0
201395422975,3,3,4,27,8,18.158,1,9,5,2013,0,0,34,0,0,1,2,1,3,1,2,8,0,1,3,0,0,0
201395422976,2,3,4,27,8,63.553,1,9,5,2013,22,30,1,0,0,5,2,1,4,1,2,8,0,1,8,0,0,0
201395422986,6,3,3,44,9,225.4675,1,9,2,2013,14,34,42,0,0,1,1,1,0,0,1,8,0,1,5,0,0,0
201395422988,4,3,3,44,9,360.748,2,10,3,2013,13,18,12,1,0,1,1,1,1,1,2,8,0,1,1,0,0,0
201395422997,5,3,3,44,9,90.187,2,10,6,2013,16,21,12,6,0,2,1,1,1,4,2,8,0,7,1,0,0,0
201395423007,3,3,1,27,8,18.158,1,6,6,2013,13,48,20,0,0,1,1,2,2,1,2,3,0,1,10,25,0,0
201395423013,3,3,1,27,8,18.158,2,6,7,2013,21,36,12,6,0,2,3,1,2,3,2,3,0,3,1,0,0,0
201395423018,3,3,1,27,8,18.158,2,6,1,2013,13,15,12,7,0,1,1,1,3,1,1,3,0,1,1,0,0,0
201395423025,4,3,1,27,8,354.081,3,6,2,2013,8,30,12,1,0,1,1,2,0,0,2,3,0,1,1,0,0,0
201395423031,5,3,1,27,8,90.79,2,6,2,2013,13,40,12,1,0,2,1,1,1,2,1,3,0,3,1,0,0,0
201395423048,1,3,3,27,8,9.079,1,9,2,2013,5,5,24,0,0,1,2,1,3,1,2,8,0,1,4,0,0,0
201395423052,2,3,3,27,8,63.553,2,9,4,2013,8,30,12,7,0,1,1,1,2,1,2,8,0,1,1,0,0,0
201395423060,3,3,2,27,8,18.158,2,9,5,2013,7,30,12,1,0,1,1,1,2,2,2,8,0,1,1,0,0,0
201395423068,3,3,2,27,8,18.158,2,9,5,2013,11,33,12,1,0,1,1,1,2,1,2,8,0,1,1,0,0,0
201395423069,1,3,2,27,8,9.079,4,9,5,2013,14,49,12,1,0,1,1,1,3,4,2,8,0,1,1,0,0,0
201395423077,3,3,2,27,8,18.158,3,9,6,2013,11,16,12,1,0,1,1,1,2,1,2,8,0,1,1,0,0,0
201395423091,4,3,2,27,8,354.081,2,9,3,2013,7,50,12,1,0,1,1,1,0,0,2,8,0,1,1,0,0,0
201395423104,3,3,2,27,8,18.158,2,9,4,2013,8,30,12,6,0,1,1,1,2,2,2,8,0,1,1,0,0,0
201395423109,6,3,2,27,8,208.817,1,9,4,2013,13,11,33,0,0,1,1,1,0,0,2,8,0,1,4,0,0,0
201395423113,3,3,2,27,8,18.158,3,9,4,2013,16,0,12,1,0,1,1,1,2,1,2,8,0,1,1,0,0,0
201395423137,5,3,2,27,8,90.79,2,9,1,2013,2,37,12,6,0,2,2,1,2,3,2,8,0,2,1,0,0,0
201395423166,3,3,2,27,8,18.158,4,9,1,2013,14,38,12,9,0,2,1,1,2,2,2,8,0,3,1,0,0,0
201395423168,1,3,2,27,8,9.079,3,9,1,2013,15,0,12,6,0,2,1,1,3,3,2,8,0,3,1,0,0,0
201395423176,3,3,2,27,8,18.158,2,9,2,2013,8,48,12,6,0,2,1,1,2,2,2,8,0,3,1,0,0,0
201395423180,1,3,4,27,8,9.079,2,9,1,2013,10,15,12,9,0,1,1,1,3,1,2,8,0,1,1,0,0,0
201395423191,4,3,3,44,9,360.748,2,10,7,2013,19,47,12,1,0,1,3,1,0,0,2,8,0,1,1,0,0,0
201395423195,6,3,3,44,9,225.4675,2,10,2,2013,18,10,12,6,0,4,1,1,0,0,2,8,0,1,1,0,0,0
201395423201,4,3,3,44,9,360.748,2,10,4,2013,8,51,12,1,0,2,1,1,0,0,2,8,0,2,1,0,0,0
201395423207,5,3,3,44,9,90.187,4,10,6,2013,10,58,12,1,0,2,1,1,1,3,2,8,0,,1,0,0,0
201395423210,3,3,1,27,8,18.158,2,6,7,2013,19,0,12,7,0,4,1,1,2,2,2,3,0,1,1,0,0,0
201395423214,1,3,1,27,8,9.079,1,6,3,2013,10,45,30,0,0,2,1,1,3,1,2,3,0,2,4,0,0,0
201395423226,6,3,1,27,8,208.817,1,6,4,2013,14,34,30,0,0,1,1,1,0,0,2,3,0,1,4,0,0,0
201395423230,3,3,1,27,8,18.158,2,6,4,2013,21,0,12,6,0,2,3,1,2,2,2,3,0,2,1,0,0,0
201395423254,4,3,1,27,8,354.081,2,6,6,2013,16,53,12,7,0,1,1,1,0,0,2,3,0,1,1,0,0,0
201395423284,3,3,1,27,8,18.158,2,6,2,2013,17,45,12,6,0,2,1,1,2,1,2,3,0,3,1,0,0,0
201395423293,1,3,1,27,8,9.079,2,6,3,2013,15,49,12,6,0,2,1,2,3,3,2,3,0,2,1,0,0,0
201395423296,1,3,1,27,8,9.079,2,6,3,2013,19,18,33,0,0,1,1,1,3,4,2,3,0,1,3,0,0,0
201395423309,5,3,1,27,8,90.79,3,6,5,2013,22,0,12,2,0,4,2,1,1,2,2,3,0,1,1,0,0,0
201395423314,3,3,1,27,8,18.158,2,6,6,2013,17,25,12,1,0,1,1,1,3,2,2,3,0,1,1,0,0,0
201395423323,4,3,1,27,8,354.081,2,6,3,2013,2,20,12,6,0,2,3,1,1,1,1,3,0,2,1,0,0,0
201395423340,6,3,3,27,8,208.817,1,9,2,2013,17,31,25,0,0,1,1,1,0,0,2,8,0,1,3,0,0,0
201395423344,3,3,3,27,8,18.158,1,9,5,2013,17,21,18,0,0,1,1,1,3,1,2,8,0,1,1,0,0,0
201395423349,3,3,2,27,8,18.158,1,9,7,2013,6,50,9,0,0,1,4,1,2,1,2,8,0,1,1,0,0,0
201395423359,4,3,2,27,8,354.081,2,9,7,2013,14,38,12,1,0,1,1,2,0,0,2,8,0,1,1,0,0,0
201395423361,1,3,2,27,8,9.079,3,9,7,2013,15,50,12,1,0,2,1,2,3,3,2,8,0,2,1,0,0,0
201395423365,5,3,2,27,8,90.79,1,9,7,2013,21,36,40,0,0,1,3,2,2,1,1,8,0,1,4,0,0,0
201395423374,3,3,2,27,8,18.158,2,9,1,2013,15,22,12,6,0,2,1,1,2,2,2,8,0,3,1,0,0,0
201395423379,3,3,2,27,8,18.158,2,9,1,2013,19,28,12,6,0,2,5,1,2,1,2,8,0,3,1,0,0,0
201395423392,3,3,2,27,8,18.158,1,9,2,2013,13,47,33,0,0,2,1,1,2,1,2,8,0,2,4,0,0,0
201395423398,3,3,2,27,8,18.158,1,9,2,2013,13,50,8,0,0,4,1,1,2,1,2,8,0,1,1,0,0,0
201395423409,3,3,2,27,8,18.158,1,9,3,2013,17,21,1,0,0,1,1,1,2,1,2,8,0,1,1,0,0,0
201395423428,3,3,2,27,8,18.158,2,9,5,2013,12,3,12,7,0,2,1,1,2,1,2,8,0,2,1,0,0,0
201395423436,3,3,2,27,8,18.158,1,9,6,2013,5,20,24,0,0,1,2,1,2,1,2,8,0,1,4,0,0,0
201395423439,4,3,2,27,8,354.081,2,9,6,2013,14,34,12,1,0,1,1,1,0,0,2,8,0,1,1,0,0,0
201395423470,4,3,3,44,9,360.748,2,10,1,2013,14,5,14,0,0,1,1,1,0,0,2,8,1,1,7,0,0,0
201395423479,4,3,3,44,9,360.748,2,10,5,2013,21,26,12,6,0,2,3,1,0,0,2,8,0,2,1,0,0,0
201395423516,1,1,6,23,2,5.9551,1,10,4,2013,2,38,30,0,0,1,3,1,3,1,1,1,0,1,4,0,0,0
201395423529,1,3,1,27,8,9.079,3,6,2,2013,13,31,14,0,0,1,1,1,3,1,2,3,2,1,7,0,0,0
201395423532,3,3,1,27,8,18.158,1,6,2,2013,17,26,33,0,0,1,1,1,3,1,2,3,0,1,4,0,0,0
201395423534,6,3,1,27,8,208.817,2,6,3,2013,7,30,12,6,0,2,1,1,0,0,2,3,0,2,1,0,0,0
201395423544,3,3,1,27,8,18.158,1,6,3,2013,17,28,30,0,0,4,1,1,2,1,2,3,0,1,4,0,0,0
201395423549,3,3,1,27,8,18.158,1,6,4,2013,8,44,9,0,0,2,1,1,2,1,2,3,0,2,1,0,0,0
201395423560,1,3,1,27,8,9.079,5,6,5,2013,17,9,12,6,0,2,1,1,3,3,2,3,0,2,1,0,0,0
201395423565,3,3,1,27,8,18.158,2,6,6,2013,15,45,12,9,0,1,1,1,2,2,2,3,0,1,1,0,0,0
201395423573,4,3,1,27,8,354.081,2,6,7,2013,16,19,12,6,0,2,1,1,0,0,2,3,0,2,1,0,0,0
201395423586,3,3,1,27,8,18.158,2,7,4,2013,14,50,12,1,0,1,1,1,2,1,2,3,0,1,1,0,0,0
201395423596,2,3,1,27,8,63.553,2,10,4,2013,10,0,12,7,0,2,1,1,0,0,2,3,0,2,1,0,0,0
201395423604,3,3,3,27,8,18.158,3,9,2,2013,17,26,12,1,0,1,1,1,2,1,2,8,0,1,1,0,0,0
201395423621,4,3,3,27,8,354.081,3,10,6,2013,17,51,12,1,0,1,1,1,0,0,2,8,0,1,1,0,0,0
201395423623,5,3,2,27,8,90.79,1,9,7,2013,0,13,39,0,0,1,2,1,2,1,1,8,0,1,4,0,0,0
201395423624,6,3,2,27,8,208.817,1,9,7,2013,1,0,24,0,0,1,2,1,0,0,1,8,0,1,4,0,0,0
201395423628,3,3,2,27,8,18.158,1,9,7,2013,8,16,9,0,0,4,1,1,2,1,2,8,0,1,1,0,0,0
201395423634,3,3,2,27,8,18.158,3,9,7,2013,20,10,12,1,0,2,5,1,2,5,1,8,0,2,1,0,0,0
201395423656,3,3,2,27,8,18.158,2,9,2,2013,18,35,1,0,0,2,1,1,2,1,2,8,0,3,1,0,0,0
201395423675,3,3,2,27,8,18.158,2,10,3,2013,15,52,12,6,0,2,1,1,2,4,2,8,0,2,1,0,0,0
201395423690,4,3,2,27,8,354.081,2,10,4,2013,14,24,12,8,0,2,1,1,0,0,2,8,0,2,1,0,0,0
201395423693,3,3,2,27,8,18.158,2,10,4,2013,17,16,12,1,0,2,1,1,2,1,2,8,0,2,1,0,0,0
201395423697,5,3,2,27,8,90.79,3,10,4,2013,20,5,12,7,0,2,1,1,2,1,2,8,0,2,1,0,0,0
201395423715,6,3,2,27,8,208.817,2,10,6,2013,7,0,12,7,0,2,1,1,0,0,2,8,0,2,1,0,0,0
201395423723,3,3,2,27,8,18.158,2,10,6,2013,16,43,12,6,0,2,1,1,2,3,2,8,0,3,1,0,0,0
201395423726,3,3,2,27,8,18.158,1,10,6,2013,17,31,8,0,0,1,1,1,2,2,2,8,0,1,1,0,0,0
201395423743,3,3,4,27,8,18.158,1,9,2,2013,10,35,24,0,0,1,1,1,2,1,2,8,0,1,3,0,0,0
201395423746,6,3,4,27,8,208.817,1,10,3,2013,19,22,11,0,0,1,2,1,0,0,2,8,0,1,1,19,0,0
201395423761,4,1,9,23,2,353.36157,2,10,3,2013,13,12,12,1,0,2,1,1,0,0,2,8,0,2,1,0,0,0
201395423781,3,3,3,44,9,45.0935,2,10,7,2013,19,19,12,1,0,1,2,1,2,3,2,8,0,1,1,0,0,0
201395423783,4,3,3,44,9,360.748,2,10,3,2013,10,56,12,1,0,4,1,10,1,1,2,8,0,1,1,0,0,0
201395423790,5,3,3,44,9,90.187,2,10,6,2013,22,41,12,1,0,1,2,1,1,2,2,8,0,1,1,0,0,0
201395423792,1,3,3,44,9,45.0935,1,10,6,2013,22,45,35,0,0,2,2,1,3,3,1,8,0,10,4,0,0,0
201395423797,4,3,5,44,9,360.748,1,10,2,2013,12,15,35,0,0,1,1,1,0,0,1,1,0,1,4,0,0,0
201395423801,2,3,5,44,9,45.0935,2,10,7,2013,3,44,24,0,0,1,2,10,1,1,2,1,0,1,3,0,0,0
201395423802,3,3,5,44,9,45.0935,1,10,3,2013,17,4,5,0,0,1,1,1,2,1,2,1,0,1,1,0,0,0
201395423805,6,3,6,44,9,170.31635,2,9,5,2013,8,8,12,1,0,1,1,1,0,0,2,1,0,1,1,0,0,0
201395423808,1,3,6,44,9,85.15817,1,10,4,2013,0,32,59,0,0,1,3,1,3,1,1,1,0,1,3,0,0,0
201395423809,5,3,6,44,9,85.15817,2,10,5,2013,7,46,12,6,0,2,1,1,1,2,2,1,0,,1,0,0,0
201395423810,5,3,6,44,9,85.15817,2,10,2,2013,16,44,12,6,0,2,1,1,1,4,2,1,0,2,1,0,0,0
201395423851,3,3,1,27,8,18.158,2,7,3,2013,16,11,12,1,0,2,1,2,2,1,2,3,0,2,1,0,0,0
201395423855,5,3,1,27,8,90.79,2,7,3,2013,19,0,12,6,0,2,1,1,1,1,2,3,0,2,1,0,0,0
201395423860,4,3,1,27,8,354.081,2,7,4,2013,16,15,12,6,0,2,1,2,0,0,2,3,0,2,1,0,0,0
201395423877,6,3,1,27,8,208.817,2,7,1,2013,5,40,12,1,0,2,4,1,0,0,2,3,0,2,1,0,0,0
201395423879,3,3,1,27,8,18.158,2,7,1,2013,20,17,12,6,0,2,5,1,2,1,1,3,0,2,1,0,0,0
201395423898,2,3,3,27,8,63.553,2,10,2,2013,14,57,12,7,0,1,1,2,0,0,2,8,0,1,1,0,0,0
201395423909,5,3,3,27,8,90.79,2,10,2,2013,16,12,12,6,0,2,1,2,2,1,2,8,0,2,1,0,0,0
201395423912,3,3,2,27,8,18.158,2,10,6,2013,16,33,12,6,0,2,1,2,2,5,2,8,0,2,1,0,0,0
201395423918,3,3,2,27,8,18.158,2,10,6,2013,19,39,12,6,0,4,2,2,2,1,2,8,0,1,1,0,0,0
201395423931,3,3,2,27,8,18.158,1,10,7,2013,17,14,42,0,0,5,1,1,2,1,2,8,0,1,4,0,0,0
201395423946,3,3,2,27,8,18.158,1,10,2,2013,8,34,8,0,0,2,1,1,2,1,2,8,0,3,1,0,0,0
201395423950,4,3,2,27,8,354.081,1,10,2,2013,11,58,24,0,0,2,1,2,0,0,2,8,0,2,4,0,0,0
201395423959,3,3,2,27,8,18.158,3,10,2,2013,17,45,12,1,0,2,1,1,2,2,2,8,0,,1,0,0,0
201395423968,1,3,2,27,8,9.079,1,10,3,2013,16,44,25,0,0,1,1,1,3,1,2,8,0,1,3,0,0,0
201395423969,3,3,2,27,8,18.158,1,10,3,2013,16,51,9,0,0,2,1,1,2,1,2,8,0,3,1,0,0,0
201395423981,6,3,2,27,8,208.817,1,10,4,2013,15,45,24,0,0,5,1,2,0,0,2,8,0,1,4,0,0,0
201395423997,3,3,2,27,8,18.158,1,10,5,2013,10,55,42,0,0,1,1,2,2,1,2,8,0,1,4,0,0,0
201395424006,5,3,2,27,8,90.79,2,10,5,2013,16,56,12,6,0,4,1,2,2,4,2,8,0,1,1,0,0,0
201395424015,3,3,2,27,8,18.158,2,10,5,2013,18,56,12,1,0,1,2,2,2,2,1,8,0,1,1,0,0,0
201395424026,3,3,2,27,8,18.158,1,10,6,2013,13,59,5,0,0,1,1,12,2,1,2,8,0,1,1,23,0,0
201395424043,1,3,4,27,8,9.079,2,10,2,2013,17,37,12,1,0,1,1,2,3,1,2,8,0,1,1,0,0,0
201395424081,4,3,3,44,9,360.748,3,10,7,2013,16,25,12,7,0,1,1,1,0,0,2,8,0,1,1,0,0,0
201395424090,6,3,3,44,9,225.4675,3,10,5,2013,7,36,12,1,0,2,4,1,0,0,2,8,0,2,1,0,0,0
201395424091,4,3,3,44,9,360.748,2,11,6,2013,13,12,12,7,0,1,1,2,0,0,2,8,0,1,1,0,0,0
201395424103,4,3,5,44,9,360.748,2,10,4,2013,15,8,14,0,0,1,1,1,0,0,2,1,1,1,7,0,0,0
201395424107,3,3,6,44,9,85.15817,2,10,5,2013,19,0,5,0,0,1,2,10,2,2,2,1,1,1,4,0,0,0
201395424108,3,3,6,44,9,85.15817,1,10,5,2013,13,33,8,0,0,1,1,10,2,1,2,1,0,1,1,0,0,0
201395424109,4,3,6,44,9,340.6327,2,10,5,2013,15,32,12,7,0,2,1,1,0,0,2,1,0,3,1,0,0,0
201395424124,5,3,1,44,9,90.187,3,7,3,2013,17,27,12,1,0,1,1,10,1,2,2,3,0,1,1,0,0,0
201395424131,4,3,1,44,9,360.748,1,7,5,2013,20,17,32,0,0,1,1,2,0,0,2,3,0,1,4,0,0,0
201395424136,6,3,1,44,9,225.4675,2,7,6,2013,7,25,12,1,0,1,1,2,0,0,2,3,0,1,1,0,0,0
201395424140,5,3,1,44,9,90.187,1,7,6,2013,7,19,35,0,0,1,1,2,1,1,2,3,0,1,4,0,0,0
201395424143,4,3,1,44,9,360.748,1,7,7,2013,0,18,11,0,0,1,2,1,0,0,2,3,0,1,1,0,0,0
201395424150,5,3,1,44,9,90.187,2,7,2,2013,7,36,12,6,0,2,1,1,2,4,2,3,0,3,1,0,0,0
201395424156,5,3,1,44,9,90.187,2,7,3,2013,16,37,12,2,0,2,1,1,1,3,2,3,0,2,1,0,0,0
201395424158,4,3,1,44,9,360.748,1,7,4,2013,22,38,59,0,0,2,3,2,0,0,2,3,0,3,4,0,0,0
201395424159,6,3,1,44,9,225.4675,1,7,4,2013,18,47,23,0,0,1,1,1,0,0,2,3,0,1,4,0,0,0
201395424166,5,3,1,44,9,90.187,4,7,5,2013,12,20,12,1,0,1,1,2,1,1,1,3,0,1,1,0,0,0
201395424173,4,3,1,44,9,360.748,2,7,3,2013,21,0,12,7,0,1,1,1,0,0,2,3,0,1,1,0,0,0
201395424175,6,3,1,44,9,225.4675,1,7,3,2013,5,50,11,0,0,1,1,1,0,0,2,3,0,1,1,0,0,0
201395424181,5,3,1,44,9,90.187,2,7,5,2013,16,3,12,2,0,2,1,1,2,2,2,3,0,,1,0,0,0
201395424186,4,3,1,44,9,360.748,1,7,5,2013,23,41,53,0,0,1,1,1,0,0,2,3,0,1,4,21,0,0
201395424196,2,3,1,44,9,45.0935,3,7,3,2013,15,19,12,1,0,2,1,1,1,1,2,3,0,3,1,0,0,0
201395424199,4,3,1,44,9,360.748,1,7,5,2013,1,21,34,0,0,1,2,1,0,0,1,3,0,1,4,0,0,0
201395424203,3,3,1,44,9,45.0935,2,7,6,2013,18,27,12,7,0,2,1,1,3,1,2,3,0,2,1,0,0,0
201395424205,6,3,1,44,9,225.4675,1,7,7,2013,8,22,1,0,0,1,1,2,2,1,2,3,0,1,4,0,0,0
201395424207,1,3,1,44,9,45.0935,1,7,7,2013,23,50,1,0,0,1,1,1,3,3,2,3,0,1,1,0,0,0
201395424210,4,3,1,44,9,360.748,1,7,1,2013,5,27,34,0,0,1,3,1,0,0,1,3,0,1,4,0,0,0
201395424218,5,3,1,44,9,90.187,2,7,4,2013,20,25,12,6,0,4,2,1,2,2,2,3,0,1,1,0,0,0
201395424219,4,3,1,44,9,360.748,1,7,4,2013,15,4,43,0,0,1,1,10,0,0,2,3,0,1,4,0,0,0
201395424228,4,3,1,44,9,360.748,2,8,7,2013,10,45,12,1,0,1,1,1,0,0,2,3,0,1,1,0,0,0
201395424238,5,3,1,44,9,90.187,2,8,3,2013,15,40,12,1,0,1,1,1,1,1,2,3,0,1,1,0,0,0
201395424242,4,3,1,44,9,360.748,1,8,5,2013,13,27,53,0,0,1,1,10,0,0,2,3,0,1,4,0,0,0
201395424243,1,3,1,44,9,45.0935,2,8,5,2013,9,14,12,2,0,1,1,1,3,2,2,3,0,1,1,0,0,0
201395424245,6,3,1,44,9,225.4675,1,8,6,2013,1,32,30,0,0,1,2,1,0,0,1,3,0,1,4,0,0,0
201395424250,2,3,1,44,9,45.0935,4,8,7,2013,12,32,12,1,0,1,1,1,1,1,2,3,0,1,1,0,0,0
201395424253,3,3,1,44,9,45.0935,1,8,1,2013,13,13,1,0,0,1,1,1,2,1,2,3,0,1,1,0,0,0
201395424256,5,3,1,44,9,90.187,2,8,1,2013,16,41,12,6,0,2,1,1,2,2,2,3,0,2,1,0,0,0
201395424259,4,3,1,44,9,360.748,1,8,2,2013,15,7,59,0,0,4,1,1,0,0,2,3,0,1,4,0,0,0
201395424268,6,3,1,44,9,225.4675,2,8,5,2013,16,7,12,6,0,2,1,1,1,1,2,3,0,2,1,0,0,0
201395424271,4,3,1,44,9,360.748,2,8,5,2013,22,36,12,1,0,1,2,1,0,0,1,3,0,1,1,0,0,0
201395424272,5,3,1,44,9,90.187,1,8,6,2013,13,23,42,0,0,1,1,1,2,1,2,3,0,1,4,0,0,0
201395424285,4,3,1,44,9,360.748,2,8,2,2013,10,54,12,6,0,1,1,2,0,0,2,3,0,1,1,0,0,0
201395424286,5,3,1,44,9,90.187,2,8,3,2013,9,23,12,6,0,4,1,10,2,1,2,3,0,1,1,0,0,0
201395424290,6,3,1,44,9,225.4675,1,8,4,2013,18,54,30,0,0,1,1,1,1,1,1,3,0,1,4,0,0,0
201395424292,5,3,1,44,9,90.187,2,8,5,2013,19,17,12,6,0,2,1,1,2,2,2,3,0,2,1,0,0,0
201395424300,4,3,1,44,9,360.748,2,8,1,2013,14,39,12,6,0,2,1,1,0,0,2,3,0,3,1,0,0,0
201395424301,5,3,1,44,9,90.187,2,8,1,2013,18,32,12,6,0,4,1,1,2,2,2,3,0,1,1,0,0,0
201395424304,3,3,1,44,9,45.0935,2,8,2,2013,17,5,12,1,0,4,1,1,2,1,2,3,0,1,1,0,0,0
201395424306,3,3,1,44,9,45.0935,2,8,3,2013,14,24,12,8,0,1,1,1,2,1,2,3,0,1,1,0,0,0
201395424313,6,3,1,44,9,225.4675,1,8,5,2013,0,13,11,0,0,1,2,1,0,0,2,3,0,1,1,0,0,0
201395424314,4,3,1,44,9,360.748,1,8,6,2013,20,28,35,0,0,1,2,1,0,0,2,3,0,1,4,0,0,0
201395424324,2,3,1,44,9,45.0935,2,9,2,2013,20,1,12,6,0,1,5,1,0,0,2,3,0,1,1,0,0,0
201395424329,6,3,1,44,9,225.4675,2,9,3,2013,13,40,12,6,0,2,1,1,1,3,2,3,0,2,1,0,0,0
201395424330,4,3,1,44,9,360.748,2,9,3,2013,7,24,12,6,0,2,1,1,0,0,2,3,0,3,1,0,0,0
201395424331,5,3,1,44,9,90.187,2,9,3,2013,22,34,12,6,0,2,2,1,2,2,2,3,0,3,1,0,0,0
201395424339,2,3,1,44,9,45.0935,1,9,6,2013,9,23,34,0,0,1,1,1,0,0,2,3,0,1,4,0,0,0
201395424341,3,3,1,44,9,45.0935,2,9,6,2013,22,56,12,9,0,2,2,1,2,1,2,3,0,3,1,0,0,0
201395424342,4,3,1,44,9,360.748,2,9,7,2013,20,54,12,8,0,1,2,1,0,0,2,3,0,1,1,0,0,0
201395424343,1,3,1,44,9,45.0935,1,9,7,2013,16,30,59,0,0,1,1,1,3,2,1,3,0,1,4,0,0,0
201395424347,3,3,1,44,9,45.0935,1,9,1,2013,10,48,1,0,0,1,1,1,2,1,2,3,0,1,1,0,0,0
201395424356,4,3,1,44,9,360.748,1,9,3,2013,21,38,11,0,0,1,1,1,0,0,2,3,0,1,1,0,0,0
201395424357,6,3,1,44,9,225.4675,2,9,3,2013,7,42,12,1,0,1,4,1,0,0,2,3,0,1,1,0,0,0
201395424360,5,3,1,44,9,90.187,2,9,4,2013,15,34,12,6,0,2,1,1,1,1,2,3,0,3,1,0,0,0
201395424364,2,3,1,44,9,45.0935,3,9,6,2013,15,38,12,1,0,1,1,1,2,2,2,3,0,1,1,0,0,0
201395424372,4,3,1,44,9,360.748,1,9,1,2013,12,20,1,0,0,1,1,1,1,1,2,3,0,1,4,0,0,0
201395424374,6,3,1,44,9,225.4675,2,9,2,2013,16,52,12,1,0,2,1,1,0,0,2,3,0,3,1,0,0,0
201395424377,2,3,1,44,9,45.0935,2,9,2,2013,6,7,12,6,0,2,2,1,2,1,2,3,0,3,1,0,0,0
201395424383,5,3,1,44,9,90.187,2,9,3,2013,8,50,12,6,0,2,1,1,1,3,2,3,0,2,1,0,0,0
201395424385,4,3,1,44,9,360.748,1,9,4,2013,14,40,30,0,0,1,1,1,0,0,2,3,0,1,4,0,0,0
201395424396,6,3,1,44,9,225.4675,1,9,6,2013,17,50,42,0,0,1,1,1,1,1,2,3,0,1,4,0,0,0
201395424397,4,3,1,44,9,360.748,1,9,6,2013,10,20,42,0,0,4,1,1,0,0,2,3,0,1,4,0,0,0
201395424402,5,3,1,44,9,90.187,1,9,7,2013,22,26,42,0,0,1,2,2,1,1,2,3,0,1,4,0,0,0
201395424411,4,3,1,44,9,360.748,1,9,2,2013,9,1,11,0,0,2,1,1,0,0,2,3,0,,1,0,0,0
201395424414,6,3,1,44,9,225.4675,1,9,3,2013,1,38,11,0,0,1,2,1,0,0,2,3,0,1,1,0,0,0
201395424422,5,3,1,44,9,90.187,2,9,5,2013,16,38,12,1,0,2,1,1,1,2,2,3,0,2,1,0,0,0
201395424426,4,3,1,44,9,360.748,2,9,6,2013,8,1,12,1,0,2,1,1,0,0,2,3,0,3,1,0,0,0
201395424429,6,3,1,44,9,225.4675,2,9,6,2013,6,52,12,1,0,1,1,1,0,0,2,3,0,1,1,0,0,0
201395424435,4,3,1,44,9,360.748,1,9,2,2013,20,42,42,0,0,1,2,1,0,0,2,3,0,1,4,0,0,0
201395424443,2,3,2,44,9,45.0935,1,7,2,2013,23,20,52,0,0,1,2,2,0,0,2,8,0,1,4,0,0,0
201395424444,4,3,2,44,9,360.748,1,7,3,2013,5,0,34,0,0,1,2,2,0,0,2,8,0,1,4,0,0,0
201395424448,5,3,2,44,9,90.187,1,7,4,2013,4,45,11,0,0,1,2,1,1,1,2,8,0,1,1,0,0,0
201395424449,6,3,2,44,9,225.4675,1,7,4,2013,19,25,42,0,0,1,1,2,2,2,1,8,0,1,4,0,0,0
201395424455,4,3,2,44,9,360.748,1,7,6,2013,18,20,42,0,0,1,1,2,0,0,1,8,0,1,4,0,0,0
201395424464,6,3,2,44,9,225.4675,1,7,6,2013,11,23,59,0,0,1,1,1,0,0,2,8,0,1,4,0,0,0
201395424471,5,3,2,44,9,90.187,2,7,1,2013,16,29,12,6,0,2,1,1,1,1,2,8,0,2,1,0,0,0
201395424472,4,3,2,44,9,360.748,2,7,1,2013,16,30,12,6,0,2,1,10,0,0,2,8,0,2,1,0,0,0
201395424482,4,3,2,44,9,360.748,1,7,7,2013,6,17,18,0,0,1,4,10,0,0,2,8,0,1,1,0,0,0
201395424483,5,3,2,44,9,90.187,1,7,1,2013,16,45,32,0,0,1,1,2,1,1,2,8,0,1,4,0,0,0
201395424490,5,3,2,44,9,90.187,3,7,2,2013,11,34,12,6,0,2,1,1,1,1,2,8,0,2,1,0,0,0