CASENUM,STRATUM,REGION,PJ,PSU,PSUSTRAT,WEIGHT,VE_TOTAL,MONTH,WKDY_IM,YEAR,HOUR_IM,MINUTE_IM,EVENT1_IM,MANCOL_IM,RELJCT1_IM,RELJCT2_IM,LGTCON_IM,WEATHR_IM,MAXSEV_IM,NO_INJ_IM,ALCHL_IM,LAND_USE,PVH_INVL,TYP_INT,REL_ROAD,CF1,CF2,CF3
201395424492,3,3,2,44,9,45.0935,1,7,3,2013,17,5,8,0,0,1,1,1,3,1,2,8,0,1,1,0,0,0
201395424495,6,3,2,44,9,225.4675,1,7,4,2013,18,2,53,0,0,1,1,1,0,0,2,8,0,1,4,0,0,0
201395424497,2,3,2,44,9,45.0935,2,7,4,2013,12,39,12,6,0,1,1,1,1,1,2,8,0,1,1,0,0,0
201395424499,2,3,2,44,9,45.0935,2,7,4,2013,8,45,45,0,0,1,1,1,1,1,2,8,1,1,5,0,0,0
201395424504,4,3,2,44,9,360.748,1,7,6,2013,7,30,38,0,0,1,1,1,0,0,2,8,0,1,4,0,0,0
201395424506,3,3,2,44,9,45.0935,1,7,7,2013,18,54,35,0,0,1,1,10,2,2,2,8,0,1,4,0,0,0
201395424509,3,3,2,44,9,45.0935,1,7,1,2013,17,22,59,0,0,1,1,2,2,1,2,8,0,1,4,0,0,0
201395424510,5,3,2,44,9,90.187,1,7,1,2013,17,26,42,0,0,1,1,10,1,3,1,8,0,1,4,0,0,0
201395424515,3,3,2,44,9,45.0935,1,7,3,2013,19,15,1,0,0,1,1,1,2,1,1,8,0,1,1,0,0,0
201395424516,4,3,2,44,9,360.748,1,7,3,2013,20,59,38,0,0,1,2,1,1,1,2,8,0,1,4,0,0,0
201395424517,1,3,2,44,9,45.0935,1,7,3,2013,15,24,34,0,0,1,1,1,3,1,2,8,0,1,4,0,0,0
201395424522,6,3,2,44,9,225.4675,1,7,6,2013,4,15,11,0,0,1,2,1,0,0,2,8,0,1,1,0,0,0
201395424526,3,3,2,44,9,45.0935,2,7,6,2013,16,51,12,6,0,4,1,1,2,1,2,8,0,1,1,0,0,0
201395424528,3,3,2,44,9,45.0935,1,7,7,2013,20,40,1,0,0,2,2,10,2,2,2,8,0,3,4,0,0,0
201395424531,4,3,2,44,9,360.748,1,7,1,2013,1,41,11,0,0,1,2,1,0,0,2,8,0,1,1,0,0,0
201395424532,3,3,2,44,9,45.0935,1,7,2,2013,5,0,8,0,0,1,1,1,3,1,1,8,0,1,1,0,0,0
201395424543,1,3,2,44,9,45.0935,1,8,5,2013,13,55,16,0,0,1,1,2,3,2,2,8,0,1,1,0,0,0
201395424544,5,3,2,44,9,90.187,1,8,6,2013,18,23,42,0,0,1,1,1,2,2,2,8,0,1,4,0,0,0
201395424545,6,3,2,44,9,225.4675,1,8,7,2013,20,44,34,0,0,1,5,1,0,0,2,8,0,1,4,0,0,0
201395424546,4,3,2,44,9,360.748,1,8,7,2013,16,40,19,0,0,1,1,1,0,0,2,8,0,1,4,0,0,0
201395424559,5,3,2,44,9,90.187,2,8,6,2013,15,12,12,1,0,2,1,1,2,2,1,8,0,2,1,0,0,0
201395424560,4,3,2,44,9,360.748,1,8,6,2013,0,33,42,0,0,1,5,1,0,0,2,8,0,1,4,0,0,0
201395424565,5,3,2,44,9,90.187,3,8,2,2013,10,3,12,8,0,1,1,1,1,2,2,8,0,1,1,0,0,0
201395424571,6,3,2,44,9,225.4675,1,8,3,2013,10,35,42,0,0,1,1,1,0,0,2,8,0,1,4,0,0,0
201395424572,4,3,2,44,9,360.748,2,8,5,2013,10,35,12,1,0,4,1,1,0,0,2,8,0,1,1,0,0,0
201395424575,1,3,2,44,9,45.0935,1,8,1,2013,15,40,42,0,0,1,1,10,3,2,1,8,0,1,4,0,0,0
201395424582,4,3,2,44,9,360.748,1,8,3,2013,15,15,42,0,0,4,1,10,0,0,2,8,0,1,4,0,0,0
201395424583,3,3,2,44,9,45.0935,2,8,3,2013,13,52,12,6,0,4,1,1,2,1,2,8,0,1,1,0,0,0
201395424593,3,3,2,44,9,45.0935,1,8,7,2013,7,39,1,0,0,1,1,1,4,1,2,8,0,1,4,0,0,0
201395424594,3,3,2,44,9,45.0935,1,8,7,2013,14,30,34,0,0,1,1,1,2,1,2,8,0,1,4,0,0,0
201395424595,5,3,2,44,9,90.187,1,8,7,2013,23,1,34,0,0,1,2,1,1,1,2,8,0,1,4,0,0,0
201395424597,4,3,2,44,9,360.748,1,8,1,2013,21,37,53,0,0,1,2,1,0,0,2,8,0,1,4,0,0,0
201395424600,6,3,2,44,9,225.4675,2,8,1,2013,19,0,12,2,0,2,1,1,0,0,2,8,0,3,1,0,0,0
201395424610,4,3,2,44,9,360.748,2,8,4,2013,16,37,12,1,0,1,1,1,0,0,2,8,0,1,1,0,0,0
201395424617,3,3,2,44,9,45.0935,1,8,6,2013,14,50,42,0,0,1,1,1,2,1,2,8,0,1,4,0,0,0
201395424622,4,3,2,44,9,360.748,1,8,7,2013,17,19,24,0,0,1,1,2,0,0,2,8,0,1,3,0,0,0
201395424624,5,3,2,44,9,90.187,2,9,1,2013,12,12,12,2,0,2,1,1,1,2,2,8,0,3,1,0,0,0
201395424626,6,3,2,44,9,225.4675,1,9,2,2013,13,58,35,0,0,1,1,1,0,0,2,8,0,1,4,0,0,0
201395424636,4,3,2,44,9,360.748,2,9,4,2013,19,51,12,6,0,1,1,1,1,1,2,8,0,1,1,0,0,0
201395424639,5,3,2,44,9,90.187,1,9,5,2013,18,59,42,0,0,1,1,1,1,1,1,8,0,1,4,0,0,0
201395424640,6,3,2,44,9,225.4675,1,9,1,2013,2,38,41,0,0,1,2,1,0,0,1,8,0,1,4,0,0,0
201395424646,5,3,2,44,9,90.187,2,9,4,2013,9,5,12,6,0,2,1,1,1,2,2,8,0,2,1,0,0,0
201395424651,4,3,2,44,9,360.748,1,9,5,2013,20,31,26,0,0,1,1,2,0,0,2,8,0,1,3,0,0,0
201395424652,2,3,2,44,9,45.0935,2,9,5,2013,16,20,12,7,0,1,1,2,1,2,2,8,0,1,1,0,0,0
201395424657,3,3,2,44,9,45.0935,1,9,7,2013,14,13,38,0,0,1,1,1,2,1,2,8,0,1,4,0,0,0
201395424660,1,3,2,44,9,45.0935,2,9,1,2013,17,32,12,6,0,2,1,1,3,2,2,8,0,2,1,0,0,0
201395424662,6,3,2,44,9,225.4675,1,9,2,2013,8,11,30,0,0,1,1,1,0,0,2,8,0,1,4,0,0,0
201395424666,4,3,2,44,9,360.748,1,9,3,2013,15,48,11,0,0,1,1,1,0,0,2,8,0,1,1,0,0,0
201395424673,3,3,2,44,9,45.0935,1,9,6,2013,21,13,1,0,0,2,2,1,2,1,2,8,0,3,1,0,0,0
201395424676,1,3,2,44,9,45.0935,1,9,7,2013,17,28,30,0,0,2,2,2,4,3,2,8,0,3,4,0,0,0
201395424677,5,3,2,44,9,90.187,1,9,7,2013,19,57,42,0,0,1,5,2,1,1,2,8,0,1,4,0,0,0
201395424680,3,3,2,44,9,45.0935,1,9,1,2013,22,9,42,0,0,1,2,1,3,1,2,8,0,1,4,0,0,0
201395424681,4,3,2,44,9,360.748,2,9,2,2013,8,50,12,6,0,2,1,10,1,1,2,8,0,2,1,0,0,0
201395424686,2,3,2,44,9,45.0935,2,9,4,2013,15,31,12,1,0,1,1,10,1,1,2,8,0,1,1,0,0,0
201395424692,4,3,2,44,9,360.748,2,9,6,2013,7,45,12,1,0,2,1,1,0,0,2,8,0,3,1,0,0,0
201395424693,6,3,2,44,9,225.4675,1,9,7,2013,7,10,1,0,0,1,1,1,0,0,2,8,0,1,4,0,0,0
201395424694,5,3,2,44,9,90.187,1,9,7,2013,13,38,42,0,0,1,1,1,2,2,2,8,0,1,4,0,0,0
201395424703,5,3,3,44,9,90.187,2,11,7,2013,12,48,12,6,0,2,1,2,1,1,2,8,0,2,1,0,0,0
201395424706,4,3,3,44,9,360.748,2,11,3,2013,7,36,12,1,0,1,1,1,0,0,2,8,0,1,1,0,0,0
201395424709,3,3,3,44,9,45.0935,2,11,3,2013,17,59,12,2,0,2,3,1,2,3,2,8,0,3,1,0,0,0
201395424714,2,3,3,44,9,45.0935,2,11,6,2013,16,17,12,6,0,4,1,1,1,1,2,8,0,1,1,0,0,0
201395424729,4,3,4,44,9,360.748,2,7,6,2013,15,15,12,6,0,2,1,1,1,1,2,1,0,3,1,0,0,0
201395424730,6,3,4,44,9,225.4675,1,7,6,2013,4,55,30,0,0,1,3,2,0,0,1,1,0,1,4,0,0,0
201395424741,4,3,4,44,9,360.748,1,7,6,2013,14,41,42,0,0,4,1,1,0,0,2,1,0,1,4,0,0,0
201395424751,4,3,4,44,9,360.748,2,8,4,2013,6,18,12,6,0,2,3,10,0,0,2,1,0,2,1,0,0,0
201395424754,5,3,4,44,9,90.187,1,8,3,2013,8,59,34,0,0,1,1,1,1,1,2,1,0,1,4,0,0,0
201395424760,5,3,4,44,9,90.187,2,8,6,2013,15,34,12,6,0,2,1,1,1,6,2,1,0,3,1,0,0,0
201395424762,6,3,4,44,9,225.4675,1,8,7,2013,13,53,30,0,0,1,1,1,1,1,2,1,0,1,4,0,0,0
201395424763,4,3,4,44,9,360.748,1,9,2,2013,14,30,53,0,0,1,1,1,0,0,2,1,0,1,4,0,0,0
201395424771,3,3,1,27,8,18.158,1,7,3,2013,7,59,16,0,0,1,1,1,0,0,2,3,0,1,1,0,0,0
201395424782,1,3,1,27,8,9.079,1,7,7,2013,23,28,42,0,0,1,3,1,3,2,1,3,0,1,4,0,0,0
201395424796,5,3,1,27,8,90.79,2,7,2,2013,11,35,12,6,0,2,1,1,2,2,2,3,0,2,1,0,0,0
201395424803,3,3,1,27,8,18.158,1,7,2,2013,23,42,9,0,0,2,3,1,2,1,2,3,0,2,1,0,0,0
201395424820,4,3,1,27,8,354.081,2,7,4,2013,13,30,12,7,0,2,1,1,0,0,2,3,0,2,1,0,0,0
201395424836,3,3,1,27,8,18.158,1,7,5,2013,14,37,8,0,0,1,1,1,3,1,2,3,0,1,1,0,0,0
201395424840,1,3,1,27,8,9.079,1,7,7,2013,1,25,59,0,0,2,3,2,3,1,1,3,0,2,4,0,0,0
201395424844,3,3,1,27,8,18.158,2,7,7,2013,11,45,12,7,0,1,1,1,2,1,2,3,0,1,1,0,0,0
201395424847,1,3,1,27,8,9.079,2,7,7,2013,17,15,12,6,0,2,1,1,3,2,2,3,0,2,1,0,0,0
201395424848,1,3,1,27,8,9.079,2,7,7,2013,17,22,12,1,0,2,1,1,3,3,1,3,0,2,1,0,0,0
201395424863,6,3,1,27,8,208.817,1,7,1,2013,12,34,30,0,0,1,1,1,2,2,2,3,0,1,4,0,0,0
201395424876,1,3,1,27,8,9.079,1,7,2,2013,19,54,42,0,0,1,1,1,3,1,2,3,0,1,4,0,0,0
201395424886,3,3,1,27,8,18.158,1,7,4,2013,12,40,9,0,0,2,1,1,2,2,2,3,0,2,1,0,0,0
201395424892,3,3,1,27,8,18.158,2,7,5,2013,5,24,12,6,0,2,4,1,3,2,2,3,0,2,1,0,0,0
201395424904,3,3,1,27,8,18.158,1,10,2,2013,14,27,9,0,0,2,1,1,2,1,2,3,0,2,1,0,0,0
201395424909,3,3,1,27,8,18.158,2,10,5,2013,14,20,12,1,0,1,1,1,2,2,2,3,0,1,1,0,0,0
201395424924,6,3,3,27,8,208.817,1,10,1,2013,14,0,26,0,0,1,1,2,0,0,2,8,0,1,3,0,0,0
201395424949,4,3,2,27,8,354.081,2,10,7,2013,12,18,12,1,0,1,1,2,0,0,2,8,0,1,1,0,0,0
201395424956,3,3,2,27,8,18.158,4,10,7,2013,14,51,12,1,0,1,1,2,2,4,2,8,0,1,1,0,0,0
201395424960,3,3,2,27,8,18.158,1,10,7,2013,18,48,8,0,0,1,2,2,2,2,2,8,0,1,1,0,0,0
201395424992,3,3,2,27,8,18.158,1,10,2,2013,19,10,8,0,0,1,2,1,2,3,2,8,0,1,1,0,0,0
201395425001,3,3,2,27,8,18.158,3,10,3,2013,10,38,12,7,0,1,1,1,2,3,2,8,0,1,1,0,0,0
201395425002,6,3,2,27,8,208.817,2,10,3,2013,12,10,12,6,0,2,1,1,0,0,2,8,0,3,1,0,0,0
201395425026,1,3,2,27,8,9.079,2,10,4,2013,20,52,12,6,0,2,2,1,3,1,2,8,0,2,1,0,0,0
201395425027,4,3,2,27,8,354.081,2,10,4,2013,21,0,12,7,0,1,2,1,0,0,1,8,0,1,1,0,0,0
201395425035,3,3,2,27,8,18.158,2,10,5,2013,15,20,12,1,0,2,1,1,2,2,2,8,0,2,1,0,0,0
201395425042,3,3,2,27,8,18.158,2,10,5,2013,17,42,12,1,0,1,1,1,2,2,2,8,0,1,1,0,0,0
201395425046,5,3,2,27,8,90.79,2,10,5,2013,19,16,12,1,0,2,2,8,2,3,2,8,0,2,1,0,0,0
201395425053,3,3,2,27,8,18.158,2,10,6,2013,8,5,14,0,0,1,1,1,2,1,2,8,1,1,7,0,0,0
201395425060,3,3,2,27,8,18.158,2,10,6,2013,16,26,12,8,0,2,1,1,2,4,2,8,0,3,1,0,0,0
201395425069,1,3,2,27,8,9.079,2,10,6,2013,21,49,12,6,0,4,3,1,3,3,2,8,0,1,1,0,0,0
201395425088,6,3,4,27,8,208.817,1,10,1,2013,13,45,1,0,0,5,1,2,0,0,2,8,0,1,4,0,0,0
201395425093,1,3,4,27,8,9.079,1,10,4,2013,12,40,24,0,0,1,1,1,4,1,2,8,0,1,3,0,0,0
201395425094,3,3,4,27,8,18.158,2,10,4,2013,17,29,12,1,0,1,1,1,2,1,2,8,0,1,1,0,0,0
201395425110,4,3,1,27,8,354.081,2,7,6,2013,14,45,12,6,0,2,1,1,0,0,2,3,0,2,1,0,0,0
201395425118,3,3,1,27,8,18.158,3,7,7,2013,12,51,12,1,0,2,1,1,2,3,2,3,0,2,1,0,0,0
201395425128,3,3,1,27,8,18.158,2,7,1,2013,17,6,12,6,0,2,1,8,3,3,2,3,0,2,1,0,0,0
201395425161,3,3,3,27,8,18.158,2,10,4,2013,7,58,12,1,0,5,1,8,2,1,2,8,0,1,1,0,0,0
201395425172,3,3,3,27,8,18.158,2,10,5,2013,9,45,12,9,0,1,1,1,2,1,2,8,0,1,1,0,0,0
201395425184,6,3,2,27,8,208.817,2,10,7,2013,9,29,12,6,0,2,1,1,1,1,2,8,0,3,1,0,0,0
201395425187,3,3,2,27,8,18.158,2,10,7,2013,12,30,12,1,0,2,1,2,2,2,2,8,0,3,1,0,0,0
201395425206,3,3,2,27,8,18.158,2,10,1,2013,14,7,12,1,0,4,1,1,2,1,2,8,0,1,1,0,0,0
201395425210,3,3,2,27,8,18.158,3,10,1,2013,19,38,12,1,0,1,2,1,3,3,2,8,0,1,1,0,0,0
201395425216,3,3,2,27,8,18.158,1,10,2,2013,14,58,8,0,0,1,1,1,2,2,2,8,0,1,4,0,0,0
201395425220,4,3,2,27,8,354.081,2,10,2,2013,18,40,12,6,0,2,2,1,0,0,2,8,0,3,1,0,0,0
201395425222,3,3,2,27,8,18.158,2,10,2,2013,18,52,12,1,0,1,2,1,2,2,2,8,0,1,1,28,0,0
201395425239,3,3,2,27,8,18.158,1,10,3,2013,21,6,8,0,0,2,1,1,3,2,2,8,0,2,1,0,0,0
201395425266,3,3,2,27,8,18.158,2,10,5,2013,12,32,12,1,0,2,1,1,2,1,2,8,0,3,1,0,0,0
201395425270,2,3,2,27,8,63.553,2,10,5,2013,17,12,12,7,0,1,1,1,0,0,2,8,0,1,1,0,0,0
201395425272,5,3,2,27,8,90.79,2,10,5,2013,17,35,12,1,0,2,1,1,2,1,2,8,0,2,1,0,0,0
201395425275,3,3,2,27,8,18.158,2,10,5,2013,19,58,12,1,0,2,2,1,2,2,2,8,0,3,1,0,0,0
201395425278,1,3,2,27,8,9.079,1,10,6,2013,0,57,42,0,0,1,2,1,3,1,1,8,0,1,4,0,0,0
201395425279,3,3,2,27,8,18.158,3,10,6,2013,7,55,12,1,0,1,4,1,2,4,2,8,0,1,1,28,0,0
201395425282,6,3,2,27,8,208.817,2,10,6,2013,13,20,12,1,0,1,1,1,2,2,2,8,0,1,1,0,0,0
201395425298,4,3,4,27,8,354.081,2,10,1,2013,11,11,12,7,0,2,1,1,0,0,2,8,0,2,1,0,0,0
201395425301,3,3,4,27,8,18.158,2,10,2,2013,6,45,12,7,0,1,4,1,2,1,2,8,0,1,1,0,0,0
201395425303,1,3,4,27,8,9.079,2,10,2,2013,16,20,12,6,0,1,1,1,3,2,2,8,0,1,1,0,0,0
201395425321,4,3,3,44,9,360.748,1,11,2,2013,15,39,8,0,0,2,1,1,1,1,2,8,0,3,1,0,0,0
201395425323,5,3,3,44,9,90.187,2,11,2,2013,16,8,12,6,0,2,1,1,1,2,2,8,0,2,1,0,0,0
201395425327,2,3,3,44,9,45.0935,2,11,3,2013,13,15,12,6,0,2,1,1,0,0,2,8,0,2,1,0,0,0
201395425331,4,3,3,44,9,360.748,2,11,4,2013,13,19,12,7,0,2,1,1,0,0,2,8,0,2,1,0,0,0
201395425341,4,3,3,44,9,360.748,2,11,6,2013,18,44,12,1,0,2,3,2,0,0,2,8,0,3,1,0,0,0
201395425346,5,3,5,44,9,90.187,2,11,5,2013,13,36,12,1,0,1,1,1,1,2,2,1,0,1,1,0,0,0
201395425350,4,3,5,44,9,360.748,2,11,4,2013,20,0,12,6,0,1,2,1,0,0,2,1,0,1,1,0,0,0
201395425353,3,3,5,44,9,45.0935,2,11,5,2013,15,38,12,1,0,1,1,1,2,1,2,1,0,1,1,0,0,0
201395425372,3,3,2,27,8,18.158,2,10,1,2013,16,25,12,6,0,2,1,1,2,4,2,8,0,2,1,0,0,0
201395425374,4,3,2,27,8,354.081,2,10,1,2013,18,10,12,6,0,4,1,1,0,0,2,8,0,1,1,0,0,0
201395425382,1,3,2,27,8,9.079,2,10,2,2013,7,12,12,2,0,1,1,1,4,5,2,8,0,1,1,0,0,0
201395425383,3,3,2,27,8,18.158,2,10,2,2013,9,16,12,7,0,4,1,1,2,1,2,8,0,1,1,0,0,0
201395425390,3,3,2,27,8,18.158,2,10,2,2013,18,3,12,1,0,1,2,1,2,3,2,8,0,1,1,28,0,0
201395425392,1,3,2,27,8,9.079,2,10,2,2013,19,3,12,6,0,2,1,1,3,2,2,8,0,2,1,0,0,0
201395425411,5,3,2,27,8,90.79,2,10,3,2013,18,45,12,1,0,2,2,1,2,1,1,8,0,2,1,0,0,0
201395425417,3,3,2,27,8,18.158,2,10,4,2013,8,43,14,0,0,1,1,2,2,2,2,8,1,1,7,0,0,0
201395425435,3,3,2,27,8,18.158,1,10,5,2013,7,20,11,0,0,1,4,1,2,1,2,8,0,1,1,0,0,0
201395425440,4,3,2,27,8,354.081,2,10,5,2013,16,30,12,1,0,1,1,1,0,0,2,8,0,1,1,28,0,0
201395425441,3,3,2,27,8,18.158,2,10,5,2013,16,46,12,6,0,2,1,1,2,2,1,8,0,2,1,0,0,0
201395425467,3,3,2,27,8,18.158,3,11,6,2013,19,35,12,9,0,4,2,1,2,1,2,8,0,1,1,0,0,0
201395425469,1,3,4,27,8,9.079,1,10,7,2013,3,46,24,0,0,1,2,1,3,1,1,8,0,1,3,0,0,0
201395425475,3,3,4,27,8,18.158,2,10,3,2013,14,29,12,1,0,1,1,1,2,3,2,8,0,1,1,0,0,0
201395425480,2,3,4,27,8,63.553,2,11,6,2013,7,5,12,7,1,17,1,1,1,1,2,8,0,1,1,0,0,0
201395425488,6,3,3,27,8,208.817,2,10,3,2013,17,34,12,1,0,5,5,1,0,0,2,8,0,1,1,28,0,0
201395425491,4,3,3,27,8,354.081,2,10,4,2013,8,30,12,7,0,5,1,1,0,0,2,8,0,1,1,0,0,0
201395425504,3,3,1,27,8,18.158,2,10,2,2013,9,0,12,1,0,1,1,1,2,2,2,3,0,1,1,0,0,0
201395425505,5,3,1,27,8,90.79,2,10,3,2013,10,45,12,6,0,2,1,1,2,3,2,3,0,2,1,0,0,0
201395425520,6,3,2,27,8,208.817,1,11,7,2013,0,6,33,0,0,1,2,1,0,0,1,8,0,1,4,0,0,0
201395425557,3,3,2,27,8,18.158,2,11,2,2013,11,31,12,6,0,4,1,1,2,1,2,8,0,1,1,0,0,0
201395425563,4,3,2,27,8,354.081,2,11,2,2013,17,33,12,1,0,2,2,1,1,1,2,8,0,3,1,0,0,0
201395425569,3,3,2,27,8,18.158,2,11,3,2013,11,41,12,1,0,1,1,1,2,2,2,8,0,1,1,0,0,0
201395425577,1,3,2,27,8,9.079,2,11,3,2013,17,18,12,8,0,1,2,1,3,2,2,8,0,1,1,0,0,0
201395425591,3,3,2,27,8,18.158,2,11,4,2013,11,42,12,6,0,2,1,1,2,2,2,8,0,2,1,0,0,0
201395425597,3,3,2,27,8,18.158,2,11,4,2013,17,14,12,1,0,2,5,1,2,2,2,8,0,,1,0,0,0
201395425598,6,3,2,27,8,208.817,2,11,4,2013,17,15,12,1,0,2,1,1,0,0,2,8,0,2,1,0,0,0
201395425601,3,3,2,27,8,18.158,2,11,4,2013,17,44,12,1,0,1,5,1,2,1,2,8,0,1,1,0,0,0
201395425636,4,3,2,27,8,354.081,2,11,6,2013,8,15,12,1,0,2,1,1,0,0,2,8,0,2,1,0,0,0
201395425676,3,3,1,27,8,18.158,2,11,4,2013,15,35,12,1,0,2,1,1,2,2,2,3,0,3,1,0,0,0
201395425685,5,3,3,27,8,90.79,1,11,1,2013,21,55,24,0,0,1,2,1,2,3,2,8,0,1,4,0,0,0
201395425687,1,3,3,27,8,9.079,2,11,2,2013,9,57,14,0,0,1,1,1,3,2,2,8,1,1,2,0,0,0
201395425697,3,3,3,27,8,18.158,3,11,4,2013,18,0,12,7,0,1,2,1,2,1,2,8,0,1,1,0,0,0
201395425698,2,3,3,27,8,63.553,2,11,5,2013,5,35,12,1,0,1,3,2,0,0,2,8,0,1,1,0,0,0
201395425705,1,3,3,27,8,9.079,2,11,6,2013,14,22,12,1,0,1,1,1,3,3,2,8,0,1,1,0,0,0
201395425731,6,3,1,27,8,208.817,2,7,3,2013,5,40,12,6,0,2,3,1,0,0,2,3,0,2,1,0,0,0
201395425754,3,3,1,27,8,18.158,1,7,6,2013,16,8,9,0,0,2,1,1,2,1,2,3,0,2,1,0,0,0
201395425759,1,3,1,27,8,9.079,2,7,7,2013,16,55,12,6,0,2,1,1,3,5,2,3,0,2,1,0,0,0
201395425763,3,3,1,27,8,18.158,1,7,1,2013,18,28,8,0,0,2,1,2,3,2,1,3,0,3,1,0,0,0
201395425767,4,3,1,27,8,354.081,2,7,2,2013,0,57,12,1,0,1,3,1,1,2,2,3,0,1,1,0,0,0
201395425769,3,3,1,27,8,18.158,2,7,2,2013,15,37,12,6,0,2,1,1,3,1,2,3,0,2,1,0,0,0
201395425789,3,3,3,27,8,18.158,2,11,3,2013,7,45,12,1,0,1,1,1,2,1,2,8,0,1,1,0,0,0
201395425824,3,3,2,27,8,18.158,2,11,1,2013,16,6,12,1,0,2,1,1,3,2,2,8,0,2,1,0,0,0
201395425829,5,3,2,27,8,90.79,2,11,1,2013,20,55,12,6,0,2,3,1,2,2,2,8,0,3,1,0,0,0
201395425833,3,3,2,27,8,18.158,2,11,2,2013,12,21,12,6,0,2,1,1,2,2,2,8,0,2,1,0,0,0
201395425836,6,3,2,27,8,208.817,2,11,2,2013,15,45,12,6,0,2,1,1,0,0,2,8,0,2,1,0,0,0
201395425855,4,3,2,27,8,354.081,2,11,4,2013,7,21,12,7,0,2,1,1,0,0,2,8,0,2,1,0,0,0
201395425862,1,3,2,27,8,9.079,2,11,4,2013,12,44,12,6,0,2,1,1,3,5,2,8,0,3,1,0,0,0
201395425865,3,3,2,27,8,18.158,2,11,4,2013,16,15,12,1,0,2,1,1,2,2,2,8,0,2,1,0,0,0
201395425872,3,3,2,27,8,18.158,2,11,5,2013,7,25,12,6,0,2,1,1,2,1,2,8,0,3,1,0,0,0
201395425883,1,3,2,27,8,9.079,3,11,5,2013,21,31,12,6,0,2,3,1,3,3,2,8,0,3,1,0,0,0
201395425888,3,3,2,27,8,18.158,1,11,6,2013,13,8,9,0,0,2,1,1,2,1,2,8,0,2,1,0,0,0
201395425902,3,3,2,27,8,18.158,1,11,6,2013,22,22,8,0,0,1,2,2,3,1,2,8,0,1,1,0,0,0
201395425905,3,3,4,27,8,18.158,1,11,7,2013,13,52,34,0,0,1,1,1,2,1,2,8,0,1,3,0,0,0
201395425906,5,3,4,27,8,90.79,1,11,1,2013,8,30,24,0,0,1,1,1,2,1,2,8,0,1,3,0,0,0
201395425931,3,3,1,27,8,18.158,1,1,3,2013,17,24,9,0,0,2,3,2,2,1,2,3,0,7,1,0,0,0
201395425945,2,3,1,27,8,63.553,2,2,3,2013,9,45,12,8,0,2,1,1,1,1,2,3,0,2,1,0,0,0
201395425962,3,3,1,27,8,18.158,3,4,7,2013,13,2,12,1,0,2,1,10,2,2,2,3,0,3,1,0,0,0
201395425964,1,3,1,27,8,9.079,2,5,6,2013,5,30,14,0,0,1,4,1,3,1,2,3,1,1,4,0,0,0
201395425985,6,3,3,44,9,225.4675,1,11,1,2013,18,44,24,0,0,1,2,2,0,0,2,8,0,1,4,0,0,0
201395425989,4,3,3,44,9,360.748,2,11,3,2013,16,10,12,1,0,1,1,1,1,1,2,8,0,1,1,0,0,0
201395425998,4,3,3,44,9,360.748,2,11,5,2013,14,13,12,1,0,2,1,1,1,1,2,8,0,3,1,0,0,0
201395426008,4,3,5,44,9,360.748,1,11,6,2013,13,46,59,0,0,2,1,10,0,0,2,1,0,3,4,0,0,0
201395426022,6,3,1,27,8,208.817,1,7,7,2013,21,2,18,0,0,1,3,1,0,0,1,3,0,1,1,0,0,0
201395426036,5,3,1,27,8,90.79,2,7,4,2013,10,7,12,2,0,2,1,1,2,5,2,3,0,3,1,0,0,0
201395426043,3,3,1,27,8,18.158,2,7,4,2013,18,10,12,6,0,2,1,1,2,1,2,3,0,3,1,0,0,0
201395426048,4,3,1,27,8,354.081,2,8,5,2013,9,10,12,1,0,2,1,2,0,0,2,3,0,2,1,0,0,0
201395426061,3,3,1,27,8,18.158,2,8,6,2013,17,35,12,1,0,2,1,1,2,1,2,3,0,2,1,0,0,0
201395426070,3,3,1,27,8,18.158,1,8,7,2013,15,33,42,0,0,1,1,1,3,2,2,3,0,1,4,0,0,0
201395426107,4,3,1,27,8,354.081,2,8,5,2013,9,4,12,6,0,4,1,1,0,0,2,3,0,1,1,0,0,0
201395426110,3,3,1,27,8,18.158,2,11,2,2013,9,9,12,1,0,5,1,1,2,2,2,3,0,1,1,0,0,0
201395426119,3,3,1,27,8,18.158,2,11,5,2013,10,30,12,6,0,2,1,1,2,1,2,3,0,2,1,0,0,0
201395426124,3,3,3,27,8,18.158,1,11,7,2013,9,3,26,0,0,1,1,2,2,1,2,8,0,1,3,0,0,0
201395426127,6,3,3,27,8,208.817,2,11,7,2013,21,0,12,1,0,1,2,2,0,0,2,8,0,1,1,0,0,0
201395426131,1,3,3,27,8,9.079,2,11,2,2013,6,45,12,1,0,1,1,2,3,2,2,8,0,1,1,0,0,0
201395426138,1,3,3,27,8,9.079,2,11,3,2013,16,6,12,1,0,5,1,1,3,3,2,8,0,1,1,0,0,0
201395426171,3,3,2,27,8,18.158,1,11,7,2013,18,37,42,0,0,1,3,8,2,1,2,8,0,1,4,0,0,0
201395426176,3,3,2,27,8,18.158,2,11,7,2013,23,12,12,1,0,1,3,8,2,1,1,8,0,1,1,0,0,0
201395426188,4,3,2,27,8,354.081,2,11,1,2013,16,10,12,9,0,2,5,1,0,0,2,8,0,2,1,0,0,0
201395426189,3,3,2,27,8,18.158,2,11,1,2013,16,45,12,1,0,4,5,1,2,2,2,8,0,1,1,0,0,0
201395426192,6,3,2,27,8,208.817,2,11,1,2013,21,0,12,1,0,1,2,8,0,0,2,8,0,1,1,0,0,0