CASENUM,STRATUM,REGION,PJ,PSU,PSUSTRAT,WEIGHT,VE_TOTAL,MONTH,WKDY_IM,YEAR,HOUR_IM,MINUTE_IM,EVENT1_IM,MANCOL_IM,RELJCT1_IM,RELJCT2_IM,LGTCON_IM,WEATHR_IM,MAXSEV_IM,NO_INJ_IM,ALCHL_IM,LAND_USE,PVH_INVL,TYP_INT,REL_ROAD,CF1,CF2,CF3
201395426196,3,3,2,27,8,18.158,2,11,2,2013,9,58,12,2,0,2,1,1,2,1,2,8,0,3,1,0,0,0
201395426198,3,3,2,27,8,18.158,2,11,2,2013,10,25,12,1,0,1,1,1,2,2,2,8,0,1,1,0,0,0
201395426213,3,3,2,27,8,18.158,2,11,3,2013,8,35,12,7,0,2,1,1,2,1,2,8,0,,1,0,0,0
201395426227,5,3,2,27,8,90.79,3,11,4,2013,8,14,12,6,0,2,1,1,2,2,2,8,0,3,1,0,0,0
201395426253,3,3,2,27,8,18.158,2,11,5,2013,17,54,12,1,0,2,5,1,2,2,2,8,0,3,1,0,0,0
201395426266,1,3,2,27,8,9.079,2,11,6,2013,14,21,12,1,0,1,1,1,3,2,2,8,0,1,1,0,0,0
201395426269,4,3,2,27,8,354.081,2,11,6,2013,14,50,12,1,0,1,1,1,0,0,2,8,0,1,1,0,0,0
201395426272,3,3,2,27,8,18.158,2,11,6,2013,17,0,12,6,0,2,5,1,3,1,2,8,0,2,1,0,0,0
201395426284,6,3,4,27,8,208.817,1,11,1,2013,17,42,11,0,0,1,2,1,0,0,2,8,0,1,1,0,0,0
201395426306,3,1,6,23,2,17.8653,1,11,4,2013,18,39,1,0,0,2,3,1,2,1,2,1,0,3,1,0,0,0
201395426340,3,3,2,27,8,18.158,1,11,5,2013,15,5,8,0,0,1,1,1,3,1,2,8,0,1,1,0,0,0
201395426341,1,3,2,27,8,9.079,3,11,6,2013,16,35,12,2,0,1,5,1,3,2,2,8,0,1,1,0,0,0
201395426363,3,3,1,27,8,18.158,2,8,6,2013,13,1,12,7,0,2,1,1,2,1,2,3,0,3,1,0,0,0
201395426379,3,3,1,27,8,18.158,2,8,6,2013,7,32,12,6,0,2,1,1,3,2,2,3,0,2,1,0,0,0
201395426389,1,3,1,27,8,9.079,2,8,7,2013,1,33,12,2,0,2,3,1,3,2,1,3,0,3,1,0,0,0
201395426392,6,3,1,27,8,208.817,2,8,7,2013,3,1,14,0,0,1,3,1,1,1,1,3,1,1,7,0,0,0
201395426393,3,3,1,27,8,18.158,2,8,7,2013,11,9,12,6,0,2,1,1,2,1,2,3,0,2,1,0,0,0
201395426408,3,3,1,27,8,18.158,2,8,3,2013,18,26,12,2,0,2,1,1,2,1,2,3,0,3,1,0,0,0
201395426419,3,3,1,27,8,18.158,1,8,5,2013,13,38,33,0,0,2,1,1,2,3,2,3,0,2,3,0,0,0
201395426423,4,3,1,27,8,354.081,2,8,2,2013,14,40,14,0,0,1,1,1,0,0,2,3,1,1,7,0,0,0
201395426429,5,3,1,27,8,90.79,3,11,3,2013,15,13,12,1,0,1,1,1,2,5,2,3,0,1,1,0,0,0
201395426434,4,3,3,27,8,354.081,2,11,1,2013,15,35,12,1,1,5,1,1,1,1,2,8,0,1,1,0,0,0
201395426448,3,3,3,27,8,18.158,2,11,6,2013,17,29,12,1,0,1,2,1,2,1,2,8,0,1,1,0,0,0
201395426455,3,3,2,27,8,18.158,1,11,7,2013,15,2,9,0,0,2,1,1,2,1,2,8,0,2,1,0,0,0
201395426460,6,3,2,27,8,208.817,2,11,7,2013,23,16,12,6,0,4,2,1,0,0,2,8,0,1,1,0,0,0
201395426469,3,3,2,27,8,18.158,2,11,1,2013,17,25,12,1,0,1,2,1,2,2,2,8,0,1,1,0,0,0
201395426498,4,3,2,27,8,354.081,2,11,3,2013,15,15,12,7,0,1,1,2,0,0,2,8,0,1,1,0,0,0
201395426515,3,3,2,27,8,18.158,1,11,4,2013,0,40,8,0,0,2,2,2,2,1,2,8,0,2,1,0,0,0
201395426544,2,3,2,27,8,63.553,2,11,4,2013,14,19,12,2,0,1,1,2,4,2,1,8,0,1,1,0,0,0
201395426551,3,3,2,27,8,18.158,1,11,4,2013,16,28,9,0,0,4,1,2,2,2,2,8,0,1,1,0,0,0
201395426562,6,3,2,27,8,208.817,2,11,4,2013,22,0,12,6,0,4,2,1,0,0,2,8,0,1,1,0,0,0
201395426575,1,3,2,27,8,9.079,1,11,6,2013,11,45,59,0,0,1,1,1,3,2,2,8,0,1,4,0,0,0
201395426576,3,3,2,27,8,18.158,1,11,6,2013,12,30,9,0,0,2,1,1,2,1,2,8,0,3,1,0,0,0
201395426579,5,3,2,27,8,90.79,4,11,3,2013,7,39,12,6,0,1,1,8,2,2,2,8,2,1,1,0,0,0
201395426582,3,3,2,27,8,18.158,1,11,6,2013,19,40,8,0,0,2,2,1,2,1,2,8,0,3,1,0,0,0
201395426624,2,3,5,44,9,45.0935,1,11,3,2013,12,7,1,0,0,1,1,2,2,1,2,1,0,1,3,0,0,0
201395426626,6,3,5,44,9,225.4675,2,11,6,2013,15,18,12,1,0,2,1,1,1,1,2,1,0,2,1,0,0,0
201395426628,6,3,6,44,9,170.31635,2,11,6,2013,9,45,14,0,0,1,1,2,1,1,2,1,1,1,7,0,0,0
201395426631,5,3,6,44,9,85.15817,2,11,7,2013,14,6,12,2,0,2,1,1,1,2,2,1,0,3,1,0,0,0
201395426633,6,3,6,44,9,170.31635,1,11,6,2013,23,50,1,0,0,1,3,1,0,0,2,1,0,1,4,0,0,0
201395426641,2,3,3,44,9,45.0935,2,11,3,2013,11,35,12,6,0,2,1,2,0,0,2,8,0,7,1,0,0,0
201395426642,4,3,3,44,9,360.748,2,11,3,2013,14,47,12,1,0,1,1,2,0,0,2,8,0,1,1,0,0,0
201395426651,4,3,3,44,9,360.748,1,11,5,2013,6,21,11,0,0,1,3,1,0,0,2,8,0,1,1,0,0,0
201395426667,4,1,9,23,2,353.36157,2,12,6,2013,17,8,12,6,0,2,3,1,0,0,2,8,0,7,1,0,0,0
201395426685,4,3,3,44,9,360.748,1,12,3,2013,10,50,39,0,0,1,1,10,0,0,2,8,0,1,4,0,0,0
201395426693,4,3,3,44,9,360.748,2,12,6,2013,11,4,14,0,0,4,1,1,0,0,2,8,1,1,4,0,0,0
201395426695,6,3,3,44,9,225.4675,2,12,6,2013,10,20,12,1,0,1,1,10,1,1,1,8,0,1,1,0,0,0
201395426720,1,3,1,27,8,9.079,2,8,6,2013,0,34,12,6,0,2,3,1,3,2,1,3,0,2,1,0,0,0
201395426724,3,3,1,27,8,18.158,2,8,6,2013,9,35,12,8,0,2,1,1,2,2,2,3,0,2,1,0,0,0
201395426731,3,3,1,27,8,18.158,1,8,6,2013,19,33,18,0,0,1,1,1,3,2,2,3,0,1,1,0,0,0
201395426738,3,3,1,27,8,18.158,1,8,7,2013,14,36,9,0,0,2,1,1,2,1,2,3,0,3,1,0,0,0
201395426740,6,3,1,27,8,208.817,2,8,7,2013,16,30,12,6,0,2,1,1,1,1,2,3,0,3,1,0,0,0
201395426749,3,3,1,27,8,18.158,2,8,2,2013,10,40,12,6,0,2,1,2,2,1,2,3,0,,1,0,0,0
201395426757,3,3,1,27,8,18.158,2,8,3,2013,19,2,12,7,0,2,1,1,3,1,2,3,0,3,1,0,0,0
201395426768,4,3,1,27,8,354.081,2,8,4,2013,17,30,12,1,0,2,1,1,1,1,2,3,0,3,1,0,0,0
201395426782,3,3,1,27,8,18.158,1,8,5,2013,9,35,8,0,0,2,1,1,2,1,2,3,0,2,1,0,0,0
201395426790,3,3,1,27,8,18.158,1,8,6,2013,9,59,1,0,0,1,1,1,3,1,2,3,0,1,1,0,0,0
201395426794,5,3,1,27,8,90.79,2,8,6,2013,19,41,12,1,0,2,1,1,1,1,2,3,0,3,1,0,0,0
201395426822,3,3,1,27,8,18.158,2,12,4,2013,12,7,14,0,0,1,1,1,2,2,2,3,1,1,7,0,0,0
201395426832,2,3,3,27,8,63.553,4,12,1,2013,9,30,12,9,0,1,1,1,0,0,2,8,0,1,1,0,0,0
201395426843,5,3,3,27,8,90.79,2,12,4,2013,17,51,12,1,0,1,3,1,3,1,2,8,0,1,1,0,0,0
201395426863,4,3,2,27,8,354.081,3,12,1,2013,8,0,14,0,0,1,2,1,0,0,2,8,2,1,2,0,0,0
201395426873,3,3,2,27,8,18.158,1,12,2,2013,10,5,9,0,0,5,1,1,2,1,2,8,0,1,1,0,0,0
201395426880,3,3,2,27,8,18.158,2,12,2,2013,17,37,12,6,0,2,2,1,2,2,2,8,0,3,1,0,0,0
201395426914,6,3,2,27,8,208.817,4,12,4,2013,16,55,12,1,1,17,1,1,0,0,2,8,0,1,1,0,0,0
201395426915,3,3,2,27,8,18.158,2,12,4,2013,17,13,12,6,0,4,2,1,2,1,2,8,0,1,1,0,0,0
201395426920,5,3,2,27,8,90.79,1,12,5,2013,6,10,24,0,0,2,2,5,2,2,2,8,0,3,4,0,0,0
201395426944,4,3,2,27,8,354.081,1,12,5,2013,17,13,38,0,0,1,5,2,0,0,2,8,0,1,4,0,0,0
201395426949,3,3,2,27,8,18.158,2,12,5,2013,19,55,12,8,0,2,2,2,2,3,2,8,0,3,1,0,0,0
201395426955,3,3,2,27,8,18.158,2,12,6,2013,10,4,12,1,0,1,1,1,2,2,2,8,0,1,1,0,0,0
201395426976,3,3,2,27,8,18.158,3,12,6,2013,19,51,12,6,0,2,2,1,3,3,2,8,1,2,1,0,0,0
201395426981,4,3,4,27,8,354.081,2,12,1,2013,12,35,12,1,0,1,1,1,0,0,2,8,0,1,1,0,0,0
201395426982,6,3,4,27,8,208.817,2,12,3,2013,7,46,12,1,0,1,1,1,0,0,2,8,0,1,1,28,0,0
201395427003,5,3,3,44,9,90.187,1,12,1,2013,1,58,19,0,0,1,3,10,1,1,1,8,0,1,5,0,0,0
201395427004,2,3,3,44,9,45.0935,1,12,2,2013,18,54,8,0,0,1,2,10,5,1,2,8,0,1,1,0,0,0
201395427012,4,3,3,44,9,360.748,2,12,3,2013,17,4,12,1,0,2,1,1,1,1,2,8,0,3,1,0,0,0
201395427020,3,3,3,44,9,45.0935,1,12,5,2013,23,27,8,0,0,1,3,10,3,1,1,8,0,1,1,0,0,0
201395427021,4,3,3,44,9,360.748,1,12,5,2013,9,25,38,0,0,1,1,1,0,0,2,8,0,1,5,0,0,0
201395427046,3,3,1,27,8,18.158,1,8,4,2013,8,45,9,0,0,2,1,1,2,1,2,3,0,2,1,0,0,0
201395427058,6,3,1,27,8,208.817,3,8,7,2013,17,54,12,1,0,1,1,1,0,0,2,3,0,1,1,0,0,0
201395427067,4,3,1,27,8,354.081,2,8,2,2013,11,22,12,7,0,2,1,1,0,0,2,3,0,3,1,0,0,0
201395427085,5,3,1,27,8,90.79,2,8,4,2013,12,58,12,7,0,1,1,1,2,4,2,3,0,1,1,0,0,0
201395427100,3,3,1,27,8,18.158,2,8,5,2013,18,18,12,1,0,1,1,1,2,1,2,3,0,1,1,0,0,0
201395427120,1,3,1,27,8,9.079,1,8,6,2013,21,36,30,0,0,1,3,1,3,1,2,3,0,1,4,0,0,0
201395427122,3,3,1,27,8,18.158,1,8,6,2013,23,40,9,0,0,2,3,1,2,2,2,3,0,2,1,0,0,0
201395427127,3,3,1,27,8,18.158,2,8,7,2013,12,5,12,6,0,2,1,1,2,1,2,3,0,2,1,0,0,0
201395427136,4,3,1,27,8,354.081,2,8,7,2013,21,2,12,7,0,2,3,1,0,0,2,3,0,2,1,0,0,0
201395427141,3,3,1,27,8,18.158,1,9,2,2013,12,11,8,0,0,1,1,1,2,2,2,3,0,1,1,0,0,0
201395427155,3,3,1,27,8,18.158,2,9,4,2013,16,45,12,1,0,1,1,1,3,1,2,3,0,1,1,0,0,0
201395427157,3,3,1,27,8,18.158,2,9,4,2013,18,55,12,6,0,2,1,1,2,1,2,3,0,3,1,0,0,0
201395427167,6,3,1,27,8,208.817,2,11,5,2013,8,0,12,8,0,2,1,1,0,0,2,3,0,2,1,0,0,0
201395427173,2,3,1,27,8,63.553,2,11,6,2013,12,29,12,7,0,2,1,1,2,1,2,3,0,2,1,0,0,0
201395427194,3,3,3,27,8,18.158,2,12,2,2013,11,50,12,7,0,1,1,2,2,1,2,8,0,1,1,0,0,0
201395427198,6,3,3,27,8,208.817,2,12,4,2013,7,45,12,1,1,17,1,1,2,1,2,8,0,1,1,0,0,0
201395427204,3,3,3,27,8,18.158,3,12,5,2013,17,21,12,1,0,5,3,1,2,1,2,8,0,1,1,0,0,0
201395427250,3,3,2,27,8,18.158,2,12,1,2013,23,17,12,1,0,2,3,2,2,1,2,8,0,2,1,0,0,0
201395427251,4,3,2,27,8,354.081,1,12,2,2013,4,59,18,0,0,1,2,2,0,0,2,8,0,1,1,0,0,0
201395427276,5,3,2,27,8,90.79,3,12,3,2013,8,9,12,1,0,2,4,2,1,1,2,8,0,,1,0,0,0
201395427285,6,3,2,27,8,208.817,2,12,3,2013,14,21,12,6,0,2,1,1,0,0,2,8,0,3,1,0,0,0
201395427293,3,3,2,27,8,18.158,4,12,4,2013,6,13,14,0,0,1,2,1,2,1,2,8,3,1,7,14,0,0
201395427306,3,3,2,27,8,18.158,1,12,4,2013,12,35,42,0,0,1,1,1,2,1,2,8,0,1,4,0,0,0
201395427320,3,3,2,27,8,18.158,2,12,5,2013,7,44,12,6,0,2,4,1,2,2,2,8,0,2,1,0,0,0
201395427326,4,3,2,27,8,354.081,1,12,5,2013,16,11,33,0,0,1,1,1,0,0,2,8,0,1,3,0,0,0
201395427340,1,3,2,27,8,9.079,2,12,6,2013,1,10,12,6,0,2,2,1,4,2,1,8,0,3,1,0,0,0
201395427345,3,3,2,27,8,18.158,2,12,6,2013,12,44,12,1,0,1,1,1,2,2,2,8,0,1,1,0,0,0
201395427366,1,3,4,27,8,9.079,1,12,1,2013,14,18,24,0,0,1,1,3,3,1,2,8,0,1,4,0,0,0
201395427380,5,3,4,27,8,90.79,1,12,5,2013,1,34,24,0,0,1,2,1,2,1,1,8,0,1,3,0,0,0
201395427381,2,3,4,27,8,63.553,2,12,5,2013,8,15,12,7,0,1,1,1,1,1,2,8,0,1,1,0,0,0
201395427391,5,3,1,27,8,90.79,3,12,3,2013,8,52,12,1,0,1,1,1,2,7,2,3,0,1,1,0,0,0
201395427428,1,3,3,27,8,9.079,1,12,7,2013,7,50,34,0,0,1,1,1,3,3,1,8,0,1,4,0,0,0
201395427435,5,3,2,27,8,90.79,2,12,7,2013,12,35,12,6,0,4,1,2,2,2,2,8,0,1,1,0,0,0
201395427440,3,3,2,27,8,18.158,2,12,7,2013,16,12,12,1,0,1,2,2,2,2,2,8,0,1,1,0,0,0
201395427449,6,3,2,27,8,208.817,1,12,1,2013,1,32,35,0,0,1,2,1,0,0,2,8,0,1,4,0,0,0
201395427454,1,3,2,27,8,9.079,2,12,1,2013,15,38,12,6,0,2,1,1,4,3,2,8,0,2,1,0,0,0
201395427457,3,3,2,27,8,18.158,1,12,2,2013,7,35,9,0,0,2,1,1,2,1,2,8,0,3,1,16,0,0
201395427468,3,3,2,27,8,18.158,1,12,2,2013,17,12,8,0,0,1,5,1,2,1,2,8,0,1,1,0,0,0
201395427477,3,3,2,27,8,18.158,2,12,3,2013,13,39,12,6,0,2,1,1,2,1,2,8,0,2,1,0,0,0
201395427483,4,3,2,27,8,354.081,2,12,3,2013,17,28,12,7,0,2,5,1,0,0,2,8,0,3,1,0,0,0
201395427484,3,3,2,27,8,18.158,2,12,3,2013,17,50,12,6,0,2,2,1,2,2,2,8,0,2,1,0,0,0
201395427520,3,3,2,27,8,18.158,1,12,4,2013,20,42,43,0,0,2,2,2,2,1,1,8,0,2,4,0,0,0
201395427523,1,3,2,27,8,9.079,2,12,5,2013,6,0,12,6,0,2,2,1,3,2,2,8,0,2,1,0,0,0
201395427538,3,3,2,27,8,18.158,2,12,5,2013,14,55,12,7,0,2,1,1,2,1,2,8,0,2,1,0,0,0
201395427545,6,3,2,27,8,208.817,2,12,5,2013,19,37,12,6,0,2,3,1,0,0,2,8,0,2,1,0,0,0
201395427558,3,3,2,27,8,18.158,2,12,6,2013,15,36,12,1,0,1,1,1,2,2,2,8,0,1,1,0,0,0
201395427576,1,3,4,27,8,9.079,3,12,2,2013,17,41,12,1,0,1,2,1,3,1,2,8,0,1,1,0,0,0
201395427577,6,3,4,27,8,208.817,1,12,3,2013,7,41,24,0,1,19,1,1,0,0,2,8,0,1,8,0,0,0
201395427591,1,3,4,27,8,9.079,2,10,2,2013,15,29,12,1,0,1,1,1,4,3,2,8,0,1,1,0,0,0
201395427602,3,3,1,27,8,18.158,2,12,7,2013,6,7,14,0,0,1,3,2,4,2,1,3,1,1,7,15,0,0
201395427624,4,3,3,44,9,360.748,2,12,1,2013,15,53,12,6,0,4,1,1,0,0,2,8,0,1,1,0,0,0
201395427633,5,3,3,44,9,90.187,3,12,5,2013,17,25,12,1,0,2,5,1,1,4,2,8,0,2,1,0,0,0
201395427634,4,3,3,44,9,360.748,2,12,5,2013,17,21,12,1,0,2,5,1,1,1,2,8,0,,1,0,0,0
201395427638,6,3,6,44,9,170.31635,1,12,7,2013,7,29,11,0,0,1,1,10,0,0,2,1,0,1,1,0,0,0
201395427639,5,3,6,44,9,85.15817,2,12,3,2013,18,0,12,2,0,4,5,1,2,4,2,1,0,1,1,0,0,0
201395427641,6,3,3,44,9,225.4675,2,12,1,2013,20,40,12,1,0,1,2,2,0,0,2,8,0,1,1,0,0,0
201395427649,4,3,3,44,9,360.748,2,12,5,2013,11,29,12,7,0,1,1,1,0,0,2,8,0,1,1,0,0,0
201395427674,3,3,1,27,8,18.158,1,9,6,2013,14,20,8,0,0,2,1,1,2,1,2,3,0,3,1,0,0,0
201395427675,4,3,1,27,8,354.081,3,9,6,2013,16,0,12,1,0,1,1,1,0,0,2,3,0,1,1,0,0,0
201395427695,3,3,1,27,8,18.158,2,9,7,2013,23,15,12,6,0,2,3,1,2,2,2,3,0,3,1,0,0,0
201395427744,6,3,1,27,8,208.817,2,9,6,2013,10,56,12,6,0,2,1,1,0,0,2,3,0,2,1,0,0,0
201395427745,3,3,1,27,8,18.158,2,9,6,2013,12,30,12,7,0,2,1,1,2,2,2,3,0,3,1,0,0,0
201395427747,4,3,1,27,8,354.081,2,9,6,2013,13,55,12,7,0,5,1,1,0,0,2,3,0,1,1,0,0,0
201395427761,3,3,1,27,8,18.158,1,9,1,2013,0,22,38,0,0,1,3,1,2,2,2,3,0,1,4,0,0,0
201395427787,3,3,1,27,8,18.158,2,9,4,2013,16,53,12,1,0,2,1,1,3,1,2,3,0,2,1,0,0,0
201395427794,3,3,3,27,8,18.158,2,9,3,2013,15,0,12,1,0,2,1,1,2,1,2,8,0,2,1,0,0,0
201395427799,6,3,3,27,8,208.817,2,12,2,2013,15,47,12,7,0,5,1,2,0,0,2,8,0,1,1,0,0,0
201395427807,3,3,1,27,8,18.158,2,12,5,2013,10,13,12,6,0,2,1,1,2,2,2,3,0,3,1,0,0,0
201395427820,1,3,4,27,8,9.079,3,10,3,2013,18,30,12,1,0,1,2,1,3,1,2,8,0,1,1,0,0,0
201395427830,5,3,2,27,8,90.79,3,12,7,2013,16,6,12,1,0,1,1,1,2,1,2,8,0,1,1,0,0,0
201395427831,3,3,2,27,8,18.158,1,12,7,2013,16,45,9,0,0,4,1,1,2,1,2,8,0,1,1,0,0,0
201395427832,4,3,2,27,8,354.081,2,12,7,2013,17,51,12,1,0,1,2,1,0,0,2,8,0,1,1,0,0,0
201395427848,1,3,2,27,8,9.079,1,12,1,2013,16,0,24,0,0,1,1,2,3,2,2,8,0,1,4,0,0,0
201395427851,3,3,2,27,8,18.158,2,12,1,2013,19,58,12,6,0,2,2,2,2,2,2,8,0,2,1,0,0,0
201395427855,3,3,2,27,8,18.158,2,12,2,2013,12,23,12,6,0,2,1,2,2,1,2,8,0,2,1,0,0,0
201395427884,3,3,2,27,8,18.158,2,12,3,2013,19,35,12,1,0,2,2,1,2,2,2,8,0,2,1,0,0,0
201395427893,3,3,2,27,8,18.158,2,12,4,2013,20,30,12,6,0,2,3,1,2,2,2,8,0,2,1,0,0,0
201395427898,4,3,2,27,8,354.081,1,12,5,2013,2,45,24,0,0,1,2,1,1,1,2,8,0,1,4,0,0,0
201395427910,3,3,2,27,8,18.158,2,12,5,2013,18,25,12,1,0,1,2,1,2,1,2,8,0,1,1,0,0,0
201395427918,6,3,2,27,8,208.817,1,12,6,2013,13,15,11,0,0,1,1,1,0,0,2,8,0,1,1,0,0,0
201395427924,3,3,2,27,8,18.158,2,12,6,2013,23,14,12,6,0,2,2,1,2,2,2,8,0,2,1,0,0,0
201395427931,3,3,4,27,8,18.158,2,12,2,2013,9,35,12,7,0,1,1,2,2,5,2,8,0,1,1,0,0,0
201395427939,3,3,4,27,8,18.158,1,12,6,2013,2,28,11,0,0,1,2,1,2,1,2,8,0,1,1,0,0,0
201395427992,3,3,2,27,8,18.158,2,12,2,2013,13,51,12,1,0,2,1,1,2,2,2,8,0,3,1,28,0,0
201395428006,3,3,2,27,8,18.158,2,12,3,2013,10,10,12,1,0,1,1,1,2,3,2,8,0,1,1,0,0,0
201395428008,3,3,2,27,8,18.158,2,12,3,2013,12,2,12,1,0,2,1,1,2,1,2,8,0,2,1,28,0,0
201395428022,4,3,2,27,8,354.081,2,12,3,2013,14,49,12,6,0,2,1,1,0,0,2,8,0,3,1,0,0,0
201395428025,5,3,2,27,8,90.79,4,12,3,2013,17,59,12,6,0,2,2,1,3,4,2,8,0,2,1,0,0,0
201395428195,3,3,1,27,8,18.158,1,9,1,2013,2,11,9,0,0,1,3,1,3,1,2,3,0,1,1,0,0,0
201395428205,4,3,1,27,8,354.081,3,9,6,2013,19,34,14,0,0,1,5,1,0,0,1,3,2,1,7,0,0,0
201395428217,3,3,1,27,8,18.158,1,9,2,2013,17,38,9,0,0,2,1,1,3,1,2,3,0,2,1,0,0,0
201395428242,3,3,1,27,8,18.158,5,9,6,2013,20,30,12,7,0,2,3,1,3,4,2,3,0,3,1,0,0,0
201395428244,6,3,1,27,8,208.817,2,9,6,2013,23,25,12,6,0,2,3,1,0,0,2,3,0,2,1,0,0,0
201395428259,1,3,1,27,8,9.079,2,9,2,2013,7,0,12,6,0,2,1,1,3,1,2,3,0,2,1,0,0,0
201395428264,3,3,1,27,8,18.158,1,9,2,2013,21,46,1,0,0,1,3,1,3,1,2,3,0,1,1,0,0,0
201395428273,4,3,1,27,8,354.081,2,9,3,2013,16,55,12,1,0,2,1,1,1,1,2,3,0,2,1,0,0,0
201395428281,3,3,1,27,8,18.158,1,9,4,2013,17,55,9,0,0,2,5,1,2,1,2,3,0,3,1,0,0,0
201395428301,3,3,1,27,8,18.158,1,9,6,2013,15,55,8,0,0,2,1,1,2,1,2,3,0,2,1,0,0,0
201395428325,3,3,1,27,8,18.158,2,10,7,2013,22,40,12,6,0,2,3,2,2,2,2,3,0,2,1,0,0,0
201395428330,4,3,1,27,8,354.081,2,10,4,2013,9,20,12,6,0,2,1,1,1,1,2,3,0,2,1,0,0,0
201395428336,5,3,1,27,8,90.79,2,10,4,2013,18,43,12,6,0,4,3,2,3,1,2,3,0,1,1,0,0,0
201395428341,2,3,3,27,8,63.553,2,10,5,2013,7,36,25,0,0,1,1,2,2,1,2,8,0,1,3,0,0,0
201395428363,2,3,1,27,8,63.553,1,12,1,2013,16,25,8,0,0,2,3,2,2,1,1,3,0,2,1,0,0,0
201395428681,2,3,1,44,9,45.0935,2,10,3,2013,12,30,12,1,0,2,1,1,2,1,2,3,0,3,1,0,0,0
201395428685,2,3,1,44,9,45.0935,2,10,3,2013,16,12,12,7,0,2,1,1,1,1,2,3,0,2,1,0,0,0
201395428688,4,3,1,44,9,360.748,1,10,4,2013,10,45,38,0,0,1,2,1,0,0,2,3,0,1,4,0,0,0
201395428697,5,3,5,44,9,90.187,2,12,2,2013,7,35,12,2,0,1,1,2,1,1,2,1,0,1,1,0,0,0
201395428698,4,3,5,44,9,360.748,2,12,4,2013,7,43,12,1,0,2,1,1,1,1,2,1,0,2,1,0,0,0
201395428708,4,3,5,44,9,360.748,2,12,6,2013,17,32,12,1,0,1,3,1,1,2,2,1,0,1,1,0,0,0
201395428710,5,3,5,44,9,90.187,1,12,2,2013,17,2,1,0,0,1,1,1,1,1,1,1,0,1,4,0,0,0
201395428752,5,3,1,44,9,90.187,1,10,5,2013,7,46,42,0,0,1,1,1,2,1,2,3,0,1,4,0,0,0
201395428754,6,3,1,44,9,225.4675,2,10,7,2013,16,19,12,1,0,4,1,1,2,3,2,3,0,1,1,0,0,0
201395428758,3,3,1,44,9,45.0935,1,10,1,2013,19,26,11,0,0,1,2,1,2,1,2,3,0,1,1,0,0,0
201395428762,4,3,1,44,9,360.748,1,10,1,2013,9,27,18,0,0,1,2,1,0,0,2,3,0,1,1,0,0,0
201395428765,5,3,1,44,9,90.187,1,10,2,2013,11,37,34,0,0,1,1,10,2,1,2,3,0,1,4,0,0,0
201395428772,4,3,1,44,9,360.748,1,10,3,2013,16,20,53,0,0,1,1,1,0,0,2,3,0,1,4,0,0,0
201395428781,5,3,1,44,9,90.187,2,10,5,2013,6,42,12,6,0,2,2,1,1,1,2,3,0,3,1,0,0,0
201395428783,4,3,1,44,9,360.748,1,10,5,2013,21,5,11,0,0,1,2,1,0,0,2,3,0,1,1,0,0,0
201395428789,5,3,1,44,9,90.187,1,10,5,2013,9,52,42,0,0,1,1,1,1,1,2,3,0,1,4,0,0,0
201395428791,6,3,1,44,9,225.4675,1,10,6,2013,17,30,1,0,0,1,1,1,0,0,2,3,0,1,4,0,0,0
201395428797,4,3,1,44,9,360.748,2,10,7,2013,16,28,12,1,0,2,1,1,0,0,2,3,0,3,1,0,0,0
201395428806,4,3,1,44,9,360.748,1,10,2,2013,0,32,11,0,0,1,2,1,0,0,2,3,0,1,1,0,0,0
201395428815,4,3,1,44,9,360.748,1,10,3,2013,3,56,11,0,0,1,2,1,0,0,2,3,0,1,1,0,0,0
201395428816,3,3,1,44,9,45.0935,1,10,3,2013,17,33,8,0,0,1,1,1,2,1,2,3,0,1,1,0,0,0
201395428817,3,3,1,44,9,45.0935,2,10,3,2013,14,40,12,1,0,1,1,1,2,2,2,3,0,1,1,28,0,0
201395428820,5,3,1,44,9,90.187,2,10,4,2013,17,28,12,1,0,1,1,1,2,1,2,3,0,1,1,0,0,0
201395428827,6,3,1,44,9,225.4675,2,10,6,2013,19,30,12,1,0,1,2,1,0,0,2,3,0,1,1,0,0,0
201395428828,4,3,1,44,9,360.748,2,10,6,2013,15,56,12,7,0,1,1,1,0,0,2,3,0,1,1,0,0,0
201395428836,5,3,1,44,9,90.187,1,10,7,2013,20,26,23,0,0,1,2,1,2,1,1,3,0,1,4,0,0,0
201395428838,3,3,1,44,9,45.0935,1,10,7,2013,20,27,8,0,0,1,2,1,2,1,1,3,0,1,1,0,0,0
201395428840,4,3,1,44,9,360.748,2,10,1,2013,18,31,12,1,0,1,1,1,0,0,2,3,0,1,1,0,0,0
201395428845,5,3,1,44,9,90.187,2,10,1,2013,17,9,12,1,0,5,1,1,1,3,2,3,0,1,1,0,0,0
201395428848,2,3,1,44,9,45.0935,2,10,2,2013,10,55,12,1,0,1,1,1,0,0,2,3,0,1,1,0,0,0
201395428853,4,3,1,44,9,360.748,1,10,3,2013,16,37,42,0,0,1,1,1,0,0,2,3,0,1,4,0,0,0
201395428862,4,3,1,44,9,360.748,1,10,4,2013,15,57,59,0,0,2,1,1,1,1,2,3,0,3,3,0,0,0
201395428866,6,3,1,44,9,225.4675,2,10,5,2013,9,57,12,6,0,2,1,1,1,2,2,3,0,2,1,0,0,0