CASENUM,STRATUM,REGION,PJ,PSU,PSUSTRAT,WEIGHT,VE_TOTAL,MONTH,WKDY_IM,YEAR,HOUR_IM,MINUTE_IM,EVENT1_IM,MANCOL_IM,RELJCT1_IM,RELJCT2_IM,LGTCON_IM,WEATHR_IM,MAXSEV_IM,NO_INJ_IM,ALCHL_IM,LAND_USE,PVH_INVL,TYP_INT,REL_ROAD,CF1,CF2,CF3
201395505663,6,1,1,23,2,213.81,1,1,4,2013,23,30,18,0,0,1,3,1,0,0,2,8,0,1,1,0,0,0
201395505680,4,1,1,23,2,342.096,2,1,2,2013,12,8,12,6,0,2,1,1,0,0,2,8,0,2,1,0,0,0
201395505700,5,1,1,23,2,85.524,2,1,5,2013,15,10,12,1,0,1,1,1,1,1,2,8,0,1,1,0,0,0
201395505703,4,1,1,23,2,342.096,2,1,2,2013,18,8,12,2,0,2,3,1,0,0,2,8,0,,1,0,0,0
201395505763,1,1,2,23,2,2.1381,2,1,2,2013,16,43,12,2,0,2,5,10,3,2,2,8,0,,1,0,0,0
201395505794,6,1,1,23,2,213.81,2,1,3,2013,17,23,12,1,0,1,3,1,1,1,2,8,0,1,1,0,0,0
201395505798,1,1,1,23,2,21.381,2,1,4,2013,18,26,12,6,0,4,1,1,3,1,2,8,0,1,1,0,0,0
201395505801,2,1,1,23,2,64.143,2,1,5,2013,11,5,24,0,0,1,1,1,2,1,2,8,0,1,4,0,0,0
201395505804,5,1,1,23,2,85.524,2,1,5,2013,16,36,12,2,0,1,1,1,1,2,2,8,0,1,1,0,0,0
201395505809,4,1,1,23,2,342.096,1,1,5,2013,20,50,24,0,0,4,3,1,0,0,2,8,0,1,3,0,0,0
201395505830,4,1,1,23,2,342.096,2,1,7,2013,10,5,12,6,0,2,1,10,0,0,2,8,0,2,1,0,0,0
201395505831,5,1,1,23,2,85.524,4,1,2,2013,8,55,12,1,0,1,1,5,1,2,2,8,0,1,1,0,0,0
201395505913,4,1,1,23,2,342.096,2,1,4,2013,18,2,12,1,0,1,3,2,0,0,2,8,0,1,1,0,0,0
201395505921,5,1,1,23,2,85.524,2,1,6,2013,15,20,12,2,0,4,1,1,1,4,2,8,0,1,1,0,0,0
201395505933,6,1,1,23,2,213.81,1,1,2,2013,22,37,33,0,0,1,3,4,0,0,2,8,0,1,3,0,0,0
201395505936,4,1,1,23,2,342.096,2,1,2,2013,7,42,12,1,0,4,1,1,0,0,2,8,0,1,1,0,0,0
201395505961,4,1,1,23,2,342.096,2,1,3,2013,18,30,12,8,0,1,3,1,0,0,2,8,0,1,1,0,0,0
201395505964,6,1,1,23,2,213.81,2,1,3,2013,18,34,14,0,0,1,3,1,0,0,1,8,1,1,7,0,0,0
201395506015,1,1,2,23,2,2.1381,2,1,1,2013,15,57,12,6,0,2,1,10,3,2,2,8,0,,1,0,0,0
201395506070,5,1,1,23,2,85.524,1,1,3,2013,5,0,38,0,0,1,3,10,1,1,2,8,0,1,4,0,0,0
201395506076,1,1,1,23,2,21.381,3,1,4,2013,13,10,12,6,0,2,1,10,3,3,2,8,0,3,1,0,0,0
201395506082,4,1,1,23,2,342.096,2,1,6,2013,11,25,12,1,0,1,1,10,0,0,2,8,0,1,1,0,0,0
201395506102,5,1,1,23,2,85.524,1,1,4,2013,15,19,1,0,0,1,1,2,1,1,2,8,0,1,3,0,0,0
201395506105,6,1,1,23,2,213.81,3,1,1,2013,4,45,14,0,0,1,3,1,0,0,2,8,2,1,7,0,0,0
201395506109,4,1,1,23,2,342.096,2,1,3,2013,6,40,12,6,0,2,3,4,0,0,2,8,0,,1,0,0,0
201395506207,6,1,4,23,2,209.5338,2,2,4,2013,7,0,12,6,0,4,1,10,0,0,2,1,0,1,1,0,0,0
201395506247,1,1,1,23,2,21.381,2,1,4,2013,8,0,12,2,0,2,1,1,3,2,2,8,0,,1,0,0,0
201395506251,4,1,1,23,2,342.096,2,1,6,2013,20,56,14,0,0,1,3,4,0,0,2,8,1,1,7,0,0,0
201395506274,4,1,1,23,2,342.096,2,1,5,2013,16,15,12,7,0,2,1,10,0,0,2,8,0,2,1,0,0,0
201395506280,6,1,1,23,2,213.81,2,2,6,2013,8,35,12,6,0,2,1,10,0,0,2,8,0,,1,0,0,0
201395506294,4,1,1,23,2,342.096,2,2,7,2013,17,0,12,7,0,2,1,1,0,0,2,8,0,,1,0,0,0
201395506316,4,1,1,23,2,342.096,2,2,3,2013,13,59,12,6,0,4,1,10,0,0,2,8,0,1,1,0,0,0
201395506323,1,1,1,23,2,21.381,2,2,4,2013,11,7,12,1,0,1,1,1,1,2,2,8,0,1,1,0,0,0
201395506334,5,1,1,23,2,85.524,1,2,6,2013,16,10,59,0,0,2,5,4,2,1,2,8,0,3,4,0,0,0
201395506338,4,1,1,23,2,342.096,2,2,1,2013,16,18,12,6,0,2,1,1,0,0,2,8,0,,1,0,0,0
201395506343,5,1,1,23,2,85.524,1,2,4,2013,14,31,30,0,0,1,1,1,1,1,2,8,0,1,4,0,0,0
201395506347,2,1,1,23,2,64.143,2,2,6,2013,15,35,12,7,0,1,1,4,0,0,2,8,0,1,1,0,0,0
201395506353,6,1,1,23,2,213.81,1,2,5,2013,23,30,33,0,0,1,3,1,0,0,2,8,0,1,3,0,0,0
201395506367,4,1,1,23,2,342.096,2,2,4,2013,17,29,14,0,0,1,2,1,0,0,2,8,1,1,7,0,0,0
201395506406,6,1,2,23,2,209.5338,1,2,6,2013,12,11,1,0,0,1,1,3,0,0,2,8,0,1,4,0,0,0
201395506448,1,1,4,23,2,2.1381,1,2,5,2013,17,51,8,0,0,2,2,1,4,1,2,1,0,3,1,0,0,0
201395506463,5,1,4,23,2,89.8002,2,2,7,2013,14,10,12,2,0,1,1,4,1,1,2,1,0,1,1,0,0,0
201395506496,4,1,1,23,2,342.096,4,2,5,2013,7,37,12,1,0,1,1,1,0,0,2,8,0,1,1,0,0,0
201395506508,5,1,1,23,2,85.524,2,2,2,2013,17,20,12,2,0,2,5,1,1,1,2,8,0,,1,0,0,0
201395506511,6,1,1,23,2,213.81,1,2,1,2013,20,0,39,0,0,1,2,1,0,0,2,8,0,1,4,0,0,0
201395506513,3,1,1,23,2,21.381,1,2,3,2013,6,10,8,0,0,2,3,1,2,1,2,8,0,,1,0,0,0
201395506514,3,1,1,23,2,21.381,1,2,5,2013,20,14,8,0,0,1,3,1,2,2,2,8,0,1,1,0,0,0
201395506526,4,1,1,23,2,342.096,2,2,1,2013,13,30,12,2,0,2,1,1,0,0,2,8,0,,1,0,0,0
201395506551,4,1,2,23,2,350.6484,2,2,1,2013,3,8,12,2,0,2,3,4,1,1,2,8,0,2,1,0,0,0
201395506608,5,1,1,23,2,85.524,1,2,1,2013,14,31,30,0,0,1,1,1,1,1,2,8,0,1,4,0,0,0
201395506620,4,1,1,23,2,342.096,2,2,3,2013,14,30,12,6,0,2,1,2,0,0,2,8,0,,1,0,0,0
201395506640,4,1,1,23,2,342.096,3,2,7,2013,18,15,12,1,0,1,3,2,0,0,2,8,0,1,1,0,0,0
201395506643,5,1,1,23,2,85.524,1,2,7,2013,20,13,48,0,0,1,3,10,2,1,2,8,0,1,4,0,0,0
201395506654,3,1,1,23,2,21.381,1,2,7,2013,17,57,8,0,0,1,3,2,3,1,2,8,0,1,1,0,0,0
201395506658,6,1,1,23,2,213.81,2,2,6,2013,2,51,14,0,0,1,3,1,0,0,2,8,1,1,7,0,0,0
201395506666,4,1,1,23,2,342.096,2,2,2,2013,12,21,12,1,0,2,1,1,0,0,2,8,0,,1,0,0,0
201395506712,1,1,4,23,2,2.1381,1,2,5,2013,0,11,42,0,0,1,3,10,3,1,2,1,0,1,4,0,0,0
201395506730,5,1,1,23,2,85.524,2,2,2,2013,14,15,14,0,0,1,1,10,1,2,2,8,1,1,2,0,0,0
201395506745,4,1,1,23,2,342.096,2,3,6,2013,7,48,12,9,0,4,1,10,0,0,2,8,0,1,1,0,0,0
201395506764,6,1,1,23,2,213.81,2,3,2,2013,10,35,12,7,0,4,1,10,1,1,2,8,0,1,2,0,0,0
201395506767,5,1,1,23,2,85.524,3,3,2,2013,18,19,12,6,0,2,5,1,2,2,2,8,0,,1,0,0,0
201395506768,4,1,1,23,2,342.096,2,3,3,2013,8,2,12,1,0,1,1,1,1,1,2,8,0,1,1,0,0,0
201395506794,1,1,2,23,2,2.1381,2,3,4,2013,15,36,12,6,0,2,1,10,3,2,2,8,0,2,1,0,0,0
201395506835,1,1,4,23,2,2.1381,1,3,7,2013,6,55,42,0,0,1,1,1,3,1,2,1,0,1,4,0,0,0
201395506854,5,1,1,23,2,85.524,1,3,5,2013,6,47,52,0,0,1,1,4,2,1,2,8,0,1,3,0,0,0
201395506856,4,1,1,23,2,342.096,2,3,5,2013,7,4,12,8,0,1,1,4,0,0,2,8,0,1,1,0,0,0
201395506865,6,1,1,23,2,213.81,1,3,6,2013,6,15,38,0,0,1,1,4,0,0,2,8,0,1,4,0,0,0
201395506881,4,1,1,23,2,342.096,2,3,1,2013,17,30,12,1,0,1,1,1,0,0,2,8,0,1,1,0,0,0
201395506900,4,1,1,23,2,342.096,2,3,7,2013,6,0,14,0,0,1,3,1,0,0,2,8,1,1,7,0,0,0
201395506973,4,1,4,23,2,350.6484,1,3,3,2013,6,21,11,0,0,1,2,2,0,0,2,1,0,1,1,0,0,0
201395506993,6,1,1,23,2,213.81,2,3,2,2013,20,50,12,7,0,1,3,1,0,0,2,8,0,1,1,0,0,0
201395506995,5,1,1,23,2,85.524,2,3,3,2013,21,45,12,6,0,2,3,5,1,1,2,8,0,,1,0,0,0
201395507002,4,1,1,23,2,342.096,2,3,6,2013,9,10,12,1,0,2,1,1,0,0,2,8,0,,1,0,0,0
201395507021,4,1,1,23,2,342.096,2,3,2,2013,22,47,12,7,0,1,2,3,0,0,2,8,0,1,1,0,0,0
201395507038,6,1,1,23,2,213.81,2,3,1,2013,13,52,12,6,0,2,1,1,2,1,2,8,0,,1,0,0,0
201395507039,3,1,1,23,2,21.381,1,3,3,2013,13,25,9,0,0,2,1,2,2,1,2,8,0,,1,0,0,0
201395507083,5,1,2,23,2,89.8002,1,3,2,2013,22,14,30,0,0,1,3,3,1,1,2,8,0,1,4,0,0,0
201395507108,1,1,4,23,2,2.1381,1,3,1,2013,10,55,42,0,0,1,1,10,3,1,2,1,0,1,4,0,0,0
201395507126,4,1,1,23,2,342.096,2,3,2,2013,13,0,12,1,0,2,1,1,1,1,2,8,0,,1,0,0,0
201395507132,1,1,1,23,2,21.381,1,3,2,2013,1,5,24,0,0,1,2,1,4,1,2,8,0,1,4,0,0,0
201395507133,5,1,1,23,2,85.524,1,3,2,2013,3,22,30,0,0,1,3,1,1,1,2,8,0,1,4,0,0,0
201395507141,3,1,1,23,2,21.381,1,3,3,2013,16,20,9,0,0,2,1,1,3,1,2,8,0,3,1,0,0,0
201395507150,4,1,1,23,2,342.096,2,3,6,2013,9,40,12,7,0,4,1,1,0,0,2,8,0,1,1,0,0,0
201395507161,5,1,1,23,2,85.524,1,3,7,2013,15,4,30,0,0,1,1,1,1,1,2,8,0,1,4,0,0,0
201395507170,4,1,1,23,2,342.096,2,3,4,2013,18,35,12,2,0,2,1,1,0,0,2,8,0,2,1,0,0,0
201395507247,1,1,4,23,2,2.1381,2,3,3,2013,21,55,12,2,0,2,3,10,3,1,2,1,0,2,1,0,0,0
201395507270,4,1,1,23,2,342.096,2,3,2,2013,8,50,12,6,0,2,1,10,0,0,2,8,0,,1,0,0,0
201395507273,5,1,1,23,2,85.524,2,3,3,2013,20,6,12,6,0,2,3,1,1,1,2,8,0,,1,0,0,0
201395507282,6,1,1,23,2,213.81,1,3,6,2013,9,0,42,0,0,1,1,1,1,1,2,8,0,1,4,0,0,0
201395507283,5,1,1,23,2,85.524,2,3,6,2013,12,40,12,6,0,4,1,1,1,1,2,8,0,1,1,0,0,0
201395507297,5,1,1,23,2,85.524,2,4,3,2013,17,18,12,6,0,2,1,1,1,1,2,8,0,,1,0,0,0
201395507299,4,1,1,23,2,342.096,2,4,5,2013,8,11,12,7,0,5,1,1,0,0,2,8,0,1,1,0,0,0
201395507417,4,1,1,23,2,342.096,2,4,4,2013,16,0,12,6,0,2,1,1,0,0,2,8,0,3,1,0,0,0
201395507435,5,1,1,23,2,85.524,2,4,3,2013,16,49,12,6,0,1,1,1,1,1,2,8,0,1,1,0,0,0
201395507439,4,1,1,23,2,342.096,2,4,4,2013,12,5,12,1,0,2,1,1,0,0,2,8,0,,1,0,0,0
201395507456,2,1,1,23,2,64.143,2,4,7,2013,10,15,12,6,0,1,1,1,1,1,2,8,0,1,1,0,0,0
201395507461,4,1,1,23,2,342.096,2,4,6,2013,8,25,12,1,0,2,1,10,0,0,2,8,0,2,1,0,0,0
201395507465,6,1,1,23,2,213.81,2,4,2,2013,7,20,12,6,0,1,1,1,0,0,2,8,0,1,1,0,0,0
201395507569,4,1,1,23,2,342.096,2,4,2,2013,12,20,12,1,0,1,1,1,0,0,2,8,0,1,1,0,0,0
201395507575,5,1,1,23,2,85.524,2,4,4,2013,7,50,12,6,0,2,1,1,1,2,2,8,0,,1,0,0,0
201395507587,3,1,1,23,2,21.381,2,4,6,2013,15,50,12,6,0,2,1,2,2,1,2,8,0,2,1,0,0,0
201395507594,3,1,1,23,2,21.381,2,4,7,2013,22,20,12,1,0,1,2,1,2,2,2,8,0,1,1,0,0,0
201395507595,4,1,1,23,2,342.096,2,4,1,2013,10,50,14,0,0,1,1,1,0,0,2,8,1,1,7,0,0,0
201395507602,5,1,1,23,2,85.524,3,4,5,2013,16,18,12,6,0,2,1,10,1,1,2,8,0,,1,0,0,0
201395507610,6,1,1,23,2,213.81,2,4,3,2013,17,37,12,1,0,1,1,1,0,0,2,8,0,1,1,0,0,0
201395507641,1,1,2,23,2,2.1381,2,4,4,2013,17,16,12,6,0,2,1,1,3,1,2,8,0,,1,0,0,0
201395507686,4,1,1,23,2,342.096,2,4,3,2013,16,40,12,6,0,2,5,1,0,0,2,8,0,,1,0,0,0
201395507704,4,1,1,23,2,342.096,2,4,5,2013,9,25,12,1,0,2,1,1,0,0,2,8,0,,1,0,0,0
201395507711,1,1,1,23,2,21.381,1,4,6,2013,13,5,42,0,0,1,1,2,3,1,2,8,0,1,4,0,0,0
201395507722,6,1,1,23,2,213.81,2,4,2,2013,8,0,12,6,0,1,1,1,1,1,2,8,0,1,1,0,0,0
201395507728,5,1,1,23,2,85.524,2,4,3,2013,8,44,12,6,0,2,1,2,1,2,2,8,0,,1,0,0,0
201395507732,4,1,1,23,2,342.096,2,4,2,2013,22,22,12,1,0,1,2,1,1,1,2,8,0,1,1,0,0,0
201395507861,4,1,2,23,2,350.6484,2,5,4,2013,13,0,12,1,0,1,1,1,0,0,2,8,0,1,1,0,0,0
201395507910,4,1,1,23,2,342.096,2,4,5,2013,0,1,12,1,0,2,3,1,0,0,2,8,0,,1,0,0,0
201395507911,5,1,1,23,2,85.524,2,4,5,2013,12,0,12,7,0,1,1,1,1,1,2,8,0,1,1,0,0,0
201395507926,6,1,1,23,2,213.81,2,4,4,2013,10,0,12,6,0,2,1,1,0,0,2,8,0,,1,0,0,0
201395507935,4,1,1,23,2,342.096,2,4,5,2013,6,8,12,1,0,2,4,10,0,0,2,8,0,3,1,0,0,0
201395507955,4,1,1,23,2,342.096,2,4,7,2013,4,30,14,0,0,4,3,1,1,1,2,8,1,1,4,0,0,0
201395507961,5,1,1,23,2,85.524,2,4,1,2013,13,35,12,7,0,1,1,2,2,2,2,8,0,1,1,0,0,0
201395507975,4,1,1,23,2,342.096,2,4,3,2013,10,15,12,1,0,1,1,1,0,0,2,8,0,1,1,0,0,0
201395507976,3,1,1,23,2,21.381,2,4,3,2013,12,2,9,0,0,1,1,10,2,1,2,8,0,1,1,0,0,0
201395507978,6,1,1,23,2,213.81,2,4,3,2013,13,20,12,1,0,2,1,1,0,0,2,8,0,,1,0,0,0
201395507980,3,1,1,23,2,21.381,1,4,3,2013,15,50,8,0,0,1,1,1,3,1,2,8,0,1,1,0,0,0
201395507998,4,1,1,23,2,342.096,2,5,5,2013,16,17,12,6,0,2,1,1,0,0,2,8,0,2,1,0,0,0
201395508007,5,1,1,23,2,85.524,1,5,1,2013,23,59,42,0,0,1,3,10,2,1,1,8,0,1,4,0,0,0
201395508019,4,1,1,23,2,342.096,2,5,6,2013,8,0,14,0,0,1,1,1,0,0,2,8,1,1,7,0,0,0
201395508047,4,1,1,23,2,342.096,2,5,2,2013,16,18,12,1,0,2,1,1,0,0,2,8,0,,1,0,0,0
201395508059,5,1,1,23,2,85.524,2,5,5,2013,13,47,12,6,0,2,1,10,1,1,2,8,0,,1,0,0,0
201395508067,4,1,1,23,2,342.096,2,5,7,2013,16,20,12,6,0,2,1,10,0,0,2,8,0,,1,0,0,0
201395508073,5,1,1,23,2,85.524,3,5,5,2013,13,51,12,1,0,2,1,1,1,1,2,8,0,,1,0,0,0
201395508089,4,1,1,23,2,342.096,2,5,2,2013,8,0,12,6,0,2,1,1,0,0,2,8,0,,1,0,0,0
201395508093,6,1,1,23,2,213.81,2,5,3,2013,17,7,12,6,0,2,1,1,0,0,2,8,0,,1,0,0,0
201395508113,1,1,2,23,2,2.1381,3,5,1,2013,18,46,12,6,0,4,1,1,3,3,1,8,0,1,1,0,0,0
201395508218,4,1,1,23,2,342.096,2,5,6,2013,22,30,14,0,0,4,3,1,0,0,2,8,1,1,4,0,0,0
201395508222,1,1,1,23,2,21.381,1,5,1,2013,11,50,42,0,0,1,1,2,4,1,2,8,0,1,4,0,0,0
201395508241,4,1,1,23,2,342.096,1,5,4,2013,13,45,30,0,0,4,1,10,0,0,2,8,0,1,4,0,0,0
201395508244,6,1,1,23,2,213.81,2,5,3,2013,13,29,12,6,0,2,1,1,0,0,2,8,0,3,1,0,0,0
201395508252,5,1,1,23,2,85.524,2,5,7,2013,16,35,12,6,0,2,1,2,1,1,2,8,0,2,1,0,0,0
201395508263,4,1,1,23,2,342.096,2,5,5,2013,10,30,12,6,0,2,1,2,0,0,2,8,0,,1,0,0,0
201395508267,2,1,1,23,2,64.143,1,5,3,2013,13,48,1,0,0,5,1,1,2,1,2,8,0,1,1,0,0,0
201395508299,5,1,1,23,2,85.524,2,5,3,2013,15,31,12,6,0,2,1,2,1,3,2,8,0,,1,0,0,0
201395508300,4,1,1,23,2,342.096,2,5,3,2013,10,40,14,0,0,1,1,1,1,1,2,8,1,1,7,0,0,0
201395508321,4,1,1,23,2,342.096,2,5,2,2013,20,53,12,6,0,4,3,1,0,0,2,8,0,1,1,0,0,0
201395508331,6,1,1,23,2,213.81,1,5,7,2013,11,0,42,0,0,1,1,10,0,0,2,8,0,1,4,0,0,0
201395508341,4,1,1,23,2,342.096,2,5,2,2013,19,20,12,1,0,2,5,1,0,0,2,8,0,,1,0,0,0
201395508356,1,1,2,23,2,2.1381,1,5,7,2013,23,29,18,0,0,1,2,1,3,1,2,8,0,1,1,0,0,0
201395508369,1,1,2,23,2,2.1381,1,5,5,2013,0,32,42,0,0,2,3,1,3,1,1,8,0,4,4,0,0,0
201395508398,6,1,2,23,2,209.5338,2,5,1,2013,16,42,12,6,0,1,1,1,0,0,2,8,0,1,1,0,0,0
201395508448,1,1,4,23,2,2.1381,2,5,6,2013,6,18,12,1,0,1,1,1,1,1,2,1,0,1,2,0,0,0
201395508463,1,1,4,23,2,2.1381,1,5,7,2013,3,34,59,0,0,2,3,2,3,1,2,1,0,2,4,0,0,0
201395508507,5,1,1,23,2,85.524,2,5,3,2013,10,15,12,1,0,2,1,1,1,3,2,8,0,,1,0,0,0
201395508517,3,1,1,23,2,21.381,2,5,6,2013,20,2,12,6,0,2,1,2,2,1,1,8,0,3,1,0,0,0
201395508525,4,1,1,23,2,342.096,2,5,3,2013,8,7,12,7,0,1,1,1,0,0,2,8,0,1,1,0,0,0
201395508534,1,1,1,23,2,21.381,2,5,5,2013,17,19,12,1,0,2,1,1,3,2,2,8,0,3,1,0,0,0
201395508538,5,1,1,23,2,85.524,2,5,6,2013,15,40,12,6,0,2,1,1,3,2,2,8,0,,1,0,0,0
201395508549,4,1,1,23,2,342.096,2,5,1,2013,18,10,12,1,0,2,1,2,1,1,2,8,0,,1,0,0,0
201395508567,1,1,2,23,2,2.1381,2,5,2,2013,16,40,12,2,0,1,1,1,3,6,2,8,0,1,1,0,0,0
201395508574,1,1,2,23,2,2.1381,1,6,3,2013,18,8,43,0,0,1,1,1,3,2,2,8,0,1,4,0,0,0
201395508596,1,1,2,23,2,2.1381,2,6,2,2013,8,3,12,2,0,1,3,10,3,4,2,8,0,1,1,0,0,0
201395508630,4,1,1,23,2,342.096,2,5,6,2013,23,0,12,7,0,1,3,1,0,0,1,8,0,1,1,0,0,0
201395508639,1,1,1,23,2,21.381,2,6,2,2013,16,8,12,6,0,2,1,10,3,2,2,8,0,,1,0,0,0
201395508640,1,1,1,23,2,21.381,2,6,2,2013,17,4,14,0,0,1,1,10,2,1,2,8,1,1,4,0,0,0
201395508652,4,1,1,23,2,342.096,2,6,4,2013,12,1,12,2,0,2,1,1,0,0,2,8,0,,1,0,0,0
201395508659,6,1,1,23,2,213.81,2,6,5,2013,8,0,12,6,0,2,1,1,0,0,2,8,0,,1,0,0,0
201395508662,5,1,1,23,2,85.524,2,6,6,2013,10,30,12,1,0,2,1,2,1,1,2,8,0,,1,0,0,0
201395508671,3,1,1,23,2,21.381,1,6,1,2013,13,44,1,0,0,2,1,1,2,1,2,8,0,3,1,0,0,0
201395508677,4,1,1,23,2,342.096,2,6,5,2013,20,40,12,9,0,1,3,10,0,0,2,8,0,1,1,0,0,0
201395508813,4,1,1,23,2,342.096,2,6,2,2013,21,30,12,1,0,2,3,2,0,0,2,8,0,2,1,0,0,0
201395508824,6,1,1,23,2,213.81,2,6,4,2013,10,19,12,1,0,2,1,1,0,0,2,8,0,,1,0,0,0
201395508830,5,1,1,23,2,85.524,1,6,5,2013,11,45,30,0,0,2,1,2,1,1,2,8,0,2,4,0,0,0
201395508838,4,1,1,23,2,342.096,3,6,6,2013,17,8,12,1,0,2,1,10,1,1,2,8,0,,1,0,0,0
201395508841,3,1,1,23,2,21.381,2,6,1,2013,13,6,12,2,0,2,1,10,3,2,2,8,0,,1,0,0,0
201395508850,5,1,1,23,2,85.524,3,6,4,2013,18,33,12,6,0,2,1,1,1,2,2,8,0,,1,0,0,0
201395508857,6,1,1,23,2,213.81,2,6,1,2013,18,30,12,1,0,2,1,1,1,1,2,8,0,,1,0,0,0
201395508889,4,1,2,23,2,350.6484,1,6,4,2013,4,22,11,0,0,1,2,10,0,0,2,8,0,1,1,0,0,0
201395508892,1,1,2,23,2,2.1381,1,6,5,2013,3,18,42,0,0,1,3,1,3,1,2,8,0,1,4,0,0,0
201395508932,5,1,4,23,2,89.8002,1,6,4,2013,14,57,30,0,0,1,1,1,2,1,2,1,0,1,4,0,0,0
201395508933,1,1,4,23,2,2.1381,1,6,4,2013,18,55,11,0,0,1,1,1,3,1,2,1,0,1,1,0,0,0
201395508936,4,1,4,23,2,350.6484,2,6,6,2013,9,7,12,6,0,2,1,1,0,0,2,1,0,5,1,0,0,0
201395508947,4,1,1,23,2,342.096,2,6,3,2013,9,0,14,0,0,1,1,1,0,0,2,8,1,1,7,0,0,0
201395508958,3,1,1,23,2,21.381,1,6,2,2013,18,45,9,0,0,1,1,1,2,1,2,8,0,1,1,0,0,0
201395508971,3,1,1,23,2,21.381,2,6,4,2013,16,11,14,0,0,1,1,1,2,1,2,8,1,1,7,0,0,0
201395508973,4,1,1,23,2,342.096,3,6,4,2013,17,25,12,1,0,1,1,1,1,1,2,8,0,1,1,0,0,0
201395508980,5,1,1,23,2,85.524,1,6,1,2013,3,27,21,0,0,1,3,1,1,1,2,8,0,1,4,0,0,0
201395509057,4,1,1,23,2,342.096,2,6,5,2013,15,52,12,1,0,2,1,10,0,0,2,8,0,,1,0,0,0
201395509064,1,1,1,23,2,21.381,2,6,7,2013,13,50,14,0,0,1,1,1,3,1,2,8,1,1,7,0,0,0
201395509071,6,1,1,23,2,213.81,1,7,2,2013,9,15,24,0,0,5,1,2,0,0,2,8,0,1,4,0,0,0
201395509075,5,1,1,23,2,85.524,3,6,5,2013,12,32,12,1,0,1,1,1,1,1,2,8,0,1,1,0,0,0
201395509079,4,1,1,23,2,342.096,3,6,3,2013,9,50,12,1,0,2,1,1,0,0,2,8,0,,1,0,0,0
201395509100,3,1,1,23,2,21.381,2,6,6,2013,12,45,54,11,0,1,1,1,2,1,2,8,0,1,1,14,0,0
201395509103,4,1,1,23,2,342.096,2,6,2,2013,18,30,12,1,0,2,1,1,0,0,2,8,0,,1,0,0,0
201395509108,5,1,1,23,2,85.524,2,6,1,2013,19,55,12,1,0,4,1,1,1,3,2,8,0,1,1,0,0,0
201395509129,1,1,4,23,2,2.1381,2,7,3,2013,8,37,12,2,0,2,1,10,3,2,2,1,0,3,1,0,0,0
201395509159,3,1,2,23,2,19.2429,1,7,6,2013,9,44,9,0,0,2,1,1,2,1,2,8,0,3,1,0,0,0
201395509202,5,1,2,23,2,89.8002,4,7,7,2013,18,39,12,1,0,2,1,1,2,2,2,8,0,,1,0,0,0
201395509243,4,1,1,23,2,342.096,2,7,4,2013,14,35,12,7,0,1,1,10,0,0,2,8,0,1,1,0,0,0
201395509247,5,1,1,23,2,85.524,1,7,6,2013,12,35,11,0,0,1,1,1,1,2,2,8,0,1,1,0,0,0
201395509250,1,1,1,23,2,21.381,4,7,1,2013,7,35,14,0,0,2,1,1,3,1,2,8,3,3,7,14,0,0
201395509254,6,1,1,23,2,213.81,2,6,5,2013,19,20,12,1,0,2,1,1,0,0,2,8,0,,1,0,0,0
201395509263,2,1,1,23,2,64.143,3,6,6,2013,11,0,12,1,0,1,1,10,0,0,2,8,0,1,1,0,0,0
201395509268,4,1,1,23,2,342.096,2,6,7,2013,12,20,12,1,0,2,1,1,0,0,2,8,0,,1,0,0,0
201395509278,3,1,1,23,2,21.381,2,6,6,2013,18,15,12,2,0,2,1,1,2,1,2,8,0,,1,0,0,0
201395509285,3,1,1,23,2,21.381,1,7,4,2013,18,24,15,0,0,2,1,10,2,1,2,8,0,,1,0,0,0
201395509287,5,1,1,23,2,85.524,2,6,1,2013,21,46,12,6,0,2,3,10,1,4,2,8,0,2,1,0,0,0
201395509296,4,1,1,23,2,342.096,1,6,6,2013,16,55,24,0,0,5,1,1,0,0,2,8,0,1,4,0,0,0
201395509305,6,1,1,23,2,213.81,2,6,6,2013,12,29,12,6,0,2,1,1,0,0,2,8,0,,1,0,0,0
201395509393,6,1,4,23,2,209.5338,3,7,5,2013,14,10,12,1,0,1,1,10,1,1,2,1,0,1,1,0,0,0
201395509408,4,1,1,23,2,342.096,2,7,2,2013,11,0,14,0,0,1,1,2,0,0,2,8,1,1,7,0,0,0
201395509424,5,1,1,23,2,85.524,2,7,5,2013,9,2,12,1,0,1,1,2,1,2,2,8,0,1,1,28,0,0
201395509429,4,1,1,23,2,342.096,2,7,6,2013,18,44,12,6,0,2,1,2,0,0,2,8,0,,1,0,0,0
201395509439,5,1,1,23,2,85.524,2,7,4,2013,12,9,12,2,0,2,1,1,1,4,2,8,0,2,1,0,0,0
201395509453,4,1,1,23,2,342.096,1,7,1,2013,16,50,11,0,0,1,1,1,0,0,2,8,0,1,1,0,0,0
201395509459,5,1,1,23,2,85.524,1,7,6,2013,16,47,42,0,0,1,1,1,2,1,2,8,0,1,4,0,0,0
201395509568,4,1,1,23,2,342.096,2,7,3,2013,6,36,12,1,0,1,1,1,0,0,2,8,0,1,1,0,0,0
201395509578,6,1,1,23,2,213.81,2,7,4,2013,16,15,12,1,0,2,1,1,0,0,2,8,0,,1,0,0,0
201395509586,4,1,1,23,2,342.096,2,7,5,2013,17,20,12,1,0,1,1,1,0,0,2,8,0,1,1,0,0,0
201395509587,3,1,1,23,2,21.381,1,7,5,2013,18,29,9,0,0,2,1,1,2,1,2,8,0,2,1,0,0,0