CASENUM,STRATUM,REGION,PJ,PSU,PSUSTRAT,WEIGHT,VE_TOTAL,MONTH,WKDY_IM,YEAR,HOUR_IM,MINUTE_IM,EVENT1_IM,MANCOL_IM,RELJCT1_IM,RELJCT2_IM,LGTCON_IM,WEATHR_IM,MAXSEV_IM,NO_INJ_IM,ALCHL_IM,LAND_USE,PVH_INVL,TYP_INT,REL_ROAD,CF1,CF2,CF3
201395509588,5,1,1,23,2,85.524,2,7,6,2013,9,37,12,6,0,2,1,1,1,1,2,8,0,,1,0,0,0
201395509590,1,1,1,23,2,21.381,2,7,6,2013,17,25,12,6,0,4,1,1,3,2,2,8,0,1,1,0,0,0
201395509591,3,1,1,23,2,21.381,1,7,6,2013,22,5,8,0,0,1,3,1,2,1,1,8,0,1,1,0,0,0
201395509608,4,1,1,23,2,342.096,2,6,4,2013,7,45,12,6,0,2,1,1,0,0,2,8,0,,1,0,0,0
201395509611,3,1,1,23,2,21.381,2,7,7,2013,3,30,12,6,0,2,3,1,2,2,2,8,0,,1,0,0,0
201395509630,5,1,1,23,2,85.524,2,7,1,2013,12,55,12,6,0,2,1,1,1,2,2,8,0,,1,0,0,0
201395509632,4,1,1,23,2,342.096,2,7,6,2013,18,5,12,6,0,2,1,10,0,0,2,8,0,,1,0,0,0
201395509639,6,1,1,23,2,213.81,2,7,7,2013,9,30,12,6,0,2,1,1,1,1,2,8,0,,1,0,0,0
201395509691,4,1,2,23,2,350.6484,2,7,5,2013,15,59,12,1,0,1,1,2,0,0,2,8,0,1,1,0,0,0
201395509733,1,1,4,23,2,2.1381,2,7,6,2013,17,30,12,2,0,1,1,1,3,2,2,1,0,1,1,0,0,0
201395509771,4,1,1,23,2,342.096,2,7,3,2013,18,35,12,1,0,2,1,1,0,0,2,8,0,,1,0,0,0
201395509788,5,1,1,23,2,85.524,2,7,1,2013,16,10,12,6,0,2,1,10,1,2,2,8,0,3,1,0,0,0
201395509790,6,1,1,23,2,213.81,1,7,1,2013,23,4,30,0,0,4,3,10,0,0,2,8,0,1,4,0,0,0
201395509798,4,1,1,23,2,342.096,2,7,3,2013,16,50,12,1,0,2,1,10,0,0,2,8,0,,1,0,0,0
201395509901,3,1,4,23,2,19.2429,2,7,3,2013,14,27,14,0,0,1,1,1,3,1,2,1,1,1,7,0,0,0
201395509953,1,1,2,23,2,2.1381,1,8,1,2013,14,4,30,0,0,1,1,1,3,1,2,8,0,1,4,0,0,0
201395509956,6,1,2,23,2,209.5338,2,8,1,2013,15,33,12,6,0,2,1,1,0,0,2,8,0,2,1,0,0,0
201395510086,3,1,1,23,2,21.381,1,7,1,2013,21,7,30,0,0,1,3,1,3,1,2,8,0,1,4,0,0,0
201395510087,4,1,1,23,2,342.096,2,7,6,2013,20,0,14,0,0,4,3,1,0,0,2,8,1,1,7,0,0,0
201395510093,5,1,1,23,2,85.524,2,7,4,2013,8,5,12,6,0,4,1,1,2,2,2,8,0,1,1,0,0,0
201395510106,4,1,1,23,2,342.096,2,7,7,2013,12,0,12,6,0,2,1,1,2,3,2,8,0,,1,0,0,0
201395510119,5,1,1,23,2,85.524,2,7,3,2013,18,20,12,2,0,2,1,1,1,2,2,8,0,7,1,0,0,0
201395510125,4,1,1,23,2,342.096,2,7,4,2013,21,54,14,0,0,1,3,1,0,0,2,8,1,1,7,0,0,0
201395510133,6,1,1,23,2,213.81,1,8,6,2013,9,44,38,0,0,2,1,1,1,1,2,8,0,3,4,0,0,0
201395510147,5,1,1,23,2,85.524,1,8,6,2013,23,27,42,0,0,1,3,10,1,1,2,8,0,1,4,0,0,0
201395510150,4,1,1,23,2,342.096,2,8,7,2013,12,10,12,1,0,2,1,10,0,0,2,8,0,,1,0,0,0
201395510172,4,1,1,23,2,342.096,2,8,3,2013,9,3,12,6,0,2,1,1,0,0,2,8,0,,1,0,0,0
201395510180,6,1,1,23,2,213.81,2,8,3,2013,16,15,12,1,0,1,1,10,0,0,2,8,0,1,1,0,0,0
201395510194,4,1,1,23,2,342.096,2,8,5,2013,8,0,12,1,0,1,1,10,0,0,2,8,0,1,1,0,0,0
201395510213,3,1,1,23,2,21.381,1,8,6,2013,22,10,9,0,0,2,3,10,2,1,2,8,0,3,1,0,0,0
201395510214,5,1,1,23,2,85.524,2,8,6,2013,22,35,12,1,0,2,3,1,1,6,2,8,0,,1,0,0,0
201395510217,4,1,1,23,2,342.096,2,8,7,2013,1,30,14,0,0,1,2,1,0,0,2,8,1,1,7,0,0,0
201395510238,4,1,1,23,2,342.096,2,8,4,2013,14,9,12,7,0,1,1,1,0,0,2,8,0,1,1,0,0,0
201395510244,6,1,1,23,2,213.81,1,8,2,2013,0,18,18,0,0,1,2,10,0,0,2,8,0,1,3,0,0,0
201395510258,4,1,1,23,2,342.096,2,8,6,2013,22,0,12,6,0,2,3,10,0,0,2,8,0,,1,0,0,0
201395510260,5,1,1,23,2,85.524,1,8,6,2013,23,58,42,0,0,1,3,10,1,3,1,8,0,1,4,0,0,0
201395510331,1,1,2,23,2,2.1381,2,8,2,2013,8,43,12,6,0,2,1,10,3,2,2,8,0,,1,0,0,0
201395510354,1,1,4,23,2,2.1381,1,8,2,2013,6,46,30,0,0,1,1,1,3,1,2,1,0,1,4,0,0,0
201395510393,5,1,1,23,2,85.524,2,8,4,2013,15,45,12,1,0,1,1,1,1,2,2,8,0,1,1,0,0,0
201395510395,2,1,1,23,2,64.143,2,8,5,2013,13,15,12,6,0,2,1,1,0,0,2,8,0,2,1,0,0,0
201395510400,4,1,1,23,2,342.096,2,8,6,2013,18,50,12,1,0,2,1,1,0,0,2,8,0,,1,0,0,0
201395510401,6,1,1,23,2,213.81,2,8,6,2013,18,29,12,1,0,1,1,1,0,0,2,8,0,1,1,0,0,0
201395510406,3,1,1,23,2,21.381,1,8,7,2013,15,25,1,0,0,2,1,1,2,1,2,8,0,3,1,0,0,0
201395510425,4,1,1,23,2,342.096,2,8,4,2013,9,0,12,1,0,1,1,1,0,0,2,8,0,1,1,0,0,0
201395510444,4,1,1,23,2,342.096,2,8,6,2013,16,0,12,7,0,2,1,10,0,0,2,8,0,,1,0,0,0
201395510448,5,1,1,23,2,85.524,2,8,7,2013,2,58,14,0,0,1,3,1,1,3,1,8,1,1,7,0,0,0
201395510450,3,1,1,23,2,21.381,1,8,3,2013,0,30,8,0,0,2,3,2,3,1,2,8,0,2,1,0,0,0
201395510459,6,1,1,23,2,213.81,3,8,5,2013,10,10,12,1,0,2,1,2,1,1,2,8,0,2,1,0,0,0
201395510469,5,1,1,23,2,85.524,3,8,6,2013,12,36,12,1,0,1,1,1,1,2,2,8,0,1,1,0,0,0
201395510470,4,1,1,23,2,342.096,2,8,2,2013,17,10,12,7,0,2,1,10,0,0,2,8,0,,1,0,0,0
201395510471,3,1,1,23,2,21.381,2,8,2,2013,1,30,12,6,0,2,3,1,3,6,2,8,0,,1,0,0,0
201395510507,1,1,4,23,2,2.1381,2,9,1,2013,5,13,12,8,0,1,3,10,3,3,1,1,0,1,1,0,0,0
201395510545,1,1,2,23,2,2.1381,3,8,7,2013,9,32,12,7,0,2,1,10,3,1,2,8,0,2,1,0,0,0
201395510583,1,1,1,23,2,21.381,1,9,6,2013,4,45,24,0,0,1,3,1,3,1,2,8,0,1,4,0,0,0
201395510586,4,1,1,23,2,342.096,2,9,3,2013,16,22,12,1,0,2,1,1,0,0,2,8,0,2,1,0,0,0
201395510600,1,1,1,23,2,21.381,2,8,7,2013,15,56,12,2,0,2,1,1,4,3,2,8,0,3,1,0,0,0
201395510601,1,1,1,23,2,21.381,2,8,7,2013,2,0,12,6,0,2,3,1,3,3,2,8,0,2,1,0,0,0
201395510612,4,1,2,23,2,350.6484,2,8,5,2013,16,44,12,6,0,2,1,1,0,0,2,8,0,6,1,0,0,0
201395510696,4,1,1,23,2,342.096,2,8,3,2013,16,45,12,7,0,4,1,1,0,0,2,8,0,1,1,0,0,0
201395510700,6,1,1,23,2,213.81,3,8,6,2013,18,20,12,2,0,2,1,1,1,1,2,8,0,2,1,0,0,0
201395510702,5,1,1,23,2,85.524,3,8,7,2013,12,35,12,1,0,1,1,10,1,3,2,8,0,1,1,0,0,0
201395510717,4,1,1,23,2,342.096,2,9,3,2013,10,0,14,0,0,1,1,10,0,0,2,8,1,1,7,0,0,0
201395510735,5,1,1,23,2,85.524,2,9,7,2013,11,42,12,6,0,4,1,1,1,1,2,8,0,1,1,0,0,0
201395510743,4,1,1,23,2,342.096,2,9,2,2013,16,1,12,1,0,1,1,1,0,0,2,8,0,1,1,0,0,0
201395510748,3,1,1,23,2,21.381,1,9,6,2013,15,36,1,0,0,1,1,1,3,1,2,8,0,1,4,0,0,0
201395510757,5,1,1,23,2,85.524,2,9,2,2013,13,7,12,7,0,2,1,10,1,1,2,8,0,3,1,0,0,0
201395510788,4,1,1,23,2,342.096,2,9,2,2013,22,0,14,0,0,1,3,10,0,0,2,8,1,1,7,0,0,0
201395510800,1,1,1,23,2,21.381,2,9,5,2013,13,32,12,1,0,1,1,10,3,2,2,8,0,1,1,0,0,0
201395510809,4,1,1,23,2,342.096,2,9,6,2013,16,1,12,6,0,2,1,1,0,0,2,8,0,3,1,0,0,0
201395510812,2,1,1,23,2,64.143,2,9,6,2013,18,0,54,11,0,1,1,1,0,0,2,8,0,1,1,14,0,0
201395510813,3,1,1,23,2,21.381,1,9,7,2013,11,42,8,0,0,2,1,1,3,1,2,8,0,2,1,0,0,0
201395510816,6,1,1,23,2,213.81,2,9,7,2013,14,0,12,1,0,2,1,1,0,0,2,8,0,,1,0,0,0
201395510832,4,1,1,23,2,342.096,2,9,2,2013,9,8,12,1,0,2,1,2,0,0,2,8,0,,1,0,0,0
201395510841,3,1,1,23,2,21.381,3,9,3,2013,12,15,14,0,0,1,1,1,2,1,2,8,1,1,7,14,0,0
201395510851,5,1,1,23,2,85.524,2,9,4,2013,16,21,12,1,0,1,1,1,2,2,2,8,0,1,1,0,0,0
201395510855,6,1,1,23,2,213.81,3,9,4,2013,18,35,12,1,0,2,1,1,1,1,2,8,0,2,1,14,0,0
201395510856,4,1,1,23,2,342.096,2,9,4,2013,21,50,12,2,0,2,3,1,0,0,2,8,0,,1,0,0,0
201395510878,4,1,1,23,2,342.096,2,9,7,2013,11,20,12,1,0,2,1,1,0,0,2,8,0,,1,0,0,0
201395510892,5,1,1,23,2,85.524,2,9,5,2013,6,59,14,0,0,1,1,1,2,1,2,8,1,1,7,0,0,0
201395510893,3,1,1,23,2,21.381,1,9,1,2013,14,44,1,0,0,2,1,1,3,1,2,8,0,3,1,0,0,0
201395510894,6,1,1,23,2,213.81,2,9,1,2013,10,0,12,6,0,2,1,1,0,0,2,8,0,,1,0,0,0
201395510934,5,1,2,23,2,89.8002,2,9,6,2013,12,8,12,6,0,2,1,1,3,2,2,8,0,,1,0,0,0
201395510971,3,1,2,23,2,19.2429,1,9,6,2013,8,2,8,0,0,1,1,1,2,1,2,8,0,1,1,0,0,0
201395510993,1,1,2,23,2,2.1381,1,9,5,2013,17,33,42,0,0,1,1,1,3,1,2,8,0,1,4,0,0,0
201395511015,4,1,1,23,2,342.096,2,9,5,2013,18,5,12,7,0,2,1,1,0,0,2,8,0,,1,0,0,0
201395511019,3,1,1,23,2,21.381,2,9,7,2013,14,15,9,0,0,2,1,1,3,1,2,8,1,2,1,0,0,0
201395511026,5,1,1,23,2,85.524,2,9,3,2013,14,35,12,1,0,2,1,1,5,1,2,8,0,,1,0,0,0
201395511027,2,1,1,23,2,64.143,2,9,3,2013,17,9,12,6,0,2,1,1,1,1,2,8,0,,1,0,0,0
201395511040,4,1,1,23,2,342.096,2,9,5,2013,13,20,12,1,0,2,1,1,0,0,2,8,0,,1,0,0,0
201395511058,3,1,1,23,2,21.381,1,9,6,2013,17,55,8,0,0,2,1,1,2,1,2,8,0,2,1,0,0,0
201395511062,4,1,1,23,2,342.096,2,9,6,2013,13,50,12,6,0,2,1,1,1,1,2,8,0,,1,0,0,0
201395511090,4,1,4,23,2,350.6484,2,9,2,2013,17,7,12,6,0,4,1,1,1,1,2,1,0,1,1,0,0,0
201395511192,5,1,4,23,2,89.8002,1,10,3,2013,12,35,42,0,0,1,1,1,1,3,1,1,0,1,4,0,0,0
201395511316,1,1,4,23,2,2.1381,2,10,5,2013,13,4,12,1,0,2,1,2,3,4,2,1,0,,1,0,0,0
201395511350,4,1,1,23,2,342.096,2,9,2,2013,16,5,12,6,0,4,1,1,0,0,2,8,0,1,1,0,0,0
201395511355,5,1,1,23,2,85.524,1,9,4,2013,23,13,42,0,0,1,3,1,2,1,2,8,0,1,4,0,0,0
201395511369,4,1,1,23,2,342.096,2,9,7,2013,21,35,12,6,0,2,3,1,0,0,2,8,0,2,1,0,0,0
201395511375,6,1,1,23,2,213.81,2,9,2,2013,8,30,12,6,0,2,3,1,0,0,2,8,0,,1,0,0,0
201395511390,4,1,1,23,2,342.096,2,10,4,2013,10,40,12,6,0,2,1,1,0,0,2,8,0,,1,0,0,0
201395511403,5,1,1,23,2,85.524,2,10,6,2013,12,46,12,1,0,1,1,1,1,4,2,8,0,1,1,0,0,0
201395511413,4,1,1,23,2,342.096,3,10,7,2013,19,31,12,1,0,2,3,1,1,1,2,8,0,,1,0,0,0
201395511426,1,1,1,23,2,21.381,2,10,2,2013,22,45,12,6,0,2,3,1,3,3,2,8,0,,1,0,0,0
201395511427,5,1,1,23,2,85.524,1,10,2,2013,23,20,42,0,0,1,2,1,2,1,2,8,0,1,4,0,0,0
201395511434,4,1,1,23,2,342.096,2,10,4,2013,5,31,12,6,0,2,3,1,0,0,2,8,0,3,1,0,0,0
201395511446,6,1,1,23,2,213.81,3,10,6,2013,11,12,12,1,0,2,1,2,1,1,2,8,0,,1,0,0,0
201395511459,4,1,1,23,2,342.096,2,10,4,2013,16,5,12,7,0,1,1,10,0,0,2,8,0,1,1,0,0,0
201395511463,2,1,1,23,2,64.143,2,10,7,2013,17,15,12,1,0,1,1,1,0,0,2,8,0,1,1,0,0,0
201395511466,5,1,1,23,2,85.524,1,10,2,2013,19,47,30,0,0,1,3,1,2,1,2,8,0,1,4,0,0,0
201395511479,4,1,1,23,2,342.096,2,10,6,2013,15,51,12,1,0,1,1,10,0,0,2,8,0,1,1,0,0,0
201395511482,3,1,1,23,2,21.381,1,10,6,2013,18,39,8,0,0,2,3,10,2,2,2,8,0,,1,0,0,0
201395511484,3,1,1,23,2,21.381,1,9,1,2013,18,27,8,0,0,2,1,1,2,2,2,8,0,2,1,0,0,0
201395511557,2,1,4,23,2,59.8668,2,10,5,2013,5,8,12,6,0,1,2,1,2,1,2,1,0,1,1,0,0,0
201395511605,1,1,1,23,2,21.381,2,10,6,2013,6,20,12,6,0,2,1,10,3,1,2,8,0,3,1,0,0,0
201395511612,5,1,1,23,2,85.524,2,10,2,2013,9,48,12,1,0,2,1,1,1,3,2,8,0,,1,0,0,0
201395511625,6,1,1,23,2,213.81,2,10,3,2013,7,45,12,6,0,1,1,1,0,0,2,8,0,1,1,0,0,0
201395511626,4,1,1,23,2,342.096,2,10,1,2013,23,30,12,1,0,2,3,1,0,0,2,8,0,2,1,0,0,0
201395511636,5,1,1,23,2,85.524,2,10,5,2013,16,55,12,1,0,1,5,1,1,3,2,8,0,1,1,0,0,0
201395511673,6,1,2,23,2,209.5338,1,10,6,2013,8,6,11,0,0,1,1,1,0,0,2,8,0,1,1,0,0,0
201395511684,1,1,2,23,2,2.1381,1,10,5,2013,3,11,42,0,0,1,2,1,3,1,1,8,0,1,4,0,0,0
201395511736,4,1,1,23,2,342.096,2,10,4,2013,8,33,14,0,0,1,1,1,0,0,2,8,1,1,7,0,0,0
201395511754,4,1,1,23,2,342.096,1,10,7,2013,20,0,11,0,0,1,3,1,0,0,2,8,0,1,1,0,0,0
201395511764,5,1,1,23,2,85.524,3,10,4,2013,9,52,12,2,0,1,1,1,2,2,2,8,0,1,1,14,0,0
201395511769,6,1,1,23,2,213.81,1,10,1,2013,4,23,42,0,0,1,3,1,0,0,2,8,0,1,4,0,0,0
201395511805,4,1,2,23,2,350.6484,2,10,3,2013,16,47,12,1,0,1,1,1,1,1,2,8,0,1,1,0,0,0
201395511872,5,1,1,23,2,85.524,2,10,5,2013,3,46,12,2,0,2,3,10,1,2,2,8,0,,1,0,0,0
201395511881,4,1,1,23,2,342.096,2,10,7,2013,15,47,12,6,0,4,1,10,0,0,2,8,0,1,1,0,0,0
201395511898,5,1,1,23,2,85.524,2,11,4,2013,19,40,12,6,0,2,3,1,1,1,2,8,0,,1,0,0,0
201395511900,4,1,1,23,2,342.096,1,11,5,2013,21,45,11,0,0,1,3,10,0,0,2,8,0,1,1,0,0,0
201395511911,6,1,1,23,2,213.81,3,10,3,2013,8,26,12,1,0,1,1,1,1,1,2,8,0,1,1,0,0,0
201395511920,5,1,1,23,2,85.524,2,10,5,2013,13,0,12,2,0,2,1,1,1,2,2,8,0,,1,0,0,0
201395511925,4,1,1,23,2,342.096,2,10,6,2013,20,12,12,1,0,2,5,1,1,1,2,8,0,,1,0,0,0
201395511927,3,1,1,23,2,21.381,1,10,7,2013,8,57,9,0,0,2,1,1,2,1,2,8,0,3,1,0,0,0
201395512008,1,1,4,23,2,2.1381,2,11,4,2013,12,29,12,2,0,2,1,1,3,3,2,1,0,2,1,0,0,0
201395512053,4,1,1,23,2,342.096,1,11,7,2013,21,55,9,0,0,2,3,10,1,1,2,8,0,,1,0,0,0
201395512071,4,1,1,23,2,342.096,2,11,7,2013,6,30,12,1,0,1,1,1,0,0,2,8,0,1,1,0,0,0
201395512076,5,1,1,23,2,85.524,2,11,4,2013,8,40,12,1,0,1,1,1,1,1,2,8,0,1,1,0,0,0
201395512077,1,1,1,23,2,21.381,1,11,2,2013,11,42,33,0,0,2,1,1,3,2,2,8,0,3,4,0,0,0
201395512092,4,1,1,23,2,342.096,2,11,2,2013,17,13,12,1,0,2,2,1,0,0,2,8,0,,1,0,0,0
201395512107,1,1,1,23,2,21.381,1,10,2,2013,16,30,33,0,0,1,1,1,3,1,2,8,0,1,4,0,0,0
201395512128,1,1,2,23,2,2.1381,1,11,7,2013,14,32,59,0,0,1,1,1,3,1,2,8,0,1,4,0,0,0
201395512131,1,1,2,23,2,2.1381,1,11,2,2013,9,55,42,0,0,1,1,1,3,1,2,8,0,1,4,0,0,0
201395512136,1,1,2,23,2,2.1381,1,11,6,2013,14,6,30,0,0,1,1,10,3,3,2,8,0,1,4,0,0,0
201395512207,4,1,4,23,2,350.6484,2,11,2,2013,7,52,12,6,0,2,1,2,0,0,2,1,0,3,1,0,0,0
201395512227,6,1,1,23,2,213.81,2,11,6,2013,20,9,12,7,0,4,3,10,0,0,2,8,0,1,1,0,0,0
201395512230,3,1,1,23,2,21.381,1,11,7,2013,18,35,9,0,0,2,3,1,2,1,2,8,0,2,1,0,0,0
201395512231,5,1,1,23,2,85.524,2,11,2,2013,6,28,14,0,0,1,1,1,2,1,2,8,1,1,2,0,0,0
201395512235,4,1,1,23,2,342.096,2,11,2,2013,17,52,12,7,0,6,3,10,0,0,2,8,0,1,1,0,0,0
201395512253,1,1,1,23,2,21.381,1,11,2,2013,14,31,42,0,0,2,1,1,3,1,2,8,0,3,4,0,0,0
201395512256,5,1,1,23,2,85.524,3,11,3,2013,6,15,12,6,0,2,1,2,1,4,2,8,0,,1,0,0,0
201395512258,4,1,1,23,2,342.096,2,11,4,2013,7,20,12,1,0,1,1,1,0,0,2,8,0,1,1,0,0,0
201395512279,6,1,1,23,2,213.81,1,11,6,2013,8,17,25,0,0,1,1,2,1,1,2,8,0,1,3,0,0,0
201395512283,4,1,1,23,2,342.096,2,11,4,2013,18,46,12,1,0,1,3,1,0,0,1,8,0,1,1,0,0,0
201395512288,5,1,1,23,2,85.524,2,11,5,2013,12,5,12,1,0,2,1,1,1,1,2,8,0,,1,0,0,0
201395512352,6,1,4,23,2,209.5338,2,11,5,2013,15,6,12,1,0,2,1,1,2,3,2,1,0,3,1,0,0,0
201395512372,4,1,1,23,2,342.096,2,11,5,2013,7,45,12,7,0,1,1,1,0,0,2,8,0,1,1,0,0,0
201395512374,5,1,1,23,2,85.524,2,11,6,2013,9,10,12,1,0,2,1,1,1,1,2,8,0,,1,0,0,0
201395512384,2,1,1,23,2,64.143,2,11,4,2013,7,11,12,6,0,2,1,1,1,1,2,8,0,,1,0,0,0
201395512395,4,1,1,23,2,342.096,2,11,2,2013,14,43,12,7,0,1,1,1,0,0,2,8,0,1,1,0,0,0
201395512507,6,1,1,23,2,213.81,1,11,7,2013,1,45,33,0,0,1,3,1,0,0,2,8,0,1,4,0,0,0
201395512509,5,1,1,23,2,85.524,2,11,7,2013,13,30,12,2,0,2,1,1,2,3,2,8,0,,1,0,0,0
201395512519,4,1,1,23,2,342.096,3,11,4,2013,9,24,12,1,0,2,1,1,0,0,2,8,0,2,1,0,0,0
201395512537,5,1,1,23,2,85.524,2,11,7,2013,12,18,33,0,0,1,1,1,2,1,2,8,1,1,4,14,0,0
201395512541,4,1,1,23,2,342.096,1,11,7,2013,20,36,59,0,0,1,3,1,0,0,2,8,0,1,4,0,0,0
201395512561,4,1,1,23,2,342.096,2,11,4,2013,18,8,12,1,0,2,3,2,0,0,2,8,0,,1,0,0,0
201395512562,6,1,1,23,2,213.81,2,11,4,2013,18,24,12,6,0,2,3,2,1,1,2,8,0,,1,0,0,0
201395512580,5,1,1,23,2,85.524,2,11,4,2013,13,50,12,1,0,1,1,2,2,2,2,8,0,1,1,0,0,0
201395512591,4,1,1,23,2,342.096,2,12,3,2013,16,53,12,1,0,2,3,1,1,1,2,8,0,,1,0,0,0
201395512596,6,1,1,23,2,213.81,1,12,1,2013,4,25,30,0,0,1,2,2,1,1,2,8,0,1,4,0,0,0
201395512602,5,1,1,23,2,85.524,2,11,7,2013,17,46,12,2,0,2,3,10,1,1,2,8,0,2,1,0,0,0
201395512609,3,1,1,23,2,21.381,1,11,6,2013,11,29,9,0,0,2,1,2,2,1,2,8,0,,1,0,0,0
201395512667,1,1,2,23,2,2.1381,2,11,6,2013,5,25,12,2,0,1,2,10,3,4,2,8,0,1,1,0,0,0
201395512713,4,1,1,23,2,342.096,2,12,1,2013,12,5,12,1,0,2,1,1,0,0,2,8,0,,1,0,0,0
201395512732,4,1,1,23,2,342.096,2,12,5,2013,12,38,12,7,0,2,1,1,0,0,2,8,0,,1,0,0,0
201395512751,6,1,1,23,2,213.81,2,12,6,2013,23,21,12,7,0,1,3,2,0,0,2,8,0,1,1,0,0,0
201395512754,3,1,1,23,2,21.381,2,12,7,2013,13,28,12,1,0,1,1,10,2,2,2,8,0,1,1,0,0,0
201395512756,4,1,1,23,2,342.096,2,12,7,2013,16,15,12,1,0,2,1,10,1,1,2,8,0,,1,0,0,0
201395512763,1,1,1,23,2,21.381,2,12,1,2013,16,6,12,2,0,1,5,10,4,2,2,8,0,1,1,0,0,0
201395512772,5,1,1,23,2,85.524,2,12,4,2013,16,54,12,7,0,2,3,1,1,1,2,8,0,,1,0,0,0
201395512857,1,1,4,23,2,2.1381,1,12,5,2013,16,18,30,0,0,1,5,1,3,1,2,1,0,1,4,0,0,0
201395512935,4,1,1,23,2,342.096,2,12,5,2013,9,5,12,1,0,1,1,1,0,0,2,8,0,1,1,0,0,0
201395512946,6,1,1,23,2,213.81,3,12,6,2013,16,45,12,1,0,1,5,1,1,2,2,8,0,1,1,0,0,0
201395512955,4,1,1,23,2,342.096,2,12,7,2013,12,33,14,0,0,1,1,4,0,0,2,8,1,1,7,0,0,0
201395512963,5,1,1,23,2,85.524,2,12,6,2013,9,35,12,6,0,2,1,2,2,2,2,8,0,,1,0,0,0
201395512976,4,1,1,23,2,342.096,2,12,1,2013,1,57,14,0,0,1,3,2,0,0,2,8,1,1,7,0,0,0
201395512995,4,1,1,23,2,342.096,2,12,2,2013,18,42,12,1,0,2,3,10,0,0,2,8,0,,1,0,0,0
201395513011,5,1,1,23,2,85.524,2,12,3,2013,13,10,12,2,0,1,1,4,1,1,2,8,0,1,1,0,0,0
201395513020,4,1,1,23,2,342.096,2,12,5,2013,19,30,14,0,0,1,3,10,0,0,2,8,1,1,7,0,0,0
201395513068,4,1,2,23,2,350.6484,2,12,7,2013,15,44,12,1,0,2,1,1,1,1,2,8,0,,1,0,0,0
201395513128,5,1,4,23,2,89.8002,2,12,6,2013,13,34,12,2,0,4,1,1,1,1,2,1,0,1,1,0,0,0
201395513169,3,1,1,23,2,21.381,1,12,4,2013,19,15,30,0,0,1,3,10,3,1,2,8,0,1,4,0,0,0
201395513174,4,1,1,23,2,342.096,2,12,6,2013,19,7,12,1,0,2,3,1,0,0,2,8,0,,1,0,0,0
201395513177,5,1,1,23,2,85.524,2,12,1,2013,22,19,12,6,0,4,3,1,1,2,2,8,0,1,1,0,0,0
201395513187,6,1,1,23,2,213.81,2,12,5,2013,17,10,12,6,0,2,3,1,0,0,2,8,0,,1,0,0,0
201395513250,4,1,1,23,2,342.096,2,12,3,2013,21,15,14,0,0,1,2,4,0,0,2,8,1,1,7,0,0,0
201395513254,5,1,1,23,2,85.524,1,12,3,2013,10,29,30,0,0,2,1,1,5,1,2,8,0,3,4,0,0,0
201395513273,4,1,1,23,2,342.096,2,12,1,2013,15,45,12,1,0,2,1,2,0,0,2,8,0,,1,0,0,0
201395513275,3,1,1,23,2,21.381,1,12,1,2013,18,8,9,0,0,4,2,2,2,1,2,8,0,1,1,0,0,0
201395513290,2,1,1,23,2,64.143,2,12,4,2013,11,34,12,6,0,2,1,10,1,1,2,8,0,3,1,0,0,0
201395513293,4,1,1,23,2,342.096,2,12,5,2013,8,50,12,1,0,2,1,1,0,0,2,8,0,,1,0,0,0
201395513308,6,1,1,23,2,213.81,2,12,7,2013,18,49,12,9,0,2,3,1,0,0,2,8,0,,1,0,0,0
201395513314,4,1,1,23,2,342.096,2,12,5,2013,17,35,12,1,0,1,3,10,1,1,2,8,0,1,1,0,0,0
201395513478,6,1,1,23,2,213.81,2,12,3,2013,20,0,12,6,0,2,3,1,0,0,2,8,0,,1,0,0,0
201395513479,5,1,1,23,2,85.524,2,12,1,2013,5,40,12,6,0,2,3,10,1,1,2,8,0,,1,0,0,0
201395513482,4,1,1,23,2,342.096,2,12,6,2013,12,45,12,7,0,2,1,1,0,0,2,8,0,,1,0,0,0
201399501615,6,4,7,79,10,210.7858,2,1,6,2013,9,35,12,1,0,2,1,1,1,2,2,3,0,2,1,0,0,0
201399501623,5,4,7,79,10,88.751915,2,1,3,2013,1,30,12,2,0,2,3,1,1,2,2,3,0,7,1,0,0,0
201399501626,1,4,7,79,10,11.093989,1,1,3,2013,1,30,33,0,0,2,3,1,4,1,2,3,0,3,4,0,0,0
201399501627,3,4,7,79,10,22.187979,1,1,3,2013,8,20,8,0,0,2,1,1,3,1,2,3,0,,1,0,0,0
201399501691,3,4,1,79,10,22.187979,1,1,2,2013,15,25,8,0,0,2,1,1,2,1,2,3,0,2,1,0,0,0
201399501696,4,4,1,79,10,355.00766,2,1,1,2013,14,20,12,1,0,1,1,2,0,0,2,3,0,1,1,0,0,0
201399501697,3,4,1,79,10,22.187979,1,1,3,2013,20,35,8,0,0,1,3,1,3,1,2,3,0,1,1,16,0,0
201399501716,5,4,1,79,10,88.751915,1,1,3,2013,17,40,30,0,0,1,5,1,2,1,2,3,0,1,4,0,0,0
201399501728,5,4,7,79,10,88.751915,3,1,7,2013,18,20,12,1,0,2,3,1,1,1,2,3,0,,1,0,0,0
201399501747,4,4,7,79,10,355.00766,3,1,5,2013,17,20,14,0,0,1,3,1,0,0,2,3,2,1,7,0,0,0
201399501751,2,4,7,79,10,55.469944,2,1,3,2013,15,50,12,6,0,2,1,1,3,1,2,3,0,3,1,0,0,0