CASENUM,STRATUM,REGION,PJ,PSU,PSUSTRAT,WEIGHT,VE_TOTAL,MONTH,WKDY_IM,YEAR,HOUR_IM,MINUTE_IM,EVENT1_IM,MANCOL_IM,RELJCT1_IM,RELJCT2_IM,LGTCON_IM,WEATHR_IM,MAXSEV_IM,NO_INJ_IM,ALCHL_IM,LAND_USE,PVH_INVL,TYP_INT,REL_ROAD,CF1,CF2,CF3
201399504153,3,4,1,79,10,22.187979,1,7,2,2013,16,0,9,0,0,2,1,1,2,1,2,3,0,2,1,0,0,0
201399504165,1,4,1,79,10,11.093989,2,8,1,2013,4,0,12,6,0,4,3,1,3,3,2,3,0,1,1,0,0,0
201399504176,3,4,1,79,10,22.187979,1,8,5,2013,11,20,9,0,0,4,1,1,2,1,2,3,0,1,1,0,0,0
201399504177,5,4,1,79,10,88.751915,2,8,5,2013,13,0,12,6,0,2,1,1,1,2,2,3,0,2,1,0,0,0
201399504186,6,4,1,79,10,210.7858,3,8,2,2013,19,20,12,6,0,1,1,1,2,2,2,3,1,1,1,0,0,0
201399504189,3,4,7,79,10,22.187979,2,7,6,2013,12,55,12,6,0,4,1,1,2,2,2,3,0,1,1,0,0,0
201399504194,3,4,7,79,10,22.187979,2,7,3,2013,15,47,12,7,0,2,1,1,3,1,2,3,0,,1,0,0,0
201399504199,4,4,7,79,10,355.00766,2,8,7,2013,20,35,14,0,0,4,2,1,0,0,2,3,1,1,7,20,0,0
201399504206,3,4,7,79,10,22.187979,2,8,4,2013,21,15,12,1,0,1,3,1,2,2,2,3,0,1,1,0,0,0
201399504213,3,4,7,79,10,22.187979,1,8,7,2013,7,45,9,0,0,4,1,10,2,1,2,3,0,1,1,0,0,0
201399504219,6,4,7,79,10,210.7858,1,7,1,2013,5,0,38,0,0,1,6,1,0,0,1,3,0,1,4,0,0,0
201399504221,3,4,7,79,10,22.187979,1,7,4,2013,12,25,9,0,0,4,1,1,2,1,2,3,0,1,1,16,0,0
201399504225,1,4,7,79,10,11.093989,1,8,7,2013,0,50,1,0,0,1,3,1,3,2,1,3,0,1,1,0,0,0
201399504242,3,4,7,79,10,22.187979,2,8,5,2013,8,30,12,1,0,2,1,1,3,1,2,3,0,2,1,0,0,0
201399504243,5,4,7,79,10,88.751915,2,8,6,2013,20,15,12,7,0,1,5,1,2,1,1,3,0,1,1,0,0,0
201399504246,3,4,7,79,10,22.187979,1,8,1,2013,20,30,8,0,0,1,3,1,2,1,1,3,0,1,1,0,0,0
201399504267,4,4,1,79,10,355.00766,2,8,3,2013,13,30,12,6,0,4,1,1,1,1,2,3,0,1,1,0,0,0
201399504276,3,4,1,79,10,22.187979,1,8,3,2013,16,20,9,0,0,2,1,1,2,1,2,3,0,,1,0,0,0
201399504279,3,4,1,79,10,22.187979,1,8,6,2013,15,15,9,0,0,2,1,1,3,1,2,3,0,2,1,0,0,0
201399504295,5,4,1,79,10,88.751915,2,8,5,2013,20,15,12,6,0,2,3,1,1,1,2,3,0,2,1,0,0,0
201399504321,3,4,7,79,10,22.187979,1,8,7,2013,23,45,18,0,0,2,3,1,3,1,2,3,0,3,1,0,0,0
201399504331,4,4,7,79,10,355.00766,2,8,4,2013,23,39,12,1,0,1,3,1,1,1,2,3,0,1,1,0,0,0
201399504333,1,4,7,79,10,11.093989,1,8,7,2013,1,35,1,0,0,1,3,1,3,1,2,3,0,1,4,0,0,0
201399504345,6,4,7,79,10,210.7858,2,8,6,2013,19,0,14,0,0,1,1,1,2,1,2,3,1,1,7,0,0,0
201399504349,5,4,7,79,10,88.751915,2,8,3,2013,20,50,12,2,0,2,3,1,2,2,1,3,0,2,1,0,0,0
201399504375,1,4,1,79,10,11.093989,2,8,5,2013,9,10,12,6,0,4,1,1,3,2,2,3,0,1,1,0,0,0
201399504383,5,4,1,79,10,88.751915,2,8,5,2013,8,25,12,6,0,2,1,1,1,2,2,3,0,,1,0,0,0
201399504388,3,4,1,79,10,22.187979,1,8,2,2013,14,55,1,0,0,2,1,1,2,1,2,3,0,,1,0,0,0
201399504390,1,4,1,79,10,11.093989,2,8,2,2013,13,15,12,6,0,2,1,1,3,3,2,3,0,3,1,0,0,0
201399504407,3,4,7,79,10,22.187979,1,8,7,2013,23,40,8,0,0,1,3,1,4,1,1,3,0,1,1,0,0,0
201399504420,3,4,7,79,10,22.187979,2,8,5,2013,20,20,12,6,0,4,3,1,2,1,2,3,0,1,1,0,0,0
201399504426,3,4,7,79,10,22.187979,2,8,4,2013,14,55,12,2,0,2,1,1,2,1,2,3,0,,1,0,0,0
201399504432,1,4,7,79,10,11.093989,2,8,1,2013,1,20,12,6,0,2,3,1,3,2,1,3,0,2,1,0,0,0
201399504443,4,4,7,79,10,355.00766,2,8,3,2013,8,0,12,6,0,2,1,1,0,0,2,3,0,2,1,0,0,0
201399504445,3,4,7,79,10,22.187979,2,8,2,2013,10,10,12,1,0,1,1,1,2,1,2,3,0,1,1,0,0,0
201399504476,3,4,1,79,10,22.187979,2,9,7,2013,0,1,12,7,0,4,3,1,2,1,2,3,0,1,1,0,0,0
201399504480,6,4,1,79,10,210.7858,2,9,3,2013,0,1,14,0,0,1,3,1,0,0,2,3,1,1,7,,,
201399504494,5,4,1,79,10,88.751915,2,9,4,2013,9,45,12,6,0,2,1,1,1,1,2,3,0,,1,0,0,0
201399504495,1,4,1,79,10,11.093989,3,9,4,2013,10,55,12,2,0,2,1,1,4,2,2,3,0,2,1,0,0,0
201399504504,4,4,1,79,10,355.00766,2,9,6,2013,20,20,12,6,0,2,3,1,1,1,2,3,0,,1,0,0,0
201399504512,3,4,1,79,10,22.187979,2,9,3,2013,20,10,12,6,0,2,3,1,2,1,1,3,0,,1,0,0,0
201399504528,5,4,1,79,10,88.751915,2,9,2,2013,17,15,12,6,0,2,1,1,2,1,2,3,0,,1,0,0,0
201399504539,4,4,7,79,10,355.00766,2,8,7,2013,22,2,14,0,0,1,3,1,0,0,2,3,1,1,7,,,
201399504573,3,4,7,79,10,22.187979,2,9,1,2013,20,20,12,6,0,2,3,1,2,1,2,3,0,2,1,0,0,0
201399504574,5,4,7,79,10,88.751915,2,9,2,2013,16,5,12,6,0,4,1,1,1,5,2,3,0,1,1,0,0,0
201399504584,3,4,7,79,10,22.187979,1,9,5,2013,5,55,8,0,0,2,4,1,2,1,2,3,0,4,1,0,0,0
201399504595,3,4,7,79,10,22.187979,2,8,6,2013,17,40,12,6,0,2,1,1,2,1,2,3,0,,1,0,0,0
201399504615,3,4,7,79,10,22.187979,1,9,2,2013,15,45,8,0,0,1,1,1,3,1,2,3,0,1,1,0,0,0
201399504616,6,4,7,79,10,210.7858,2,9,3,2013,8,55,12,6,0,4,1,1,1,1,2,3,0,1,1,0,0,0
201399504617,5,4,7,79,10,88.751915,2,9,3,2013,16,35,12,6,0,2,1,1,2,2,2,3,0,,1,0,0,0
201399504629,3,4,7,79,10,22.187979,2,9,1,2013,11,20,12,6,0,2,1,1,2,1,2,3,0,,1,0,0,0
201399504636,1,4,7,79,10,11.093989,1,9,3,2013,8,45,33,0,0,2,1,1,3,3,2,3,0,10,4,20,0,0
201399504638,4,4,7,79,10,355.00766,2,9,3,2013,19,40,12,1,0,2,3,1,1,1,2,3,0,,1,0,0,0
201399504655,3,4,7,79,10,22.187979,1,9,2,2013,18,0,8,0,0,2,1,1,3,2,2,3,0,2,1,0,0,0
201399504660,5,4,7,79,10,88.751915,3,9,5,2013,10,10,12,6,0,2,1,1,2,4,2,3,0,2,1,0,0,0
201399504665,3,4,7,79,10,22.187979,2,9,5,2013,15,0,12,6,0,4,1,1,2,3,2,3,0,1,1,0,0,0
201399504679,3,4,7,79,10,22.187979,1,9,4,2013,20,55,8,0,0,2,3,1,3,1,1,3,0,2,1,0,0,0
201399504685,6,4,7,79,10,210.7858,3,9,5,2013,15,50,12,6,0,2,1,1,1,2,2,3,0,,1,0,0,0
201399504717,3,4,1,79,10,22.187979,2,9,2,2013,12,30,9,0,0,4,1,1,2,1,2,3,0,1,1,0,0,0
201399504732,3,4,7,79,10,22.187979,1,9,5,2013,17,15,8,0,0,2,1,1,2,1,2,3,0,2,1,0,0,0
201399504736,1,4,7,79,10,11.093989,2,9,7,2013,10,5,12,6,0,2,1,1,3,2,2,3,0,2,1,0,0,0
201399504743,1,4,7,79,10,11.093989,2,9,2,2013,5,50,12,2,0,2,4,1,3,3,2,3,0,,1,0,0,0
201399504752,3,4,7,79,10,22.187979,1,9,1,2013,17,20,8,0,0,1,1,1,2,1,2,3,0,1,1,,,
201399504758,2,4,7,79,10,55.469944,2,9,5,2013,15,0,12,7,0,1,1,1,1,1,2,3,0,1,1,0,0,0
201399504765,4,4,7,79,10,355.00766,2,9,7,2013,10,45,14,0,0,1,1,1,0,0,2,3,1,1,7,,,
201399504777,5,4,7,79,10,88.751915,2,9,7,2013,18,45,12,6,0,2,5,1,1,2,2,3,0,,1,0,0,0
201399504791,1,4,1,79,10,11.093989,2,10,3,2013,9,30,12,6,0,4,1,1,3,2,2,3,0,1,1,0,0,0
201399504792,5,4,1,79,10,88.751915,2,10,4,2013,17,10,12,6,0,4,1,1,1,2,2,3,0,1,1,0,0,0
201399504808,6,4,1,79,10,210.7858,2,10,4,2013,15,45,12,1,0,2,1,1,1,1,2,3,0,2,1,0,0,0
201399504812,4,4,1,79,10,355.00766,1,10,5,2013,14,45,9,0,0,1,1,1,1,1,2,3,0,1,1,0,0,0
201399504825,3,4,1,79,10,22.187979,2,10,7,2013,3,40,14,0,0,1,3,1,2,2,1,3,1,1,7,0,0,0
201399504828,3,4,1,79,10,22.187979,1,10,2,2013,0,15,8,0,0,2,3,1,4,1,2,3,0,2,1,0,0,0
201399504843,3,4,7,79,10,22.187979,2,10,7,2013,19,0,12,6,0,2,3,1,3,1,2,3,0,2,1,0,0,0
201399504846,6,4,7,79,10,210.7858,3,9,2,2013,16,30,12,6,0,2,1,1,0,0,2,3,0,,1,0,0,0
201399504852,3,4,7,79,10,22.187979,1,10,7,2013,13,30,8,0,0,2,1,1,2,1,2,3,0,2,1,0,0,0
201399504860,3,4,7,79,10,22.187979,2,10,6,2013,8,23,12,11,0,2,1,1,2,1,2,3,0,,1,0,0,0
201399504861,1,4,7,79,10,11.093989,3,10,6,2013,21,30,12,6,0,2,6,1,3,2,2,3,0,2,1,0,0,0
201399504867,1,4,7,79,10,11.093989,1,10,6,2013,21,25,33,0,0,1,3,8,3,1,1,3,0,1,4,0,0,0
201399504889,1,4,7,79,10,11.093989,2,10,2,2013,14,45,12,6,0,2,1,1,4,9,2,3,0,2,1,0,0,0
201399504894,3,4,7,79,10,22.187979,2,10,4,2013,19,30,12,6,0,2,3,1,2,3,1,3,0,2,1,0,0,0
201399504906,3,4,7,79,10,22.187979,1,9,6,2013,9,20,9,0,0,2,1,1,2,1,2,3,0,,1,0,0,0
201399504909,1,4,7,79,10,11.093989,2,10,1,2013,1,0,12,6,0,2,3,1,3,7,2,3,0,,1,0,0,0
201399504917,4,4,7,79,10,355.00766,2,10,3,2013,6,0,12,7,0,1,1,1,1,2,2,3,0,1,1,0,0,0
201399504922,3,4,7,79,10,22.187979,1,10,6,2013,17,0,8,0,0,2,1,1,2,2,2,3,0,3,1,15,0,0
201399504949,6,4,7,79,10,210.7858,2,10,4,2013,18,50,12,2,0,2,5,1,2,2,2,3,0,,1,0,0,0
201399504960,3,4,7,79,10,22.187979,1,10,4,2013,17,40,8,0,0,4,1,1,2,1,2,3,0,1,1,0,0,0
201399504969,1,4,7,79,10,11.093989,2,10,1,2013,18,35,12,6,0,2,5,1,3,4,1,3,0,2,1,0,0,0
201399504977,5,4,7,79,10,88.751915,3,10,2,2013,18,20,12,6,0,2,5,1,1,1,2,3,0,2,1,0,0,0
201399504985,3,4,7,79,10,22.187979,2,10,2,2013,17,0,12,2,0,2,1,1,2,2,2,3,0,2,1,0,0,0
201399504986,1,4,7,79,10,11.093989,2,10,1,2013,14,25,12,2,0,1,1,1,3,1,2,3,0,1,1,0,0,0
201399504995,4,4,7,79,10,355.00766,2,10,1,2013,1,40,14,0,0,1,3,1,0,0,2,3,1,1,7,0,0,0
201399505007,3,4,7,79,10,22.187979,1,10,5,2013,16,30,9,0,0,1,1,1,2,1,2,3,0,1,1,16,0,0
201399505016,3,4,7,79,10,22.187979,1,10,6,2013,13,50,8,0,0,2,1,1,2,1,2,3,0,2,1,0,0,0
201399505032,5,4,7,79,10,88.751915,3,10,5,2013,21,25,12,6,0,2,3,1,1,3,2,3,1,2,1,0,0,0
201399505034,6,4,7,79,10,210.7858,2,10,7,2013,0,5,12,7,0,2,3,1,3,2,2,3,0,2,1,0,0,0
201399505050,1,4,7,79,10,11.093989,3,10,1,2013,15,20,12,6,0,2,1,1,3,4,2,3,0,,1,0,0,0
201399505069,5,4,7,79,10,88.751915,3,10,7,2013,10,25,12,6,0,2,1,1,1,1,2,3,0,2,1,0,0,0
201399505081,1,4,7,79,10,11.093989,2,10,3,2013,16,0,12,2,0,2,1,1,3,3,2,3,0,2,1,0,0,0
201399505082,3,4,7,79,10,22.187979,1,10,6,2013,6,15,9,0,0,2,4,1,2,1,2,3,0,,1,0,0,0
201399505084,3,4,7,79,10,22.187979,1,10,7,2013,16,15,9,0,0,2,1,1,2,1,2,3,0,,1,0,0,0
201399505089,4,4,7,79,10,355.00766,2,10,2,2013,19,30,12,11,0,2,1,1,0,0,2,3,0,,1,0,0,0
201399505093,3,4,7,79,10,22.187979,1,10,3,2013,6,50,8,0,0,2,3,1,2,1,2,3,0,2,1,0,0,0
201399505102,5,4,7,79,10,88.751915,2,10,1,2013,9,0,12,6,0,2,1,1,2,4,2,3,0,,1,0,0,0
201399505127,4,4,1,79,10,355.00766,1,10,3,2013,9,15,8,0,0,2,1,1,1,1,2,3,0,3,1,0,0,0
201399505130,3,4,1,79,10,22.187979,1,11,6,2013,7,30,8,0,0,1,1,1,4,1,2,3,0,1,1,0,0,0
201399505136,3,4,1,79,10,22.187979,1,11,6,2013,13,5,9,0,0,2,1,1,2,1,2,3,0,3,1,0,0,0
201399505140,6,4,1,79,10,210.7858,1,11,1,2013,17,40,8,0,0,1,3,1,2,1,1,3,0,1,1,0,0,0
201399505149,5,4,1,79,10,88.751915,2,10,6,2013,11,30,12,1,0,2,1,1,2,1,2,3,0,3,1,0,0,0
201399505161,1,4,1,79,10,11.093989,3,11,6,2013,1,25,30,0,0,1,3,1,3,1,2,3,2,1,4,14,0,0
201399505173,3,4,1,79,10,22.187979,1,10,2,2013,7,20,8,0,0,2,1,1,2,1,2,3,0,,1,0,0,0
201399505191,6,4,7,79,10,210.7858,1,10,5,2013,22,10,53,0,0,1,2,1,0,0,1,3,0,1,4,0,0,0
201399505192,3,4,7,79,10,22.187979,1,10,5,2013,19,10,15,0,0,1,3,1,2,1,2,3,0,1,1,0,0,0
201399505196,3,4,7,79,10,22.187979,1,11,6,2013,19,55,9,0,0,2,3,1,2,1,2,3,0,7,1,0,0,0
201399505214,3,4,7,79,10,22.187979,1,11,6,2013,19,35,52,0,0,1,3,1,4,1,2,3,0,1,4,0,0,0
201399505223,3,4,7,79,10,22.187979,1,10,5,2013,19,50,15,0,0,2,3,1,2,1,2,3,0,,1,0,0,0
201399505249,5,4,7,79,10,88.751915,2,11,4,2013,7,20,12,6,0,4,1,1,2,2,2,3,0,1,1,0,0,0
201399505261,3,4,7,79,10,22.187979,1,11,2,2013,17,15,8,0,0,2,1,1,2,1,2,3,0,,1,0,0,0
201399505268,1,4,7,79,10,11.093989,2,11,7,2013,6,25,12,2,0,1,1,1,3,2,2,3,0,1,1,0,0,0
201399505270,4,4,7,79,10,355.00766,1,11,6,2013,16,0,8,0,0,2,1,1,1,1,2,3,0,2,1,0,0,0
201399505284,5,4,7,79,10,88.751915,2,11,1,2013,13,20,12,6,0,2,1,10,2,2,2,3,0,,1,0,0,0
201399505292,3,4,7,79,10,22.187979,2,11,4,2013,15,40,12,6,0,2,1,1,2,1,2,3,0,,1,0,0,0
201399505297,6,4,7,79,10,210.7858,2,11,7,2013,16,35,14,0,0,1,5,1,1,1,2,3,1,1,7,0,0,0
201399505345,4,4,1,79,10,355.00766,2,11,4,2013,21,30,12,6,0,1,3,1,0,0,2,3,0,1,1,0,0,0
201399505399,5,4,7,79,10,88.751915,2,11,1,2013,16,40,12,6,0,2,5,1,2,2,1,3,0,,1,0,0,0
201399505401,3,4,7,79,10,22.187979,1,11,3,2013,23,35,33,0,0,1,3,1,2,2,2,3,0,1,4,0,0,0
201399505405,3,4,7,79,10,22.187979,2,11,5,2013,18,15,12,1,0,2,3,1,2,2,2,3,0,2,1,0,0,0
201399505411,4,4,7,79,10,355.00766,2,11,2,2013,10,45,12,1,0,2,1,1,1,1,2,3,0,,1,0,0,0
201399505472,3,4,1,79,10,22.187979,1,11,6,2013,14,0,9,0,0,4,1,10,2,1,2,3,0,1,1,0,0,0
201399505488,5,4,1,79,10,88.751915,2,11,7,2013,18,5,12,1,0,2,3,1,1,4,2,3,0,,1,0,0,0
201399505497,2,4,1,79,10,55.469944,3,11,6,2013,11,10,12,6,0,2,1,2,1,1,2,3,0,2,1,0,0,0
201399505500,3,4,1,79,10,22.187979,2,11,4,2013,18,0,12,2,0,2,3,10,2,1,1,3,0,,1,0,0,0
201399505507,4,4,1,79,10,355.00766,2,11,5,2013,17,55,12,8,0,1,1,1,0,0,2,3,0,1,1,0,0,0
201399505512,1,4,1,79,10,11.093989,2,11,7,2013,14,0,12,2,0,2,1,1,3,3,2,3,0,,1,0,0,0
201399505518,5,4,1,79,10,88.751915,2,11,5,2013,2,10,12,6,0,2,3,1,2,2,1,3,0,2,1,0,0,0
201399505562,3,4,7,79,10,22.187979,1,11,1,2013,9,20,9,0,0,2,1,1,2,1,2,3,0,,1,16,0,0
201399505568,3,4,7,79,10,22.187979,1,11,7,2013,20,0,9,0,0,2,3,1,2,1,2,3,0,,1,0,0,0
201399505575,5,4,7,79,10,88.751915,2,11,2,2013,17,35,12,2,0,2,5,1,3,2,2,3,0,2,1,0,0,0
201399505585,4,4,7,79,10,355.00766,2,11,1,2013,20,45,12,1,0,2,3,1,1,2,2,3,0,2,1,0,0,0
201399505588,6,4,7,79,10,210.7858,1,11,5,2013,11,15,30,0,0,2,1,1,0,0,1,3,0,,4,0,0,0
201399505594,3,4,7,79,10,22.187979,1,12,1,2013,17,45,33,0,0,2,5,1,2,1,2,3,0,,4,0,0,0
201399505599,1,4,7,79,10,11.093989,2,11,1,2013,10,20,12,6,0,1,1,1,3,1,1,3,0,1,1,0,0,0
201399505600,3,4,7,79,10,22.187979,1,11,2,2013,7,20,9,0,0,2,1,1,2,1,2,3,0,,1,0,0,0
201399505613,3,4,7,79,10,22.187979,2,12,2,2013,17,10,12,6,0,2,3,10,2,1,2,3,0,,1,0,0,0
201399505637,3,4,7,79,10,22.187979,2,12,2,2013,23,0,12,1,0,1,3,1,2,1,2,3,0,1,1,0,0,0
201399505659,3,4,7,79,10,22.187979,1,11,4,2013,17,30,8,0,0,2,3,1,2,1,2,3,0,2,1,0,0,0
201399505866,1,4,1,79,10,11.093989,1,12,6,2013,6,45,40,0,0,1,1,1,3,2,2,3,0,1,4,0,0,0
201399505867,5,4,1,79,10,88.751915,2,12,7,2013,13,0,12,6,0,2,1,10,2,2,2,3,0,2,1,0,0,0
201399505878,4,4,1,79,10,355.00766,2,12,5,2013,15,20,12,6,0,2,1,2,0,0,2,3,0,2,1,,,
201399505887,1,4,1,79,10,11.093989,1,12,1,2013,2,10,33,0,0,1,3,1,3,2,1,3,0,1,4,0,0,0
201399505897,3,4,7,79,10,22.187979,2,12,7,2013,23,50,14,0,0,1,3,1,2,2,2,3,1,1,7,0,0,0
201399505903,3,4,7,79,10,22.187979,1,12,4,2013,15,45,8,0,0,2,1,1,2,1,2,3,0,,1,0,0,0
201399505905,5,4,7,79,10,88.751915,2,12,1,2013,8,0,12,6,0,2,1,1,1,1,2,3,0,,1,0,0,0
201399505906,6,4,7,79,10,210.7858,2,12,3,2013,21,15,12,1,0,2,3,1,1,1,2,3,0,2,1,0,0,0
201399505912,4,4,7,79,10,355.00766,2,12,2,2013,12,10,14,0,0,1,1,1,0,0,2,3,1,1,7,,,
201399505918,3,4,7,79,10,22.187979,1,12,4,2013,22,0,33,0,0,1,3,1,3,2,2,3,0,1,4,0,0,0
201399505923,1,4,7,79,10,11.093989,3,12,2,2013,15,10,12,6,0,2,1,1,3,3,2,3,1,2,1,20,0,0
201399505955,3,4,1,79,10,22.187979,2,12,2,2013,10,0,12,2,0,1,1,1,2,1,2,3,0,1,1,0,0,0
201399505965,3,4,1,79,10,22.187979,2,12,2,2013,12,15,12,2,0,2,1,1,2,1,2,3,0,,1,0,0,0
201399505984,1,4,7,79,10,11.093989,2,12,6,2013,7,15,12,2,0,4,1,1,3,1,2,3,0,1,11,0,0,0
201399505985,5,4,7,79,10,88.751915,2,12,1,2013,18,30,12,1,0,2,1,1,2,4,2,3,0,,1,0,0,0
201399505986,3,4,7,79,10,22.187979,1,12,2,2013,17,55,1,0,0,2,3,1,3,1,2,3,0,3,1,0,0,0
201399505996,1,4,7,79,10,11.093989,2,12,4,2013,10,55,12,6,0,2,1,1,4,3,2,3,0,2,1,0,0,0
201399506009,5,4,1,79,10,88.751915,2,12,6,2013,13,45,12,6,0,2,1,1,1,2,2,3,0,,1,0,0,0
201399506012,3,4,1,79,10,22.187979,1,12,6,2013,15,50,9,0,0,4,1,1,2,1,2,3,0,1,1,0,0,0
201399506036,3,4,7,79,10,22.187979,3,12,4,2013,4,10,14,0,0,1,3,1,3,1,2,3,2,1,7,14,0,0
201399506045,6,4,7,79,10,210.7858,2,12,6,2013,9,30,12,7,0,1,1,1,0,0,2,3,0,1,1,0,0,0
201399506049,5,4,7,79,10,88.751915,2,12,3,2013,20,40,12,2,0,2,3,1,2,3,2,3,0,,1,0,0,0
201399506074,6,4,1,79,10,210.7858,2,12,7,2013,2,5,12,1,0,1,3,1,1,1,2,3,0,1,1,0,0,0
201399506083,3,4,1,79,10,22.187979,3,12,7,2013,21,45,14,0,0,1,3,1,2,1,1,3,2,1,7,14,0,0
201399506087,3,4,1,79,10,22.187979,1,12,1,2013,18,10,8,0,0,1,2,1,3,1,2,3,0,1,1,0,0,0
201399506089,4,4,1,79,10,355.00766,1,12,6,2013,19,35,53,0,0,1,3,1,0,0,2,3,0,1,4,0,0,0
201399506096,1,4,1,79,10,11.093989,1,12,2,2013,0,30,30,0,0,1,3,1,4,2,1,3,0,1,4,0,0,0
201399506111,3,4,7,79,10,22.187979,1,12,4,2013,18,40,8,0,0,2,3,1,2,1,2,3,0,,1,0,0,0
201399506117,4,4,7,79,10,355.00766,2,12,6,2013,17,0,12,7,0,1,3,1,1,1,2,3,0,1,1,0,0,0
201399506126,3,4,7,79,10,22.187979,1,12,7,2013,13,20,8,0,0,2,1,1,2,1,2,3,0,,1,0,0,0
201399506137,2,4,7,79,10,55.469944,2,12,5,2013,13,50,12,1,0,2,1,1,4,3,2,3,0,,1,0,0,0
201399506169,6,4,7,79,10,210.7858,3,12,3,2013,12,50,12,1,0,2,1,1,1,1,2,3,0,,1,0,0,0
201399506180,5,4,7,79,10,88.751915,2,12,2,2013,12,0,14,0,0,1,1,1,1,1,2,3,1,1,7,0,0,0
201399506190,3,4,7,79,10,22.187979,1,12,1,2013,13,15,9,0,0,2,1,1,2,1,2,3,0,,1,0,0,0
201399506202,4,4,7,79,10,355.00766,2,12,6,2013,17,15,12,1,0,2,3,1,0,0,2,3,0,,1,0,0,0
201399506219,3,4,7,79,10,22.187979,1,12,6,2013,19,55,8,0,0,2,3,1,3,1,2,3,0,,1,0,0,0
201399506224,5,4,7,79,10,88.751915,3,12,1,2013,13,25,12,2,0,2,1,1,2,3,2,3,0,,1,0,0,0
201399506349,3,4,2,79,10,19.9692,2,7,7,2013,14,30,12,7,0,1,1,1,2,1,2,3,0,1,1,0,0,0
201399506482,4,4,2,79,10,349.461,2,8,5,2013,14,45,12,7,1,18,1,1,0,0,2,3,0,1,1,0,0,0
201399506657,3,4,2,79,10,19.9692,1,10,5,2013,15,45,1,0,0,1,1,1,2,1,2,3,0,1,1,0,0,0
201399506756,6,4,2,79,10,209.6766,2,11,2,2013,1,20,12,1,0,1,3,1,1,1,2,3,0,1,1,0,0,0
201399506919,4,4,2,79,10,349.461,2,11,2,2013,16,0,12,1,0,1,1,1,0,0,2,3,0,1,1,0,0,0
201399506952,5,4,2,79,10,89.8614,3,11,7,2013,17,30,12,1,0,1,3,1,1,1,2,3,0,1,1,19,0,0
201399507175,3,4,4,79,10,19.48212,3,9,2,2013,21,20,12,1,1,5,3,1,2,3,2,3,0,1,1,0,0,0
201399507207,4,4,4,79,10,350.67816,4,10,6,2013,19,5,12,1,0,1,2,1,1,1,2,3,0,1,1,0,0,0
201399507211,3,4,4,79,10,19.48212,3,10,6,2013,10,40,12,1,0,1,1,1,2,2,2,3,0,1,1,0,0,0
201399507255,3,4,4,79,10,19.48212,1,10,2,2013,10,50,1,0,1,18,1,1,3,1,2,3,0,1,1,0,0,0
201399507314,5,4,4,79,10,89.61775,5,10,5,2013,17,50,12,1,0,1,2,1,1,2,2,3,0,1,1,0,0,0
201399507352,4,4,4,79,10,350.67816,1,10,3,2013,18,50,25,0,0,1,3,1,0,0,2,3,0,1,3,0,0,0
201399507376,6,4,4,79,10,210.40689,3,10,5,2013,21,5,12,1,0,1,3,1,0,0,2,3,0,1,1,0,0,0
201399507484,4,4,4,79,10,350.67816,2,11,4,2013,5,50,12,7,0,1,2,1,0,0,2,3,0,1,1,0,0,0
201399507531,3,4,4,79,10,19.48212,1,11,3,2013,15,40,1,0,0,1,1,1,2,1,2,3,0,1,1,0,0,0
201399507630,4,4,4,79,10,350.67816,2,11,7,2013,17,40,12,1,0,1,2,1,0,0,2,3,0,1,1,0,0,0
201399507644,6,4,4,79,10,210.40689,4,11,3,2013,14,55,12,1,0,1,1,1,0,0,2,3,0,1,1,0,0,0
201399507922,4,4,6,79,10,348.0943,2,11,4,2013,18,4,12,1,0,1,3,1,0,0,2,3,0,1,1,0,0,0
201399507925,2,4,6,79,10,58.015717,2,11,6,2013,6,10,12,6,1,5,3,2,3,3,2,3,0,1,1,0,0,0
201399507934,6,4,6,79,10,207.88965,2,11,1,2013,9,50,12,7,1,18,1,1,0,0,2,3,0,1,1,0,0,0
201399507945,5,4,6,79,10,91.858215,3,11,3,2013,8,16,12,7,0,1,1,1,2,2,2,3,0,1,1,0,0,0
201399507996,1,4,6,79,10,4.834643,1,12,7,2013,0,3,25,0,0,1,2,1,3,1,1,3,0,1,3,0,0,0
201399508081,3,4,2,79,10,19.9692,3,12,1,2013,17,15,12,1,0,1,5,1,2,1,2,3,0,1,1,0,0,0
201399508172,4,4,2,79,10,349.461,2,12,1,2013,20,30,12,7,1,5,3,1,0,0,2,3,0,1,1,0,0,0
201399508437,3,4,7,79,10,22.187979,2,7,5,2013,0,45,12,6,0,2,6,1,2,2,1,3,0,,1,0,0,0